ARM GAS  C:\Users\fastr\AppData\Local\Temp\ccGFXKp9.s 			page 1


   1              		.cpu cortex-m0
   2              		.arch armv6s-m
   3              		.fpu softvfp
   4              		.eabi_attribute 20, 1
   5              		.eabi_attribute 21, 1
   6              		.eabi_attribute 23, 3
   7              		.eabi_attribute 24, 1
   8              		.eabi_attribute 25, 1
   9              		.eabi_attribute 26, 1
  10              		.eabi_attribute 30, 1
  11              		.eabi_attribute 34, 0
  12              		.eabi_attribute 18, 4
  13              		.file	"stm32f0xx_hal_tim_ex.c"
  14              		.text
  15              	.Ltext0:
  16              		.cfi_sections	.debug_frame
  17              		.file 1 "Drivers/STM32F0xx_HAL_Driver/Src/stm32f0xx_hal_tim_ex.c"
  18              		.section	.text.TIM_CCxNChannelCmd,"ax",%progbits
  19              		.align	1
  20              		.syntax unified
  21              		.code	16
  22              		.thumb_func
  24              	TIM_CCxNChannelCmd:
  25              	.LVL0:
  26              	.LFB81:
   1:Drivers/STM32F0xx_HAL_Driver/Src/stm32f0xx_hal_tim_ex.c **** /**
   2:Drivers/STM32F0xx_HAL_Driver/Src/stm32f0xx_hal_tim_ex.c ****   ******************************************************************************
   3:Drivers/STM32F0xx_HAL_Driver/Src/stm32f0xx_hal_tim_ex.c ****   * @file    stm32f0xx_hal_tim_ex.c
   4:Drivers/STM32F0xx_HAL_Driver/Src/stm32f0xx_hal_tim_ex.c ****   * @author  MCD Application Team
   5:Drivers/STM32F0xx_HAL_Driver/Src/stm32f0xx_hal_tim_ex.c ****   * @brief   TIM HAL module driver.
   6:Drivers/STM32F0xx_HAL_Driver/Src/stm32f0xx_hal_tim_ex.c ****   *          This file provides firmware functions to manage the following
   7:Drivers/STM32F0xx_HAL_Driver/Src/stm32f0xx_hal_tim_ex.c ****   *          functionalities of the Timer Extended peripheral:
   8:Drivers/STM32F0xx_HAL_Driver/Src/stm32f0xx_hal_tim_ex.c ****   *           + Time Hall Sensor Interface Initialization
   9:Drivers/STM32F0xx_HAL_Driver/Src/stm32f0xx_hal_tim_ex.c ****   *           + Time Hall Sensor Interface Start
  10:Drivers/STM32F0xx_HAL_Driver/Src/stm32f0xx_hal_tim_ex.c ****   *           + Time Complementary signal break and dead time configuration
  11:Drivers/STM32F0xx_HAL_Driver/Src/stm32f0xx_hal_tim_ex.c ****   *           + Time Master and Slave synchronization configuration
  12:Drivers/STM32F0xx_HAL_Driver/Src/stm32f0xx_hal_tim_ex.c ****   *           + Time OCRef clear configuration
  13:Drivers/STM32F0xx_HAL_Driver/Src/stm32f0xx_hal_tim_ex.c ****   *           + Timer remapping capabilities configuration
  14:Drivers/STM32F0xx_HAL_Driver/Src/stm32f0xx_hal_tim_ex.c ****   ******************************************************************************
  15:Drivers/STM32F0xx_HAL_Driver/Src/stm32f0xx_hal_tim_ex.c ****   * @attention
  16:Drivers/STM32F0xx_HAL_Driver/Src/stm32f0xx_hal_tim_ex.c ****   *
  17:Drivers/STM32F0xx_HAL_Driver/Src/stm32f0xx_hal_tim_ex.c ****   * Copyright (c) 2016 STMicroelectronics.
  18:Drivers/STM32F0xx_HAL_Driver/Src/stm32f0xx_hal_tim_ex.c ****   * All rights reserved.
  19:Drivers/STM32F0xx_HAL_Driver/Src/stm32f0xx_hal_tim_ex.c ****   *
  20:Drivers/STM32F0xx_HAL_Driver/Src/stm32f0xx_hal_tim_ex.c ****   * This software is licensed under terms that can be found in the LICENSE file
  21:Drivers/STM32F0xx_HAL_Driver/Src/stm32f0xx_hal_tim_ex.c ****   * in the root directory of this software component.
  22:Drivers/STM32F0xx_HAL_Driver/Src/stm32f0xx_hal_tim_ex.c ****   * If no LICENSE file comes with this software, it is provided AS-IS.
  23:Drivers/STM32F0xx_HAL_Driver/Src/stm32f0xx_hal_tim_ex.c ****   *
  24:Drivers/STM32F0xx_HAL_Driver/Src/stm32f0xx_hal_tim_ex.c ****   ******************************************************************************
  25:Drivers/STM32F0xx_HAL_Driver/Src/stm32f0xx_hal_tim_ex.c ****   @verbatim
  26:Drivers/STM32F0xx_HAL_Driver/Src/stm32f0xx_hal_tim_ex.c ****   ==============================================================================
  27:Drivers/STM32F0xx_HAL_Driver/Src/stm32f0xx_hal_tim_ex.c ****                       ##### TIMER Extended features #####
  28:Drivers/STM32F0xx_HAL_Driver/Src/stm32f0xx_hal_tim_ex.c ****   ==============================================================================
  29:Drivers/STM32F0xx_HAL_Driver/Src/stm32f0xx_hal_tim_ex.c ****   [..]
  30:Drivers/STM32F0xx_HAL_Driver/Src/stm32f0xx_hal_tim_ex.c ****     The Timer Extended features include:
  31:Drivers/STM32F0xx_HAL_Driver/Src/stm32f0xx_hal_tim_ex.c ****     (#) Complementary outputs with programmable dead-time for :
  32:Drivers/STM32F0xx_HAL_Driver/Src/stm32f0xx_hal_tim_ex.c ****         (++) Output Compare
ARM GAS  C:\Users\fastr\AppData\Local\Temp\ccGFXKp9.s 			page 2


  33:Drivers/STM32F0xx_HAL_Driver/Src/stm32f0xx_hal_tim_ex.c ****         (++) PWM generation (Edge and Center-aligned Mode)
  34:Drivers/STM32F0xx_HAL_Driver/Src/stm32f0xx_hal_tim_ex.c ****         (++) One-pulse mode output
  35:Drivers/STM32F0xx_HAL_Driver/Src/stm32f0xx_hal_tim_ex.c ****     (#) Synchronization circuit to control the timer with external signals and to
  36:Drivers/STM32F0xx_HAL_Driver/Src/stm32f0xx_hal_tim_ex.c ****         interconnect several timers together.
  37:Drivers/STM32F0xx_HAL_Driver/Src/stm32f0xx_hal_tim_ex.c ****     (#) Break input to put the timer output signals in reset state or in a known state.
  38:Drivers/STM32F0xx_HAL_Driver/Src/stm32f0xx_hal_tim_ex.c ****     (#) Supports incremental (quadrature) encoder and hall-sensor circuitry for
  39:Drivers/STM32F0xx_HAL_Driver/Src/stm32f0xx_hal_tim_ex.c ****         positioning purposes
  40:Drivers/STM32F0xx_HAL_Driver/Src/stm32f0xx_hal_tim_ex.c **** 
  41:Drivers/STM32F0xx_HAL_Driver/Src/stm32f0xx_hal_tim_ex.c ****             ##### How to use this driver #####
  42:Drivers/STM32F0xx_HAL_Driver/Src/stm32f0xx_hal_tim_ex.c ****   ==============================================================================
  43:Drivers/STM32F0xx_HAL_Driver/Src/stm32f0xx_hal_tim_ex.c ****     [..]
  44:Drivers/STM32F0xx_HAL_Driver/Src/stm32f0xx_hal_tim_ex.c ****      (#) Initialize the TIM low level resources by implementing the following functions
  45:Drivers/STM32F0xx_HAL_Driver/Src/stm32f0xx_hal_tim_ex.c ****          depending on the selected feature:
  46:Drivers/STM32F0xx_HAL_Driver/Src/stm32f0xx_hal_tim_ex.c ****            (++) Hall Sensor output : HAL_TIMEx_HallSensor_MspInit()
  47:Drivers/STM32F0xx_HAL_Driver/Src/stm32f0xx_hal_tim_ex.c **** 
  48:Drivers/STM32F0xx_HAL_Driver/Src/stm32f0xx_hal_tim_ex.c ****      (#) Initialize the TIM low level resources :
  49:Drivers/STM32F0xx_HAL_Driver/Src/stm32f0xx_hal_tim_ex.c ****         (##) Enable the TIM interface clock using __HAL_RCC_TIMx_CLK_ENABLE();
  50:Drivers/STM32F0xx_HAL_Driver/Src/stm32f0xx_hal_tim_ex.c ****         (##) TIM pins configuration
  51:Drivers/STM32F0xx_HAL_Driver/Src/stm32f0xx_hal_tim_ex.c ****             (+++) Enable the clock for the TIM GPIOs using the following function:
  52:Drivers/STM32F0xx_HAL_Driver/Src/stm32f0xx_hal_tim_ex.c ****               __HAL_RCC_GPIOx_CLK_ENABLE();
  53:Drivers/STM32F0xx_HAL_Driver/Src/stm32f0xx_hal_tim_ex.c ****             (+++) Configure these TIM pins in Alternate function mode using HAL_GPIO_Init();
  54:Drivers/STM32F0xx_HAL_Driver/Src/stm32f0xx_hal_tim_ex.c **** 
  55:Drivers/STM32F0xx_HAL_Driver/Src/stm32f0xx_hal_tim_ex.c ****      (#) The external Clock can be configured, if needed (the default clock is the
  56:Drivers/STM32F0xx_HAL_Driver/Src/stm32f0xx_hal_tim_ex.c ****          internal clock from the APBx), using the following function:
  57:Drivers/STM32F0xx_HAL_Driver/Src/stm32f0xx_hal_tim_ex.c ****          HAL_TIM_ConfigClockSource, the clock configuration should be done before
  58:Drivers/STM32F0xx_HAL_Driver/Src/stm32f0xx_hal_tim_ex.c ****          any start function.
  59:Drivers/STM32F0xx_HAL_Driver/Src/stm32f0xx_hal_tim_ex.c **** 
  60:Drivers/STM32F0xx_HAL_Driver/Src/stm32f0xx_hal_tim_ex.c ****      (#) Configure the TIM in the desired functioning mode using one of the
  61:Drivers/STM32F0xx_HAL_Driver/Src/stm32f0xx_hal_tim_ex.c ****          initialization function of this driver:
  62:Drivers/STM32F0xx_HAL_Driver/Src/stm32f0xx_hal_tim_ex.c ****           (++) HAL_TIMEx_HallSensor_Init() and HAL_TIMEx_ConfigCommutEvent(): to use the
  63:Drivers/STM32F0xx_HAL_Driver/Src/stm32f0xx_hal_tim_ex.c ****                Timer Hall Sensor Interface and the commutation event with the corresponding
  64:Drivers/STM32F0xx_HAL_Driver/Src/stm32f0xx_hal_tim_ex.c ****                Interrupt and DMA request if needed (Note that One Timer is used to interface
  65:Drivers/STM32F0xx_HAL_Driver/Src/stm32f0xx_hal_tim_ex.c ****                with the Hall sensor Interface and another Timer should be used to use
  66:Drivers/STM32F0xx_HAL_Driver/Src/stm32f0xx_hal_tim_ex.c ****                the commutation event).
  67:Drivers/STM32F0xx_HAL_Driver/Src/stm32f0xx_hal_tim_ex.c **** 
  68:Drivers/STM32F0xx_HAL_Driver/Src/stm32f0xx_hal_tim_ex.c ****      (#) Activate the TIM peripheral using one of the start functions:
  69:Drivers/STM32F0xx_HAL_Driver/Src/stm32f0xx_hal_tim_ex.c ****            (++) Complementary Output Compare : HAL_TIMEx_OCN_Start(), HAL_TIMEx_OCN_Start_DMA(),
  70:Drivers/STM32F0xx_HAL_Driver/Src/stm32f0xx_hal_tim_ex.c ****                 HAL_TIMEx_OCN_Start_IT()
  71:Drivers/STM32F0xx_HAL_Driver/Src/stm32f0xx_hal_tim_ex.c ****            (++) Complementary PWM generation : HAL_TIMEx_PWMN_Start(), HAL_TIMEx_PWMN_Start_DMA(),
  72:Drivers/STM32F0xx_HAL_Driver/Src/stm32f0xx_hal_tim_ex.c ****                 HAL_TIMEx_PWMN_Start_IT()
  73:Drivers/STM32F0xx_HAL_Driver/Src/stm32f0xx_hal_tim_ex.c ****            (++) Complementary One-pulse mode output : HAL_TIMEx_OnePulseN_Start(), HAL_TIMEx_OnePul
  74:Drivers/STM32F0xx_HAL_Driver/Src/stm32f0xx_hal_tim_ex.c ****            (++) Hall Sensor output : HAL_TIMEx_HallSensor_Start(), HAL_TIMEx_HallSensor_Start_DMA()
  75:Drivers/STM32F0xx_HAL_Driver/Src/stm32f0xx_hal_tim_ex.c ****                 HAL_TIMEx_HallSensor_Start_IT().
  76:Drivers/STM32F0xx_HAL_Driver/Src/stm32f0xx_hal_tim_ex.c **** 
  77:Drivers/STM32F0xx_HAL_Driver/Src/stm32f0xx_hal_tim_ex.c ****   @endverbatim
  78:Drivers/STM32F0xx_HAL_Driver/Src/stm32f0xx_hal_tim_ex.c ****   ******************************************************************************
  79:Drivers/STM32F0xx_HAL_Driver/Src/stm32f0xx_hal_tim_ex.c ****   */
  80:Drivers/STM32F0xx_HAL_Driver/Src/stm32f0xx_hal_tim_ex.c **** 
  81:Drivers/STM32F0xx_HAL_Driver/Src/stm32f0xx_hal_tim_ex.c **** /* Includes ------------------------------------------------------------------*/
  82:Drivers/STM32F0xx_HAL_Driver/Src/stm32f0xx_hal_tim_ex.c **** #include "stm32f0xx_hal.h"
  83:Drivers/STM32F0xx_HAL_Driver/Src/stm32f0xx_hal_tim_ex.c **** 
  84:Drivers/STM32F0xx_HAL_Driver/Src/stm32f0xx_hal_tim_ex.c **** /** @addtogroup STM32F0xx_HAL_Driver
  85:Drivers/STM32F0xx_HAL_Driver/Src/stm32f0xx_hal_tim_ex.c ****   * @{
  86:Drivers/STM32F0xx_HAL_Driver/Src/stm32f0xx_hal_tim_ex.c ****   */
  87:Drivers/STM32F0xx_HAL_Driver/Src/stm32f0xx_hal_tim_ex.c **** 
  88:Drivers/STM32F0xx_HAL_Driver/Src/stm32f0xx_hal_tim_ex.c **** /** @defgroup TIMEx TIMEx
  89:Drivers/STM32F0xx_HAL_Driver/Src/stm32f0xx_hal_tim_ex.c ****   * @brief TIM Extended HAL module driver
ARM GAS  C:\Users\fastr\AppData\Local\Temp\ccGFXKp9.s 			page 3


  90:Drivers/STM32F0xx_HAL_Driver/Src/stm32f0xx_hal_tim_ex.c ****   * @{
  91:Drivers/STM32F0xx_HAL_Driver/Src/stm32f0xx_hal_tim_ex.c ****   */
  92:Drivers/STM32F0xx_HAL_Driver/Src/stm32f0xx_hal_tim_ex.c **** 
  93:Drivers/STM32F0xx_HAL_Driver/Src/stm32f0xx_hal_tim_ex.c **** #ifdef HAL_TIM_MODULE_ENABLED
  94:Drivers/STM32F0xx_HAL_Driver/Src/stm32f0xx_hal_tim_ex.c **** 
  95:Drivers/STM32F0xx_HAL_Driver/Src/stm32f0xx_hal_tim_ex.c **** /* Private typedef -----------------------------------------------------------*/
  96:Drivers/STM32F0xx_HAL_Driver/Src/stm32f0xx_hal_tim_ex.c **** /* Private define ------------------------------------------------------------*/
  97:Drivers/STM32F0xx_HAL_Driver/Src/stm32f0xx_hal_tim_ex.c **** /* Private macros ------------------------------------------------------------*/
  98:Drivers/STM32F0xx_HAL_Driver/Src/stm32f0xx_hal_tim_ex.c **** /* Private variables ---------------------------------------------------------*/
  99:Drivers/STM32F0xx_HAL_Driver/Src/stm32f0xx_hal_tim_ex.c **** /* Private function prototypes -----------------------------------------------*/
 100:Drivers/STM32F0xx_HAL_Driver/Src/stm32f0xx_hal_tim_ex.c **** static void TIM_DMADelayPulseNCplt(DMA_HandleTypeDef *hdma);
 101:Drivers/STM32F0xx_HAL_Driver/Src/stm32f0xx_hal_tim_ex.c **** static void TIM_DMAErrorCCxN(DMA_HandleTypeDef *hdma);
 102:Drivers/STM32F0xx_HAL_Driver/Src/stm32f0xx_hal_tim_ex.c **** static void TIM_CCxNChannelCmd(TIM_TypeDef *TIMx, uint32_t Channel, uint32_t ChannelNState);
 103:Drivers/STM32F0xx_HAL_Driver/Src/stm32f0xx_hal_tim_ex.c **** 
 104:Drivers/STM32F0xx_HAL_Driver/Src/stm32f0xx_hal_tim_ex.c **** /* Exported functions --------------------------------------------------------*/
 105:Drivers/STM32F0xx_HAL_Driver/Src/stm32f0xx_hal_tim_ex.c **** /** @defgroup TIMEx_Exported_Functions TIM Extended Exported Functions
 106:Drivers/STM32F0xx_HAL_Driver/Src/stm32f0xx_hal_tim_ex.c ****   * @{
 107:Drivers/STM32F0xx_HAL_Driver/Src/stm32f0xx_hal_tim_ex.c ****   */
 108:Drivers/STM32F0xx_HAL_Driver/Src/stm32f0xx_hal_tim_ex.c **** 
 109:Drivers/STM32F0xx_HAL_Driver/Src/stm32f0xx_hal_tim_ex.c **** /** @defgroup TIMEx_Exported_Functions_Group1 Extended Timer Hall Sensor functions
 110:Drivers/STM32F0xx_HAL_Driver/Src/stm32f0xx_hal_tim_ex.c ****   * @brief    Timer Hall Sensor functions
 111:Drivers/STM32F0xx_HAL_Driver/Src/stm32f0xx_hal_tim_ex.c ****   *
 112:Drivers/STM32F0xx_HAL_Driver/Src/stm32f0xx_hal_tim_ex.c **** @verbatim
 113:Drivers/STM32F0xx_HAL_Driver/Src/stm32f0xx_hal_tim_ex.c ****   ==============================================================================
 114:Drivers/STM32F0xx_HAL_Driver/Src/stm32f0xx_hal_tim_ex.c ****                       ##### Timer Hall Sensor functions #####
 115:Drivers/STM32F0xx_HAL_Driver/Src/stm32f0xx_hal_tim_ex.c ****   ==============================================================================
 116:Drivers/STM32F0xx_HAL_Driver/Src/stm32f0xx_hal_tim_ex.c ****   [..]
 117:Drivers/STM32F0xx_HAL_Driver/Src/stm32f0xx_hal_tim_ex.c ****     This section provides functions allowing to:
 118:Drivers/STM32F0xx_HAL_Driver/Src/stm32f0xx_hal_tim_ex.c ****     (+) Initialize and configure TIM HAL Sensor.
 119:Drivers/STM32F0xx_HAL_Driver/Src/stm32f0xx_hal_tim_ex.c ****     (+) De-initialize TIM HAL Sensor.
 120:Drivers/STM32F0xx_HAL_Driver/Src/stm32f0xx_hal_tim_ex.c ****     (+) Start the Hall Sensor Interface.
 121:Drivers/STM32F0xx_HAL_Driver/Src/stm32f0xx_hal_tim_ex.c ****     (+) Stop the Hall Sensor Interface.
 122:Drivers/STM32F0xx_HAL_Driver/Src/stm32f0xx_hal_tim_ex.c ****     (+) Start the Hall Sensor Interface and enable interrupts.
 123:Drivers/STM32F0xx_HAL_Driver/Src/stm32f0xx_hal_tim_ex.c ****     (+) Stop the Hall Sensor Interface and disable interrupts.
 124:Drivers/STM32F0xx_HAL_Driver/Src/stm32f0xx_hal_tim_ex.c ****     (+) Start the Hall Sensor Interface and enable DMA transfers.
 125:Drivers/STM32F0xx_HAL_Driver/Src/stm32f0xx_hal_tim_ex.c ****     (+) Stop the Hall Sensor Interface and disable DMA transfers.
 126:Drivers/STM32F0xx_HAL_Driver/Src/stm32f0xx_hal_tim_ex.c **** 
 127:Drivers/STM32F0xx_HAL_Driver/Src/stm32f0xx_hal_tim_ex.c **** @endverbatim
 128:Drivers/STM32F0xx_HAL_Driver/Src/stm32f0xx_hal_tim_ex.c ****   * @{
 129:Drivers/STM32F0xx_HAL_Driver/Src/stm32f0xx_hal_tim_ex.c ****   */
 130:Drivers/STM32F0xx_HAL_Driver/Src/stm32f0xx_hal_tim_ex.c **** /**
 131:Drivers/STM32F0xx_HAL_Driver/Src/stm32f0xx_hal_tim_ex.c ****   * @brief  Initializes the TIM Hall Sensor Interface and initialize the associated handle.
 132:Drivers/STM32F0xx_HAL_Driver/Src/stm32f0xx_hal_tim_ex.c ****   * @note   When the timer instance is initialized in Hall Sensor Interface mode,
 133:Drivers/STM32F0xx_HAL_Driver/Src/stm32f0xx_hal_tim_ex.c ****   *         timer channels 1 and channel 2 are reserved and cannot be used for
 134:Drivers/STM32F0xx_HAL_Driver/Src/stm32f0xx_hal_tim_ex.c ****   *         other purpose.
 135:Drivers/STM32F0xx_HAL_Driver/Src/stm32f0xx_hal_tim_ex.c ****   * @param  htim TIM Hall Sensor Interface handle
 136:Drivers/STM32F0xx_HAL_Driver/Src/stm32f0xx_hal_tim_ex.c ****   * @param  sConfig TIM Hall Sensor configuration structure
 137:Drivers/STM32F0xx_HAL_Driver/Src/stm32f0xx_hal_tim_ex.c ****   * @retval HAL status
 138:Drivers/STM32F0xx_HAL_Driver/Src/stm32f0xx_hal_tim_ex.c ****   */
 139:Drivers/STM32F0xx_HAL_Driver/Src/stm32f0xx_hal_tim_ex.c **** HAL_StatusTypeDef HAL_TIMEx_HallSensor_Init(TIM_HandleTypeDef *htim, const TIM_HallSensor_InitTypeD
 140:Drivers/STM32F0xx_HAL_Driver/Src/stm32f0xx_hal_tim_ex.c **** {
 141:Drivers/STM32F0xx_HAL_Driver/Src/stm32f0xx_hal_tim_ex.c ****   TIM_OC_InitTypeDef OC_Config;
 142:Drivers/STM32F0xx_HAL_Driver/Src/stm32f0xx_hal_tim_ex.c **** 
 143:Drivers/STM32F0xx_HAL_Driver/Src/stm32f0xx_hal_tim_ex.c ****   /* Check the TIM handle allocation */
 144:Drivers/STM32F0xx_HAL_Driver/Src/stm32f0xx_hal_tim_ex.c ****   if (htim == NULL)
 145:Drivers/STM32F0xx_HAL_Driver/Src/stm32f0xx_hal_tim_ex.c ****   {
 146:Drivers/STM32F0xx_HAL_Driver/Src/stm32f0xx_hal_tim_ex.c ****     return HAL_ERROR;
ARM GAS  C:\Users\fastr\AppData\Local\Temp\ccGFXKp9.s 			page 4


 147:Drivers/STM32F0xx_HAL_Driver/Src/stm32f0xx_hal_tim_ex.c ****   }
 148:Drivers/STM32F0xx_HAL_Driver/Src/stm32f0xx_hal_tim_ex.c **** 
 149:Drivers/STM32F0xx_HAL_Driver/Src/stm32f0xx_hal_tim_ex.c ****   /* Check the parameters */
 150:Drivers/STM32F0xx_HAL_Driver/Src/stm32f0xx_hal_tim_ex.c ****   assert_param(IS_TIM_HALL_SENSOR_INTERFACE_INSTANCE(htim->Instance));
 151:Drivers/STM32F0xx_HAL_Driver/Src/stm32f0xx_hal_tim_ex.c ****   assert_param(IS_TIM_COUNTER_MODE(htim->Init.CounterMode));
 152:Drivers/STM32F0xx_HAL_Driver/Src/stm32f0xx_hal_tim_ex.c ****   assert_param(IS_TIM_CLOCKDIVISION_DIV(htim->Init.ClockDivision));
 153:Drivers/STM32F0xx_HAL_Driver/Src/stm32f0xx_hal_tim_ex.c ****   assert_param(IS_TIM_AUTORELOAD_PRELOAD(htim->Init.AutoReloadPreload));
 154:Drivers/STM32F0xx_HAL_Driver/Src/stm32f0xx_hal_tim_ex.c ****   assert_param(IS_TIM_IC_POLARITY(sConfig->IC1Polarity));
 155:Drivers/STM32F0xx_HAL_Driver/Src/stm32f0xx_hal_tim_ex.c ****   assert_param(IS_TIM_PERIOD(htim, htim->Init.Period));
 156:Drivers/STM32F0xx_HAL_Driver/Src/stm32f0xx_hal_tim_ex.c ****   assert_param(IS_TIM_IC_PRESCALER(sConfig->IC1Prescaler));
 157:Drivers/STM32F0xx_HAL_Driver/Src/stm32f0xx_hal_tim_ex.c ****   assert_param(IS_TIM_IC_FILTER(sConfig->IC1Filter));
 158:Drivers/STM32F0xx_HAL_Driver/Src/stm32f0xx_hal_tim_ex.c **** 
 159:Drivers/STM32F0xx_HAL_Driver/Src/stm32f0xx_hal_tim_ex.c ****   if (htim->State == HAL_TIM_STATE_RESET)
 160:Drivers/STM32F0xx_HAL_Driver/Src/stm32f0xx_hal_tim_ex.c ****   {
 161:Drivers/STM32F0xx_HAL_Driver/Src/stm32f0xx_hal_tim_ex.c ****     /* Allocate lock resource and initialize it */
 162:Drivers/STM32F0xx_HAL_Driver/Src/stm32f0xx_hal_tim_ex.c ****     htim->Lock = HAL_UNLOCKED;
 163:Drivers/STM32F0xx_HAL_Driver/Src/stm32f0xx_hal_tim_ex.c **** 
 164:Drivers/STM32F0xx_HAL_Driver/Src/stm32f0xx_hal_tim_ex.c **** #if (USE_HAL_TIM_REGISTER_CALLBACKS == 1)
 165:Drivers/STM32F0xx_HAL_Driver/Src/stm32f0xx_hal_tim_ex.c ****     /* Reset interrupt callbacks to legacy week callbacks */
 166:Drivers/STM32F0xx_HAL_Driver/Src/stm32f0xx_hal_tim_ex.c ****     TIM_ResetCallback(htim);
 167:Drivers/STM32F0xx_HAL_Driver/Src/stm32f0xx_hal_tim_ex.c **** 
 168:Drivers/STM32F0xx_HAL_Driver/Src/stm32f0xx_hal_tim_ex.c ****     if (htim->HallSensor_MspInitCallback == NULL)
 169:Drivers/STM32F0xx_HAL_Driver/Src/stm32f0xx_hal_tim_ex.c ****     {
 170:Drivers/STM32F0xx_HAL_Driver/Src/stm32f0xx_hal_tim_ex.c ****       htim->HallSensor_MspInitCallback = HAL_TIMEx_HallSensor_MspInit;
 171:Drivers/STM32F0xx_HAL_Driver/Src/stm32f0xx_hal_tim_ex.c ****     }
 172:Drivers/STM32F0xx_HAL_Driver/Src/stm32f0xx_hal_tim_ex.c ****     /* Init the low level hardware : GPIO, CLOCK, NVIC */
 173:Drivers/STM32F0xx_HAL_Driver/Src/stm32f0xx_hal_tim_ex.c ****     htim->HallSensor_MspInitCallback(htim);
 174:Drivers/STM32F0xx_HAL_Driver/Src/stm32f0xx_hal_tim_ex.c **** #else
 175:Drivers/STM32F0xx_HAL_Driver/Src/stm32f0xx_hal_tim_ex.c ****     /* Init the low level hardware : GPIO, CLOCK, NVIC and DMA */
 176:Drivers/STM32F0xx_HAL_Driver/Src/stm32f0xx_hal_tim_ex.c ****     HAL_TIMEx_HallSensor_MspInit(htim);
 177:Drivers/STM32F0xx_HAL_Driver/Src/stm32f0xx_hal_tim_ex.c **** #endif /* USE_HAL_TIM_REGISTER_CALLBACKS */
 178:Drivers/STM32F0xx_HAL_Driver/Src/stm32f0xx_hal_tim_ex.c ****   }
 179:Drivers/STM32F0xx_HAL_Driver/Src/stm32f0xx_hal_tim_ex.c **** 
 180:Drivers/STM32F0xx_HAL_Driver/Src/stm32f0xx_hal_tim_ex.c ****   /* Set the TIM state */
 181:Drivers/STM32F0xx_HAL_Driver/Src/stm32f0xx_hal_tim_ex.c ****   htim->State = HAL_TIM_STATE_BUSY;
 182:Drivers/STM32F0xx_HAL_Driver/Src/stm32f0xx_hal_tim_ex.c **** 
 183:Drivers/STM32F0xx_HAL_Driver/Src/stm32f0xx_hal_tim_ex.c ****   /* Configure the Time base in the Encoder Mode */
 184:Drivers/STM32F0xx_HAL_Driver/Src/stm32f0xx_hal_tim_ex.c ****   TIM_Base_SetConfig(htim->Instance, &htim->Init);
 185:Drivers/STM32F0xx_HAL_Driver/Src/stm32f0xx_hal_tim_ex.c **** 
 186:Drivers/STM32F0xx_HAL_Driver/Src/stm32f0xx_hal_tim_ex.c ****   /* Configure the Channel 1 as Input Channel to interface with the three Outputs of the  Hall sens
 187:Drivers/STM32F0xx_HAL_Driver/Src/stm32f0xx_hal_tim_ex.c ****   TIM_TI1_SetConfig(htim->Instance, sConfig->IC1Polarity, TIM_ICSELECTION_TRC, sConfig->IC1Filter);
 188:Drivers/STM32F0xx_HAL_Driver/Src/stm32f0xx_hal_tim_ex.c **** 
 189:Drivers/STM32F0xx_HAL_Driver/Src/stm32f0xx_hal_tim_ex.c ****   /* Reset the IC1PSC Bits */
 190:Drivers/STM32F0xx_HAL_Driver/Src/stm32f0xx_hal_tim_ex.c ****   htim->Instance->CCMR1 &= ~TIM_CCMR1_IC1PSC;
 191:Drivers/STM32F0xx_HAL_Driver/Src/stm32f0xx_hal_tim_ex.c ****   /* Set the IC1PSC value */
 192:Drivers/STM32F0xx_HAL_Driver/Src/stm32f0xx_hal_tim_ex.c ****   htim->Instance->CCMR1 |= sConfig->IC1Prescaler;
 193:Drivers/STM32F0xx_HAL_Driver/Src/stm32f0xx_hal_tim_ex.c **** 
 194:Drivers/STM32F0xx_HAL_Driver/Src/stm32f0xx_hal_tim_ex.c ****   /* Enable the Hall sensor interface (XOR function of the three inputs) */
 195:Drivers/STM32F0xx_HAL_Driver/Src/stm32f0xx_hal_tim_ex.c ****   htim->Instance->CR2 |= TIM_CR2_TI1S;
 196:Drivers/STM32F0xx_HAL_Driver/Src/stm32f0xx_hal_tim_ex.c **** 
 197:Drivers/STM32F0xx_HAL_Driver/Src/stm32f0xx_hal_tim_ex.c ****   /* Select the TIM_TS_TI1F_ED signal as Input trigger for the TIM */
 198:Drivers/STM32F0xx_HAL_Driver/Src/stm32f0xx_hal_tim_ex.c ****   htim->Instance->SMCR &= ~TIM_SMCR_TS;
 199:Drivers/STM32F0xx_HAL_Driver/Src/stm32f0xx_hal_tim_ex.c ****   htim->Instance->SMCR |= TIM_TS_TI1F_ED;
 200:Drivers/STM32F0xx_HAL_Driver/Src/stm32f0xx_hal_tim_ex.c **** 
 201:Drivers/STM32F0xx_HAL_Driver/Src/stm32f0xx_hal_tim_ex.c ****   /* Use the TIM_TS_TI1F_ED signal to reset the TIM counter each edge detection */
 202:Drivers/STM32F0xx_HAL_Driver/Src/stm32f0xx_hal_tim_ex.c ****   htim->Instance->SMCR &= ~TIM_SMCR_SMS;
 203:Drivers/STM32F0xx_HAL_Driver/Src/stm32f0xx_hal_tim_ex.c ****   htim->Instance->SMCR |= TIM_SLAVEMODE_RESET;
ARM GAS  C:\Users\fastr\AppData\Local\Temp\ccGFXKp9.s 			page 5


 204:Drivers/STM32F0xx_HAL_Driver/Src/stm32f0xx_hal_tim_ex.c **** 
 205:Drivers/STM32F0xx_HAL_Driver/Src/stm32f0xx_hal_tim_ex.c ****   /* Program channel 2 in PWM 2 mode with the desired Commutation_Delay*/
 206:Drivers/STM32F0xx_HAL_Driver/Src/stm32f0xx_hal_tim_ex.c ****   OC_Config.OCFastMode = TIM_OCFAST_DISABLE;
 207:Drivers/STM32F0xx_HAL_Driver/Src/stm32f0xx_hal_tim_ex.c ****   OC_Config.OCIdleState = TIM_OCIDLESTATE_RESET;
 208:Drivers/STM32F0xx_HAL_Driver/Src/stm32f0xx_hal_tim_ex.c ****   OC_Config.OCMode = TIM_OCMODE_PWM2;
 209:Drivers/STM32F0xx_HAL_Driver/Src/stm32f0xx_hal_tim_ex.c ****   OC_Config.OCNIdleState = TIM_OCNIDLESTATE_RESET;
 210:Drivers/STM32F0xx_HAL_Driver/Src/stm32f0xx_hal_tim_ex.c ****   OC_Config.OCNPolarity = TIM_OCNPOLARITY_HIGH;
 211:Drivers/STM32F0xx_HAL_Driver/Src/stm32f0xx_hal_tim_ex.c ****   OC_Config.OCPolarity = TIM_OCPOLARITY_HIGH;
 212:Drivers/STM32F0xx_HAL_Driver/Src/stm32f0xx_hal_tim_ex.c ****   OC_Config.Pulse = sConfig->Commutation_Delay;
 213:Drivers/STM32F0xx_HAL_Driver/Src/stm32f0xx_hal_tim_ex.c **** 
 214:Drivers/STM32F0xx_HAL_Driver/Src/stm32f0xx_hal_tim_ex.c ****   TIM_OC2_SetConfig(htim->Instance, &OC_Config);
 215:Drivers/STM32F0xx_HAL_Driver/Src/stm32f0xx_hal_tim_ex.c **** 
 216:Drivers/STM32F0xx_HAL_Driver/Src/stm32f0xx_hal_tim_ex.c ****   /* Select OC2REF as trigger output on TRGO: write the MMS bits in the TIMx_CR2
 217:Drivers/STM32F0xx_HAL_Driver/Src/stm32f0xx_hal_tim_ex.c ****     register to 101 */
 218:Drivers/STM32F0xx_HAL_Driver/Src/stm32f0xx_hal_tim_ex.c ****   htim->Instance->CR2 &= ~TIM_CR2_MMS;
 219:Drivers/STM32F0xx_HAL_Driver/Src/stm32f0xx_hal_tim_ex.c ****   htim->Instance->CR2 |= TIM_TRGO_OC2REF;
 220:Drivers/STM32F0xx_HAL_Driver/Src/stm32f0xx_hal_tim_ex.c **** 
 221:Drivers/STM32F0xx_HAL_Driver/Src/stm32f0xx_hal_tim_ex.c ****   /* Initialize the DMA burst operation state */
 222:Drivers/STM32F0xx_HAL_Driver/Src/stm32f0xx_hal_tim_ex.c ****   htim->DMABurstState = HAL_DMA_BURST_STATE_READY;
 223:Drivers/STM32F0xx_HAL_Driver/Src/stm32f0xx_hal_tim_ex.c **** 
 224:Drivers/STM32F0xx_HAL_Driver/Src/stm32f0xx_hal_tim_ex.c ****   /* Initialize the TIM channels state */
 225:Drivers/STM32F0xx_HAL_Driver/Src/stm32f0xx_hal_tim_ex.c ****   TIM_CHANNEL_STATE_SET(htim, TIM_CHANNEL_1, HAL_TIM_CHANNEL_STATE_READY);
 226:Drivers/STM32F0xx_HAL_Driver/Src/stm32f0xx_hal_tim_ex.c ****   TIM_CHANNEL_STATE_SET(htim, TIM_CHANNEL_2, HAL_TIM_CHANNEL_STATE_READY);
 227:Drivers/STM32F0xx_HAL_Driver/Src/stm32f0xx_hal_tim_ex.c ****   TIM_CHANNEL_N_STATE_SET(htim, TIM_CHANNEL_1, HAL_TIM_CHANNEL_STATE_READY);
 228:Drivers/STM32F0xx_HAL_Driver/Src/stm32f0xx_hal_tim_ex.c ****   TIM_CHANNEL_N_STATE_SET(htim, TIM_CHANNEL_2, HAL_TIM_CHANNEL_STATE_READY);
 229:Drivers/STM32F0xx_HAL_Driver/Src/stm32f0xx_hal_tim_ex.c **** 
 230:Drivers/STM32F0xx_HAL_Driver/Src/stm32f0xx_hal_tim_ex.c ****   /* Initialize the TIM state*/
 231:Drivers/STM32F0xx_HAL_Driver/Src/stm32f0xx_hal_tim_ex.c ****   htim->State = HAL_TIM_STATE_READY;
 232:Drivers/STM32F0xx_HAL_Driver/Src/stm32f0xx_hal_tim_ex.c **** 
 233:Drivers/STM32F0xx_HAL_Driver/Src/stm32f0xx_hal_tim_ex.c ****   return HAL_OK;
 234:Drivers/STM32F0xx_HAL_Driver/Src/stm32f0xx_hal_tim_ex.c **** }
 235:Drivers/STM32F0xx_HAL_Driver/Src/stm32f0xx_hal_tim_ex.c **** 
 236:Drivers/STM32F0xx_HAL_Driver/Src/stm32f0xx_hal_tim_ex.c **** /**
 237:Drivers/STM32F0xx_HAL_Driver/Src/stm32f0xx_hal_tim_ex.c ****   * @brief  DeInitializes the TIM Hall Sensor interface
 238:Drivers/STM32F0xx_HAL_Driver/Src/stm32f0xx_hal_tim_ex.c ****   * @param  htim TIM Hall Sensor Interface handle
 239:Drivers/STM32F0xx_HAL_Driver/Src/stm32f0xx_hal_tim_ex.c ****   * @retval HAL status
 240:Drivers/STM32F0xx_HAL_Driver/Src/stm32f0xx_hal_tim_ex.c ****   */
 241:Drivers/STM32F0xx_HAL_Driver/Src/stm32f0xx_hal_tim_ex.c **** HAL_StatusTypeDef HAL_TIMEx_HallSensor_DeInit(TIM_HandleTypeDef *htim)
 242:Drivers/STM32F0xx_HAL_Driver/Src/stm32f0xx_hal_tim_ex.c **** {
 243:Drivers/STM32F0xx_HAL_Driver/Src/stm32f0xx_hal_tim_ex.c ****   /* Check the parameters */
 244:Drivers/STM32F0xx_HAL_Driver/Src/stm32f0xx_hal_tim_ex.c ****   assert_param(IS_TIM_INSTANCE(htim->Instance));
 245:Drivers/STM32F0xx_HAL_Driver/Src/stm32f0xx_hal_tim_ex.c **** 
 246:Drivers/STM32F0xx_HAL_Driver/Src/stm32f0xx_hal_tim_ex.c ****   htim->State = HAL_TIM_STATE_BUSY;
 247:Drivers/STM32F0xx_HAL_Driver/Src/stm32f0xx_hal_tim_ex.c **** 
 248:Drivers/STM32F0xx_HAL_Driver/Src/stm32f0xx_hal_tim_ex.c ****   /* Disable the TIM Peripheral Clock */
 249:Drivers/STM32F0xx_HAL_Driver/Src/stm32f0xx_hal_tim_ex.c ****   __HAL_TIM_DISABLE(htim);
 250:Drivers/STM32F0xx_HAL_Driver/Src/stm32f0xx_hal_tim_ex.c **** 
 251:Drivers/STM32F0xx_HAL_Driver/Src/stm32f0xx_hal_tim_ex.c **** #if (USE_HAL_TIM_REGISTER_CALLBACKS == 1)
 252:Drivers/STM32F0xx_HAL_Driver/Src/stm32f0xx_hal_tim_ex.c ****   if (htim->HallSensor_MspDeInitCallback == NULL)
 253:Drivers/STM32F0xx_HAL_Driver/Src/stm32f0xx_hal_tim_ex.c ****   {
 254:Drivers/STM32F0xx_HAL_Driver/Src/stm32f0xx_hal_tim_ex.c ****     htim->HallSensor_MspDeInitCallback = HAL_TIMEx_HallSensor_MspDeInit;
 255:Drivers/STM32F0xx_HAL_Driver/Src/stm32f0xx_hal_tim_ex.c ****   }
 256:Drivers/STM32F0xx_HAL_Driver/Src/stm32f0xx_hal_tim_ex.c ****   /* DeInit the low level hardware */
 257:Drivers/STM32F0xx_HAL_Driver/Src/stm32f0xx_hal_tim_ex.c ****   htim->HallSensor_MspDeInitCallback(htim);
 258:Drivers/STM32F0xx_HAL_Driver/Src/stm32f0xx_hal_tim_ex.c **** #else
 259:Drivers/STM32F0xx_HAL_Driver/Src/stm32f0xx_hal_tim_ex.c ****   /* DeInit the low level hardware: GPIO, CLOCK, NVIC */
 260:Drivers/STM32F0xx_HAL_Driver/Src/stm32f0xx_hal_tim_ex.c ****   HAL_TIMEx_HallSensor_MspDeInit(htim);
ARM GAS  C:\Users\fastr\AppData\Local\Temp\ccGFXKp9.s 			page 6


 261:Drivers/STM32F0xx_HAL_Driver/Src/stm32f0xx_hal_tim_ex.c **** #endif /* USE_HAL_TIM_REGISTER_CALLBACKS */
 262:Drivers/STM32F0xx_HAL_Driver/Src/stm32f0xx_hal_tim_ex.c **** 
 263:Drivers/STM32F0xx_HAL_Driver/Src/stm32f0xx_hal_tim_ex.c ****   /* Change the DMA burst operation state */
 264:Drivers/STM32F0xx_HAL_Driver/Src/stm32f0xx_hal_tim_ex.c ****   htim->DMABurstState = HAL_DMA_BURST_STATE_RESET;
 265:Drivers/STM32F0xx_HAL_Driver/Src/stm32f0xx_hal_tim_ex.c **** 
 266:Drivers/STM32F0xx_HAL_Driver/Src/stm32f0xx_hal_tim_ex.c ****   /* Change the TIM channels state */
 267:Drivers/STM32F0xx_HAL_Driver/Src/stm32f0xx_hal_tim_ex.c ****   TIM_CHANNEL_STATE_SET(htim, TIM_CHANNEL_1, HAL_TIM_CHANNEL_STATE_RESET);
 268:Drivers/STM32F0xx_HAL_Driver/Src/stm32f0xx_hal_tim_ex.c ****   TIM_CHANNEL_STATE_SET(htim, TIM_CHANNEL_2, HAL_TIM_CHANNEL_STATE_RESET);
 269:Drivers/STM32F0xx_HAL_Driver/Src/stm32f0xx_hal_tim_ex.c ****   TIM_CHANNEL_N_STATE_SET(htim, TIM_CHANNEL_1, HAL_TIM_CHANNEL_STATE_RESET);
 270:Drivers/STM32F0xx_HAL_Driver/Src/stm32f0xx_hal_tim_ex.c ****   TIM_CHANNEL_N_STATE_SET(htim, TIM_CHANNEL_2, HAL_TIM_CHANNEL_STATE_RESET);
 271:Drivers/STM32F0xx_HAL_Driver/Src/stm32f0xx_hal_tim_ex.c **** 
 272:Drivers/STM32F0xx_HAL_Driver/Src/stm32f0xx_hal_tim_ex.c ****   /* Change TIM state */
 273:Drivers/STM32F0xx_HAL_Driver/Src/stm32f0xx_hal_tim_ex.c ****   htim->State = HAL_TIM_STATE_RESET;
 274:Drivers/STM32F0xx_HAL_Driver/Src/stm32f0xx_hal_tim_ex.c **** 
 275:Drivers/STM32F0xx_HAL_Driver/Src/stm32f0xx_hal_tim_ex.c ****   /* Release Lock */
 276:Drivers/STM32F0xx_HAL_Driver/Src/stm32f0xx_hal_tim_ex.c ****   __HAL_UNLOCK(htim);
 277:Drivers/STM32F0xx_HAL_Driver/Src/stm32f0xx_hal_tim_ex.c **** 
 278:Drivers/STM32F0xx_HAL_Driver/Src/stm32f0xx_hal_tim_ex.c ****   return HAL_OK;
 279:Drivers/STM32F0xx_HAL_Driver/Src/stm32f0xx_hal_tim_ex.c **** }
 280:Drivers/STM32F0xx_HAL_Driver/Src/stm32f0xx_hal_tim_ex.c **** 
 281:Drivers/STM32F0xx_HAL_Driver/Src/stm32f0xx_hal_tim_ex.c **** /**
 282:Drivers/STM32F0xx_HAL_Driver/Src/stm32f0xx_hal_tim_ex.c ****   * @brief  Initializes the TIM Hall Sensor MSP.
 283:Drivers/STM32F0xx_HAL_Driver/Src/stm32f0xx_hal_tim_ex.c ****   * @param  htim TIM Hall Sensor Interface handle
 284:Drivers/STM32F0xx_HAL_Driver/Src/stm32f0xx_hal_tim_ex.c ****   * @retval None
 285:Drivers/STM32F0xx_HAL_Driver/Src/stm32f0xx_hal_tim_ex.c ****   */
 286:Drivers/STM32F0xx_HAL_Driver/Src/stm32f0xx_hal_tim_ex.c **** __weak void HAL_TIMEx_HallSensor_MspInit(TIM_HandleTypeDef *htim)
 287:Drivers/STM32F0xx_HAL_Driver/Src/stm32f0xx_hal_tim_ex.c **** {
 288:Drivers/STM32F0xx_HAL_Driver/Src/stm32f0xx_hal_tim_ex.c ****   /* Prevent unused argument(s) compilation warning */
 289:Drivers/STM32F0xx_HAL_Driver/Src/stm32f0xx_hal_tim_ex.c ****   UNUSED(htim);
 290:Drivers/STM32F0xx_HAL_Driver/Src/stm32f0xx_hal_tim_ex.c **** 
 291:Drivers/STM32F0xx_HAL_Driver/Src/stm32f0xx_hal_tim_ex.c ****   /* NOTE : This function should not be modified, when the callback is needed,
 292:Drivers/STM32F0xx_HAL_Driver/Src/stm32f0xx_hal_tim_ex.c ****             the HAL_TIMEx_HallSensor_MspInit could be implemented in the user file
 293:Drivers/STM32F0xx_HAL_Driver/Src/stm32f0xx_hal_tim_ex.c ****    */
 294:Drivers/STM32F0xx_HAL_Driver/Src/stm32f0xx_hal_tim_ex.c **** }
 295:Drivers/STM32F0xx_HAL_Driver/Src/stm32f0xx_hal_tim_ex.c **** 
 296:Drivers/STM32F0xx_HAL_Driver/Src/stm32f0xx_hal_tim_ex.c **** /**
 297:Drivers/STM32F0xx_HAL_Driver/Src/stm32f0xx_hal_tim_ex.c ****   * @brief  DeInitializes TIM Hall Sensor MSP.
 298:Drivers/STM32F0xx_HAL_Driver/Src/stm32f0xx_hal_tim_ex.c ****   * @param  htim TIM Hall Sensor Interface handle
 299:Drivers/STM32F0xx_HAL_Driver/Src/stm32f0xx_hal_tim_ex.c ****   * @retval None
 300:Drivers/STM32F0xx_HAL_Driver/Src/stm32f0xx_hal_tim_ex.c ****   */
 301:Drivers/STM32F0xx_HAL_Driver/Src/stm32f0xx_hal_tim_ex.c **** __weak void HAL_TIMEx_HallSensor_MspDeInit(TIM_HandleTypeDef *htim)
 302:Drivers/STM32F0xx_HAL_Driver/Src/stm32f0xx_hal_tim_ex.c **** {
 303:Drivers/STM32F0xx_HAL_Driver/Src/stm32f0xx_hal_tim_ex.c ****   /* Prevent unused argument(s) compilation warning */
 304:Drivers/STM32F0xx_HAL_Driver/Src/stm32f0xx_hal_tim_ex.c ****   UNUSED(htim);
 305:Drivers/STM32F0xx_HAL_Driver/Src/stm32f0xx_hal_tim_ex.c **** 
 306:Drivers/STM32F0xx_HAL_Driver/Src/stm32f0xx_hal_tim_ex.c ****   /* NOTE : This function should not be modified, when the callback is needed,
 307:Drivers/STM32F0xx_HAL_Driver/Src/stm32f0xx_hal_tim_ex.c ****             the HAL_TIMEx_HallSensor_MspDeInit could be implemented in the user file
 308:Drivers/STM32F0xx_HAL_Driver/Src/stm32f0xx_hal_tim_ex.c ****    */
 309:Drivers/STM32F0xx_HAL_Driver/Src/stm32f0xx_hal_tim_ex.c **** }
 310:Drivers/STM32F0xx_HAL_Driver/Src/stm32f0xx_hal_tim_ex.c **** 
 311:Drivers/STM32F0xx_HAL_Driver/Src/stm32f0xx_hal_tim_ex.c **** /**
 312:Drivers/STM32F0xx_HAL_Driver/Src/stm32f0xx_hal_tim_ex.c ****   * @brief  Starts the TIM Hall Sensor Interface.
 313:Drivers/STM32F0xx_HAL_Driver/Src/stm32f0xx_hal_tim_ex.c ****   * @param  htim TIM Hall Sensor Interface handle
 314:Drivers/STM32F0xx_HAL_Driver/Src/stm32f0xx_hal_tim_ex.c ****   * @retval HAL status
 315:Drivers/STM32F0xx_HAL_Driver/Src/stm32f0xx_hal_tim_ex.c ****   */
 316:Drivers/STM32F0xx_HAL_Driver/Src/stm32f0xx_hal_tim_ex.c **** HAL_StatusTypeDef HAL_TIMEx_HallSensor_Start(TIM_HandleTypeDef *htim)
 317:Drivers/STM32F0xx_HAL_Driver/Src/stm32f0xx_hal_tim_ex.c **** {
ARM GAS  C:\Users\fastr\AppData\Local\Temp\ccGFXKp9.s 			page 7


 318:Drivers/STM32F0xx_HAL_Driver/Src/stm32f0xx_hal_tim_ex.c ****   uint32_t tmpsmcr;
 319:Drivers/STM32F0xx_HAL_Driver/Src/stm32f0xx_hal_tim_ex.c ****   HAL_TIM_ChannelStateTypeDef channel_1_state = TIM_CHANNEL_STATE_GET(htim, TIM_CHANNEL_1);
 320:Drivers/STM32F0xx_HAL_Driver/Src/stm32f0xx_hal_tim_ex.c ****   HAL_TIM_ChannelStateTypeDef channel_2_state = TIM_CHANNEL_STATE_GET(htim, TIM_CHANNEL_2);
 321:Drivers/STM32F0xx_HAL_Driver/Src/stm32f0xx_hal_tim_ex.c ****   HAL_TIM_ChannelStateTypeDef complementary_channel_1_state = TIM_CHANNEL_N_STATE_GET(htim, TIM_CHA
 322:Drivers/STM32F0xx_HAL_Driver/Src/stm32f0xx_hal_tim_ex.c ****   HAL_TIM_ChannelStateTypeDef complementary_channel_2_state = TIM_CHANNEL_N_STATE_GET(htim, TIM_CHA
 323:Drivers/STM32F0xx_HAL_Driver/Src/stm32f0xx_hal_tim_ex.c **** 
 324:Drivers/STM32F0xx_HAL_Driver/Src/stm32f0xx_hal_tim_ex.c ****   /* Check the parameters */
 325:Drivers/STM32F0xx_HAL_Driver/Src/stm32f0xx_hal_tim_ex.c ****   assert_param(IS_TIM_HALL_SENSOR_INTERFACE_INSTANCE(htim->Instance));
 326:Drivers/STM32F0xx_HAL_Driver/Src/stm32f0xx_hal_tim_ex.c **** 
 327:Drivers/STM32F0xx_HAL_Driver/Src/stm32f0xx_hal_tim_ex.c ****   /* Check the TIM channels state */
 328:Drivers/STM32F0xx_HAL_Driver/Src/stm32f0xx_hal_tim_ex.c ****   if ((channel_1_state != HAL_TIM_CHANNEL_STATE_READY)
 329:Drivers/STM32F0xx_HAL_Driver/Src/stm32f0xx_hal_tim_ex.c ****       || (channel_2_state != HAL_TIM_CHANNEL_STATE_READY)
 330:Drivers/STM32F0xx_HAL_Driver/Src/stm32f0xx_hal_tim_ex.c ****       || (complementary_channel_1_state != HAL_TIM_CHANNEL_STATE_READY)
 331:Drivers/STM32F0xx_HAL_Driver/Src/stm32f0xx_hal_tim_ex.c ****       || (complementary_channel_2_state != HAL_TIM_CHANNEL_STATE_READY))
 332:Drivers/STM32F0xx_HAL_Driver/Src/stm32f0xx_hal_tim_ex.c ****   {
 333:Drivers/STM32F0xx_HAL_Driver/Src/stm32f0xx_hal_tim_ex.c ****     return HAL_ERROR;
 334:Drivers/STM32F0xx_HAL_Driver/Src/stm32f0xx_hal_tim_ex.c ****   }
 335:Drivers/STM32F0xx_HAL_Driver/Src/stm32f0xx_hal_tim_ex.c **** 
 336:Drivers/STM32F0xx_HAL_Driver/Src/stm32f0xx_hal_tim_ex.c ****   /* Set the TIM channels state */
 337:Drivers/STM32F0xx_HAL_Driver/Src/stm32f0xx_hal_tim_ex.c ****   TIM_CHANNEL_STATE_SET(htim, TIM_CHANNEL_1, HAL_TIM_CHANNEL_STATE_BUSY);
 338:Drivers/STM32F0xx_HAL_Driver/Src/stm32f0xx_hal_tim_ex.c ****   TIM_CHANNEL_STATE_SET(htim, TIM_CHANNEL_2, HAL_TIM_CHANNEL_STATE_BUSY);
 339:Drivers/STM32F0xx_HAL_Driver/Src/stm32f0xx_hal_tim_ex.c ****   TIM_CHANNEL_N_STATE_SET(htim, TIM_CHANNEL_1, HAL_TIM_CHANNEL_STATE_BUSY);
 340:Drivers/STM32F0xx_HAL_Driver/Src/stm32f0xx_hal_tim_ex.c ****   TIM_CHANNEL_N_STATE_SET(htim, TIM_CHANNEL_2, HAL_TIM_CHANNEL_STATE_BUSY);
 341:Drivers/STM32F0xx_HAL_Driver/Src/stm32f0xx_hal_tim_ex.c **** 
 342:Drivers/STM32F0xx_HAL_Driver/Src/stm32f0xx_hal_tim_ex.c ****   /* Enable the Input Capture channel 1
 343:Drivers/STM32F0xx_HAL_Driver/Src/stm32f0xx_hal_tim_ex.c ****   (in the Hall Sensor Interface the three possible channels that can be used are TIM_CHANNEL_1,
 344:Drivers/STM32F0xx_HAL_Driver/Src/stm32f0xx_hal_tim_ex.c ****   TIM_CHANNEL_2 and TIM_CHANNEL_3) */
 345:Drivers/STM32F0xx_HAL_Driver/Src/stm32f0xx_hal_tim_ex.c ****   TIM_CCxChannelCmd(htim->Instance, TIM_CHANNEL_1, TIM_CCx_ENABLE);
 346:Drivers/STM32F0xx_HAL_Driver/Src/stm32f0xx_hal_tim_ex.c **** 
 347:Drivers/STM32F0xx_HAL_Driver/Src/stm32f0xx_hal_tim_ex.c ****   /* Enable the Peripheral, except in trigger mode where enable is automatically done with trigger 
 348:Drivers/STM32F0xx_HAL_Driver/Src/stm32f0xx_hal_tim_ex.c ****   if (IS_TIM_SLAVE_INSTANCE(htim->Instance))
 349:Drivers/STM32F0xx_HAL_Driver/Src/stm32f0xx_hal_tim_ex.c ****   {
 350:Drivers/STM32F0xx_HAL_Driver/Src/stm32f0xx_hal_tim_ex.c ****     tmpsmcr = htim->Instance->SMCR & TIM_SMCR_SMS;
 351:Drivers/STM32F0xx_HAL_Driver/Src/stm32f0xx_hal_tim_ex.c ****     if (!IS_TIM_SLAVEMODE_TRIGGER_ENABLED(tmpsmcr))
 352:Drivers/STM32F0xx_HAL_Driver/Src/stm32f0xx_hal_tim_ex.c ****     {
 353:Drivers/STM32F0xx_HAL_Driver/Src/stm32f0xx_hal_tim_ex.c ****       __HAL_TIM_ENABLE(htim);
 354:Drivers/STM32F0xx_HAL_Driver/Src/stm32f0xx_hal_tim_ex.c ****     }
 355:Drivers/STM32F0xx_HAL_Driver/Src/stm32f0xx_hal_tim_ex.c ****   }
 356:Drivers/STM32F0xx_HAL_Driver/Src/stm32f0xx_hal_tim_ex.c ****   else
 357:Drivers/STM32F0xx_HAL_Driver/Src/stm32f0xx_hal_tim_ex.c ****   {
 358:Drivers/STM32F0xx_HAL_Driver/Src/stm32f0xx_hal_tim_ex.c ****     __HAL_TIM_ENABLE(htim);
 359:Drivers/STM32F0xx_HAL_Driver/Src/stm32f0xx_hal_tim_ex.c ****   }
 360:Drivers/STM32F0xx_HAL_Driver/Src/stm32f0xx_hal_tim_ex.c **** 
 361:Drivers/STM32F0xx_HAL_Driver/Src/stm32f0xx_hal_tim_ex.c ****   /* Return function status */
 362:Drivers/STM32F0xx_HAL_Driver/Src/stm32f0xx_hal_tim_ex.c ****   return HAL_OK;
 363:Drivers/STM32F0xx_HAL_Driver/Src/stm32f0xx_hal_tim_ex.c **** }
 364:Drivers/STM32F0xx_HAL_Driver/Src/stm32f0xx_hal_tim_ex.c **** 
 365:Drivers/STM32F0xx_HAL_Driver/Src/stm32f0xx_hal_tim_ex.c **** /**
 366:Drivers/STM32F0xx_HAL_Driver/Src/stm32f0xx_hal_tim_ex.c ****   * @brief  Stops the TIM Hall sensor Interface.
 367:Drivers/STM32F0xx_HAL_Driver/Src/stm32f0xx_hal_tim_ex.c ****   * @param  htim TIM Hall Sensor Interface handle
 368:Drivers/STM32F0xx_HAL_Driver/Src/stm32f0xx_hal_tim_ex.c ****   * @retval HAL status
 369:Drivers/STM32F0xx_HAL_Driver/Src/stm32f0xx_hal_tim_ex.c ****   */
 370:Drivers/STM32F0xx_HAL_Driver/Src/stm32f0xx_hal_tim_ex.c **** HAL_StatusTypeDef HAL_TIMEx_HallSensor_Stop(TIM_HandleTypeDef *htim)
 371:Drivers/STM32F0xx_HAL_Driver/Src/stm32f0xx_hal_tim_ex.c **** {
 372:Drivers/STM32F0xx_HAL_Driver/Src/stm32f0xx_hal_tim_ex.c ****   /* Check the parameters */
 373:Drivers/STM32F0xx_HAL_Driver/Src/stm32f0xx_hal_tim_ex.c ****   assert_param(IS_TIM_HALL_SENSOR_INTERFACE_INSTANCE(htim->Instance));
 374:Drivers/STM32F0xx_HAL_Driver/Src/stm32f0xx_hal_tim_ex.c **** 
ARM GAS  C:\Users\fastr\AppData\Local\Temp\ccGFXKp9.s 			page 8


 375:Drivers/STM32F0xx_HAL_Driver/Src/stm32f0xx_hal_tim_ex.c ****   /* Disable the Input Capture channels 1, 2 and 3
 376:Drivers/STM32F0xx_HAL_Driver/Src/stm32f0xx_hal_tim_ex.c ****   (in the Hall Sensor Interface the three possible channels that can be used are TIM_CHANNEL_1,
 377:Drivers/STM32F0xx_HAL_Driver/Src/stm32f0xx_hal_tim_ex.c ****   TIM_CHANNEL_2 and TIM_CHANNEL_3) */
 378:Drivers/STM32F0xx_HAL_Driver/Src/stm32f0xx_hal_tim_ex.c ****   TIM_CCxChannelCmd(htim->Instance, TIM_CHANNEL_1, TIM_CCx_DISABLE);
 379:Drivers/STM32F0xx_HAL_Driver/Src/stm32f0xx_hal_tim_ex.c **** 
 380:Drivers/STM32F0xx_HAL_Driver/Src/stm32f0xx_hal_tim_ex.c ****   /* Disable the Peripheral */
 381:Drivers/STM32F0xx_HAL_Driver/Src/stm32f0xx_hal_tim_ex.c ****   __HAL_TIM_DISABLE(htim);
 382:Drivers/STM32F0xx_HAL_Driver/Src/stm32f0xx_hal_tim_ex.c **** 
 383:Drivers/STM32F0xx_HAL_Driver/Src/stm32f0xx_hal_tim_ex.c ****   /* Set the TIM channels state */
 384:Drivers/STM32F0xx_HAL_Driver/Src/stm32f0xx_hal_tim_ex.c ****   TIM_CHANNEL_STATE_SET(htim, TIM_CHANNEL_1, HAL_TIM_CHANNEL_STATE_READY);
 385:Drivers/STM32F0xx_HAL_Driver/Src/stm32f0xx_hal_tim_ex.c ****   TIM_CHANNEL_STATE_SET(htim, TIM_CHANNEL_2, HAL_TIM_CHANNEL_STATE_READY);
 386:Drivers/STM32F0xx_HAL_Driver/Src/stm32f0xx_hal_tim_ex.c ****   TIM_CHANNEL_N_STATE_SET(htim, TIM_CHANNEL_1, HAL_TIM_CHANNEL_STATE_READY);
 387:Drivers/STM32F0xx_HAL_Driver/Src/stm32f0xx_hal_tim_ex.c ****   TIM_CHANNEL_N_STATE_SET(htim, TIM_CHANNEL_2, HAL_TIM_CHANNEL_STATE_READY);
 388:Drivers/STM32F0xx_HAL_Driver/Src/stm32f0xx_hal_tim_ex.c **** 
 389:Drivers/STM32F0xx_HAL_Driver/Src/stm32f0xx_hal_tim_ex.c ****   /* Return function status */
 390:Drivers/STM32F0xx_HAL_Driver/Src/stm32f0xx_hal_tim_ex.c ****   return HAL_OK;
 391:Drivers/STM32F0xx_HAL_Driver/Src/stm32f0xx_hal_tim_ex.c **** }
 392:Drivers/STM32F0xx_HAL_Driver/Src/stm32f0xx_hal_tim_ex.c **** 
 393:Drivers/STM32F0xx_HAL_Driver/Src/stm32f0xx_hal_tim_ex.c **** /**
 394:Drivers/STM32F0xx_HAL_Driver/Src/stm32f0xx_hal_tim_ex.c ****   * @brief  Starts the TIM Hall Sensor Interface in interrupt mode.
 395:Drivers/STM32F0xx_HAL_Driver/Src/stm32f0xx_hal_tim_ex.c ****   * @param  htim TIM Hall Sensor Interface handle
 396:Drivers/STM32F0xx_HAL_Driver/Src/stm32f0xx_hal_tim_ex.c ****   * @retval HAL status
 397:Drivers/STM32F0xx_HAL_Driver/Src/stm32f0xx_hal_tim_ex.c ****   */
 398:Drivers/STM32F0xx_HAL_Driver/Src/stm32f0xx_hal_tim_ex.c **** HAL_StatusTypeDef HAL_TIMEx_HallSensor_Start_IT(TIM_HandleTypeDef *htim)
 399:Drivers/STM32F0xx_HAL_Driver/Src/stm32f0xx_hal_tim_ex.c **** {
 400:Drivers/STM32F0xx_HAL_Driver/Src/stm32f0xx_hal_tim_ex.c ****   uint32_t tmpsmcr;
 401:Drivers/STM32F0xx_HAL_Driver/Src/stm32f0xx_hal_tim_ex.c ****   HAL_TIM_ChannelStateTypeDef channel_1_state = TIM_CHANNEL_STATE_GET(htim, TIM_CHANNEL_1);
 402:Drivers/STM32F0xx_HAL_Driver/Src/stm32f0xx_hal_tim_ex.c ****   HAL_TIM_ChannelStateTypeDef channel_2_state = TIM_CHANNEL_STATE_GET(htim, TIM_CHANNEL_2);
 403:Drivers/STM32F0xx_HAL_Driver/Src/stm32f0xx_hal_tim_ex.c ****   HAL_TIM_ChannelStateTypeDef complementary_channel_1_state = TIM_CHANNEL_N_STATE_GET(htim, TIM_CHA
 404:Drivers/STM32F0xx_HAL_Driver/Src/stm32f0xx_hal_tim_ex.c ****   HAL_TIM_ChannelStateTypeDef complementary_channel_2_state = TIM_CHANNEL_N_STATE_GET(htim, TIM_CHA
 405:Drivers/STM32F0xx_HAL_Driver/Src/stm32f0xx_hal_tim_ex.c **** 
 406:Drivers/STM32F0xx_HAL_Driver/Src/stm32f0xx_hal_tim_ex.c ****   /* Check the parameters */
 407:Drivers/STM32F0xx_HAL_Driver/Src/stm32f0xx_hal_tim_ex.c ****   assert_param(IS_TIM_HALL_SENSOR_INTERFACE_INSTANCE(htim->Instance));
 408:Drivers/STM32F0xx_HAL_Driver/Src/stm32f0xx_hal_tim_ex.c **** 
 409:Drivers/STM32F0xx_HAL_Driver/Src/stm32f0xx_hal_tim_ex.c ****   /* Check the TIM channels state */
 410:Drivers/STM32F0xx_HAL_Driver/Src/stm32f0xx_hal_tim_ex.c ****   if ((channel_1_state != HAL_TIM_CHANNEL_STATE_READY)
 411:Drivers/STM32F0xx_HAL_Driver/Src/stm32f0xx_hal_tim_ex.c ****       || (channel_2_state != HAL_TIM_CHANNEL_STATE_READY)
 412:Drivers/STM32F0xx_HAL_Driver/Src/stm32f0xx_hal_tim_ex.c ****       || (complementary_channel_1_state != HAL_TIM_CHANNEL_STATE_READY)
 413:Drivers/STM32F0xx_HAL_Driver/Src/stm32f0xx_hal_tim_ex.c ****       || (complementary_channel_2_state != HAL_TIM_CHANNEL_STATE_READY))
 414:Drivers/STM32F0xx_HAL_Driver/Src/stm32f0xx_hal_tim_ex.c ****   {
 415:Drivers/STM32F0xx_HAL_Driver/Src/stm32f0xx_hal_tim_ex.c ****     return HAL_ERROR;
 416:Drivers/STM32F0xx_HAL_Driver/Src/stm32f0xx_hal_tim_ex.c ****   }
 417:Drivers/STM32F0xx_HAL_Driver/Src/stm32f0xx_hal_tim_ex.c **** 
 418:Drivers/STM32F0xx_HAL_Driver/Src/stm32f0xx_hal_tim_ex.c ****   /* Set the TIM channels state */
 419:Drivers/STM32F0xx_HAL_Driver/Src/stm32f0xx_hal_tim_ex.c ****   TIM_CHANNEL_STATE_SET(htim, TIM_CHANNEL_1, HAL_TIM_CHANNEL_STATE_BUSY);
 420:Drivers/STM32F0xx_HAL_Driver/Src/stm32f0xx_hal_tim_ex.c ****   TIM_CHANNEL_STATE_SET(htim, TIM_CHANNEL_2, HAL_TIM_CHANNEL_STATE_BUSY);
 421:Drivers/STM32F0xx_HAL_Driver/Src/stm32f0xx_hal_tim_ex.c ****   TIM_CHANNEL_N_STATE_SET(htim, TIM_CHANNEL_1, HAL_TIM_CHANNEL_STATE_BUSY);
 422:Drivers/STM32F0xx_HAL_Driver/Src/stm32f0xx_hal_tim_ex.c ****   TIM_CHANNEL_N_STATE_SET(htim, TIM_CHANNEL_2, HAL_TIM_CHANNEL_STATE_BUSY);
 423:Drivers/STM32F0xx_HAL_Driver/Src/stm32f0xx_hal_tim_ex.c **** 
 424:Drivers/STM32F0xx_HAL_Driver/Src/stm32f0xx_hal_tim_ex.c ****   /* Enable the capture compare Interrupts 1 event */
 425:Drivers/STM32F0xx_HAL_Driver/Src/stm32f0xx_hal_tim_ex.c ****   __HAL_TIM_ENABLE_IT(htim, TIM_IT_CC1);
 426:Drivers/STM32F0xx_HAL_Driver/Src/stm32f0xx_hal_tim_ex.c **** 
 427:Drivers/STM32F0xx_HAL_Driver/Src/stm32f0xx_hal_tim_ex.c ****   /* Enable the Input Capture channel 1
 428:Drivers/STM32F0xx_HAL_Driver/Src/stm32f0xx_hal_tim_ex.c ****   (in the Hall Sensor Interface the three possible channels that can be used are TIM_CHANNEL_1,
 429:Drivers/STM32F0xx_HAL_Driver/Src/stm32f0xx_hal_tim_ex.c ****   TIM_CHANNEL_2 and TIM_CHANNEL_3) */
 430:Drivers/STM32F0xx_HAL_Driver/Src/stm32f0xx_hal_tim_ex.c ****   TIM_CCxChannelCmd(htim->Instance, TIM_CHANNEL_1, TIM_CCx_ENABLE);
 431:Drivers/STM32F0xx_HAL_Driver/Src/stm32f0xx_hal_tim_ex.c **** 
ARM GAS  C:\Users\fastr\AppData\Local\Temp\ccGFXKp9.s 			page 9


 432:Drivers/STM32F0xx_HAL_Driver/Src/stm32f0xx_hal_tim_ex.c ****   /* Enable the Peripheral, except in trigger mode where enable is automatically done with trigger 
 433:Drivers/STM32F0xx_HAL_Driver/Src/stm32f0xx_hal_tim_ex.c ****   if (IS_TIM_SLAVE_INSTANCE(htim->Instance))
 434:Drivers/STM32F0xx_HAL_Driver/Src/stm32f0xx_hal_tim_ex.c ****   {
 435:Drivers/STM32F0xx_HAL_Driver/Src/stm32f0xx_hal_tim_ex.c ****     tmpsmcr = htim->Instance->SMCR & TIM_SMCR_SMS;
 436:Drivers/STM32F0xx_HAL_Driver/Src/stm32f0xx_hal_tim_ex.c ****     if (!IS_TIM_SLAVEMODE_TRIGGER_ENABLED(tmpsmcr))
 437:Drivers/STM32F0xx_HAL_Driver/Src/stm32f0xx_hal_tim_ex.c ****     {
 438:Drivers/STM32F0xx_HAL_Driver/Src/stm32f0xx_hal_tim_ex.c ****       __HAL_TIM_ENABLE(htim);
 439:Drivers/STM32F0xx_HAL_Driver/Src/stm32f0xx_hal_tim_ex.c ****     }
 440:Drivers/STM32F0xx_HAL_Driver/Src/stm32f0xx_hal_tim_ex.c ****   }
 441:Drivers/STM32F0xx_HAL_Driver/Src/stm32f0xx_hal_tim_ex.c ****   else
 442:Drivers/STM32F0xx_HAL_Driver/Src/stm32f0xx_hal_tim_ex.c ****   {
 443:Drivers/STM32F0xx_HAL_Driver/Src/stm32f0xx_hal_tim_ex.c ****     __HAL_TIM_ENABLE(htim);
 444:Drivers/STM32F0xx_HAL_Driver/Src/stm32f0xx_hal_tim_ex.c ****   }
 445:Drivers/STM32F0xx_HAL_Driver/Src/stm32f0xx_hal_tim_ex.c **** 
 446:Drivers/STM32F0xx_HAL_Driver/Src/stm32f0xx_hal_tim_ex.c ****   /* Return function status */
 447:Drivers/STM32F0xx_HAL_Driver/Src/stm32f0xx_hal_tim_ex.c ****   return HAL_OK;
 448:Drivers/STM32F0xx_HAL_Driver/Src/stm32f0xx_hal_tim_ex.c **** }
 449:Drivers/STM32F0xx_HAL_Driver/Src/stm32f0xx_hal_tim_ex.c **** 
 450:Drivers/STM32F0xx_HAL_Driver/Src/stm32f0xx_hal_tim_ex.c **** /**
 451:Drivers/STM32F0xx_HAL_Driver/Src/stm32f0xx_hal_tim_ex.c ****   * @brief  Stops the TIM Hall Sensor Interface in interrupt mode.
 452:Drivers/STM32F0xx_HAL_Driver/Src/stm32f0xx_hal_tim_ex.c ****   * @param  htim TIM Hall Sensor Interface handle
 453:Drivers/STM32F0xx_HAL_Driver/Src/stm32f0xx_hal_tim_ex.c ****   * @retval HAL status
 454:Drivers/STM32F0xx_HAL_Driver/Src/stm32f0xx_hal_tim_ex.c ****   */
 455:Drivers/STM32F0xx_HAL_Driver/Src/stm32f0xx_hal_tim_ex.c **** HAL_StatusTypeDef HAL_TIMEx_HallSensor_Stop_IT(TIM_HandleTypeDef *htim)
 456:Drivers/STM32F0xx_HAL_Driver/Src/stm32f0xx_hal_tim_ex.c **** {
 457:Drivers/STM32F0xx_HAL_Driver/Src/stm32f0xx_hal_tim_ex.c ****   /* Check the parameters */
 458:Drivers/STM32F0xx_HAL_Driver/Src/stm32f0xx_hal_tim_ex.c ****   assert_param(IS_TIM_HALL_SENSOR_INTERFACE_INSTANCE(htim->Instance));
 459:Drivers/STM32F0xx_HAL_Driver/Src/stm32f0xx_hal_tim_ex.c **** 
 460:Drivers/STM32F0xx_HAL_Driver/Src/stm32f0xx_hal_tim_ex.c ****   /* Disable the Input Capture channel 1
 461:Drivers/STM32F0xx_HAL_Driver/Src/stm32f0xx_hal_tim_ex.c ****   (in the Hall Sensor Interface the three possible channels that can be used are TIM_CHANNEL_1,
 462:Drivers/STM32F0xx_HAL_Driver/Src/stm32f0xx_hal_tim_ex.c ****   TIM_CHANNEL_2 and TIM_CHANNEL_3) */
 463:Drivers/STM32F0xx_HAL_Driver/Src/stm32f0xx_hal_tim_ex.c ****   TIM_CCxChannelCmd(htim->Instance, TIM_CHANNEL_1, TIM_CCx_DISABLE);
 464:Drivers/STM32F0xx_HAL_Driver/Src/stm32f0xx_hal_tim_ex.c **** 
 465:Drivers/STM32F0xx_HAL_Driver/Src/stm32f0xx_hal_tim_ex.c ****   /* Disable the capture compare Interrupts event */
 466:Drivers/STM32F0xx_HAL_Driver/Src/stm32f0xx_hal_tim_ex.c ****   __HAL_TIM_DISABLE_IT(htim, TIM_IT_CC1);
 467:Drivers/STM32F0xx_HAL_Driver/Src/stm32f0xx_hal_tim_ex.c **** 
 468:Drivers/STM32F0xx_HAL_Driver/Src/stm32f0xx_hal_tim_ex.c ****   /* Disable the Peripheral */
 469:Drivers/STM32F0xx_HAL_Driver/Src/stm32f0xx_hal_tim_ex.c ****   __HAL_TIM_DISABLE(htim);
 470:Drivers/STM32F0xx_HAL_Driver/Src/stm32f0xx_hal_tim_ex.c **** 
 471:Drivers/STM32F0xx_HAL_Driver/Src/stm32f0xx_hal_tim_ex.c ****   /* Set the TIM channels state */
 472:Drivers/STM32F0xx_HAL_Driver/Src/stm32f0xx_hal_tim_ex.c ****   TIM_CHANNEL_STATE_SET(htim, TIM_CHANNEL_1, HAL_TIM_CHANNEL_STATE_READY);
 473:Drivers/STM32F0xx_HAL_Driver/Src/stm32f0xx_hal_tim_ex.c ****   TIM_CHANNEL_STATE_SET(htim, TIM_CHANNEL_2, HAL_TIM_CHANNEL_STATE_READY);
 474:Drivers/STM32F0xx_HAL_Driver/Src/stm32f0xx_hal_tim_ex.c ****   TIM_CHANNEL_N_STATE_SET(htim, TIM_CHANNEL_1, HAL_TIM_CHANNEL_STATE_READY);
 475:Drivers/STM32F0xx_HAL_Driver/Src/stm32f0xx_hal_tim_ex.c ****   TIM_CHANNEL_N_STATE_SET(htim, TIM_CHANNEL_2, HAL_TIM_CHANNEL_STATE_READY);
 476:Drivers/STM32F0xx_HAL_Driver/Src/stm32f0xx_hal_tim_ex.c **** 
 477:Drivers/STM32F0xx_HAL_Driver/Src/stm32f0xx_hal_tim_ex.c ****   /* Return function status */
 478:Drivers/STM32F0xx_HAL_Driver/Src/stm32f0xx_hal_tim_ex.c ****   return HAL_OK;
 479:Drivers/STM32F0xx_HAL_Driver/Src/stm32f0xx_hal_tim_ex.c **** }
 480:Drivers/STM32F0xx_HAL_Driver/Src/stm32f0xx_hal_tim_ex.c **** 
 481:Drivers/STM32F0xx_HAL_Driver/Src/stm32f0xx_hal_tim_ex.c **** /**
 482:Drivers/STM32F0xx_HAL_Driver/Src/stm32f0xx_hal_tim_ex.c ****   * @brief  Starts the TIM Hall Sensor Interface in DMA mode.
 483:Drivers/STM32F0xx_HAL_Driver/Src/stm32f0xx_hal_tim_ex.c ****   * @param  htim TIM Hall Sensor Interface handle
 484:Drivers/STM32F0xx_HAL_Driver/Src/stm32f0xx_hal_tim_ex.c ****   * @param  pData The destination Buffer address.
 485:Drivers/STM32F0xx_HAL_Driver/Src/stm32f0xx_hal_tim_ex.c ****   * @param  Length The length of data to be transferred from TIM peripheral to memory.
 486:Drivers/STM32F0xx_HAL_Driver/Src/stm32f0xx_hal_tim_ex.c ****   * @retval HAL status
 487:Drivers/STM32F0xx_HAL_Driver/Src/stm32f0xx_hal_tim_ex.c ****   */
 488:Drivers/STM32F0xx_HAL_Driver/Src/stm32f0xx_hal_tim_ex.c **** HAL_StatusTypeDef HAL_TIMEx_HallSensor_Start_DMA(TIM_HandleTypeDef *htim, uint32_t *pData, uint16_t
ARM GAS  C:\Users\fastr\AppData\Local\Temp\ccGFXKp9.s 			page 10


 489:Drivers/STM32F0xx_HAL_Driver/Src/stm32f0xx_hal_tim_ex.c **** {
 490:Drivers/STM32F0xx_HAL_Driver/Src/stm32f0xx_hal_tim_ex.c ****   uint32_t tmpsmcr;
 491:Drivers/STM32F0xx_HAL_Driver/Src/stm32f0xx_hal_tim_ex.c ****   HAL_TIM_ChannelStateTypeDef channel_1_state = TIM_CHANNEL_STATE_GET(htim, TIM_CHANNEL_1);
 492:Drivers/STM32F0xx_HAL_Driver/Src/stm32f0xx_hal_tim_ex.c ****   HAL_TIM_ChannelStateTypeDef complementary_channel_1_state = TIM_CHANNEL_N_STATE_GET(htim, TIM_CHA
 493:Drivers/STM32F0xx_HAL_Driver/Src/stm32f0xx_hal_tim_ex.c **** 
 494:Drivers/STM32F0xx_HAL_Driver/Src/stm32f0xx_hal_tim_ex.c ****   /* Check the parameters */
 495:Drivers/STM32F0xx_HAL_Driver/Src/stm32f0xx_hal_tim_ex.c ****   assert_param(IS_TIM_HALL_SENSOR_INTERFACE_INSTANCE(htim->Instance));
 496:Drivers/STM32F0xx_HAL_Driver/Src/stm32f0xx_hal_tim_ex.c **** 
 497:Drivers/STM32F0xx_HAL_Driver/Src/stm32f0xx_hal_tim_ex.c ****   /* Set the TIM channel state */
 498:Drivers/STM32F0xx_HAL_Driver/Src/stm32f0xx_hal_tim_ex.c ****   if ((channel_1_state == HAL_TIM_CHANNEL_STATE_BUSY)
 499:Drivers/STM32F0xx_HAL_Driver/Src/stm32f0xx_hal_tim_ex.c ****       || (complementary_channel_1_state == HAL_TIM_CHANNEL_STATE_BUSY))
 500:Drivers/STM32F0xx_HAL_Driver/Src/stm32f0xx_hal_tim_ex.c ****   {
 501:Drivers/STM32F0xx_HAL_Driver/Src/stm32f0xx_hal_tim_ex.c ****     return HAL_BUSY;
 502:Drivers/STM32F0xx_HAL_Driver/Src/stm32f0xx_hal_tim_ex.c ****   }
 503:Drivers/STM32F0xx_HAL_Driver/Src/stm32f0xx_hal_tim_ex.c ****   else if ((channel_1_state == HAL_TIM_CHANNEL_STATE_READY)
 504:Drivers/STM32F0xx_HAL_Driver/Src/stm32f0xx_hal_tim_ex.c ****            && (complementary_channel_1_state == HAL_TIM_CHANNEL_STATE_READY))
 505:Drivers/STM32F0xx_HAL_Driver/Src/stm32f0xx_hal_tim_ex.c ****   {
 506:Drivers/STM32F0xx_HAL_Driver/Src/stm32f0xx_hal_tim_ex.c ****     if ((pData == NULL) || (Length == 0U))
 507:Drivers/STM32F0xx_HAL_Driver/Src/stm32f0xx_hal_tim_ex.c ****     {
 508:Drivers/STM32F0xx_HAL_Driver/Src/stm32f0xx_hal_tim_ex.c ****       return HAL_ERROR;
 509:Drivers/STM32F0xx_HAL_Driver/Src/stm32f0xx_hal_tim_ex.c ****     }
 510:Drivers/STM32F0xx_HAL_Driver/Src/stm32f0xx_hal_tim_ex.c ****     else
 511:Drivers/STM32F0xx_HAL_Driver/Src/stm32f0xx_hal_tim_ex.c ****     {
 512:Drivers/STM32F0xx_HAL_Driver/Src/stm32f0xx_hal_tim_ex.c ****       TIM_CHANNEL_STATE_SET(htim, TIM_CHANNEL_1, HAL_TIM_CHANNEL_STATE_BUSY);
 513:Drivers/STM32F0xx_HAL_Driver/Src/stm32f0xx_hal_tim_ex.c ****       TIM_CHANNEL_N_STATE_SET(htim, TIM_CHANNEL_1, HAL_TIM_CHANNEL_STATE_BUSY);
 514:Drivers/STM32F0xx_HAL_Driver/Src/stm32f0xx_hal_tim_ex.c ****     }
 515:Drivers/STM32F0xx_HAL_Driver/Src/stm32f0xx_hal_tim_ex.c ****   }
 516:Drivers/STM32F0xx_HAL_Driver/Src/stm32f0xx_hal_tim_ex.c ****   else
 517:Drivers/STM32F0xx_HAL_Driver/Src/stm32f0xx_hal_tim_ex.c ****   {
 518:Drivers/STM32F0xx_HAL_Driver/Src/stm32f0xx_hal_tim_ex.c ****     return HAL_ERROR;
 519:Drivers/STM32F0xx_HAL_Driver/Src/stm32f0xx_hal_tim_ex.c ****   }
 520:Drivers/STM32F0xx_HAL_Driver/Src/stm32f0xx_hal_tim_ex.c **** 
 521:Drivers/STM32F0xx_HAL_Driver/Src/stm32f0xx_hal_tim_ex.c ****   /* Enable the Input Capture channel 1
 522:Drivers/STM32F0xx_HAL_Driver/Src/stm32f0xx_hal_tim_ex.c ****   (in the Hall Sensor Interface the three possible channels that can be used are TIM_CHANNEL_1,
 523:Drivers/STM32F0xx_HAL_Driver/Src/stm32f0xx_hal_tim_ex.c ****   TIM_CHANNEL_2 and TIM_CHANNEL_3) */
 524:Drivers/STM32F0xx_HAL_Driver/Src/stm32f0xx_hal_tim_ex.c ****   TIM_CCxChannelCmd(htim->Instance, TIM_CHANNEL_1, TIM_CCx_ENABLE);
 525:Drivers/STM32F0xx_HAL_Driver/Src/stm32f0xx_hal_tim_ex.c **** 
 526:Drivers/STM32F0xx_HAL_Driver/Src/stm32f0xx_hal_tim_ex.c ****   /* Set the DMA Input Capture 1 Callbacks */
 527:Drivers/STM32F0xx_HAL_Driver/Src/stm32f0xx_hal_tim_ex.c ****   htim->hdma[TIM_DMA_ID_CC1]->XferCpltCallback = TIM_DMACaptureCplt;
 528:Drivers/STM32F0xx_HAL_Driver/Src/stm32f0xx_hal_tim_ex.c ****   htim->hdma[TIM_DMA_ID_CC1]->XferHalfCpltCallback = TIM_DMACaptureHalfCplt;
 529:Drivers/STM32F0xx_HAL_Driver/Src/stm32f0xx_hal_tim_ex.c ****   /* Set the DMA error callback */
 530:Drivers/STM32F0xx_HAL_Driver/Src/stm32f0xx_hal_tim_ex.c ****   htim->hdma[TIM_DMA_ID_CC1]->XferErrorCallback = TIM_DMAError ;
 531:Drivers/STM32F0xx_HAL_Driver/Src/stm32f0xx_hal_tim_ex.c **** 
 532:Drivers/STM32F0xx_HAL_Driver/Src/stm32f0xx_hal_tim_ex.c ****   /* Enable the DMA channel for Capture 1*/
 533:Drivers/STM32F0xx_HAL_Driver/Src/stm32f0xx_hal_tim_ex.c ****   if (HAL_DMA_Start_IT(htim->hdma[TIM_DMA_ID_CC1], (uint32_t)&htim->Instance->CCR1, (uint32_t)pData
 534:Drivers/STM32F0xx_HAL_Driver/Src/stm32f0xx_hal_tim_ex.c ****   {
 535:Drivers/STM32F0xx_HAL_Driver/Src/stm32f0xx_hal_tim_ex.c ****     /* Return error status */
 536:Drivers/STM32F0xx_HAL_Driver/Src/stm32f0xx_hal_tim_ex.c ****     return HAL_ERROR;
 537:Drivers/STM32F0xx_HAL_Driver/Src/stm32f0xx_hal_tim_ex.c ****   }
 538:Drivers/STM32F0xx_HAL_Driver/Src/stm32f0xx_hal_tim_ex.c ****   /* Enable the capture compare 1 Interrupt */
 539:Drivers/STM32F0xx_HAL_Driver/Src/stm32f0xx_hal_tim_ex.c ****   __HAL_TIM_ENABLE_DMA(htim, TIM_DMA_CC1);
 540:Drivers/STM32F0xx_HAL_Driver/Src/stm32f0xx_hal_tim_ex.c **** 
 541:Drivers/STM32F0xx_HAL_Driver/Src/stm32f0xx_hal_tim_ex.c ****   /* Enable the Peripheral, except in trigger mode where enable is automatically done with trigger 
 542:Drivers/STM32F0xx_HAL_Driver/Src/stm32f0xx_hal_tim_ex.c ****   if (IS_TIM_SLAVE_INSTANCE(htim->Instance))
 543:Drivers/STM32F0xx_HAL_Driver/Src/stm32f0xx_hal_tim_ex.c ****   {
 544:Drivers/STM32F0xx_HAL_Driver/Src/stm32f0xx_hal_tim_ex.c ****     tmpsmcr = htim->Instance->SMCR & TIM_SMCR_SMS;
 545:Drivers/STM32F0xx_HAL_Driver/Src/stm32f0xx_hal_tim_ex.c ****     if (!IS_TIM_SLAVEMODE_TRIGGER_ENABLED(tmpsmcr))
ARM GAS  C:\Users\fastr\AppData\Local\Temp\ccGFXKp9.s 			page 11


 546:Drivers/STM32F0xx_HAL_Driver/Src/stm32f0xx_hal_tim_ex.c ****     {
 547:Drivers/STM32F0xx_HAL_Driver/Src/stm32f0xx_hal_tim_ex.c ****       __HAL_TIM_ENABLE(htim);
 548:Drivers/STM32F0xx_HAL_Driver/Src/stm32f0xx_hal_tim_ex.c ****     }
 549:Drivers/STM32F0xx_HAL_Driver/Src/stm32f0xx_hal_tim_ex.c ****   }
 550:Drivers/STM32F0xx_HAL_Driver/Src/stm32f0xx_hal_tim_ex.c ****   else
 551:Drivers/STM32F0xx_HAL_Driver/Src/stm32f0xx_hal_tim_ex.c ****   {
 552:Drivers/STM32F0xx_HAL_Driver/Src/stm32f0xx_hal_tim_ex.c ****     __HAL_TIM_ENABLE(htim);
 553:Drivers/STM32F0xx_HAL_Driver/Src/stm32f0xx_hal_tim_ex.c ****   }
 554:Drivers/STM32F0xx_HAL_Driver/Src/stm32f0xx_hal_tim_ex.c **** 
 555:Drivers/STM32F0xx_HAL_Driver/Src/stm32f0xx_hal_tim_ex.c ****   /* Return function status */
 556:Drivers/STM32F0xx_HAL_Driver/Src/stm32f0xx_hal_tim_ex.c ****   return HAL_OK;
 557:Drivers/STM32F0xx_HAL_Driver/Src/stm32f0xx_hal_tim_ex.c **** }
 558:Drivers/STM32F0xx_HAL_Driver/Src/stm32f0xx_hal_tim_ex.c **** 
 559:Drivers/STM32F0xx_HAL_Driver/Src/stm32f0xx_hal_tim_ex.c **** /**
 560:Drivers/STM32F0xx_HAL_Driver/Src/stm32f0xx_hal_tim_ex.c ****   * @brief  Stops the TIM Hall Sensor Interface in DMA mode.
 561:Drivers/STM32F0xx_HAL_Driver/Src/stm32f0xx_hal_tim_ex.c ****   * @param  htim TIM Hall Sensor Interface handle
 562:Drivers/STM32F0xx_HAL_Driver/Src/stm32f0xx_hal_tim_ex.c ****   * @retval HAL status
 563:Drivers/STM32F0xx_HAL_Driver/Src/stm32f0xx_hal_tim_ex.c ****   */
 564:Drivers/STM32F0xx_HAL_Driver/Src/stm32f0xx_hal_tim_ex.c **** HAL_StatusTypeDef HAL_TIMEx_HallSensor_Stop_DMA(TIM_HandleTypeDef *htim)
 565:Drivers/STM32F0xx_HAL_Driver/Src/stm32f0xx_hal_tim_ex.c **** {
 566:Drivers/STM32F0xx_HAL_Driver/Src/stm32f0xx_hal_tim_ex.c ****   /* Check the parameters */
 567:Drivers/STM32F0xx_HAL_Driver/Src/stm32f0xx_hal_tim_ex.c ****   assert_param(IS_TIM_HALL_SENSOR_INTERFACE_INSTANCE(htim->Instance));
 568:Drivers/STM32F0xx_HAL_Driver/Src/stm32f0xx_hal_tim_ex.c **** 
 569:Drivers/STM32F0xx_HAL_Driver/Src/stm32f0xx_hal_tim_ex.c ****   /* Disable the Input Capture channel 1
 570:Drivers/STM32F0xx_HAL_Driver/Src/stm32f0xx_hal_tim_ex.c ****   (in the Hall Sensor Interface the three possible channels that can be used are TIM_CHANNEL_1,
 571:Drivers/STM32F0xx_HAL_Driver/Src/stm32f0xx_hal_tim_ex.c ****   TIM_CHANNEL_2 and TIM_CHANNEL_3) */
 572:Drivers/STM32F0xx_HAL_Driver/Src/stm32f0xx_hal_tim_ex.c ****   TIM_CCxChannelCmd(htim->Instance, TIM_CHANNEL_1, TIM_CCx_DISABLE);
 573:Drivers/STM32F0xx_HAL_Driver/Src/stm32f0xx_hal_tim_ex.c **** 
 574:Drivers/STM32F0xx_HAL_Driver/Src/stm32f0xx_hal_tim_ex.c **** 
 575:Drivers/STM32F0xx_HAL_Driver/Src/stm32f0xx_hal_tim_ex.c ****   /* Disable the capture compare Interrupts 1 event */
 576:Drivers/STM32F0xx_HAL_Driver/Src/stm32f0xx_hal_tim_ex.c ****   __HAL_TIM_DISABLE_DMA(htim, TIM_DMA_CC1);
 577:Drivers/STM32F0xx_HAL_Driver/Src/stm32f0xx_hal_tim_ex.c **** 
 578:Drivers/STM32F0xx_HAL_Driver/Src/stm32f0xx_hal_tim_ex.c ****   (void)HAL_DMA_Abort_IT(htim->hdma[TIM_DMA_ID_CC1]);
 579:Drivers/STM32F0xx_HAL_Driver/Src/stm32f0xx_hal_tim_ex.c **** 
 580:Drivers/STM32F0xx_HAL_Driver/Src/stm32f0xx_hal_tim_ex.c ****   /* Disable the Peripheral */
 581:Drivers/STM32F0xx_HAL_Driver/Src/stm32f0xx_hal_tim_ex.c ****   __HAL_TIM_DISABLE(htim);
 582:Drivers/STM32F0xx_HAL_Driver/Src/stm32f0xx_hal_tim_ex.c **** 
 583:Drivers/STM32F0xx_HAL_Driver/Src/stm32f0xx_hal_tim_ex.c ****   /* Set the TIM channel state */
 584:Drivers/STM32F0xx_HAL_Driver/Src/stm32f0xx_hal_tim_ex.c ****   TIM_CHANNEL_STATE_SET(htim, TIM_CHANNEL_1, HAL_TIM_CHANNEL_STATE_READY);
 585:Drivers/STM32F0xx_HAL_Driver/Src/stm32f0xx_hal_tim_ex.c ****   TIM_CHANNEL_N_STATE_SET(htim, TIM_CHANNEL_1, HAL_TIM_CHANNEL_STATE_READY);
 586:Drivers/STM32F0xx_HAL_Driver/Src/stm32f0xx_hal_tim_ex.c **** 
 587:Drivers/STM32F0xx_HAL_Driver/Src/stm32f0xx_hal_tim_ex.c ****   /* Return function status */
 588:Drivers/STM32F0xx_HAL_Driver/Src/stm32f0xx_hal_tim_ex.c ****   return HAL_OK;
 589:Drivers/STM32F0xx_HAL_Driver/Src/stm32f0xx_hal_tim_ex.c **** }
 590:Drivers/STM32F0xx_HAL_Driver/Src/stm32f0xx_hal_tim_ex.c **** 
 591:Drivers/STM32F0xx_HAL_Driver/Src/stm32f0xx_hal_tim_ex.c **** /**
 592:Drivers/STM32F0xx_HAL_Driver/Src/stm32f0xx_hal_tim_ex.c ****   * @}
 593:Drivers/STM32F0xx_HAL_Driver/Src/stm32f0xx_hal_tim_ex.c ****   */
 594:Drivers/STM32F0xx_HAL_Driver/Src/stm32f0xx_hal_tim_ex.c **** 
 595:Drivers/STM32F0xx_HAL_Driver/Src/stm32f0xx_hal_tim_ex.c **** /** @defgroup TIMEx_Exported_Functions_Group2 Extended Timer Complementary Output Compare functions
 596:Drivers/STM32F0xx_HAL_Driver/Src/stm32f0xx_hal_tim_ex.c ****   *  @brief   Timer Complementary Output Compare functions
 597:Drivers/STM32F0xx_HAL_Driver/Src/stm32f0xx_hal_tim_ex.c ****   *
 598:Drivers/STM32F0xx_HAL_Driver/Src/stm32f0xx_hal_tim_ex.c **** @verbatim
 599:Drivers/STM32F0xx_HAL_Driver/Src/stm32f0xx_hal_tim_ex.c ****   ==============================================================================
 600:Drivers/STM32F0xx_HAL_Driver/Src/stm32f0xx_hal_tim_ex.c ****               ##### Timer Complementary Output Compare functions #####
 601:Drivers/STM32F0xx_HAL_Driver/Src/stm32f0xx_hal_tim_ex.c ****   ==============================================================================
 602:Drivers/STM32F0xx_HAL_Driver/Src/stm32f0xx_hal_tim_ex.c ****   [..]
ARM GAS  C:\Users\fastr\AppData\Local\Temp\ccGFXKp9.s 			page 12


 603:Drivers/STM32F0xx_HAL_Driver/Src/stm32f0xx_hal_tim_ex.c ****     This section provides functions allowing to:
 604:Drivers/STM32F0xx_HAL_Driver/Src/stm32f0xx_hal_tim_ex.c ****     (+) Start the Complementary Output Compare/PWM.
 605:Drivers/STM32F0xx_HAL_Driver/Src/stm32f0xx_hal_tim_ex.c ****     (+) Stop the Complementary Output Compare/PWM.
 606:Drivers/STM32F0xx_HAL_Driver/Src/stm32f0xx_hal_tim_ex.c ****     (+) Start the Complementary Output Compare/PWM and enable interrupts.
 607:Drivers/STM32F0xx_HAL_Driver/Src/stm32f0xx_hal_tim_ex.c ****     (+) Stop the Complementary Output Compare/PWM and disable interrupts.
 608:Drivers/STM32F0xx_HAL_Driver/Src/stm32f0xx_hal_tim_ex.c ****     (+) Start the Complementary Output Compare/PWM and enable DMA transfers.
 609:Drivers/STM32F0xx_HAL_Driver/Src/stm32f0xx_hal_tim_ex.c ****     (+) Stop the Complementary Output Compare/PWM and disable DMA transfers.
 610:Drivers/STM32F0xx_HAL_Driver/Src/stm32f0xx_hal_tim_ex.c **** 
 611:Drivers/STM32F0xx_HAL_Driver/Src/stm32f0xx_hal_tim_ex.c **** @endverbatim
 612:Drivers/STM32F0xx_HAL_Driver/Src/stm32f0xx_hal_tim_ex.c ****   * @{
 613:Drivers/STM32F0xx_HAL_Driver/Src/stm32f0xx_hal_tim_ex.c ****   */
 614:Drivers/STM32F0xx_HAL_Driver/Src/stm32f0xx_hal_tim_ex.c **** 
 615:Drivers/STM32F0xx_HAL_Driver/Src/stm32f0xx_hal_tim_ex.c **** /**
 616:Drivers/STM32F0xx_HAL_Driver/Src/stm32f0xx_hal_tim_ex.c ****   * @brief  Starts the TIM Output Compare signal generation on the complementary
 617:Drivers/STM32F0xx_HAL_Driver/Src/stm32f0xx_hal_tim_ex.c ****   *         output.
 618:Drivers/STM32F0xx_HAL_Driver/Src/stm32f0xx_hal_tim_ex.c ****   * @param  htim TIM Output Compare handle
 619:Drivers/STM32F0xx_HAL_Driver/Src/stm32f0xx_hal_tim_ex.c ****   * @param  Channel TIM Channel to be enabled
 620:Drivers/STM32F0xx_HAL_Driver/Src/stm32f0xx_hal_tim_ex.c ****   *          This parameter can be one of the following values:
 621:Drivers/STM32F0xx_HAL_Driver/Src/stm32f0xx_hal_tim_ex.c ****   *            @arg TIM_CHANNEL_1: TIM Channel 1 selected
 622:Drivers/STM32F0xx_HAL_Driver/Src/stm32f0xx_hal_tim_ex.c ****   *            @arg TIM_CHANNEL_2: TIM Channel 2 selected
 623:Drivers/STM32F0xx_HAL_Driver/Src/stm32f0xx_hal_tim_ex.c ****   *            @arg TIM_CHANNEL_3: TIM Channel 3 selected
 624:Drivers/STM32F0xx_HAL_Driver/Src/stm32f0xx_hal_tim_ex.c ****   * @retval HAL status
 625:Drivers/STM32F0xx_HAL_Driver/Src/stm32f0xx_hal_tim_ex.c ****   */
 626:Drivers/STM32F0xx_HAL_Driver/Src/stm32f0xx_hal_tim_ex.c **** HAL_StatusTypeDef HAL_TIMEx_OCN_Start(TIM_HandleTypeDef *htim, uint32_t Channel)
 627:Drivers/STM32F0xx_HAL_Driver/Src/stm32f0xx_hal_tim_ex.c **** {
 628:Drivers/STM32F0xx_HAL_Driver/Src/stm32f0xx_hal_tim_ex.c ****   uint32_t tmpsmcr;
 629:Drivers/STM32F0xx_HAL_Driver/Src/stm32f0xx_hal_tim_ex.c **** 
 630:Drivers/STM32F0xx_HAL_Driver/Src/stm32f0xx_hal_tim_ex.c ****   /* Check the parameters */
 631:Drivers/STM32F0xx_HAL_Driver/Src/stm32f0xx_hal_tim_ex.c ****   assert_param(IS_TIM_CCXN_INSTANCE(htim->Instance, Channel));
 632:Drivers/STM32F0xx_HAL_Driver/Src/stm32f0xx_hal_tim_ex.c **** 
 633:Drivers/STM32F0xx_HAL_Driver/Src/stm32f0xx_hal_tim_ex.c ****   /* Check the TIM complementary channel state */
 634:Drivers/STM32F0xx_HAL_Driver/Src/stm32f0xx_hal_tim_ex.c ****   if (TIM_CHANNEL_N_STATE_GET(htim, Channel) != HAL_TIM_CHANNEL_STATE_READY)
 635:Drivers/STM32F0xx_HAL_Driver/Src/stm32f0xx_hal_tim_ex.c ****   {
 636:Drivers/STM32F0xx_HAL_Driver/Src/stm32f0xx_hal_tim_ex.c ****     return HAL_ERROR;
 637:Drivers/STM32F0xx_HAL_Driver/Src/stm32f0xx_hal_tim_ex.c ****   }
 638:Drivers/STM32F0xx_HAL_Driver/Src/stm32f0xx_hal_tim_ex.c **** 
 639:Drivers/STM32F0xx_HAL_Driver/Src/stm32f0xx_hal_tim_ex.c ****   /* Set the TIM complementary channel state */
 640:Drivers/STM32F0xx_HAL_Driver/Src/stm32f0xx_hal_tim_ex.c ****   TIM_CHANNEL_N_STATE_SET(htim, Channel, HAL_TIM_CHANNEL_STATE_BUSY);
 641:Drivers/STM32F0xx_HAL_Driver/Src/stm32f0xx_hal_tim_ex.c **** 
 642:Drivers/STM32F0xx_HAL_Driver/Src/stm32f0xx_hal_tim_ex.c ****   /* Enable the Capture compare channel N */
 643:Drivers/STM32F0xx_HAL_Driver/Src/stm32f0xx_hal_tim_ex.c ****   TIM_CCxNChannelCmd(htim->Instance, Channel, TIM_CCxN_ENABLE);
 644:Drivers/STM32F0xx_HAL_Driver/Src/stm32f0xx_hal_tim_ex.c **** 
 645:Drivers/STM32F0xx_HAL_Driver/Src/stm32f0xx_hal_tim_ex.c ****   /* Enable the Main Output */
 646:Drivers/STM32F0xx_HAL_Driver/Src/stm32f0xx_hal_tim_ex.c ****   __HAL_TIM_MOE_ENABLE(htim);
 647:Drivers/STM32F0xx_HAL_Driver/Src/stm32f0xx_hal_tim_ex.c **** 
 648:Drivers/STM32F0xx_HAL_Driver/Src/stm32f0xx_hal_tim_ex.c ****   /* Enable the Peripheral, except in trigger mode where enable is automatically done with trigger 
 649:Drivers/STM32F0xx_HAL_Driver/Src/stm32f0xx_hal_tim_ex.c ****   if (IS_TIM_SLAVE_INSTANCE(htim->Instance))
 650:Drivers/STM32F0xx_HAL_Driver/Src/stm32f0xx_hal_tim_ex.c ****   {
 651:Drivers/STM32F0xx_HAL_Driver/Src/stm32f0xx_hal_tim_ex.c ****     tmpsmcr = htim->Instance->SMCR & TIM_SMCR_SMS;
 652:Drivers/STM32F0xx_HAL_Driver/Src/stm32f0xx_hal_tim_ex.c ****     if (!IS_TIM_SLAVEMODE_TRIGGER_ENABLED(tmpsmcr))
 653:Drivers/STM32F0xx_HAL_Driver/Src/stm32f0xx_hal_tim_ex.c ****     {
 654:Drivers/STM32F0xx_HAL_Driver/Src/stm32f0xx_hal_tim_ex.c ****       __HAL_TIM_ENABLE(htim);
 655:Drivers/STM32F0xx_HAL_Driver/Src/stm32f0xx_hal_tim_ex.c ****     }
 656:Drivers/STM32F0xx_HAL_Driver/Src/stm32f0xx_hal_tim_ex.c ****   }
 657:Drivers/STM32F0xx_HAL_Driver/Src/stm32f0xx_hal_tim_ex.c ****   else
 658:Drivers/STM32F0xx_HAL_Driver/Src/stm32f0xx_hal_tim_ex.c ****   {
 659:Drivers/STM32F0xx_HAL_Driver/Src/stm32f0xx_hal_tim_ex.c ****     __HAL_TIM_ENABLE(htim);
ARM GAS  C:\Users\fastr\AppData\Local\Temp\ccGFXKp9.s 			page 13


 660:Drivers/STM32F0xx_HAL_Driver/Src/stm32f0xx_hal_tim_ex.c ****   }
 661:Drivers/STM32F0xx_HAL_Driver/Src/stm32f0xx_hal_tim_ex.c **** 
 662:Drivers/STM32F0xx_HAL_Driver/Src/stm32f0xx_hal_tim_ex.c ****   /* Return function status */
 663:Drivers/STM32F0xx_HAL_Driver/Src/stm32f0xx_hal_tim_ex.c ****   return HAL_OK;
 664:Drivers/STM32F0xx_HAL_Driver/Src/stm32f0xx_hal_tim_ex.c **** }
 665:Drivers/STM32F0xx_HAL_Driver/Src/stm32f0xx_hal_tim_ex.c **** 
 666:Drivers/STM32F0xx_HAL_Driver/Src/stm32f0xx_hal_tim_ex.c **** /**
 667:Drivers/STM32F0xx_HAL_Driver/Src/stm32f0xx_hal_tim_ex.c ****   * @brief  Stops the TIM Output Compare signal generation on the complementary
 668:Drivers/STM32F0xx_HAL_Driver/Src/stm32f0xx_hal_tim_ex.c ****   *         output.
 669:Drivers/STM32F0xx_HAL_Driver/Src/stm32f0xx_hal_tim_ex.c ****   * @param  htim TIM handle
 670:Drivers/STM32F0xx_HAL_Driver/Src/stm32f0xx_hal_tim_ex.c ****   * @param  Channel TIM Channel to be disabled
 671:Drivers/STM32F0xx_HAL_Driver/Src/stm32f0xx_hal_tim_ex.c ****   *          This parameter can be one of the following values:
 672:Drivers/STM32F0xx_HAL_Driver/Src/stm32f0xx_hal_tim_ex.c ****   *            @arg TIM_CHANNEL_1: TIM Channel 1 selected
 673:Drivers/STM32F0xx_HAL_Driver/Src/stm32f0xx_hal_tim_ex.c ****   *            @arg TIM_CHANNEL_2: TIM Channel 2 selected
 674:Drivers/STM32F0xx_HAL_Driver/Src/stm32f0xx_hal_tim_ex.c ****   *            @arg TIM_CHANNEL_3: TIM Channel 3 selected
 675:Drivers/STM32F0xx_HAL_Driver/Src/stm32f0xx_hal_tim_ex.c ****   * @retval HAL status
 676:Drivers/STM32F0xx_HAL_Driver/Src/stm32f0xx_hal_tim_ex.c ****   */
 677:Drivers/STM32F0xx_HAL_Driver/Src/stm32f0xx_hal_tim_ex.c **** HAL_StatusTypeDef HAL_TIMEx_OCN_Stop(TIM_HandleTypeDef *htim, uint32_t Channel)
 678:Drivers/STM32F0xx_HAL_Driver/Src/stm32f0xx_hal_tim_ex.c **** {
 679:Drivers/STM32F0xx_HAL_Driver/Src/stm32f0xx_hal_tim_ex.c ****   /* Check the parameters */
 680:Drivers/STM32F0xx_HAL_Driver/Src/stm32f0xx_hal_tim_ex.c ****   assert_param(IS_TIM_CCXN_INSTANCE(htim->Instance, Channel));
 681:Drivers/STM32F0xx_HAL_Driver/Src/stm32f0xx_hal_tim_ex.c **** 
 682:Drivers/STM32F0xx_HAL_Driver/Src/stm32f0xx_hal_tim_ex.c ****   /* Disable the Capture compare channel N */
 683:Drivers/STM32F0xx_HAL_Driver/Src/stm32f0xx_hal_tim_ex.c ****   TIM_CCxNChannelCmd(htim->Instance, Channel, TIM_CCxN_DISABLE);
 684:Drivers/STM32F0xx_HAL_Driver/Src/stm32f0xx_hal_tim_ex.c **** 
 685:Drivers/STM32F0xx_HAL_Driver/Src/stm32f0xx_hal_tim_ex.c ****   /* Disable the Main Output */
 686:Drivers/STM32F0xx_HAL_Driver/Src/stm32f0xx_hal_tim_ex.c ****   __HAL_TIM_MOE_DISABLE(htim);
 687:Drivers/STM32F0xx_HAL_Driver/Src/stm32f0xx_hal_tim_ex.c **** 
 688:Drivers/STM32F0xx_HAL_Driver/Src/stm32f0xx_hal_tim_ex.c ****   /* Disable the Peripheral */
 689:Drivers/STM32F0xx_HAL_Driver/Src/stm32f0xx_hal_tim_ex.c ****   __HAL_TIM_DISABLE(htim);
 690:Drivers/STM32F0xx_HAL_Driver/Src/stm32f0xx_hal_tim_ex.c **** 
 691:Drivers/STM32F0xx_HAL_Driver/Src/stm32f0xx_hal_tim_ex.c ****   /* Set the TIM complementary channel state */
 692:Drivers/STM32F0xx_HAL_Driver/Src/stm32f0xx_hal_tim_ex.c ****   TIM_CHANNEL_N_STATE_SET(htim, Channel, HAL_TIM_CHANNEL_STATE_READY);
 693:Drivers/STM32F0xx_HAL_Driver/Src/stm32f0xx_hal_tim_ex.c **** 
 694:Drivers/STM32F0xx_HAL_Driver/Src/stm32f0xx_hal_tim_ex.c ****   /* Return function status */
 695:Drivers/STM32F0xx_HAL_Driver/Src/stm32f0xx_hal_tim_ex.c ****   return HAL_OK;
 696:Drivers/STM32F0xx_HAL_Driver/Src/stm32f0xx_hal_tim_ex.c **** }
 697:Drivers/STM32F0xx_HAL_Driver/Src/stm32f0xx_hal_tim_ex.c **** 
 698:Drivers/STM32F0xx_HAL_Driver/Src/stm32f0xx_hal_tim_ex.c **** /**
 699:Drivers/STM32F0xx_HAL_Driver/Src/stm32f0xx_hal_tim_ex.c ****   * @brief  Starts the TIM Output Compare signal generation in interrupt mode
 700:Drivers/STM32F0xx_HAL_Driver/Src/stm32f0xx_hal_tim_ex.c ****   *         on the complementary output.
 701:Drivers/STM32F0xx_HAL_Driver/Src/stm32f0xx_hal_tim_ex.c ****   * @param  htim TIM OC handle
 702:Drivers/STM32F0xx_HAL_Driver/Src/stm32f0xx_hal_tim_ex.c ****   * @param  Channel TIM Channel to be enabled
 703:Drivers/STM32F0xx_HAL_Driver/Src/stm32f0xx_hal_tim_ex.c ****   *          This parameter can be one of the following values:
 704:Drivers/STM32F0xx_HAL_Driver/Src/stm32f0xx_hal_tim_ex.c ****   *            @arg TIM_CHANNEL_1: TIM Channel 1 selected
 705:Drivers/STM32F0xx_HAL_Driver/Src/stm32f0xx_hal_tim_ex.c ****   *            @arg TIM_CHANNEL_2: TIM Channel 2 selected
 706:Drivers/STM32F0xx_HAL_Driver/Src/stm32f0xx_hal_tim_ex.c ****   *            @arg TIM_CHANNEL_3: TIM Channel 3 selected
 707:Drivers/STM32F0xx_HAL_Driver/Src/stm32f0xx_hal_tim_ex.c ****   * @retval HAL status
 708:Drivers/STM32F0xx_HAL_Driver/Src/stm32f0xx_hal_tim_ex.c ****   */
 709:Drivers/STM32F0xx_HAL_Driver/Src/stm32f0xx_hal_tim_ex.c **** HAL_StatusTypeDef HAL_TIMEx_OCN_Start_IT(TIM_HandleTypeDef *htim, uint32_t Channel)
 710:Drivers/STM32F0xx_HAL_Driver/Src/stm32f0xx_hal_tim_ex.c **** {
 711:Drivers/STM32F0xx_HAL_Driver/Src/stm32f0xx_hal_tim_ex.c ****   HAL_StatusTypeDef status = HAL_OK;
 712:Drivers/STM32F0xx_HAL_Driver/Src/stm32f0xx_hal_tim_ex.c ****   uint32_t tmpsmcr;
 713:Drivers/STM32F0xx_HAL_Driver/Src/stm32f0xx_hal_tim_ex.c **** 
 714:Drivers/STM32F0xx_HAL_Driver/Src/stm32f0xx_hal_tim_ex.c ****   /* Check the parameters */
 715:Drivers/STM32F0xx_HAL_Driver/Src/stm32f0xx_hal_tim_ex.c ****   assert_param(IS_TIM_CCXN_INSTANCE(htim->Instance, Channel));
 716:Drivers/STM32F0xx_HAL_Driver/Src/stm32f0xx_hal_tim_ex.c **** 
ARM GAS  C:\Users\fastr\AppData\Local\Temp\ccGFXKp9.s 			page 14


 717:Drivers/STM32F0xx_HAL_Driver/Src/stm32f0xx_hal_tim_ex.c ****   /* Check the TIM complementary channel state */
 718:Drivers/STM32F0xx_HAL_Driver/Src/stm32f0xx_hal_tim_ex.c ****   if (TIM_CHANNEL_N_STATE_GET(htim, Channel) != HAL_TIM_CHANNEL_STATE_READY)
 719:Drivers/STM32F0xx_HAL_Driver/Src/stm32f0xx_hal_tim_ex.c ****   {
 720:Drivers/STM32F0xx_HAL_Driver/Src/stm32f0xx_hal_tim_ex.c ****     return HAL_ERROR;
 721:Drivers/STM32F0xx_HAL_Driver/Src/stm32f0xx_hal_tim_ex.c ****   }
 722:Drivers/STM32F0xx_HAL_Driver/Src/stm32f0xx_hal_tim_ex.c **** 
 723:Drivers/STM32F0xx_HAL_Driver/Src/stm32f0xx_hal_tim_ex.c ****   /* Set the TIM complementary channel state */
 724:Drivers/STM32F0xx_HAL_Driver/Src/stm32f0xx_hal_tim_ex.c ****   TIM_CHANNEL_N_STATE_SET(htim, Channel, HAL_TIM_CHANNEL_STATE_BUSY);
 725:Drivers/STM32F0xx_HAL_Driver/Src/stm32f0xx_hal_tim_ex.c **** 
 726:Drivers/STM32F0xx_HAL_Driver/Src/stm32f0xx_hal_tim_ex.c ****   switch (Channel)
 727:Drivers/STM32F0xx_HAL_Driver/Src/stm32f0xx_hal_tim_ex.c ****   {
 728:Drivers/STM32F0xx_HAL_Driver/Src/stm32f0xx_hal_tim_ex.c ****     case TIM_CHANNEL_1:
 729:Drivers/STM32F0xx_HAL_Driver/Src/stm32f0xx_hal_tim_ex.c ****     {
 730:Drivers/STM32F0xx_HAL_Driver/Src/stm32f0xx_hal_tim_ex.c ****       /* Enable the TIM Output Compare interrupt */
 731:Drivers/STM32F0xx_HAL_Driver/Src/stm32f0xx_hal_tim_ex.c ****       __HAL_TIM_ENABLE_IT(htim, TIM_IT_CC1);
 732:Drivers/STM32F0xx_HAL_Driver/Src/stm32f0xx_hal_tim_ex.c ****       break;
 733:Drivers/STM32F0xx_HAL_Driver/Src/stm32f0xx_hal_tim_ex.c ****     }
 734:Drivers/STM32F0xx_HAL_Driver/Src/stm32f0xx_hal_tim_ex.c **** 
 735:Drivers/STM32F0xx_HAL_Driver/Src/stm32f0xx_hal_tim_ex.c ****     case TIM_CHANNEL_2:
 736:Drivers/STM32F0xx_HAL_Driver/Src/stm32f0xx_hal_tim_ex.c ****     {
 737:Drivers/STM32F0xx_HAL_Driver/Src/stm32f0xx_hal_tim_ex.c ****       /* Enable the TIM Output Compare interrupt */
 738:Drivers/STM32F0xx_HAL_Driver/Src/stm32f0xx_hal_tim_ex.c ****       __HAL_TIM_ENABLE_IT(htim, TIM_IT_CC2);
 739:Drivers/STM32F0xx_HAL_Driver/Src/stm32f0xx_hal_tim_ex.c ****       break;
 740:Drivers/STM32F0xx_HAL_Driver/Src/stm32f0xx_hal_tim_ex.c ****     }
 741:Drivers/STM32F0xx_HAL_Driver/Src/stm32f0xx_hal_tim_ex.c **** 
 742:Drivers/STM32F0xx_HAL_Driver/Src/stm32f0xx_hal_tim_ex.c ****     case TIM_CHANNEL_3:
 743:Drivers/STM32F0xx_HAL_Driver/Src/stm32f0xx_hal_tim_ex.c ****     {
 744:Drivers/STM32F0xx_HAL_Driver/Src/stm32f0xx_hal_tim_ex.c ****       /* Enable the TIM Output Compare interrupt */
 745:Drivers/STM32F0xx_HAL_Driver/Src/stm32f0xx_hal_tim_ex.c ****       __HAL_TIM_ENABLE_IT(htim, TIM_IT_CC3);
 746:Drivers/STM32F0xx_HAL_Driver/Src/stm32f0xx_hal_tim_ex.c ****       break;
 747:Drivers/STM32F0xx_HAL_Driver/Src/stm32f0xx_hal_tim_ex.c ****     }
 748:Drivers/STM32F0xx_HAL_Driver/Src/stm32f0xx_hal_tim_ex.c **** 
 749:Drivers/STM32F0xx_HAL_Driver/Src/stm32f0xx_hal_tim_ex.c **** 
 750:Drivers/STM32F0xx_HAL_Driver/Src/stm32f0xx_hal_tim_ex.c ****     default:
 751:Drivers/STM32F0xx_HAL_Driver/Src/stm32f0xx_hal_tim_ex.c ****       status = HAL_ERROR;
 752:Drivers/STM32F0xx_HAL_Driver/Src/stm32f0xx_hal_tim_ex.c ****       break;
 753:Drivers/STM32F0xx_HAL_Driver/Src/stm32f0xx_hal_tim_ex.c ****   }
 754:Drivers/STM32F0xx_HAL_Driver/Src/stm32f0xx_hal_tim_ex.c **** 
 755:Drivers/STM32F0xx_HAL_Driver/Src/stm32f0xx_hal_tim_ex.c ****   if (status == HAL_OK)
 756:Drivers/STM32F0xx_HAL_Driver/Src/stm32f0xx_hal_tim_ex.c ****   {
 757:Drivers/STM32F0xx_HAL_Driver/Src/stm32f0xx_hal_tim_ex.c ****     /* Enable the TIM Break interrupt */
 758:Drivers/STM32F0xx_HAL_Driver/Src/stm32f0xx_hal_tim_ex.c ****     __HAL_TIM_ENABLE_IT(htim, TIM_IT_BREAK);
 759:Drivers/STM32F0xx_HAL_Driver/Src/stm32f0xx_hal_tim_ex.c **** 
 760:Drivers/STM32F0xx_HAL_Driver/Src/stm32f0xx_hal_tim_ex.c ****     /* Enable the Capture compare channel N */
 761:Drivers/STM32F0xx_HAL_Driver/Src/stm32f0xx_hal_tim_ex.c ****     TIM_CCxNChannelCmd(htim->Instance, Channel, TIM_CCxN_ENABLE);
 762:Drivers/STM32F0xx_HAL_Driver/Src/stm32f0xx_hal_tim_ex.c **** 
 763:Drivers/STM32F0xx_HAL_Driver/Src/stm32f0xx_hal_tim_ex.c ****     /* Enable the Main Output */
 764:Drivers/STM32F0xx_HAL_Driver/Src/stm32f0xx_hal_tim_ex.c ****     __HAL_TIM_MOE_ENABLE(htim);
 765:Drivers/STM32F0xx_HAL_Driver/Src/stm32f0xx_hal_tim_ex.c **** 
 766:Drivers/STM32F0xx_HAL_Driver/Src/stm32f0xx_hal_tim_ex.c ****     /* Enable the Peripheral, except in trigger mode where enable is automatically done with trigge
 767:Drivers/STM32F0xx_HAL_Driver/Src/stm32f0xx_hal_tim_ex.c ****     if (IS_TIM_SLAVE_INSTANCE(htim->Instance))
 768:Drivers/STM32F0xx_HAL_Driver/Src/stm32f0xx_hal_tim_ex.c ****     {
 769:Drivers/STM32F0xx_HAL_Driver/Src/stm32f0xx_hal_tim_ex.c ****       tmpsmcr = htim->Instance->SMCR & TIM_SMCR_SMS;
 770:Drivers/STM32F0xx_HAL_Driver/Src/stm32f0xx_hal_tim_ex.c ****       if (!IS_TIM_SLAVEMODE_TRIGGER_ENABLED(tmpsmcr))
 771:Drivers/STM32F0xx_HAL_Driver/Src/stm32f0xx_hal_tim_ex.c ****       {
 772:Drivers/STM32F0xx_HAL_Driver/Src/stm32f0xx_hal_tim_ex.c ****         __HAL_TIM_ENABLE(htim);
 773:Drivers/STM32F0xx_HAL_Driver/Src/stm32f0xx_hal_tim_ex.c ****       }
ARM GAS  C:\Users\fastr\AppData\Local\Temp\ccGFXKp9.s 			page 15


 774:Drivers/STM32F0xx_HAL_Driver/Src/stm32f0xx_hal_tim_ex.c ****     }
 775:Drivers/STM32F0xx_HAL_Driver/Src/stm32f0xx_hal_tim_ex.c ****     else
 776:Drivers/STM32F0xx_HAL_Driver/Src/stm32f0xx_hal_tim_ex.c ****     {
 777:Drivers/STM32F0xx_HAL_Driver/Src/stm32f0xx_hal_tim_ex.c ****       __HAL_TIM_ENABLE(htim);
 778:Drivers/STM32F0xx_HAL_Driver/Src/stm32f0xx_hal_tim_ex.c ****     }
 779:Drivers/STM32F0xx_HAL_Driver/Src/stm32f0xx_hal_tim_ex.c ****   }
 780:Drivers/STM32F0xx_HAL_Driver/Src/stm32f0xx_hal_tim_ex.c **** 
 781:Drivers/STM32F0xx_HAL_Driver/Src/stm32f0xx_hal_tim_ex.c ****   /* Return function status */
 782:Drivers/STM32F0xx_HAL_Driver/Src/stm32f0xx_hal_tim_ex.c ****   return status;
 783:Drivers/STM32F0xx_HAL_Driver/Src/stm32f0xx_hal_tim_ex.c **** }
 784:Drivers/STM32F0xx_HAL_Driver/Src/stm32f0xx_hal_tim_ex.c **** 
 785:Drivers/STM32F0xx_HAL_Driver/Src/stm32f0xx_hal_tim_ex.c **** /**
 786:Drivers/STM32F0xx_HAL_Driver/Src/stm32f0xx_hal_tim_ex.c ****   * @brief  Stops the TIM Output Compare signal generation in interrupt mode
 787:Drivers/STM32F0xx_HAL_Driver/Src/stm32f0xx_hal_tim_ex.c ****   *         on the complementary output.
 788:Drivers/STM32F0xx_HAL_Driver/Src/stm32f0xx_hal_tim_ex.c ****   * @param  htim TIM Output Compare handle
 789:Drivers/STM32F0xx_HAL_Driver/Src/stm32f0xx_hal_tim_ex.c ****   * @param  Channel TIM Channel to be disabled
 790:Drivers/STM32F0xx_HAL_Driver/Src/stm32f0xx_hal_tim_ex.c ****   *          This parameter can be one of the following values:
 791:Drivers/STM32F0xx_HAL_Driver/Src/stm32f0xx_hal_tim_ex.c ****   *            @arg TIM_CHANNEL_1: TIM Channel 1 selected
 792:Drivers/STM32F0xx_HAL_Driver/Src/stm32f0xx_hal_tim_ex.c ****   *            @arg TIM_CHANNEL_2: TIM Channel 2 selected
 793:Drivers/STM32F0xx_HAL_Driver/Src/stm32f0xx_hal_tim_ex.c ****   *            @arg TIM_CHANNEL_3: TIM Channel 3 selected
 794:Drivers/STM32F0xx_HAL_Driver/Src/stm32f0xx_hal_tim_ex.c ****   * @retval HAL status
 795:Drivers/STM32F0xx_HAL_Driver/Src/stm32f0xx_hal_tim_ex.c ****   */
 796:Drivers/STM32F0xx_HAL_Driver/Src/stm32f0xx_hal_tim_ex.c **** HAL_StatusTypeDef HAL_TIMEx_OCN_Stop_IT(TIM_HandleTypeDef *htim, uint32_t Channel)
 797:Drivers/STM32F0xx_HAL_Driver/Src/stm32f0xx_hal_tim_ex.c **** {
 798:Drivers/STM32F0xx_HAL_Driver/Src/stm32f0xx_hal_tim_ex.c ****   HAL_StatusTypeDef status = HAL_OK;
 799:Drivers/STM32F0xx_HAL_Driver/Src/stm32f0xx_hal_tim_ex.c ****   uint32_t tmpccer;
 800:Drivers/STM32F0xx_HAL_Driver/Src/stm32f0xx_hal_tim_ex.c **** 
 801:Drivers/STM32F0xx_HAL_Driver/Src/stm32f0xx_hal_tim_ex.c ****   /* Check the parameters */
 802:Drivers/STM32F0xx_HAL_Driver/Src/stm32f0xx_hal_tim_ex.c ****   assert_param(IS_TIM_CCXN_INSTANCE(htim->Instance, Channel));
 803:Drivers/STM32F0xx_HAL_Driver/Src/stm32f0xx_hal_tim_ex.c **** 
 804:Drivers/STM32F0xx_HAL_Driver/Src/stm32f0xx_hal_tim_ex.c ****   switch (Channel)
 805:Drivers/STM32F0xx_HAL_Driver/Src/stm32f0xx_hal_tim_ex.c ****   {
 806:Drivers/STM32F0xx_HAL_Driver/Src/stm32f0xx_hal_tim_ex.c ****     case TIM_CHANNEL_1:
 807:Drivers/STM32F0xx_HAL_Driver/Src/stm32f0xx_hal_tim_ex.c ****     {
 808:Drivers/STM32F0xx_HAL_Driver/Src/stm32f0xx_hal_tim_ex.c ****       /* Disable the TIM Output Compare interrupt */
 809:Drivers/STM32F0xx_HAL_Driver/Src/stm32f0xx_hal_tim_ex.c ****       __HAL_TIM_DISABLE_IT(htim, TIM_IT_CC1);
 810:Drivers/STM32F0xx_HAL_Driver/Src/stm32f0xx_hal_tim_ex.c ****       break;
 811:Drivers/STM32F0xx_HAL_Driver/Src/stm32f0xx_hal_tim_ex.c ****     }
 812:Drivers/STM32F0xx_HAL_Driver/Src/stm32f0xx_hal_tim_ex.c **** 
 813:Drivers/STM32F0xx_HAL_Driver/Src/stm32f0xx_hal_tim_ex.c ****     case TIM_CHANNEL_2:
 814:Drivers/STM32F0xx_HAL_Driver/Src/stm32f0xx_hal_tim_ex.c ****     {
 815:Drivers/STM32F0xx_HAL_Driver/Src/stm32f0xx_hal_tim_ex.c ****       /* Disable the TIM Output Compare interrupt */
 816:Drivers/STM32F0xx_HAL_Driver/Src/stm32f0xx_hal_tim_ex.c ****       __HAL_TIM_DISABLE_IT(htim, TIM_IT_CC2);
 817:Drivers/STM32F0xx_HAL_Driver/Src/stm32f0xx_hal_tim_ex.c ****       break;
 818:Drivers/STM32F0xx_HAL_Driver/Src/stm32f0xx_hal_tim_ex.c ****     }
 819:Drivers/STM32F0xx_HAL_Driver/Src/stm32f0xx_hal_tim_ex.c **** 
 820:Drivers/STM32F0xx_HAL_Driver/Src/stm32f0xx_hal_tim_ex.c ****     case TIM_CHANNEL_3:
 821:Drivers/STM32F0xx_HAL_Driver/Src/stm32f0xx_hal_tim_ex.c ****     {
 822:Drivers/STM32F0xx_HAL_Driver/Src/stm32f0xx_hal_tim_ex.c ****       /* Disable the TIM Output Compare interrupt */
 823:Drivers/STM32F0xx_HAL_Driver/Src/stm32f0xx_hal_tim_ex.c ****       __HAL_TIM_DISABLE_IT(htim, TIM_IT_CC3);
 824:Drivers/STM32F0xx_HAL_Driver/Src/stm32f0xx_hal_tim_ex.c ****       break;
 825:Drivers/STM32F0xx_HAL_Driver/Src/stm32f0xx_hal_tim_ex.c ****     }
 826:Drivers/STM32F0xx_HAL_Driver/Src/stm32f0xx_hal_tim_ex.c **** 
 827:Drivers/STM32F0xx_HAL_Driver/Src/stm32f0xx_hal_tim_ex.c ****     default:
 828:Drivers/STM32F0xx_HAL_Driver/Src/stm32f0xx_hal_tim_ex.c ****       status = HAL_ERROR;
 829:Drivers/STM32F0xx_HAL_Driver/Src/stm32f0xx_hal_tim_ex.c ****       break;
 830:Drivers/STM32F0xx_HAL_Driver/Src/stm32f0xx_hal_tim_ex.c ****   }
ARM GAS  C:\Users\fastr\AppData\Local\Temp\ccGFXKp9.s 			page 16


 831:Drivers/STM32F0xx_HAL_Driver/Src/stm32f0xx_hal_tim_ex.c **** 
 832:Drivers/STM32F0xx_HAL_Driver/Src/stm32f0xx_hal_tim_ex.c ****   if (status == HAL_OK)
 833:Drivers/STM32F0xx_HAL_Driver/Src/stm32f0xx_hal_tim_ex.c ****   {
 834:Drivers/STM32F0xx_HAL_Driver/Src/stm32f0xx_hal_tim_ex.c ****     /* Disable the Capture compare channel N */
 835:Drivers/STM32F0xx_HAL_Driver/Src/stm32f0xx_hal_tim_ex.c ****     TIM_CCxNChannelCmd(htim->Instance, Channel, TIM_CCxN_DISABLE);
 836:Drivers/STM32F0xx_HAL_Driver/Src/stm32f0xx_hal_tim_ex.c **** 
 837:Drivers/STM32F0xx_HAL_Driver/Src/stm32f0xx_hal_tim_ex.c ****     /* Disable the TIM Break interrupt (only if no more channel is active) */
 838:Drivers/STM32F0xx_HAL_Driver/Src/stm32f0xx_hal_tim_ex.c ****     tmpccer = htim->Instance->CCER;
 839:Drivers/STM32F0xx_HAL_Driver/Src/stm32f0xx_hal_tim_ex.c ****     if ((tmpccer & TIM_CCER_CCxNE_MASK) == (uint32_t)RESET)
 840:Drivers/STM32F0xx_HAL_Driver/Src/stm32f0xx_hal_tim_ex.c ****     {
 841:Drivers/STM32F0xx_HAL_Driver/Src/stm32f0xx_hal_tim_ex.c ****       __HAL_TIM_DISABLE_IT(htim, TIM_IT_BREAK);
 842:Drivers/STM32F0xx_HAL_Driver/Src/stm32f0xx_hal_tim_ex.c ****     }
 843:Drivers/STM32F0xx_HAL_Driver/Src/stm32f0xx_hal_tim_ex.c **** 
 844:Drivers/STM32F0xx_HAL_Driver/Src/stm32f0xx_hal_tim_ex.c ****     /* Disable the Main Output */
 845:Drivers/STM32F0xx_HAL_Driver/Src/stm32f0xx_hal_tim_ex.c ****     __HAL_TIM_MOE_DISABLE(htim);
 846:Drivers/STM32F0xx_HAL_Driver/Src/stm32f0xx_hal_tim_ex.c **** 
 847:Drivers/STM32F0xx_HAL_Driver/Src/stm32f0xx_hal_tim_ex.c ****     /* Disable the Peripheral */
 848:Drivers/STM32F0xx_HAL_Driver/Src/stm32f0xx_hal_tim_ex.c ****     __HAL_TIM_DISABLE(htim);
 849:Drivers/STM32F0xx_HAL_Driver/Src/stm32f0xx_hal_tim_ex.c **** 
 850:Drivers/STM32F0xx_HAL_Driver/Src/stm32f0xx_hal_tim_ex.c ****     /* Set the TIM complementary channel state */
 851:Drivers/STM32F0xx_HAL_Driver/Src/stm32f0xx_hal_tim_ex.c ****     TIM_CHANNEL_N_STATE_SET(htim, Channel, HAL_TIM_CHANNEL_STATE_READY);
 852:Drivers/STM32F0xx_HAL_Driver/Src/stm32f0xx_hal_tim_ex.c ****   }
 853:Drivers/STM32F0xx_HAL_Driver/Src/stm32f0xx_hal_tim_ex.c **** 
 854:Drivers/STM32F0xx_HAL_Driver/Src/stm32f0xx_hal_tim_ex.c ****   /* Return function status */
 855:Drivers/STM32F0xx_HAL_Driver/Src/stm32f0xx_hal_tim_ex.c ****   return status;
 856:Drivers/STM32F0xx_HAL_Driver/Src/stm32f0xx_hal_tim_ex.c **** }
 857:Drivers/STM32F0xx_HAL_Driver/Src/stm32f0xx_hal_tim_ex.c **** 
 858:Drivers/STM32F0xx_HAL_Driver/Src/stm32f0xx_hal_tim_ex.c **** /**
 859:Drivers/STM32F0xx_HAL_Driver/Src/stm32f0xx_hal_tim_ex.c ****   * @brief  Starts the TIM Output Compare signal generation in DMA mode
 860:Drivers/STM32F0xx_HAL_Driver/Src/stm32f0xx_hal_tim_ex.c ****   *         on the complementary output.
 861:Drivers/STM32F0xx_HAL_Driver/Src/stm32f0xx_hal_tim_ex.c ****   * @param  htim TIM Output Compare handle
 862:Drivers/STM32F0xx_HAL_Driver/Src/stm32f0xx_hal_tim_ex.c ****   * @param  Channel TIM Channel to be enabled
 863:Drivers/STM32F0xx_HAL_Driver/Src/stm32f0xx_hal_tim_ex.c ****   *          This parameter can be one of the following values:
 864:Drivers/STM32F0xx_HAL_Driver/Src/stm32f0xx_hal_tim_ex.c ****   *            @arg TIM_CHANNEL_1: TIM Channel 1 selected
 865:Drivers/STM32F0xx_HAL_Driver/Src/stm32f0xx_hal_tim_ex.c ****   *            @arg TIM_CHANNEL_2: TIM Channel 2 selected
 866:Drivers/STM32F0xx_HAL_Driver/Src/stm32f0xx_hal_tim_ex.c ****   *            @arg TIM_CHANNEL_3: TIM Channel 3 selected
 867:Drivers/STM32F0xx_HAL_Driver/Src/stm32f0xx_hal_tim_ex.c ****   * @param  pData The source Buffer address.
 868:Drivers/STM32F0xx_HAL_Driver/Src/stm32f0xx_hal_tim_ex.c ****   * @param  Length The length of data to be transferred from memory to TIM peripheral
 869:Drivers/STM32F0xx_HAL_Driver/Src/stm32f0xx_hal_tim_ex.c ****   * @retval HAL status
 870:Drivers/STM32F0xx_HAL_Driver/Src/stm32f0xx_hal_tim_ex.c ****   */
 871:Drivers/STM32F0xx_HAL_Driver/Src/stm32f0xx_hal_tim_ex.c **** HAL_StatusTypeDef HAL_TIMEx_OCN_Start_DMA(TIM_HandleTypeDef *htim, uint32_t Channel, const uint32_t
 872:Drivers/STM32F0xx_HAL_Driver/Src/stm32f0xx_hal_tim_ex.c ****                                           uint16_t Length)
 873:Drivers/STM32F0xx_HAL_Driver/Src/stm32f0xx_hal_tim_ex.c **** {
 874:Drivers/STM32F0xx_HAL_Driver/Src/stm32f0xx_hal_tim_ex.c ****   HAL_StatusTypeDef status = HAL_OK;
 875:Drivers/STM32F0xx_HAL_Driver/Src/stm32f0xx_hal_tim_ex.c ****   uint32_t tmpsmcr;
 876:Drivers/STM32F0xx_HAL_Driver/Src/stm32f0xx_hal_tim_ex.c **** 
 877:Drivers/STM32F0xx_HAL_Driver/Src/stm32f0xx_hal_tim_ex.c ****   /* Check the parameters */
 878:Drivers/STM32F0xx_HAL_Driver/Src/stm32f0xx_hal_tim_ex.c ****   assert_param(IS_TIM_CCXN_INSTANCE(htim->Instance, Channel));
 879:Drivers/STM32F0xx_HAL_Driver/Src/stm32f0xx_hal_tim_ex.c **** 
 880:Drivers/STM32F0xx_HAL_Driver/Src/stm32f0xx_hal_tim_ex.c ****   /* Set the TIM complementary channel state */
 881:Drivers/STM32F0xx_HAL_Driver/Src/stm32f0xx_hal_tim_ex.c ****   if (TIM_CHANNEL_N_STATE_GET(htim, Channel) == HAL_TIM_CHANNEL_STATE_BUSY)
 882:Drivers/STM32F0xx_HAL_Driver/Src/stm32f0xx_hal_tim_ex.c ****   {
 883:Drivers/STM32F0xx_HAL_Driver/Src/stm32f0xx_hal_tim_ex.c ****     return HAL_BUSY;
 884:Drivers/STM32F0xx_HAL_Driver/Src/stm32f0xx_hal_tim_ex.c ****   }
 885:Drivers/STM32F0xx_HAL_Driver/Src/stm32f0xx_hal_tim_ex.c ****   else if (TIM_CHANNEL_N_STATE_GET(htim, Channel) == HAL_TIM_CHANNEL_STATE_READY)
 886:Drivers/STM32F0xx_HAL_Driver/Src/stm32f0xx_hal_tim_ex.c ****   {
 887:Drivers/STM32F0xx_HAL_Driver/Src/stm32f0xx_hal_tim_ex.c ****     if ((pData == NULL) || (Length == 0U))
ARM GAS  C:\Users\fastr\AppData\Local\Temp\ccGFXKp9.s 			page 17


 888:Drivers/STM32F0xx_HAL_Driver/Src/stm32f0xx_hal_tim_ex.c ****     {
 889:Drivers/STM32F0xx_HAL_Driver/Src/stm32f0xx_hal_tim_ex.c ****       return HAL_ERROR;
 890:Drivers/STM32F0xx_HAL_Driver/Src/stm32f0xx_hal_tim_ex.c ****     }
 891:Drivers/STM32F0xx_HAL_Driver/Src/stm32f0xx_hal_tim_ex.c ****     else
 892:Drivers/STM32F0xx_HAL_Driver/Src/stm32f0xx_hal_tim_ex.c ****     {
 893:Drivers/STM32F0xx_HAL_Driver/Src/stm32f0xx_hal_tim_ex.c ****       TIM_CHANNEL_N_STATE_SET(htim, Channel, HAL_TIM_CHANNEL_STATE_BUSY);
 894:Drivers/STM32F0xx_HAL_Driver/Src/stm32f0xx_hal_tim_ex.c ****     }
 895:Drivers/STM32F0xx_HAL_Driver/Src/stm32f0xx_hal_tim_ex.c ****   }
 896:Drivers/STM32F0xx_HAL_Driver/Src/stm32f0xx_hal_tim_ex.c ****   else
 897:Drivers/STM32F0xx_HAL_Driver/Src/stm32f0xx_hal_tim_ex.c ****   {
 898:Drivers/STM32F0xx_HAL_Driver/Src/stm32f0xx_hal_tim_ex.c ****     return HAL_ERROR;
 899:Drivers/STM32F0xx_HAL_Driver/Src/stm32f0xx_hal_tim_ex.c ****   }
 900:Drivers/STM32F0xx_HAL_Driver/Src/stm32f0xx_hal_tim_ex.c **** 
 901:Drivers/STM32F0xx_HAL_Driver/Src/stm32f0xx_hal_tim_ex.c ****   switch (Channel)
 902:Drivers/STM32F0xx_HAL_Driver/Src/stm32f0xx_hal_tim_ex.c ****   {
 903:Drivers/STM32F0xx_HAL_Driver/Src/stm32f0xx_hal_tim_ex.c ****     case TIM_CHANNEL_1:
 904:Drivers/STM32F0xx_HAL_Driver/Src/stm32f0xx_hal_tim_ex.c ****     {
 905:Drivers/STM32F0xx_HAL_Driver/Src/stm32f0xx_hal_tim_ex.c ****       /* Set the DMA compare callbacks */
 906:Drivers/STM32F0xx_HAL_Driver/Src/stm32f0xx_hal_tim_ex.c ****       htim->hdma[TIM_DMA_ID_CC1]->XferCpltCallback = TIM_DMADelayPulseNCplt;
 907:Drivers/STM32F0xx_HAL_Driver/Src/stm32f0xx_hal_tim_ex.c ****       htim->hdma[TIM_DMA_ID_CC1]->XferHalfCpltCallback = TIM_DMADelayPulseHalfCplt;
 908:Drivers/STM32F0xx_HAL_Driver/Src/stm32f0xx_hal_tim_ex.c **** 
 909:Drivers/STM32F0xx_HAL_Driver/Src/stm32f0xx_hal_tim_ex.c ****       /* Set the DMA error callback */
 910:Drivers/STM32F0xx_HAL_Driver/Src/stm32f0xx_hal_tim_ex.c ****       htim->hdma[TIM_DMA_ID_CC1]->XferErrorCallback = TIM_DMAErrorCCxN ;
 911:Drivers/STM32F0xx_HAL_Driver/Src/stm32f0xx_hal_tim_ex.c **** 
 912:Drivers/STM32F0xx_HAL_Driver/Src/stm32f0xx_hal_tim_ex.c ****       /* Enable the DMA channel */
 913:Drivers/STM32F0xx_HAL_Driver/Src/stm32f0xx_hal_tim_ex.c ****       if (HAL_DMA_Start_IT(htim->hdma[TIM_DMA_ID_CC1], (uint32_t)pData, (uint32_t)&htim->Instance->
 914:Drivers/STM32F0xx_HAL_Driver/Src/stm32f0xx_hal_tim_ex.c ****                            Length) != HAL_OK)
 915:Drivers/STM32F0xx_HAL_Driver/Src/stm32f0xx_hal_tim_ex.c ****       {
 916:Drivers/STM32F0xx_HAL_Driver/Src/stm32f0xx_hal_tim_ex.c ****         /* Return error status */
 917:Drivers/STM32F0xx_HAL_Driver/Src/stm32f0xx_hal_tim_ex.c ****         return HAL_ERROR;
 918:Drivers/STM32F0xx_HAL_Driver/Src/stm32f0xx_hal_tim_ex.c ****       }
 919:Drivers/STM32F0xx_HAL_Driver/Src/stm32f0xx_hal_tim_ex.c ****       /* Enable the TIM Output Compare DMA request */
 920:Drivers/STM32F0xx_HAL_Driver/Src/stm32f0xx_hal_tim_ex.c ****       __HAL_TIM_ENABLE_DMA(htim, TIM_DMA_CC1);
 921:Drivers/STM32F0xx_HAL_Driver/Src/stm32f0xx_hal_tim_ex.c ****       break;
 922:Drivers/STM32F0xx_HAL_Driver/Src/stm32f0xx_hal_tim_ex.c ****     }
 923:Drivers/STM32F0xx_HAL_Driver/Src/stm32f0xx_hal_tim_ex.c **** 
 924:Drivers/STM32F0xx_HAL_Driver/Src/stm32f0xx_hal_tim_ex.c ****     case TIM_CHANNEL_2:
 925:Drivers/STM32F0xx_HAL_Driver/Src/stm32f0xx_hal_tim_ex.c ****     {
 926:Drivers/STM32F0xx_HAL_Driver/Src/stm32f0xx_hal_tim_ex.c ****       /* Set the DMA compare callbacks */
 927:Drivers/STM32F0xx_HAL_Driver/Src/stm32f0xx_hal_tim_ex.c ****       htim->hdma[TIM_DMA_ID_CC2]->XferCpltCallback = TIM_DMADelayPulseNCplt;
 928:Drivers/STM32F0xx_HAL_Driver/Src/stm32f0xx_hal_tim_ex.c ****       htim->hdma[TIM_DMA_ID_CC2]->XferHalfCpltCallback = TIM_DMADelayPulseHalfCplt;
 929:Drivers/STM32F0xx_HAL_Driver/Src/stm32f0xx_hal_tim_ex.c **** 
 930:Drivers/STM32F0xx_HAL_Driver/Src/stm32f0xx_hal_tim_ex.c ****       /* Set the DMA error callback */
 931:Drivers/STM32F0xx_HAL_Driver/Src/stm32f0xx_hal_tim_ex.c ****       htim->hdma[TIM_DMA_ID_CC2]->XferErrorCallback = TIM_DMAErrorCCxN ;
 932:Drivers/STM32F0xx_HAL_Driver/Src/stm32f0xx_hal_tim_ex.c **** 
 933:Drivers/STM32F0xx_HAL_Driver/Src/stm32f0xx_hal_tim_ex.c ****       /* Enable the DMA channel */
 934:Drivers/STM32F0xx_HAL_Driver/Src/stm32f0xx_hal_tim_ex.c ****       if (HAL_DMA_Start_IT(htim->hdma[TIM_DMA_ID_CC2], (uint32_t)pData, (uint32_t)&htim->Instance->
 935:Drivers/STM32F0xx_HAL_Driver/Src/stm32f0xx_hal_tim_ex.c ****                            Length) != HAL_OK)
 936:Drivers/STM32F0xx_HAL_Driver/Src/stm32f0xx_hal_tim_ex.c ****       {
 937:Drivers/STM32F0xx_HAL_Driver/Src/stm32f0xx_hal_tim_ex.c ****         /* Return error status */
 938:Drivers/STM32F0xx_HAL_Driver/Src/stm32f0xx_hal_tim_ex.c ****         return HAL_ERROR;
 939:Drivers/STM32F0xx_HAL_Driver/Src/stm32f0xx_hal_tim_ex.c ****       }
 940:Drivers/STM32F0xx_HAL_Driver/Src/stm32f0xx_hal_tim_ex.c ****       /* Enable the TIM Output Compare DMA request */
 941:Drivers/STM32F0xx_HAL_Driver/Src/stm32f0xx_hal_tim_ex.c ****       __HAL_TIM_ENABLE_DMA(htim, TIM_DMA_CC2);
 942:Drivers/STM32F0xx_HAL_Driver/Src/stm32f0xx_hal_tim_ex.c ****       break;
 943:Drivers/STM32F0xx_HAL_Driver/Src/stm32f0xx_hal_tim_ex.c ****     }
 944:Drivers/STM32F0xx_HAL_Driver/Src/stm32f0xx_hal_tim_ex.c **** 
ARM GAS  C:\Users\fastr\AppData\Local\Temp\ccGFXKp9.s 			page 18


 945:Drivers/STM32F0xx_HAL_Driver/Src/stm32f0xx_hal_tim_ex.c ****     case TIM_CHANNEL_3:
 946:Drivers/STM32F0xx_HAL_Driver/Src/stm32f0xx_hal_tim_ex.c ****     {
 947:Drivers/STM32F0xx_HAL_Driver/Src/stm32f0xx_hal_tim_ex.c ****       /* Set the DMA compare callbacks */
 948:Drivers/STM32F0xx_HAL_Driver/Src/stm32f0xx_hal_tim_ex.c ****       htim->hdma[TIM_DMA_ID_CC3]->XferCpltCallback = TIM_DMADelayPulseNCplt;
 949:Drivers/STM32F0xx_HAL_Driver/Src/stm32f0xx_hal_tim_ex.c ****       htim->hdma[TIM_DMA_ID_CC3]->XferHalfCpltCallback = TIM_DMADelayPulseHalfCplt;
 950:Drivers/STM32F0xx_HAL_Driver/Src/stm32f0xx_hal_tim_ex.c **** 
 951:Drivers/STM32F0xx_HAL_Driver/Src/stm32f0xx_hal_tim_ex.c ****       /* Set the DMA error callback */
 952:Drivers/STM32F0xx_HAL_Driver/Src/stm32f0xx_hal_tim_ex.c ****       htim->hdma[TIM_DMA_ID_CC3]->XferErrorCallback = TIM_DMAErrorCCxN ;
 953:Drivers/STM32F0xx_HAL_Driver/Src/stm32f0xx_hal_tim_ex.c **** 
 954:Drivers/STM32F0xx_HAL_Driver/Src/stm32f0xx_hal_tim_ex.c ****       /* Enable the DMA channel */
 955:Drivers/STM32F0xx_HAL_Driver/Src/stm32f0xx_hal_tim_ex.c ****       if (HAL_DMA_Start_IT(htim->hdma[TIM_DMA_ID_CC3], (uint32_t)pData, (uint32_t)&htim->Instance->
 956:Drivers/STM32F0xx_HAL_Driver/Src/stm32f0xx_hal_tim_ex.c ****                            Length) != HAL_OK)
 957:Drivers/STM32F0xx_HAL_Driver/Src/stm32f0xx_hal_tim_ex.c ****       {
 958:Drivers/STM32F0xx_HAL_Driver/Src/stm32f0xx_hal_tim_ex.c ****         /* Return error status */
 959:Drivers/STM32F0xx_HAL_Driver/Src/stm32f0xx_hal_tim_ex.c ****         return HAL_ERROR;
 960:Drivers/STM32F0xx_HAL_Driver/Src/stm32f0xx_hal_tim_ex.c ****       }
 961:Drivers/STM32F0xx_HAL_Driver/Src/stm32f0xx_hal_tim_ex.c ****       /* Enable the TIM Output Compare DMA request */
 962:Drivers/STM32F0xx_HAL_Driver/Src/stm32f0xx_hal_tim_ex.c ****       __HAL_TIM_ENABLE_DMA(htim, TIM_DMA_CC3);
 963:Drivers/STM32F0xx_HAL_Driver/Src/stm32f0xx_hal_tim_ex.c ****       break;
 964:Drivers/STM32F0xx_HAL_Driver/Src/stm32f0xx_hal_tim_ex.c ****     }
 965:Drivers/STM32F0xx_HAL_Driver/Src/stm32f0xx_hal_tim_ex.c **** 
 966:Drivers/STM32F0xx_HAL_Driver/Src/stm32f0xx_hal_tim_ex.c ****     default:
 967:Drivers/STM32F0xx_HAL_Driver/Src/stm32f0xx_hal_tim_ex.c ****       status = HAL_ERROR;
 968:Drivers/STM32F0xx_HAL_Driver/Src/stm32f0xx_hal_tim_ex.c ****       break;
 969:Drivers/STM32F0xx_HAL_Driver/Src/stm32f0xx_hal_tim_ex.c ****   }
 970:Drivers/STM32F0xx_HAL_Driver/Src/stm32f0xx_hal_tim_ex.c **** 
 971:Drivers/STM32F0xx_HAL_Driver/Src/stm32f0xx_hal_tim_ex.c ****   if (status == HAL_OK)
 972:Drivers/STM32F0xx_HAL_Driver/Src/stm32f0xx_hal_tim_ex.c ****   {
 973:Drivers/STM32F0xx_HAL_Driver/Src/stm32f0xx_hal_tim_ex.c ****     /* Enable the Capture compare channel N */
 974:Drivers/STM32F0xx_HAL_Driver/Src/stm32f0xx_hal_tim_ex.c ****     TIM_CCxNChannelCmd(htim->Instance, Channel, TIM_CCxN_ENABLE);
 975:Drivers/STM32F0xx_HAL_Driver/Src/stm32f0xx_hal_tim_ex.c **** 
 976:Drivers/STM32F0xx_HAL_Driver/Src/stm32f0xx_hal_tim_ex.c ****     /* Enable the Main Output */
 977:Drivers/STM32F0xx_HAL_Driver/Src/stm32f0xx_hal_tim_ex.c ****     __HAL_TIM_MOE_ENABLE(htim);
 978:Drivers/STM32F0xx_HAL_Driver/Src/stm32f0xx_hal_tim_ex.c **** 
 979:Drivers/STM32F0xx_HAL_Driver/Src/stm32f0xx_hal_tim_ex.c ****     /* Enable the Peripheral, except in trigger mode where enable is automatically done with trigge
 980:Drivers/STM32F0xx_HAL_Driver/Src/stm32f0xx_hal_tim_ex.c ****     if (IS_TIM_SLAVE_INSTANCE(htim->Instance))
 981:Drivers/STM32F0xx_HAL_Driver/Src/stm32f0xx_hal_tim_ex.c ****     {
 982:Drivers/STM32F0xx_HAL_Driver/Src/stm32f0xx_hal_tim_ex.c ****       tmpsmcr = htim->Instance->SMCR & TIM_SMCR_SMS;
 983:Drivers/STM32F0xx_HAL_Driver/Src/stm32f0xx_hal_tim_ex.c ****       if (!IS_TIM_SLAVEMODE_TRIGGER_ENABLED(tmpsmcr))
 984:Drivers/STM32F0xx_HAL_Driver/Src/stm32f0xx_hal_tim_ex.c ****       {
 985:Drivers/STM32F0xx_HAL_Driver/Src/stm32f0xx_hal_tim_ex.c ****         __HAL_TIM_ENABLE(htim);
 986:Drivers/STM32F0xx_HAL_Driver/Src/stm32f0xx_hal_tim_ex.c ****       }
 987:Drivers/STM32F0xx_HAL_Driver/Src/stm32f0xx_hal_tim_ex.c ****     }
 988:Drivers/STM32F0xx_HAL_Driver/Src/stm32f0xx_hal_tim_ex.c ****     else
 989:Drivers/STM32F0xx_HAL_Driver/Src/stm32f0xx_hal_tim_ex.c ****     {
 990:Drivers/STM32F0xx_HAL_Driver/Src/stm32f0xx_hal_tim_ex.c ****       __HAL_TIM_ENABLE(htim);
 991:Drivers/STM32F0xx_HAL_Driver/Src/stm32f0xx_hal_tim_ex.c ****     }
 992:Drivers/STM32F0xx_HAL_Driver/Src/stm32f0xx_hal_tim_ex.c ****   }
 993:Drivers/STM32F0xx_HAL_Driver/Src/stm32f0xx_hal_tim_ex.c **** 
 994:Drivers/STM32F0xx_HAL_Driver/Src/stm32f0xx_hal_tim_ex.c ****   /* Return function status */
 995:Drivers/STM32F0xx_HAL_Driver/Src/stm32f0xx_hal_tim_ex.c ****   return status;
 996:Drivers/STM32F0xx_HAL_Driver/Src/stm32f0xx_hal_tim_ex.c **** }
 997:Drivers/STM32F0xx_HAL_Driver/Src/stm32f0xx_hal_tim_ex.c **** 
 998:Drivers/STM32F0xx_HAL_Driver/Src/stm32f0xx_hal_tim_ex.c **** /**
 999:Drivers/STM32F0xx_HAL_Driver/Src/stm32f0xx_hal_tim_ex.c ****   * @brief  Stops the TIM Output Compare signal generation in DMA mode
1000:Drivers/STM32F0xx_HAL_Driver/Src/stm32f0xx_hal_tim_ex.c ****   *         on the complementary output.
1001:Drivers/STM32F0xx_HAL_Driver/Src/stm32f0xx_hal_tim_ex.c ****   * @param  htim TIM Output Compare handle
ARM GAS  C:\Users\fastr\AppData\Local\Temp\ccGFXKp9.s 			page 19


1002:Drivers/STM32F0xx_HAL_Driver/Src/stm32f0xx_hal_tim_ex.c ****   * @param  Channel TIM Channel to be disabled
1003:Drivers/STM32F0xx_HAL_Driver/Src/stm32f0xx_hal_tim_ex.c ****   *          This parameter can be one of the following values:
1004:Drivers/STM32F0xx_HAL_Driver/Src/stm32f0xx_hal_tim_ex.c ****   *            @arg TIM_CHANNEL_1: TIM Channel 1 selected
1005:Drivers/STM32F0xx_HAL_Driver/Src/stm32f0xx_hal_tim_ex.c ****   *            @arg TIM_CHANNEL_2: TIM Channel 2 selected
1006:Drivers/STM32F0xx_HAL_Driver/Src/stm32f0xx_hal_tim_ex.c ****   *            @arg TIM_CHANNEL_3: TIM Channel 3 selected
1007:Drivers/STM32F0xx_HAL_Driver/Src/stm32f0xx_hal_tim_ex.c ****   * @retval HAL status
1008:Drivers/STM32F0xx_HAL_Driver/Src/stm32f0xx_hal_tim_ex.c ****   */
1009:Drivers/STM32F0xx_HAL_Driver/Src/stm32f0xx_hal_tim_ex.c **** HAL_StatusTypeDef HAL_TIMEx_OCN_Stop_DMA(TIM_HandleTypeDef *htim, uint32_t Channel)
1010:Drivers/STM32F0xx_HAL_Driver/Src/stm32f0xx_hal_tim_ex.c **** {
1011:Drivers/STM32F0xx_HAL_Driver/Src/stm32f0xx_hal_tim_ex.c ****   HAL_StatusTypeDef status = HAL_OK;
1012:Drivers/STM32F0xx_HAL_Driver/Src/stm32f0xx_hal_tim_ex.c **** 
1013:Drivers/STM32F0xx_HAL_Driver/Src/stm32f0xx_hal_tim_ex.c ****   /* Check the parameters */
1014:Drivers/STM32F0xx_HAL_Driver/Src/stm32f0xx_hal_tim_ex.c ****   assert_param(IS_TIM_CCXN_INSTANCE(htim->Instance, Channel));
1015:Drivers/STM32F0xx_HAL_Driver/Src/stm32f0xx_hal_tim_ex.c **** 
1016:Drivers/STM32F0xx_HAL_Driver/Src/stm32f0xx_hal_tim_ex.c ****   switch (Channel)
1017:Drivers/STM32F0xx_HAL_Driver/Src/stm32f0xx_hal_tim_ex.c ****   {
1018:Drivers/STM32F0xx_HAL_Driver/Src/stm32f0xx_hal_tim_ex.c ****     case TIM_CHANNEL_1:
1019:Drivers/STM32F0xx_HAL_Driver/Src/stm32f0xx_hal_tim_ex.c ****     {
1020:Drivers/STM32F0xx_HAL_Driver/Src/stm32f0xx_hal_tim_ex.c ****       /* Disable the TIM Output Compare DMA request */
1021:Drivers/STM32F0xx_HAL_Driver/Src/stm32f0xx_hal_tim_ex.c ****       __HAL_TIM_DISABLE_DMA(htim, TIM_DMA_CC1);
1022:Drivers/STM32F0xx_HAL_Driver/Src/stm32f0xx_hal_tim_ex.c ****       (void)HAL_DMA_Abort_IT(htim->hdma[TIM_DMA_ID_CC1]);
1023:Drivers/STM32F0xx_HAL_Driver/Src/stm32f0xx_hal_tim_ex.c ****       break;
1024:Drivers/STM32F0xx_HAL_Driver/Src/stm32f0xx_hal_tim_ex.c ****     }
1025:Drivers/STM32F0xx_HAL_Driver/Src/stm32f0xx_hal_tim_ex.c **** 
1026:Drivers/STM32F0xx_HAL_Driver/Src/stm32f0xx_hal_tim_ex.c ****     case TIM_CHANNEL_2:
1027:Drivers/STM32F0xx_HAL_Driver/Src/stm32f0xx_hal_tim_ex.c ****     {
1028:Drivers/STM32F0xx_HAL_Driver/Src/stm32f0xx_hal_tim_ex.c ****       /* Disable the TIM Output Compare DMA request */
1029:Drivers/STM32F0xx_HAL_Driver/Src/stm32f0xx_hal_tim_ex.c ****       __HAL_TIM_DISABLE_DMA(htim, TIM_DMA_CC2);
1030:Drivers/STM32F0xx_HAL_Driver/Src/stm32f0xx_hal_tim_ex.c ****       (void)HAL_DMA_Abort_IT(htim->hdma[TIM_DMA_ID_CC2]);
1031:Drivers/STM32F0xx_HAL_Driver/Src/stm32f0xx_hal_tim_ex.c ****       break;
1032:Drivers/STM32F0xx_HAL_Driver/Src/stm32f0xx_hal_tim_ex.c ****     }
1033:Drivers/STM32F0xx_HAL_Driver/Src/stm32f0xx_hal_tim_ex.c **** 
1034:Drivers/STM32F0xx_HAL_Driver/Src/stm32f0xx_hal_tim_ex.c ****     case TIM_CHANNEL_3:
1035:Drivers/STM32F0xx_HAL_Driver/Src/stm32f0xx_hal_tim_ex.c ****     {
1036:Drivers/STM32F0xx_HAL_Driver/Src/stm32f0xx_hal_tim_ex.c ****       /* Disable the TIM Output Compare DMA request */
1037:Drivers/STM32F0xx_HAL_Driver/Src/stm32f0xx_hal_tim_ex.c ****       __HAL_TIM_DISABLE_DMA(htim, TIM_DMA_CC3);
1038:Drivers/STM32F0xx_HAL_Driver/Src/stm32f0xx_hal_tim_ex.c ****       (void)HAL_DMA_Abort_IT(htim->hdma[TIM_DMA_ID_CC3]);
1039:Drivers/STM32F0xx_HAL_Driver/Src/stm32f0xx_hal_tim_ex.c ****       break;
1040:Drivers/STM32F0xx_HAL_Driver/Src/stm32f0xx_hal_tim_ex.c ****     }
1041:Drivers/STM32F0xx_HAL_Driver/Src/stm32f0xx_hal_tim_ex.c **** 
1042:Drivers/STM32F0xx_HAL_Driver/Src/stm32f0xx_hal_tim_ex.c ****     default:
1043:Drivers/STM32F0xx_HAL_Driver/Src/stm32f0xx_hal_tim_ex.c ****       status = HAL_ERROR;
1044:Drivers/STM32F0xx_HAL_Driver/Src/stm32f0xx_hal_tim_ex.c ****       break;
1045:Drivers/STM32F0xx_HAL_Driver/Src/stm32f0xx_hal_tim_ex.c ****   }
1046:Drivers/STM32F0xx_HAL_Driver/Src/stm32f0xx_hal_tim_ex.c **** 
1047:Drivers/STM32F0xx_HAL_Driver/Src/stm32f0xx_hal_tim_ex.c ****   if (status == HAL_OK)
1048:Drivers/STM32F0xx_HAL_Driver/Src/stm32f0xx_hal_tim_ex.c ****   {
1049:Drivers/STM32F0xx_HAL_Driver/Src/stm32f0xx_hal_tim_ex.c ****     /* Disable the Capture compare channel N */
1050:Drivers/STM32F0xx_HAL_Driver/Src/stm32f0xx_hal_tim_ex.c ****     TIM_CCxNChannelCmd(htim->Instance, Channel, TIM_CCxN_DISABLE);
1051:Drivers/STM32F0xx_HAL_Driver/Src/stm32f0xx_hal_tim_ex.c **** 
1052:Drivers/STM32F0xx_HAL_Driver/Src/stm32f0xx_hal_tim_ex.c ****     /* Disable the Main Output */
1053:Drivers/STM32F0xx_HAL_Driver/Src/stm32f0xx_hal_tim_ex.c ****     __HAL_TIM_MOE_DISABLE(htim);
1054:Drivers/STM32F0xx_HAL_Driver/Src/stm32f0xx_hal_tim_ex.c **** 
1055:Drivers/STM32F0xx_HAL_Driver/Src/stm32f0xx_hal_tim_ex.c ****     /* Disable the Peripheral */
1056:Drivers/STM32F0xx_HAL_Driver/Src/stm32f0xx_hal_tim_ex.c ****     __HAL_TIM_DISABLE(htim);
1057:Drivers/STM32F0xx_HAL_Driver/Src/stm32f0xx_hal_tim_ex.c **** 
1058:Drivers/STM32F0xx_HAL_Driver/Src/stm32f0xx_hal_tim_ex.c ****     /* Set the TIM complementary channel state */
ARM GAS  C:\Users\fastr\AppData\Local\Temp\ccGFXKp9.s 			page 20


1059:Drivers/STM32F0xx_HAL_Driver/Src/stm32f0xx_hal_tim_ex.c ****     TIM_CHANNEL_N_STATE_SET(htim, Channel, HAL_TIM_CHANNEL_STATE_READY);
1060:Drivers/STM32F0xx_HAL_Driver/Src/stm32f0xx_hal_tim_ex.c ****   }
1061:Drivers/STM32F0xx_HAL_Driver/Src/stm32f0xx_hal_tim_ex.c **** 
1062:Drivers/STM32F0xx_HAL_Driver/Src/stm32f0xx_hal_tim_ex.c ****   /* Return function status */
1063:Drivers/STM32F0xx_HAL_Driver/Src/stm32f0xx_hal_tim_ex.c ****   return status;
1064:Drivers/STM32F0xx_HAL_Driver/Src/stm32f0xx_hal_tim_ex.c **** }
1065:Drivers/STM32F0xx_HAL_Driver/Src/stm32f0xx_hal_tim_ex.c **** 
1066:Drivers/STM32F0xx_HAL_Driver/Src/stm32f0xx_hal_tim_ex.c **** /**
1067:Drivers/STM32F0xx_HAL_Driver/Src/stm32f0xx_hal_tim_ex.c ****   * @}
1068:Drivers/STM32F0xx_HAL_Driver/Src/stm32f0xx_hal_tim_ex.c ****   */
1069:Drivers/STM32F0xx_HAL_Driver/Src/stm32f0xx_hal_tim_ex.c **** 
1070:Drivers/STM32F0xx_HAL_Driver/Src/stm32f0xx_hal_tim_ex.c **** /** @defgroup TIMEx_Exported_Functions_Group3 Extended Timer Complementary PWM functions
1071:Drivers/STM32F0xx_HAL_Driver/Src/stm32f0xx_hal_tim_ex.c ****   * @brief    Timer Complementary PWM functions
1072:Drivers/STM32F0xx_HAL_Driver/Src/stm32f0xx_hal_tim_ex.c ****   *
1073:Drivers/STM32F0xx_HAL_Driver/Src/stm32f0xx_hal_tim_ex.c **** @verbatim
1074:Drivers/STM32F0xx_HAL_Driver/Src/stm32f0xx_hal_tim_ex.c ****   ==============================================================================
1075:Drivers/STM32F0xx_HAL_Driver/Src/stm32f0xx_hal_tim_ex.c ****                  ##### Timer Complementary PWM functions #####
1076:Drivers/STM32F0xx_HAL_Driver/Src/stm32f0xx_hal_tim_ex.c ****   ==============================================================================
1077:Drivers/STM32F0xx_HAL_Driver/Src/stm32f0xx_hal_tim_ex.c ****   [..]
1078:Drivers/STM32F0xx_HAL_Driver/Src/stm32f0xx_hal_tim_ex.c ****     This section provides functions allowing to:
1079:Drivers/STM32F0xx_HAL_Driver/Src/stm32f0xx_hal_tim_ex.c ****     (+) Start the Complementary PWM.
1080:Drivers/STM32F0xx_HAL_Driver/Src/stm32f0xx_hal_tim_ex.c ****     (+) Stop the Complementary PWM.
1081:Drivers/STM32F0xx_HAL_Driver/Src/stm32f0xx_hal_tim_ex.c ****     (+) Start the Complementary PWM and enable interrupts.
1082:Drivers/STM32F0xx_HAL_Driver/Src/stm32f0xx_hal_tim_ex.c ****     (+) Stop the Complementary PWM and disable interrupts.
1083:Drivers/STM32F0xx_HAL_Driver/Src/stm32f0xx_hal_tim_ex.c ****     (+) Start the Complementary PWM and enable DMA transfers.
1084:Drivers/STM32F0xx_HAL_Driver/Src/stm32f0xx_hal_tim_ex.c ****     (+) Stop the Complementary PWM and disable DMA transfers.
1085:Drivers/STM32F0xx_HAL_Driver/Src/stm32f0xx_hal_tim_ex.c **** @endverbatim
1086:Drivers/STM32F0xx_HAL_Driver/Src/stm32f0xx_hal_tim_ex.c ****   * @{
1087:Drivers/STM32F0xx_HAL_Driver/Src/stm32f0xx_hal_tim_ex.c ****   */
1088:Drivers/STM32F0xx_HAL_Driver/Src/stm32f0xx_hal_tim_ex.c **** 
1089:Drivers/STM32F0xx_HAL_Driver/Src/stm32f0xx_hal_tim_ex.c **** /**
1090:Drivers/STM32F0xx_HAL_Driver/Src/stm32f0xx_hal_tim_ex.c ****   * @brief  Starts the PWM signal generation on the complementary output.
1091:Drivers/STM32F0xx_HAL_Driver/Src/stm32f0xx_hal_tim_ex.c ****   * @param  htim TIM handle
1092:Drivers/STM32F0xx_HAL_Driver/Src/stm32f0xx_hal_tim_ex.c ****   * @param  Channel TIM Channel to be enabled
1093:Drivers/STM32F0xx_HAL_Driver/Src/stm32f0xx_hal_tim_ex.c ****   *          This parameter can be one of the following values:
1094:Drivers/STM32F0xx_HAL_Driver/Src/stm32f0xx_hal_tim_ex.c ****   *            @arg TIM_CHANNEL_1: TIM Channel 1 selected
1095:Drivers/STM32F0xx_HAL_Driver/Src/stm32f0xx_hal_tim_ex.c ****   *            @arg TIM_CHANNEL_2: TIM Channel 2 selected
1096:Drivers/STM32F0xx_HAL_Driver/Src/stm32f0xx_hal_tim_ex.c ****   *            @arg TIM_CHANNEL_3: TIM Channel 3 selected
1097:Drivers/STM32F0xx_HAL_Driver/Src/stm32f0xx_hal_tim_ex.c ****   * @retval HAL status
1098:Drivers/STM32F0xx_HAL_Driver/Src/stm32f0xx_hal_tim_ex.c ****   */
1099:Drivers/STM32F0xx_HAL_Driver/Src/stm32f0xx_hal_tim_ex.c **** HAL_StatusTypeDef HAL_TIMEx_PWMN_Start(TIM_HandleTypeDef *htim, uint32_t Channel)
1100:Drivers/STM32F0xx_HAL_Driver/Src/stm32f0xx_hal_tim_ex.c **** {
1101:Drivers/STM32F0xx_HAL_Driver/Src/stm32f0xx_hal_tim_ex.c ****   uint32_t tmpsmcr;
1102:Drivers/STM32F0xx_HAL_Driver/Src/stm32f0xx_hal_tim_ex.c **** 
1103:Drivers/STM32F0xx_HAL_Driver/Src/stm32f0xx_hal_tim_ex.c ****   /* Check the parameters */
1104:Drivers/STM32F0xx_HAL_Driver/Src/stm32f0xx_hal_tim_ex.c ****   assert_param(IS_TIM_CCXN_INSTANCE(htim->Instance, Channel));
1105:Drivers/STM32F0xx_HAL_Driver/Src/stm32f0xx_hal_tim_ex.c **** 
1106:Drivers/STM32F0xx_HAL_Driver/Src/stm32f0xx_hal_tim_ex.c ****   /* Check the TIM complementary channel state */
1107:Drivers/STM32F0xx_HAL_Driver/Src/stm32f0xx_hal_tim_ex.c ****   if (TIM_CHANNEL_N_STATE_GET(htim, Channel) != HAL_TIM_CHANNEL_STATE_READY)
1108:Drivers/STM32F0xx_HAL_Driver/Src/stm32f0xx_hal_tim_ex.c ****   {
1109:Drivers/STM32F0xx_HAL_Driver/Src/stm32f0xx_hal_tim_ex.c ****     return HAL_ERROR;
1110:Drivers/STM32F0xx_HAL_Driver/Src/stm32f0xx_hal_tim_ex.c ****   }
1111:Drivers/STM32F0xx_HAL_Driver/Src/stm32f0xx_hal_tim_ex.c **** 
1112:Drivers/STM32F0xx_HAL_Driver/Src/stm32f0xx_hal_tim_ex.c ****   /* Set the TIM complementary channel state */
1113:Drivers/STM32F0xx_HAL_Driver/Src/stm32f0xx_hal_tim_ex.c ****   TIM_CHANNEL_N_STATE_SET(htim, Channel, HAL_TIM_CHANNEL_STATE_BUSY);
1114:Drivers/STM32F0xx_HAL_Driver/Src/stm32f0xx_hal_tim_ex.c **** 
1115:Drivers/STM32F0xx_HAL_Driver/Src/stm32f0xx_hal_tim_ex.c ****   /* Enable the complementary PWM output  */
ARM GAS  C:\Users\fastr\AppData\Local\Temp\ccGFXKp9.s 			page 21


1116:Drivers/STM32F0xx_HAL_Driver/Src/stm32f0xx_hal_tim_ex.c ****   TIM_CCxNChannelCmd(htim->Instance, Channel, TIM_CCxN_ENABLE);
1117:Drivers/STM32F0xx_HAL_Driver/Src/stm32f0xx_hal_tim_ex.c **** 
1118:Drivers/STM32F0xx_HAL_Driver/Src/stm32f0xx_hal_tim_ex.c ****   /* Enable the Main Output */
1119:Drivers/STM32F0xx_HAL_Driver/Src/stm32f0xx_hal_tim_ex.c ****   __HAL_TIM_MOE_ENABLE(htim);
1120:Drivers/STM32F0xx_HAL_Driver/Src/stm32f0xx_hal_tim_ex.c **** 
1121:Drivers/STM32F0xx_HAL_Driver/Src/stm32f0xx_hal_tim_ex.c ****   /* Enable the Peripheral, except in trigger mode where enable is automatically done with trigger 
1122:Drivers/STM32F0xx_HAL_Driver/Src/stm32f0xx_hal_tim_ex.c ****   if (IS_TIM_SLAVE_INSTANCE(htim->Instance))
1123:Drivers/STM32F0xx_HAL_Driver/Src/stm32f0xx_hal_tim_ex.c ****   {
1124:Drivers/STM32F0xx_HAL_Driver/Src/stm32f0xx_hal_tim_ex.c ****     tmpsmcr = htim->Instance->SMCR & TIM_SMCR_SMS;
1125:Drivers/STM32F0xx_HAL_Driver/Src/stm32f0xx_hal_tim_ex.c ****     if (!IS_TIM_SLAVEMODE_TRIGGER_ENABLED(tmpsmcr))
1126:Drivers/STM32F0xx_HAL_Driver/Src/stm32f0xx_hal_tim_ex.c ****     {
1127:Drivers/STM32F0xx_HAL_Driver/Src/stm32f0xx_hal_tim_ex.c ****       __HAL_TIM_ENABLE(htim);
1128:Drivers/STM32F0xx_HAL_Driver/Src/stm32f0xx_hal_tim_ex.c ****     }
1129:Drivers/STM32F0xx_HAL_Driver/Src/stm32f0xx_hal_tim_ex.c ****   }
1130:Drivers/STM32F0xx_HAL_Driver/Src/stm32f0xx_hal_tim_ex.c ****   else
1131:Drivers/STM32F0xx_HAL_Driver/Src/stm32f0xx_hal_tim_ex.c ****   {
1132:Drivers/STM32F0xx_HAL_Driver/Src/stm32f0xx_hal_tim_ex.c ****     __HAL_TIM_ENABLE(htim);
1133:Drivers/STM32F0xx_HAL_Driver/Src/stm32f0xx_hal_tim_ex.c ****   }
1134:Drivers/STM32F0xx_HAL_Driver/Src/stm32f0xx_hal_tim_ex.c **** 
1135:Drivers/STM32F0xx_HAL_Driver/Src/stm32f0xx_hal_tim_ex.c ****   /* Return function status */
1136:Drivers/STM32F0xx_HAL_Driver/Src/stm32f0xx_hal_tim_ex.c ****   return HAL_OK;
1137:Drivers/STM32F0xx_HAL_Driver/Src/stm32f0xx_hal_tim_ex.c **** }
1138:Drivers/STM32F0xx_HAL_Driver/Src/stm32f0xx_hal_tim_ex.c **** 
1139:Drivers/STM32F0xx_HAL_Driver/Src/stm32f0xx_hal_tim_ex.c **** /**
1140:Drivers/STM32F0xx_HAL_Driver/Src/stm32f0xx_hal_tim_ex.c ****   * @brief  Stops the PWM signal generation on the complementary output.
1141:Drivers/STM32F0xx_HAL_Driver/Src/stm32f0xx_hal_tim_ex.c ****   * @param  htim TIM handle
1142:Drivers/STM32F0xx_HAL_Driver/Src/stm32f0xx_hal_tim_ex.c ****   * @param  Channel TIM Channel to be disabled
1143:Drivers/STM32F0xx_HAL_Driver/Src/stm32f0xx_hal_tim_ex.c ****   *          This parameter can be one of the following values:
1144:Drivers/STM32F0xx_HAL_Driver/Src/stm32f0xx_hal_tim_ex.c ****   *            @arg TIM_CHANNEL_1: TIM Channel 1 selected
1145:Drivers/STM32F0xx_HAL_Driver/Src/stm32f0xx_hal_tim_ex.c ****   *            @arg TIM_CHANNEL_2: TIM Channel 2 selected
1146:Drivers/STM32F0xx_HAL_Driver/Src/stm32f0xx_hal_tim_ex.c ****   *            @arg TIM_CHANNEL_3: TIM Channel 3 selected
1147:Drivers/STM32F0xx_HAL_Driver/Src/stm32f0xx_hal_tim_ex.c ****   * @retval HAL status
1148:Drivers/STM32F0xx_HAL_Driver/Src/stm32f0xx_hal_tim_ex.c ****   */
1149:Drivers/STM32F0xx_HAL_Driver/Src/stm32f0xx_hal_tim_ex.c **** HAL_StatusTypeDef HAL_TIMEx_PWMN_Stop(TIM_HandleTypeDef *htim, uint32_t Channel)
1150:Drivers/STM32F0xx_HAL_Driver/Src/stm32f0xx_hal_tim_ex.c **** {
1151:Drivers/STM32F0xx_HAL_Driver/Src/stm32f0xx_hal_tim_ex.c ****   /* Check the parameters */
1152:Drivers/STM32F0xx_HAL_Driver/Src/stm32f0xx_hal_tim_ex.c ****   assert_param(IS_TIM_CCXN_INSTANCE(htim->Instance, Channel));
1153:Drivers/STM32F0xx_HAL_Driver/Src/stm32f0xx_hal_tim_ex.c **** 
1154:Drivers/STM32F0xx_HAL_Driver/Src/stm32f0xx_hal_tim_ex.c ****   /* Disable the complementary PWM output  */
1155:Drivers/STM32F0xx_HAL_Driver/Src/stm32f0xx_hal_tim_ex.c ****   TIM_CCxNChannelCmd(htim->Instance, Channel, TIM_CCxN_DISABLE);
1156:Drivers/STM32F0xx_HAL_Driver/Src/stm32f0xx_hal_tim_ex.c **** 
1157:Drivers/STM32F0xx_HAL_Driver/Src/stm32f0xx_hal_tim_ex.c ****   /* Disable the Main Output */
1158:Drivers/STM32F0xx_HAL_Driver/Src/stm32f0xx_hal_tim_ex.c ****   __HAL_TIM_MOE_DISABLE(htim);
1159:Drivers/STM32F0xx_HAL_Driver/Src/stm32f0xx_hal_tim_ex.c **** 
1160:Drivers/STM32F0xx_HAL_Driver/Src/stm32f0xx_hal_tim_ex.c ****   /* Disable the Peripheral */
1161:Drivers/STM32F0xx_HAL_Driver/Src/stm32f0xx_hal_tim_ex.c ****   __HAL_TIM_DISABLE(htim);
1162:Drivers/STM32F0xx_HAL_Driver/Src/stm32f0xx_hal_tim_ex.c **** 
1163:Drivers/STM32F0xx_HAL_Driver/Src/stm32f0xx_hal_tim_ex.c ****   /* Set the TIM complementary channel state */
1164:Drivers/STM32F0xx_HAL_Driver/Src/stm32f0xx_hal_tim_ex.c ****   TIM_CHANNEL_N_STATE_SET(htim, Channel, HAL_TIM_CHANNEL_STATE_READY);
1165:Drivers/STM32F0xx_HAL_Driver/Src/stm32f0xx_hal_tim_ex.c **** 
1166:Drivers/STM32F0xx_HAL_Driver/Src/stm32f0xx_hal_tim_ex.c ****   /* Return function status */
1167:Drivers/STM32F0xx_HAL_Driver/Src/stm32f0xx_hal_tim_ex.c ****   return HAL_OK;
1168:Drivers/STM32F0xx_HAL_Driver/Src/stm32f0xx_hal_tim_ex.c **** }
1169:Drivers/STM32F0xx_HAL_Driver/Src/stm32f0xx_hal_tim_ex.c **** 
1170:Drivers/STM32F0xx_HAL_Driver/Src/stm32f0xx_hal_tim_ex.c **** /**
1171:Drivers/STM32F0xx_HAL_Driver/Src/stm32f0xx_hal_tim_ex.c ****   * @brief  Starts the PWM signal generation in interrupt mode on the
1172:Drivers/STM32F0xx_HAL_Driver/Src/stm32f0xx_hal_tim_ex.c ****   *         complementary output.
ARM GAS  C:\Users\fastr\AppData\Local\Temp\ccGFXKp9.s 			page 22


1173:Drivers/STM32F0xx_HAL_Driver/Src/stm32f0xx_hal_tim_ex.c ****   * @param  htim TIM handle
1174:Drivers/STM32F0xx_HAL_Driver/Src/stm32f0xx_hal_tim_ex.c ****   * @param  Channel TIM Channel to be disabled
1175:Drivers/STM32F0xx_HAL_Driver/Src/stm32f0xx_hal_tim_ex.c ****   *          This parameter can be one of the following values:
1176:Drivers/STM32F0xx_HAL_Driver/Src/stm32f0xx_hal_tim_ex.c ****   *            @arg TIM_CHANNEL_1: TIM Channel 1 selected
1177:Drivers/STM32F0xx_HAL_Driver/Src/stm32f0xx_hal_tim_ex.c ****   *            @arg TIM_CHANNEL_2: TIM Channel 2 selected
1178:Drivers/STM32F0xx_HAL_Driver/Src/stm32f0xx_hal_tim_ex.c ****   *            @arg TIM_CHANNEL_3: TIM Channel 3 selected
1179:Drivers/STM32F0xx_HAL_Driver/Src/stm32f0xx_hal_tim_ex.c ****   * @retval HAL status
1180:Drivers/STM32F0xx_HAL_Driver/Src/stm32f0xx_hal_tim_ex.c ****   */
1181:Drivers/STM32F0xx_HAL_Driver/Src/stm32f0xx_hal_tim_ex.c **** HAL_StatusTypeDef HAL_TIMEx_PWMN_Start_IT(TIM_HandleTypeDef *htim, uint32_t Channel)
1182:Drivers/STM32F0xx_HAL_Driver/Src/stm32f0xx_hal_tim_ex.c **** {
1183:Drivers/STM32F0xx_HAL_Driver/Src/stm32f0xx_hal_tim_ex.c ****   HAL_StatusTypeDef status = HAL_OK;
1184:Drivers/STM32F0xx_HAL_Driver/Src/stm32f0xx_hal_tim_ex.c ****   uint32_t tmpsmcr;
1185:Drivers/STM32F0xx_HAL_Driver/Src/stm32f0xx_hal_tim_ex.c **** 
1186:Drivers/STM32F0xx_HAL_Driver/Src/stm32f0xx_hal_tim_ex.c ****   /* Check the parameters */
1187:Drivers/STM32F0xx_HAL_Driver/Src/stm32f0xx_hal_tim_ex.c ****   assert_param(IS_TIM_CCXN_INSTANCE(htim->Instance, Channel));
1188:Drivers/STM32F0xx_HAL_Driver/Src/stm32f0xx_hal_tim_ex.c **** 
1189:Drivers/STM32F0xx_HAL_Driver/Src/stm32f0xx_hal_tim_ex.c ****   /* Check the TIM complementary channel state */
1190:Drivers/STM32F0xx_HAL_Driver/Src/stm32f0xx_hal_tim_ex.c ****   if (TIM_CHANNEL_N_STATE_GET(htim, Channel) != HAL_TIM_CHANNEL_STATE_READY)
1191:Drivers/STM32F0xx_HAL_Driver/Src/stm32f0xx_hal_tim_ex.c ****   {
1192:Drivers/STM32F0xx_HAL_Driver/Src/stm32f0xx_hal_tim_ex.c ****     return HAL_ERROR;
1193:Drivers/STM32F0xx_HAL_Driver/Src/stm32f0xx_hal_tim_ex.c ****   }
1194:Drivers/STM32F0xx_HAL_Driver/Src/stm32f0xx_hal_tim_ex.c **** 
1195:Drivers/STM32F0xx_HAL_Driver/Src/stm32f0xx_hal_tim_ex.c ****   /* Set the TIM complementary channel state */
1196:Drivers/STM32F0xx_HAL_Driver/Src/stm32f0xx_hal_tim_ex.c ****   TIM_CHANNEL_N_STATE_SET(htim, Channel, HAL_TIM_CHANNEL_STATE_BUSY);
1197:Drivers/STM32F0xx_HAL_Driver/Src/stm32f0xx_hal_tim_ex.c **** 
1198:Drivers/STM32F0xx_HAL_Driver/Src/stm32f0xx_hal_tim_ex.c ****   switch (Channel)
1199:Drivers/STM32F0xx_HAL_Driver/Src/stm32f0xx_hal_tim_ex.c ****   {
1200:Drivers/STM32F0xx_HAL_Driver/Src/stm32f0xx_hal_tim_ex.c ****     case TIM_CHANNEL_1:
1201:Drivers/STM32F0xx_HAL_Driver/Src/stm32f0xx_hal_tim_ex.c ****     {
1202:Drivers/STM32F0xx_HAL_Driver/Src/stm32f0xx_hal_tim_ex.c ****       /* Enable the TIM Capture/Compare 1 interrupt */
1203:Drivers/STM32F0xx_HAL_Driver/Src/stm32f0xx_hal_tim_ex.c ****       __HAL_TIM_ENABLE_IT(htim, TIM_IT_CC1);
1204:Drivers/STM32F0xx_HAL_Driver/Src/stm32f0xx_hal_tim_ex.c ****       break;
1205:Drivers/STM32F0xx_HAL_Driver/Src/stm32f0xx_hal_tim_ex.c ****     }
1206:Drivers/STM32F0xx_HAL_Driver/Src/stm32f0xx_hal_tim_ex.c **** 
1207:Drivers/STM32F0xx_HAL_Driver/Src/stm32f0xx_hal_tim_ex.c ****     case TIM_CHANNEL_2:
1208:Drivers/STM32F0xx_HAL_Driver/Src/stm32f0xx_hal_tim_ex.c ****     {
1209:Drivers/STM32F0xx_HAL_Driver/Src/stm32f0xx_hal_tim_ex.c ****       /* Enable the TIM Capture/Compare 2 interrupt */
1210:Drivers/STM32F0xx_HAL_Driver/Src/stm32f0xx_hal_tim_ex.c ****       __HAL_TIM_ENABLE_IT(htim, TIM_IT_CC2);
1211:Drivers/STM32F0xx_HAL_Driver/Src/stm32f0xx_hal_tim_ex.c ****       break;
1212:Drivers/STM32F0xx_HAL_Driver/Src/stm32f0xx_hal_tim_ex.c ****     }
1213:Drivers/STM32F0xx_HAL_Driver/Src/stm32f0xx_hal_tim_ex.c **** 
1214:Drivers/STM32F0xx_HAL_Driver/Src/stm32f0xx_hal_tim_ex.c ****     case TIM_CHANNEL_3:
1215:Drivers/STM32F0xx_HAL_Driver/Src/stm32f0xx_hal_tim_ex.c ****     {
1216:Drivers/STM32F0xx_HAL_Driver/Src/stm32f0xx_hal_tim_ex.c ****       /* Enable the TIM Capture/Compare 3 interrupt */
1217:Drivers/STM32F0xx_HAL_Driver/Src/stm32f0xx_hal_tim_ex.c ****       __HAL_TIM_ENABLE_IT(htim, TIM_IT_CC3);
1218:Drivers/STM32F0xx_HAL_Driver/Src/stm32f0xx_hal_tim_ex.c ****       break;
1219:Drivers/STM32F0xx_HAL_Driver/Src/stm32f0xx_hal_tim_ex.c ****     }
1220:Drivers/STM32F0xx_HAL_Driver/Src/stm32f0xx_hal_tim_ex.c **** 
1221:Drivers/STM32F0xx_HAL_Driver/Src/stm32f0xx_hal_tim_ex.c ****     default:
1222:Drivers/STM32F0xx_HAL_Driver/Src/stm32f0xx_hal_tim_ex.c ****       status = HAL_ERROR;
1223:Drivers/STM32F0xx_HAL_Driver/Src/stm32f0xx_hal_tim_ex.c ****       break;
1224:Drivers/STM32F0xx_HAL_Driver/Src/stm32f0xx_hal_tim_ex.c ****   }
1225:Drivers/STM32F0xx_HAL_Driver/Src/stm32f0xx_hal_tim_ex.c **** 
1226:Drivers/STM32F0xx_HAL_Driver/Src/stm32f0xx_hal_tim_ex.c ****   if (status == HAL_OK)
1227:Drivers/STM32F0xx_HAL_Driver/Src/stm32f0xx_hal_tim_ex.c ****   {
1228:Drivers/STM32F0xx_HAL_Driver/Src/stm32f0xx_hal_tim_ex.c ****     /* Enable the TIM Break interrupt */
1229:Drivers/STM32F0xx_HAL_Driver/Src/stm32f0xx_hal_tim_ex.c ****     __HAL_TIM_ENABLE_IT(htim, TIM_IT_BREAK);
ARM GAS  C:\Users\fastr\AppData\Local\Temp\ccGFXKp9.s 			page 23


1230:Drivers/STM32F0xx_HAL_Driver/Src/stm32f0xx_hal_tim_ex.c **** 
1231:Drivers/STM32F0xx_HAL_Driver/Src/stm32f0xx_hal_tim_ex.c ****     /* Enable the complementary PWM output  */
1232:Drivers/STM32F0xx_HAL_Driver/Src/stm32f0xx_hal_tim_ex.c ****     TIM_CCxNChannelCmd(htim->Instance, Channel, TIM_CCxN_ENABLE);
1233:Drivers/STM32F0xx_HAL_Driver/Src/stm32f0xx_hal_tim_ex.c **** 
1234:Drivers/STM32F0xx_HAL_Driver/Src/stm32f0xx_hal_tim_ex.c ****     /* Enable the Main Output */
1235:Drivers/STM32F0xx_HAL_Driver/Src/stm32f0xx_hal_tim_ex.c ****     __HAL_TIM_MOE_ENABLE(htim);
1236:Drivers/STM32F0xx_HAL_Driver/Src/stm32f0xx_hal_tim_ex.c **** 
1237:Drivers/STM32F0xx_HAL_Driver/Src/stm32f0xx_hal_tim_ex.c ****     /* Enable the Peripheral, except in trigger mode where enable is automatically done with trigge
1238:Drivers/STM32F0xx_HAL_Driver/Src/stm32f0xx_hal_tim_ex.c ****     if (IS_TIM_SLAVE_INSTANCE(htim->Instance))
1239:Drivers/STM32F0xx_HAL_Driver/Src/stm32f0xx_hal_tim_ex.c ****     {
1240:Drivers/STM32F0xx_HAL_Driver/Src/stm32f0xx_hal_tim_ex.c ****       tmpsmcr = htim->Instance->SMCR & TIM_SMCR_SMS;
1241:Drivers/STM32F0xx_HAL_Driver/Src/stm32f0xx_hal_tim_ex.c ****       if (!IS_TIM_SLAVEMODE_TRIGGER_ENABLED(tmpsmcr))
1242:Drivers/STM32F0xx_HAL_Driver/Src/stm32f0xx_hal_tim_ex.c ****       {
1243:Drivers/STM32F0xx_HAL_Driver/Src/stm32f0xx_hal_tim_ex.c ****         __HAL_TIM_ENABLE(htim);
1244:Drivers/STM32F0xx_HAL_Driver/Src/stm32f0xx_hal_tim_ex.c ****       }
1245:Drivers/STM32F0xx_HAL_Driver/Src/stm32f0xx_hal_tim_ex.c ****     }
1246:Drivers/STM32F0xx_HAL_Driver/Src/stm32f0xx_hal_tim_ex.c ****     else
1247:Drivers/STM32F0xx_HAL_Driver/Src/stm32f0xx_hal_tim_ex.c ****     {
1248:Drivers/STM32F0xx_HAL_Driver/Src/stm32f0xx_hal_tim_ex.c ****       __HAL_TIM_ENABLE(htim);
1249:Drivers/STM32F0xx_HAL_Driver/Src/stm32f0xx_hal_tim_ex.c ****     }
1250:Drivers/STM32F0xx_HAL_Driver/Src/stm32f0xx_hal_tim_ex.c ****   }
1251:Drivers/STM32F0xx_HAL_Driver/Src/stm32f0xx_hal_tim_ex.c **** 
1252:Drivers/STM32F0xx_HAL_Driver/Src/stm32f0xx_hal_tim_ex.c ****   /* Return function status */
1253:Drivers/STM32F0xx_HAL_Driver/Src/stm32f0xx_hal_tim_ex.c ****   return status;
1254:Drivers/STM32F0xx_HAL_Driver/Src/stm32f0xx_hal_tim_ex.c **** }
1255:Drivers/STM32F0xx_HAL_Driver/Src/stm32f0xx_hal_tim_ex.c **** 
1256:Drivers/STM32F0xx_HAL_Driver/Src/stm32f0xx_hal_tim_ex.c **** /**
1257:Drivers/STM32F0xx_HAL_Driver/Src/stm32f0xx_hal_tim_ex.c ****   * @brief  Stops the PWM signal generation in interrupt mode on the
1258:Drivers/STM32F0xx_HAL_Driver/Src/stm32f0xx_hal_tim_ex.c ****   *         complementary output.
1259:Drivers/STM32F0xx_HAL_Driver/Src/stm32f0xx_hal_tim_ex.c ****   * @param  htim TIM handle
1260:Drivers/STM32F0xx_HAL_Driver/Src/stm32f0xx_hal_tim_ex.c ****   * @param  Channel TIM Channel to be disabled
1261:Drivers/STM32F0xx_HAL_Driver/Src/stm32f0xx_hal_tim_ex.c ****   *          This parameter can be one of the following values:
1262:Drivers/STM32F0xx_HAL_Driver/Src/stm32f0xx_hal_tim_ex.c ****   *            @arg TIM_CHANNEL_1: TIM Channel 1 selected
1263:Drivers/STM32F0xx_HAL_Driver/Src/stm32f0xx_hal_tim_ex.c ****   *            @arg TIM_CHANNEL_2: TIM Channel 2 selected
1264:Drivers/STM32F0xx_HAL_Driver/Src/stm32f0xx_hal_tim_ex.c ****   *            @arg TIM_CHANNEL_3: TIM Channel 3 selected
1265:Drivers/STM32F0xx_HAL_Driver/Src/stm32f0xx_hal_tim_ex.c ****   * @retval HAL status
1266:Drivers/STM32F0xx_HAL_Driver/Src/stm32f0xx_hal_tim_ex.c ****   */
1267:Drivers/STM32F0xx_HAL_Driver/Src/stm32f0xx_hal_tim_ex.c **** HAL_StatusTypeDef HAL_TIMEx_PWMN_Stop_IT(TIM_HandleTypeDef *htim, uint32_t Channel)
1268:Drivers/STM32F0xx_HAL_Driver/Src/stm32f0xx_hal_tim_ex.c **** {
1269:Drivers/STM32F0xx_HAL_Driver/Src/stm32f0xx_hal_tim_ex.c ****   HAL_StatusTypeDef status = HAL_OK;
1270:Drivers/STM32F0xx_HAL_Driver/Src/stm32f0xx_hal_tim_ex.c ****   uint32_t tmpccer;
1271:Drivers/STM32F0xx_HAL_Driver/Src/stm32f0xx_hal_tim_ex.c **** 
1272:Drivers/STM32F0xx_HAL_Driver/Src/stm32f0xx_hal_tim_ex.c ****   /* Check the parameters */
1273:Drivers/STM32F0xx_HAL_Driver/Src/stm32f0xx_hal_tim_ex.c ****   assert_param(IS_TIM_CCXN_INSTANCE(htim->Instance, Channel));
1274:Drivers/STM32F0xx_HAL_Driver/Src/stm32f0xx_hal_tim_ex.c **** 
1275:Drivers/STM32F0xx_HAL_Driver/Src/stm32f0xx_hal_tim_ex.c ****   switch (Channel)
1276:Drivers/STM32F0xx_HAL_Driver/Src/stm32f0xx_hal_tim_ex.c ****   {
1277:Drivers/STM32F0xx_HAL_Driver/Src/stm32f0xx_hal_tim_ex.c ****     case TIM_CHANNEL_1:
1278:Drivers/STM32F0xx_HAL_Driver/Src/stm32f0xx_hal_tim_ex.c ****     {
1279:Drivers/STM32F0xx_HAL_Driver/Src/stm32f0xx_hal_tim_ex.c ****       /* Disable the TIM Capture/Compare 1 interrupt */
1280:Drivers/STM32F0xx_HAL_Driver/Src/stm32f0xx_hal_tim_ex.c ****       __HAL_TIM_DISABLE_IT(htim, TIM_IT_CC1);
1281:Drivers/STM32F0xx_HAL_Driver/Src/stm32f0xx_hal_tim_ex.c ****       break;
1282:Drivers/STM32F0xx_HAL_Driver/Src/stm32f0xx_hal_tim_ex.c ****     }
1283:Drivers/STM32F0xx_HAL_Driver/Src/stm32f0xx_hal_tim_ex.c **** 
1284:Drivers/STM32F0xx_HAL_Driver/Src/stm32f0xx_hal_tim_ex.c ****     case TIM_CHANNEL_2:
1285:Drivers/STM32F0xx_HAL_Driver/Src/stm32f0xx_hal_tim_ex.c ****     {
1286:Drivers/STM32F0xx_HAL_Driver/Src/stm32f0xx_hal_tim_ex.c ****       /* Disable the TIM Capture/Compare 2 interrupt */
ARM GAS  C:\Users\fastr\AppData\Local\Temp\ccGFXKp9.s 			page 24


1287:Drivers/STM32F0xx_HAL_Driver/Src/stm32f0xx_hal_tim_ex.c ****       __HAL_TIM_DISABLE_IT(htim, TIM_IT_CC2);
1288:Drivers/STM32F0xx_HAL_Driver/Src/stm32f0xx_hal_tim_ex.c ****       break;
1289:Drivers/STM32F0xx_HAL_Driver/Src/stm32f0xx_hal_tim_ex.c ****     }
1290:Drivers/STM32F0xx_HAL_Driver/Src/stm32f0xx_hal_tim_ex.c **** 
1291:Drivers/STM32F0xx_HAL_Driver/Src/stm32f0xx_hal_tim_ex.c ****     case TIM_CHANNEL_3:
1292:Drivers/STM32F0xx_HAL_Driver/Src/stm32f0xx_hal_tim_ex.c ****     {
1293:Drivers/STM32F0xx_HAL_Driver/Src/stm32f0xx_hal_tim_ex.c ****       /* Disable the TIM Capture/Compare 3 interrupt */
1294:Drivers/STM32F0xx_HAL_Driver/Src/stm32f0xx_hal_tim_ex.c ****       __HAL_TIM_DISABLE_IT(htim, TIM_IT_CC3);
1295:Drivers/STM32F0xx_HAL_Driver/Src/stm32f0xx_hal_tim_ex.c ****       break;
1296:Drivers/STM32F0xx_HAL_Driver/Src/stm32f0xx_hal_tim_ex.c ****     }
1297:Drivers/STM32F0xx_HAL_Driver/Src/stm32f0xx_hal_tim_ex.c **** 
1298:Drivers/STM32F0xx_HAL_Driver/Src/stm32f0xx_hal_tim_ex.c ****     default:
1299:Drivers/STM32F0xx_HAL_Driver/Src/stm32f0xx_hal_tim_ex.c ****       status = HAL_ERROR;
1300:Drivers/STM32F0xx_HAL_Driver/Src/stm32f0xx_hal_tim_ex.c ****       break;
1301:Drivers/STM32F0xx_HAL_Driver/Src/stm32f0xx_hal_tim_ex.c ****   }
1302:Drivers/STM32F0xx_HAL_Driver/Src/stm32f0xx_hal_tim_ex.c **** 
1303:Drivers/STM32F0xx_HAL_Driver/Src/stm32f0xx_hal_tim_ex.c ****   if (status == HAL_OK)
1304:Drivers/STM32F0xx_HAL_Driver/Src/stm32f0xx_hal_tim_ex.c ****   {
1305:Drivers/STM32F0xx_HAL_Driver/Src/stm32f0xx_hal_tim_ex.c ****     /* Disable the complementary PWM output  */
1306:Drivers/STM32F0xx_HAL_Driver/Src/stm32f0xx_hal_tim_ex.c ****     TIM_CCxNChannelCmd(htim->Instance, Channel, TIM_CCxN_DISABLE);
1307:Drivers/STM32F0xx_HAL_Driver/Src/stm32f0xx_hal_tim_ex.c **** 
1308:Drivers/STM32F0xx_HAL_Driver/Src/stm32f0xx_hal_tim_ex.c ****     /* Disable the TIM Break interrupt (only if no more channel is active) */
1309:Drivers/STM32F0xx_HAL_Driver/Src/stm32f0xx_hal_tim_ex.c ****     tmpccer = htim->Instance->CCER;
1310:Drivers/STM32F0xx_HAL_Driver/Src/stm32f0xx_hal_tim_ex.c ****     if ((tmpccer & TIM_CCER_CCxNE_MASK) == (uint32_t)RESET)
1311:Drivers/STM32F0xx_HAL_Driver/Src/stm32f0xx_hal_tim_ex.c ****     {
1312:Drivers/STM32F0xx_HAL_Driver/Src/stm32f0xx_hal_tim_ex.c ****       __HAL_TIM_DISABLE_IT(htim, TIM_IT_BREAK);
1313:Drivers/STM32F0xx_HAL_Driver/Src/stm32f0xx_hal_tim_ex.c ****     }
1314:Drivers/STM32F0xx_HAL_Driver/Src/stm32f0xx_hal_tim_ex.c **** 
1315:Drivers/STM32F0xx_HAL_Driver/Src/stm32f0xx_hal_tim_ex.c ****     /* Disable the Main Output */
1316:Drivers/STM32F0xx_HAL_Driver/Src/stm32f0xx_hal_tim_ex.c ****     __HAL_TIM_MOE_DISABLE(htim);
1317:Drivers/STM32F0xx_HAL_Driver/Src/stm32f0xx_hal_tim_ex.c **** 
1318:Drivers/STM32F0xx_HAL_Driver/Src/stm32f0xx_hal_tim_ex.c ****     /* Disable the Peripheral */
1319:Drivers/STM32F0xx_HAL_Driver/Src/stm32f0xx_hal_tim_ex.c ****     __HAL_TIM_DISABLE(htim);
1320:Drivers/STM32F0xx_HAL_Driver/Src/stm32f0xx_hal_tim_ex.c **** 
1321:Drivers/STM32F0xx_HAL_Driver/Src/stm32f0xx_hal_tim_ex.c ****     /* Set the TIM complementary channel state */
1322:Drivers/STM32F0xx_HAL_Driver/Src/stm32f0xx_hal_tim_ex.c ****     TIM_CHANNEL_N_STATE_SET(htim, Channel, HAL_TIM_CHANNEL_STATE_READY);
1323:Drivers/STM32F0xx_HAL_Driver/Src/stm32f0xx_hal_tim_ex.c ****   }
1324:Drivers/STM32F0xx_HAL_Driver/Src/stm32f0xx_hal_tim_ex.c **** 
1325:Drivers/STM32F0xx_HAL_Driver/Src/stm32f0xx_hal_tim_ex.c ****   /* Return function status */
1326:Drivers/STM32F0xx_HAL_Driver/Src/stm32f0xx_hal_tim_ex.c ****   return status;
1327:Drivers/STM32F0xx_HAL_Driver/Src/stm32f0xx_hal_tim_ex.c **** }
1328:Drivers/STM32F0xx_HAL_Driver/Src/stm32f0xx_hal_tim_ex.c **** 
1329:Drivers/STM32F0xx_HAL_Driver/Src/stm32f0xx_hal_tim_ex.c **** /**
1330:Drivers/STM32F0xx_HAL_Driver/Src/stm32f0xx_hal_tim_ex.c ****   * @brief  Starts the TIM PWM signal generation in DMA mode on the
1331:Drivers/STM32F0xx_HAL_Driver/Src/stm32f0xx_hal_tim_ex.c ****   *         complementary output
1332:Drivers/STM32F0xx_HAL_Driver/Src/stm32f0xx_hal_tim_ex.c ****   * @param  htim TIM handle
1333:Drivers/STM32F0xx_HAL_Driver/Src/stm32f0xx_hal_tim_ex.c ****   * @param  Channel TIM Channel to be enabled
1334:Drivers/STM32F0xx_HAL_Driver/Src/stm32f0xx_hal_tim_ex.c ****   *          This parameter can be one of the following values:
1335:Drivers/STM32F0xx_HAL_Driver/Src/stm32f0xx_hal_tim_ex.c ****   *            @arg TIM_CHANNEL_1: TIM Channel 1 selected
1336:Drivers/STM32F0xx_HAL_Driver/Src/stm32f0xx_hal_tim_ex.c ****   *            @arg TIM_CHANNEL_2: TIM Channel 2 selected
1337:Drivers/STM32F0xx_HAL_Driver/Src/stm32f0xx_hal_tim_ex.c ****   *            @arg TIM_CHANNEL_3: TIM Channel 3 selected
1338:Drivers/STM32F0xx_HAL_Driver/Src/stm32f0xx_hal_tim_ex.c ****   * @param  pData The source Buffer address.
1339:Drivers/STM32F0xx_HAL_Driver/Src/stm32f0xx_hal_tim_ex.c ****   * @param  Length The length of data to be transferred from memory to TIM peripheral
1340:Drivers/STM32F0xx_HAL_Driver/Src/stm32f0xx_hal_tim_ex.c ****   * @retval HAL status
1341:Drivers/STM32F0xx_HAL_Driver/Src/stm32f0xx_hal_tim_ex.c ****   */
1342:Drivers/STM32F0xx_HAL_Driver/Src/stm32f0xx_hal_tim_ex.c **** HAL_StatusTypeDef HAL_TIMEx_PWMN_Start_DMA(TIM_HandleTypeDef *htim, uint32_t Channel, const uint32_
1343:Drivers/STM32F0xx_HAL_Driver/Src/stm32f0xx_hal_tim_ex.c ****                                            uint16_t Length)
ARM GAS  C:\Users\fastr\AppData\Local\Temp\ccGFXKp9.s 			page 25


1344:Drivers/STM32F0xx_HAL_Driver/Src/stm32f0xx_hal_tim_ex.c **** {
1345:Drivers/STM32F0xx_HAL_Driver/Src/stm32f0xx_hal_tim_ex.c ****   HAL_StatusTypeDef status = HAL_OK;
1346:Drivers/STM32F0xx_HAL_Driver/Src/stm32f0xx_hal_tim_ex.c ****   uint32_t tmpsmcr;
1347:Drivers/STM32F0xx_HAL_Driver/Src/stm32f0xx_hal_tim_ex.c **** 
1348:Drivers/STM32F0xx_HAL_Driver/Src/stm32f0xx_hal_tim_ex.c ****   /* Check the parameters */
1349:Drivers/STM32F0xx_HAL_Driver/Src/stm32f0xx_hal_tim_ex.c ****   assert_param(IS_TIM_CCXN_INSTANCE(htim->Instance, Channel));
1350:Drivers/STM32F0xx_HAL_Driver/Src/stm32f0xx_hal_tim_ex.c **** 
1351:Drivers/STM32F0xx_HAL_Driver/Src/stm32f0xx_hal_tim_ex.c ****   /* Set the TIM complementary channel state */
1352:Drivers/STM32F0xx_HAL_Driver/Src/stm32f0xx_hal_tim_ex.c ****   if (TIM_CHANNEL_N_STATE_GET(htim, Channel) == HAL_TIM_CHANNEL_STATE_BUSY)
1353:Drivers/STM32F0xx_HAL_Driver/Src/stm32f0xx_hal_tim_ex.c ****   {
1354:Drivers/STM32F0xx_HAL_Driver/Src/stm32f0xx_hal_tim_ex.c ****     return HAL_BUSY;
1355:Drivers/STM32F0xx_HAL_Driver/Src/stm32f0xx_hal_tim_ex.c ****   }
1356:Drivers/STM32F0xx_HAL_Driver/Src/stm32f0xx_hal_tim_ex.c ****   else if (TIM_CHANNEL_N_STATE_GET(htim, Channel) == HAL_TIM_CHANNEL_STATE_READY)
1357:Drivers/STM32F0xx_HAL_Driver/Src/stm32f0xx_hal_tim_ex.c ****   {
1358:Drivers/STM32F0xx_HAL_Driver/Src/stm32f0xx_hal_tim_ex.c ****     if ((pData == NULL) || (Length == 0U))
1359:Drivers/STM32F0xx_HAL_Driver/Src/stm32f0xx_hal_tim_ex.c ****     {
1360:Drivers/STM32F0xx_HAL_Driver/Src/stm32f0xx_hal_tim_ex.c ****       return HAL_ERROR;
1361:Drivers/STM32F0xx_HAL_Driver/Src/stm32f0xx_hal_tim_ex.c ****     }
1362:Drivers/STM32F0xx_HAL_Driver/Src/stm32f0xx_hal_tim_ex.c ****     else
1363:Drivers/STM32F0xx_HAL_Driver/Src/stm32f0xx_hal_tim_ex.c ****     {
1364:Drivers/STM32F0xx_HAL_Driver/Src/stm32f0xx_hal_tim_ex.c ****       TIM_CHANNEL_N_STATE_SET(htim, Channel, HAL_TIM_CHANNEL_STATE_BUSY);
1365:Drivers/STM32F0xx_HAL_Driver/Src/stm32f0xx_hal_tim_ex.c ****     }
1366:Drivers/STM32F0xx_HAL_Driver/Src/stm32f0xx_hal_tim_ex.c ****   }
1367:Drivers/STM32F0xx_HAL_Driver/Src/stm32f0xx_hal_tim_ex.c ****   else
1368:Drivers/STM32F0xx_HAL_Driver/Src/stm32f0xx_hal_tim_ex.c ****   {
1369:Drivers/STM32F0xx_HAL_Driver/Src/stm32f0xx_hal_tim_ex.c ****     return HAL_ERROR;
1370:Drivers/STM32F0xx_HAL_Driver/Src/stm32f0xx_hal_tim_ex.c ****   }
1371:Drivers/STM32F0xx_HAL_Driver/Src/stm32f0xx_hal_tim_ex.c **** 
1372:Drivers/STM32F0xx_HAL_Driver/Src/stm32f0xx_hal_tim_ex.c ****   switch (Channel)
1373:Drivers/STM32F0xx_HAL_Driver/Src/stm32f0xx_hal_tim_ex.c ****   {
1374:Drivers/STM32F0xx_HAL_Driver/Src/stm32f0xx_hal_tim_ex.c ****     case TIM_CHANNEL_1:
1375:Drivers/STM32F0xx_HAL_Driver/Src/stm32f0xx_hal_tim_ex.c ****     {
1376:Drivers/STM32F0xx_HAL_Driver/Src/stm32f0xx_hal_tim_ex.c ****       /* Set the DMA compare callbacks */
1377:Drivers/STM32F0xx_HAL_Driver/Src/stm32f0xx_hal_tim_ex.c ****       htim->hdma[TIM_DMA_ID_CC1]->XferCpltCallback = TIM_DMADelayPulseNCplt;
1378:Drivers/STM32F0xx_HAL_Driver/Src/stm32f0xx_hal_tim_ex.c ****       htim->hdma[TIM_DMA_ID_CC1]->XferHalfCpltCallback = TIM_DMADelayPulseHalfCplt;
1379:Drivers/STM32F0xx_HAL_Driver/Src/stm32f0xx_hal_tim_ex.c **** 
1380:Drivers/STM32F0xx_HAL_Driver/Src/stm32f0xx_hal_tim_ex.c ****       /* Set the DMA error callback */
1381:Drivers/STM32F0xx_HAL_Driver/Src/stm32f0xx_hal_tim_ex.c ****       htim->hdma[TIM_DMA_ID_CC1]->XferErrorCallback = TIM_DMAErrorCCxN ;
1382:Drivers/STM32F0xx_HAL_Driver/Src/stm32f0xx_hal_tim_ex.c **** 
1383:Drivers/STM32F0xx_HAL_Driver/Src/stm32f0xx_hal_tim_ex.c ****       /* Enable the DMA channel */
1384:Drivers/STM32F0xx_HAL_Driver/Src/stm32f0xx_hal_tim_ex.c ****       if (HAL_DMA_Start_IT(htim->hdma[TIM_DMA_ID_CC1], (uint32_t)pData, (uint32_t)&htim->Instance->
1385:Drivers/STM32F0xx_HAL_Driver/Src/stm32f0xx_hal_tim_ex.c ****                            Length) != HAL_OK)
1386:Drivers/STM32F0xx_HAL_Driver/Src/stm32f0xx_hal_tim_ex.c ****       {
1387:Drivers/STM32F0xx_HAL_Driver/Src/stm32f0xx_hal_tim_ex.c ****         /* Return error status */
1388:Drivers/STM32F0xx_HAL_Driver/Src/stm32f0xx_hal_tim_ex.c ****         return HAL_ERROR;
1389:Drivers/STM32F0xx_HAL_Driver/Src/stm32f0xx_hal_tim_ex.c ****       }
1390:Drivers/STM32F0xx_HAL_Driver/Src/stm32f0xx_hal_tim_ex.c ****       /* Enable the TIM Capture/Compare 1 DMA request */
1391:Drivers/STM32F0xx_HAL_Driver/Src/stm32f0xx_hal_tim_ex.c ****       __HAL_TIM_ENABLE_DMA(htim, TIM_DMA_CC1);
1392:Drivers/STM32F0xx_HAL_Driver/Src/stm32f0xx_hal_tim_ex.c ****       break;
1393:Drivers/STM32F0xx_HAL_Driver/Src/stm32f0xx_hal_tim_ex.c ****     }
1394:Drivers/STM32F0xx_HAL_Driver/Src/stm32f0xx_hal_tim_ex.c **** 
1395:Drivers/STM32F0xx_HAL_Driver/Src/stm32f0xx_hal_tim_ex.c ****     case TIM_CHANNEL_2:
1396:Drivers/STM32F0xx_HAL_Driver/Src/stm32f0xx_hal_tim_ex.c ****     {
1397:Drivers/STM32F0xx_HAL_Driver/Src/stm32f0xx_hal_tim_ex.c ****       /* Set the DMA compare callbacks */
1398:Drivers/STM32F0xx_HAL_Driver/Src/stm32f0xx_hal_tim_ex.c ****       htim->hdma[TIM_DMA_ID_CC2]->XferCpltCallback = TIM_DMADelayPulseNCplt;
1399:Drivers/STM32F0xx_HAL_Driver/Src/stm32f0xx_hal_tim_ex.c ****       htim->hdma[TIM_DMA_ID_CC2]->XferHalfCpltCallback = TIM_DMADelayPulseHalfCplt;
1400:Drivers/STM32F0xx_HAL_Driver/Src/stm32f0xx_hal_tim_ex.c **** 
ARM GAS  C:\Users\fastr\AppData\Local\Temp\ccGFXKp9.s 			page 26


1401:Drivers/STM32F0xx_HAL_Driver/Src/stm32f0xx_hal_tim_ex.c ****       /* Set the DMA error callback */
1402:Drivers/STM32F0xx_HAL_Driver/Src/stm32f0xx_hal_tim_ex.c ****       htim->hdma[TIM_DMA_ID_CC2]->XferErrorCallback = TIM_DMAErrorCCxN ;
1403:Drivers/STM32F0xx_HAL_Driver/Src/stm32f0xx_hal_tim_ex.c **** 
1404:Drivers/STM32F0xx_HAL_Driver/Src/stm32f0xx_hal_tim_ex.c ****       /* Enable the DMA channel */
1405:Drivers/STM32F0xx_HAL_Driver/Src/stm32f0xx_hal_tim_ex.c ****       if (HAL_DMA_Start_IT(htim->hdma[TIM_DMA_ID_CC2], (uint32_t)pData, (uint32_t)&htim->Instance->
1406:Drivers/STM32F0xx_HAL_Driver/Src/stm32f0xx_hal_tim_ex.c ****                            Length) != HAL_OK)
1407:Drivers/STM32F0xx_HAL_Driver/Src/stm32f0xx_hal_tim_ex.c ****       {
1408:Drivers/STM32F0xx_HAL_Driver/Src/stm32f0xx_hal_tim_ex.c ****         /* Return error status */
1409:Drivers/STM32F0xx_HAL_Driver/Src/stm32f0xx_hal_tim_ex.c ****         return HAL_ERROR;
1410:Drivers/STM32F0xx_HAL_Driver/Src/stm32f0xx_hal_tim_ex.c ****       }
1411:Drivers/STM32F0xx_HAL_Driver/Src/stm32f0xx_hal_tim_ex.c ****       /* Enable the TIM Capture/Compare 2 DMA request */
1412:Drivers/STM32F0xx_HAL_Driver/Src/stm32f0xx_hal_tim_ex.c ****       __HAL_TIM_ENABLE_DMA(htim, TIM_DMA_CC2);
1413:Drivers/STM32F0xx_HAL_Driver/Src/stm32f0xx_hal_tim_ex.c ****       break;
1414:Drivers/STM32F0xx_HAL_Driver/Src/stm32f0xx_hal_tim_ex.c ****     }
1415:Drivers/STM32F0xx_HAL_Driver/Src/stm32f0xx_hal_tim_ex.c **** 
1416:Drivers/STM32F0xx_HAL_Driver/Src/stm32f0xx_hal_tim_ex.c ****     case TIM_CHANNEL_3:
1417:Drivers/STM32F0xx_HAL_Driver/Src/stm32f0xx_hal_tim_ex.c ****     {
1418:Drivers/STM32F0xx_HAL_Driver/Src/stm32f0xx_hal_tim_ex.c ****       /* Set the DMA compare callbacks */
1419:Drivers/STM32F0xx_HAL_Driver/Src/stm32f0xx_hal_tim_ex.c ****       htim->hdma[TIM_DMA_ID_CC3]->XferCpltCallback = TIM_DMADelayPulseNCplt;
1420:Drivers/STM32F0xx_HAL_Driver/Src/stm32f0xx_hal_tim_ex.c ****       htim->hdma[TIM_DMA_ID_CC3]->XferHalfCpltCallback = TIM_DMADelayPulseHalfCplt;
1421:Drivers/STM32F0xx_HAL_Driver/Src/stm32f0xx_hal_tim_ex.c **** 
1422:Drivers/STM32F0xx_HAL_Driver/Src/stm32f0xx_hal_tim_ex.c ****       /* Set the DMA error callback */
1423:Drivers/STM32F0xx_HAL_Driver/Src/stm32f0xx_hal_tim_ex.c ****       htim->hdma[TIM_DMA_ID_CC3]->XferErrorCallback = TIM_DMAErrorCCxN ;
1424:Drivers/STM32F0xx_HAL_Driver/Src/stm32f0xx_hal_tim_ex.c **** 
1425:Drivers/STM32F0xx_HAL_Driver/Src/stm32f0xx_hal_tim_ex.c ****       /* Enable the DMA channel */
1426:Drivers/STM32F0xx_HAL_Driver/Src/stm32f0xx_hal_tim_ex.c ****       if (HAL_DMA_Start_IT(htim->hdma[TIM_DMA_ID_CC3], (uint32_t)pData, (uint32_t)&htim->Instance->
1427:Drivers/STM32F0xx_HAL_Driver/Src/stm32f0xx_hal_tim_ex.c ****                            Length) != HAL_OK)
1428:Drivers/STM32F0xx_HAL_Driver/Src/stm32f0xx_hal_tim_ex.c ****       {
1429:Drivers/STM32F0xx_HAL_Driver/Src/stm32f0xx_hal_tim_ex.c ****         /* Return error status */
1430:Drivers/STM32F0xx_HAL_Driver/Src/stm32f0xx_hal_tim_ex.c ****         return HAL_ERROR;
1431:Drivers/STM32F0xx_HAL_Driver/Src/stm32f0xx_hal_tim_ex.c ****       }
1432:Drivers/STM32F0xx_HAL_Driver/Src/stm32f0xx_hal_tim_ex.c ****       /* Enable the TIM Capture/Compare 3 DMA request */
1433:Drivers/STM32F0xx_HAL_Driver/Src/stm32f0xx_hal_tim_ex.c ****       __HAL_TIM_ENABLE_DMA(htim, TIM_DMA_CC3);
1434:Drivers/STM32F0xx_HAL_Driver/Src/stm32f0xx_hal_tim_ex.c ****       break;
1435:Drivers/STM32F0xx_HAL_Driver/Src/stm32f0xx_hal_tim_ex.c ****     }
1436:Drivers/STM32F0xx_HAL_Driver/Src/stm32f0xx_hal_tim_ex.c **** 
1437:Drivers/STM32F0xx_HAL_Driver/Src/stm32f0xx_hal_tim_ex.c ****     default:
1438:Drivers/STM32F0xx_HAL_Driver/Src/stm32f0xx_hal_tim_ex.c ****       status = HAL_ERROR;
1439:Drivers/STM32F0xx_HAL_Driver/Src/stm32f0xx_hal_tim_ex.c ****       break;
1440:Drivers/STM32F0xx_HAL_Driver/Src/stm32f0xx_hal_tim_ex.c ****   }
1441:Drivers/STM32F0xx_HAL_Driver/Src/stm32f0xx_hal_tim_ex.c **** 
1442:Drivers/STM32F0xx_HAL_Driver/Src/stm32f0xx_hal_tim_ex.c ****   if (status == HAL_OK)
1443:Drivers/STM32F0xx_HAL_Driver/Src/stm32f0xx_hal_tim_ex.c ****   {
1444:Drivers/STM32F0xx_HAL_Driver/Src/stm32f0xx_hal_tim_ex.c ****     /* Enable the complementary PWM output  */
1445:Drivers/STM32F0xx_HAL_Driver/Src/stm32f0xx_hal_tim_ex.c ****     TIM_CCxNChannelCmd(htim->Instance, Channel, TIM_CCxN_ENABLE);
1446:Drivers/STM32F0xx_HAL_Driver/Src/stm32f0xx_hal_tim_ex.c **** 
1447:Drivers/STM32F0xx_HAL_Driver/Src/stm32f0xx_hal_tim_ex.c ****     /* Enable the Main Output */
1448:Drivers/STM32F0xx_HAL_Driver/Src/stm32f0xx_hal_tim_ex.c ****     __HAL_TIM_MOE_ENABLE(htim);
1449:Drivers/STM32F0xx_HAL_Driver/Src/stm32f0xx_hal_tim_ex.c **** 
1450:Drivers/STM32F0xx_HAL_Driver/Src/stm32f0xx_hal_tim_ex.c ****     /* Enable the Peripheral, except in trigger mode where enable is automatically done with trigge
1451:Drivers/STM32F0xx_HAL_Driver/Src/stm32f0xx_hal_tim_ex.c ****     if (IS_TIM_SLAVE_INSTANCE(htim->Instance))
1452:Drivers/STM32F0xx_HAL_Driver/Src/stm32f0xx_hal_tim_ex.c ****     {
1453:Drivers/STM32F0xx_HAL_Driver/Src/stm32f0xx_hal_tim_ex.c ****       tmpsmcr = htim->Instance->SMCR & TIM_SMCR_SMS;
1454:Drivers/STM32F0xx_HAL_Driver/Src/stm32f0xx_hal_tim_ex.c ****       if (!IS_TIM_SLAVEMODE_TRIGGER_ENABLED(tmpsmcr))
1455:Drivers/STM32F0xx_HAL_Driver/Src/stm32f0xx_hal_tim_ex.c ****       {
1456:Drivers/STM32F0xx_HAL_Driver/Src/stm32f0xx_hal_tim_ex.c ****         __HAL_TIM_ENABLE(htim);
1457:Drivers/STM32F0xx_HAL_Driver/Src/stm32f0xx_hal_tim_ex.c ****       }
ARM GAS  C:\Users\fastr\AppData\Local\Temp\ccGFXKp9.s 			page 27


1458:Drivers/STM32F0xx_HAL_Driver/Src/stm32f0xx_hal_tim_ex.c ****     }
1459:Drivers/STM32F0xx_HAL_Driver/Src/stm32f0xx_hal_tim_ex.c ****     else
1460:Drivers/STM32F0xx_HAL_Driver/Src/stm32f0xx_hal_tim_ex.c ****     {
1461:Drivers/STM32F0xx_HAL_Driver/Src/stm32f0xx_hal_tim_ex.c ****       __HAL_TIM_ENABLE(htim);
1462:Drivers/STM32F0xx_HAL_Driver/Src/stm32f0xx_hal_tim_ex.c ****     }
1463:Drivers/STM32F0xx_HAL_Driver/Src/stm32f0xx_hal_tim_ex.c ****   }
1464:Drivers/STM32F0xx_HAL_Driver/Src/stm32f0xx_hal_tim_ex.c **** 
1465:Drivers/STM32F0xx_HAL_Driver/Src/stm32f0xx_hal_tim_ex.c ****   /* Return function status */
1466:Drivers/STM32F0xx_HAL_Driver/Src/stm32f0xx_hal_tim_ex.c ****   return status;
1467:Drivers/STM32F0xx_HAL_Driver/Src/stm32f0xx_hal_tim_ex.c **** }
1468:Drivers/STM32F0xx_HAL_Driver/Src/stm32f0xx_hal_tim_ex.c **** 
1469:Drivers/STM32F0xx_HAL_Driver/Src/stm32f0xx_hal_tim_ex.c **** /**
1470:Drivers/STM32F0xx_HAL_Driver/Src/stm32f0xx_hal_tim_ex.c ****   * @brief  Stops the TIM PWM signal generation in DMA mode on the complementary
1471:Drivers/STM32F0xx_HAL_Driver/Src/stm32f0xx_hal_tim_ex.c ****   *         output
1472:Drivers/STM32F0xx_HAL_Driver/Src/stm32f0xx_hal_tim_ex.c ****   * @param  htim TIM handle
1473:Drivers/STM32F0xx_HAL_Driver/Src/stm32f0xx_hal_tim_ex.c ****   * @param  Channel TIM Channel to be disabled
1474:Drivers/STM32F0xx_HAL_Driver/Src/stm32f0xx_hal_tim_ex.c ****   *          This parameter can be one of the following values:
1475:Drivers/STM32F0xx_HAL_Driver/Src/stm32f0xx_hal_tim_ex.c ****   *            @arg TIM_CHANNEL_1: TIM Channel 1 selected
1476:Drivers/STM32F0xx_HAL_Driver/Src/stm32f0xx_hal_tim_ex.c ****   *            @arg TIM_CHANNEL_2: TIM Channel 2 selected
1477:Drivers/STM32F0xx_HAL_Driver/Src/stm32f0xx_hal_tim_ex.c ****   *            @arg TIM_CHANNEL_3: TIM Channel 3 selected
1478:Drivers/STM32F0xx_HAL_Driver/Src/stm32f0xx_hal_tim_ex.c ****   * @retval HAL status
1479:Drivers/STM32F0xx_HAL_Driver/Src/stm32f0xx_hal_tim_ex.c ****   */
1480:Drivers/STM32F0xx_HAL_Driver/Src/stm32f0xx_hal_tim_ex.c **** HAL_StatusTypeDef HAL_TIMEx_PWMN_Stop_DMA(TIM_HandleTypeDef *htim, uint32_t Channel)
1481:Drivers/STM32F0xx_HAL_Driver/Src/stm32f0xx_hal_tim_ex.c **** {
1482:Drivers/STM32F0xx_HAL_Driver/Src/stm32f0xx_hal_tim_ex.c ****   HAL_StatusTypeDef status = HAL_OK;
1483:Drivers/STM32F0xx_HAL_Driver/Src/stm32f0xx_hal_tim_ex.c **** 
1484:Drivers/STM32F0xx_HAL_Driver/Src/stm32f0xx_hal_tim_ex.c ****   /* Check the parameters */
1485:Drivers/STM32F0xx_HAL_Driver/Src/stm32f0xx_hal_tim_ex.c ****   assert_param(IS_TIM_CCXN_INSTANCE(htim->Instance, Channel));
1486:Drivers/STM32F0xx_HAL_Driver/Src/stm32f0xx_hal_tim_ex.c **** 
1487:Drivers/STM32F0xx_HAL_Driver/Src/stm32f0xx_hal_tim_ex.c ****   switch (Channel)
1488:Drivers/STM32F0xx_HAL_Driver/Src/stm32f0xx_hal_tim_ex.c ****   {
1489:Drivers/STM32F0xx_HAL_Driver/Src/stm32f0xx_hal_tim_ex.c ****     case TIM_CHANNEL_1:
1490:Drivers/STM32F0xx_HAL_Driver/Src/stm32f0xx_hal_tim_ex.c ****     {
1491:Drivers/STM32F0xx_HAL_Driver/Src/stm32f0xx_hal_tim_ex.c ****       /* Disable the TIM Capture/Compare 1 DMA request */
1492:Drivers/STM32F0xx_HAL_Driver/Src/stm32f0xx_hal_tim_ex.c ****       __HAL_TIM_DISABLE_DMA(htim, TIM_DMA_CC1);
1493:Drivers/STM32F0xx_HAL_Driver/Src/stm32f0xx_hal_tim_ex.c ****       (void)HAL_DMA_Abort_IT(htim->hdma[TIM_DMA_ID_CC1]);
1494:Drivers/STM32F0xx_HAL_Driver/Src/stm32f0xx_hal_tim_ex.c ****       break;
1495:Drivers/STM32F0xx_HAL_Driver/Src/stm32f0xx_hal_tim_ex.c ****     }
1496:Drivers/STM32F0xx_HAL_Driver/Src/stm32f0xx_hal_tim_ex.c **** 
1497:Drivers/STM32F0xx_HAL_Driver/Src/stm32f0xx_hal_tim_ex.c ****     case TIM_CHANNEL_2:
1498:Drivers/STM32F0xx_HAL_Driver/Src/stm32f0xx_hal_tim_ex.c ****     {
1499:Drivers/STM32F0xx_HAL_Driver/Src/stm32f0xx_hal_tim_ex.c ****       /* Disable the TIM Capture/Compare 2 DMA request */
1500:Drivers/STM32F0xx_HAL_Driver/Src/stm32f0xx_hal_tim_ex.c ****       __HAL_TIM_DISABLE_DMA(htim, TIM_DMA_CC2);
1501:Drivers/STM32F0xx_HAL_Driver/Src/stm32f0xx_hal_tim_ex.c ****       (void)HAL_DMA_Abort_IT(htim->hdma[TIM_DMA_ID_CC2]);
1502:Drivers/STM32F0xx_HAL_Driver/Src/stm32f0xx_hal_tim_ex.c ****       break;
1503:Drivers/STM32F0xx_HAL_Driver/Src/stm32f0xx_hal_tim_ex.c ****     }
1504:Drivers/STM32F0xx_HAL_Driver/Src/stm32f0xx_hal_tim_ex.c **** 
1505:Drivers/STM32F0xx_HAL_Driver/Src/stm32f0xx_hal_tim_ex.c ****     case TIM_CHANNEL_3:
1506:Drivers/STM32F0xx_HAL_Driver/Src/stm32f0xx_hal_tim_ex.c ****     {
1507:Drivers/STM32F0xx_HAL_Driver/Src/stm32f0xx_hal_tim_ex.c ****       /* Disable the TIM Capture/Compare 3 DMA request */
1508:Drivers/STM32F0xx_HAL_Driver/Src/stm32f0xx_hal_tim_ex.c ****       __HAL_TIM_DISABLE_DMA(htim, TIM_DMA_CC3);
1509:Drivers/STM32F0xx_HAL_Driver/Src/stm32f0xx_hal_tim_ex.c ****       (void)HAL_DMA_Abort_IT(htim->hdma[TIM_DMA_ID_CC3]);
1510:Drivers/STM32F0xx_HAL_Driver/Src/stm32f0xx_hal_tim_ex.c ****       break;
1511:Drivers/STM32F0xx_HAL_Driver/Src/stm32f0xx_hal_tim_ex.c ****     }
1512:Drivers/STM32F0xx_HAL_Driver/Src/stm32f0xx_hal_tim_ex.c **** 
1513:Drivers/STM32F0xx_HAL_Driver/Src/stm32f0xx_hal_tim_ex.c ****     default:
1514:Drivers/STM32F0xx_HAL_Driver/Src/stm32f0xx_hal_tim_ex.c ****       status = HAL_ERROR;
ARM GAS  C:\Users\fastr\AppData\Local\Temp\ccGFXKp9.s 			page 28


1515:Drivers/STM32F0xx_HAL_Driver/Src/stm32f0xx_hal_tim_ex.c ****       break;
1516:Drivers/STM32F0xx_HAL_Driver/Src/stm32f0xx_hal_tim_ex.c ****   }
1517:Drivers/STM32F0xx_HAL_Driver/Src/stm32f0xx_hal_tim_ex.c **** 
1518:Drivers/STM32F0xx_HAL_Driver/Src/stm32f0xx_hal_tim_ex.c ****   if (status == HAL_OK)
1519:Drivers/STM32F0xx_HAL_Driver/Src/stm32f0xx_hal_tim_ex.c ****   {
1520:Drivers/STM32F0xx_HAL_Driver/Src/stm32f0xx_hal_tim_ex.c ****     /* Disable the complementary PWM output */
1521:Drivers/STM32F0xx_HAL_Driver/Src/stm32f0xx_hal_tim_ex.c ****     TIM_CCxNChannelCmd(htim->Instance, Channel, TIM_CCxN_DISABLE);
1522:Drivers/STM32F0xx_HAL_Driver/Src/stm32f0xx_hal_tim_ex.c **** 
1523:Drivers/STM32F0xx_HAL_Driver/Src/stm32f0xx_hal_tim_ex.c ****     /* Disable the Main Output */
1524:Drivers/STM32F0xx_HAL_Driver/Src/stm32f0xx_hal_tim_ex.c ****     __HAL_TIM_MOE_DISABLE(htim);
1525:Drivers/STM32F0xx_HAL_Driver/Src/stm32f0xx_hal_tim_ex.c **** 
1526:Drivers/STM32F0xx_HAL_Driver/Src/stm32f0xx_hal_tim_ex.c ****     /* Disable the Peripheral */
1527:Drivers/STM32F0xx_HAL_Driver/Src/stm32f0xx_hal_tim_ex.c ****     __HAL_TIM_DISABLE(htim);
1528:Drivers/STM32F0xx_HAL_Driver/Src/stm32f0xx_hal_tim_ex.c **** 
1529:Drivers/STM32F0xx_HAL_Driver/Src/stm32f0xx_hal_tim_ex.c ****     /* Set the TIM complementary channel state */
1530:Drivers/STM32F0xx_HAL_Driver/Src/stm32f0xx_hal_tim_ex.c ****     TIM_CHANNEL_N_STATE_SET(htim, Channel, HAL_TIM_CHANNEL_STATE_READY);
1531:Drivers/STM32F0xx_HAL_Driver/Src/stm32f0xx_hal_tim_ex.c ****   }
1532:Drivers/STM32F0xx_HAL_Driver/Src/stm32f0xx_hal_tim_ex.c **** 
1533:Drivers/STM32F0xx_HAL_Driver/Src/stm32f0xx_hal_tim_ex.c ****   /* Return function status */
1534:Drivers/STM32F0xx_HAL_Driver/Src/stm32f0xx_hal_tim_ex.c ****   return status;
1535:Drivers/STM32F0xx_HAL_Driver/Src/stm32f0xx_hal_tim_ex.c **** }
1536:Drivers/STM32F0xx_HAL_Driver/Src/stm32f0xx_hal_tim_ex.c **** 
1537:Drivers/STM32F0xx_HAL_Driver/Src/stm32f0xx_hal_tim_ex.c **** /**
1538:Drivers/STM32F0xx_HAL_Driver/Src/stm32f0xx_hal_tim_ex.c ****   * @}
1539:Drivers/STM32F0xx_HAL_Driver/Src/stm32f0xx_hal_tim_ex.c ****   */
1540:Drivers/STM32F0xx_HAL_Driver/Src/stm32f0xx_hal_tim_ex.c **** 
1541:Drivers/STM32F0xx_HAL_Driver/Src/stm32f0xx_hal_tim_ex.c **** /** @defgroup TIMEx_Exported_Functions_Group4 Extended Timer Complementary One Pulse functions
1542:Drivers/STM32F0xx_HAL_Driver/Src/stm32f0xx_hal_tim_ex.c ****   * @brief    Timer Complementary One Pulse functions
1543:Drivers/STM32F0xx_HAL_Driver/Src/stm32f0xx_hal_tim_ex.c ****   *
1544:Drivers/STM32F0xx_HAL_Driver/Src/stm32f0xx_hal_tim_ex.c **** @verbatim
1545:Drivers/STM32F0xx_HAL_Driver/Src/stm32f0xx_hal_tim_ex.c ****   ==============================================================================
1546:Drivers/STM32F0xx_HAL_Driver/Src/stm32f0xx_hal_tim_ex.c ****                 ##### Timer Complementary One Pulse functions #####
1547:Drivers/STM32F0xx_HAL_Driver/Src/stm32f0xx_hal_tim_ex.c ****   ==============================================================================
1548:Drivers/STM32F0xx_HAL_Driver/Src/stm32f0xx_hal_tim_ex.c ****   [..]
1549:Drivers/STM32F0xx_HAL_Driver/Src/stm32f0xx_hal_tim_ex.c ****     This section provides functions allowing to:
1550:Drivers/STM32F0xx_HAL_Driver/Src/stm32f0xx_hal_tim_ex.c ****     (+) Start the Complementary One Pulse generation.
1551:Drivers/STM32F0xx_HAL_Driver/Src/stm32f0xx_hal_tim_ex.c ****     (+) Stop the Complementary One Pulse.
1552:Drivers/STM32F0xx_HAL_Driver/Src/stm32f0xx_hal_tim_ex.c ****     (+) Start the Complementary One Pulse and enable interrupts.
1553:Drivers/STM32F0xx_HAL_Driver/Src/stm32f0xx_hal_tim_ex.c ****     (+) Stop the Complementary One Pulse and disable interrupts.
1554:Drivers/STM32F0xx_HAL_Driver/Src/stm32f0xx_hal_tim_ex.c **** 
1555:Drivers/STM32F0xx_HAL_Driver/Src/stm32f0xx_hal_tim_ex.c **** @endverbatim
1556:Drivers/STM32F0xx_HAL_Driver/Src/stm32f0xx_hal_tim_ex.c ****   * @{
1557:Drivers/STM32F0xx_HAL_Driver/Src/stm32f0xx_hal_tim_ex.c ****   */
1558:Drivers/STM32F0xx_HAL_Driver/Src/stm32f0xx_hal_tim_ex.c **** 
1559:Drivers/STM32F0xx_HAL_Driver/Src/stm32f0xx_hal_tim_ex.c **** /**
1560:Drivers/STM32F0xx_HAL_Driver/Src/stm32f0xx_hal_tim_ex.c ****   * @brief  Starts the TIM One Pulse signal generation on the complementary
1561:Drivers/STM32F0xx_HAL_Driver/Src/stm32f0xx_hal_tim_ex.c ****   *         output.
1562:Drivers/STM32F0xx_HAL_Driver/Src/stm32f0xx_hal_tim_ex.c ****   * @note OutputChannel must match the pulse output channel chosen when calling
1563:Drivers/STM32F0xx_HAL_Driver/Src/stm32f0xx_hal_tim_ex.c ****   *       @ref HAL_TIM_OnePulse_ConfigChannel().
1564:Drivers/STM32F0xx_HAL_Driver/Src/stm32f0xx_hal_tim_ex.c ****   * @param  htim TIM One Pulse handle
1565:Drivers/STM32F0xx_HAL_Driver/Src/stm32f0xx_hal_tim_ex.c ****   * @param  OutputChannel pulse output channel to enable
1566:Drivers/STM32F0xx_HAL_Driver/Src/stm32f0xx_hal_tim_ex.c ****   *          This parameter can be one of the following values:
1567:Drivers/STM32F0xx_HAL_Driver/Src/stm32f0xx_hal_tim_ex.c ****   *            @arg TIM_CHANNEL_1: TIM Channel 1 selected
1568:Drivers/STM32F0xx_HAL_Driver/Src/stm32f0xx_hal_tim_ex.c ****   *            @arg TIM_CHANNEL_2: TIM Channel 2 selected
1569:Drivers/STM32F0xx_HAL_Driver/Src/stm32f0xx_hal_tim_ex.c ****   * @retval HAL status
1570:Drivers/STM32F0xx_HAL_Driver/Src/stm32f0xx_hal_tim_ex.c ****   */
1571:Drivers/STM32F0xx_HAL_Driver/Src/stm32f0xx_hal_tim_ex.c **** HAL_StatusTypeDef HAL_TIMEx_OnePulseN_Start(TIM_HandleTypeDef *htim, uint32_t OutputChannel)
ARM GAS  C:\Users\fastr\AppData\Local\Temp\ccGFXKp9.s 			page 29


1572:Drivers/STM32F0xx_HAL_Driver/Src/stm32f0xx_hal_tim_ex.c **** {
1573:Drivers/STM32F0xx_HAL_Driver/Src/stm32f0xx_hal_tim_ex.c ****   uint32_t input_channel = (OutputChannel == TIM_CHANNEL_1) ? TIM_CHANNEL_2 : TIM_CHANNEL_1;
1574:Drivers/STM32F0xx_HAL_Driver/Src/stm32f0xx_hal_tim_ex.c ****   HAL_TIM_ChannelStateTypeDef channel_1_state = TIM_CHANNEL_STATE_GET(htim, TIM_CHANNEL_1);
1575:Drivers/STM32F0xx_HAL_Driver/Src/stm32f0xx_hal_tim_ex.c ****   HAL_TIM_ChannelStateTypeDef channel_2_state = TIM_CHANNEL_STATE_GET(htim, TIM_CHANNEL_2);
1576:Drivers/STM32F0xx_HAL_Driver/Src/stm32f0xx_hal_tim_ex.c ****   HAL_TIM_ChannelStateTypeDef complementary_channel_1_state = TIM_CHANNEL_N_STATE_GET(htim, TIM_CHA
1577:Drivers/STM32F0xx_HAL_Driver/Src/stm32f0xx_hal_tim_ex.c ****   HAL_TIM_ChannelStateTypeDef complementary_channel_2_state = TIM_CHANNEL_N_STATE_GET(htim, TIM_CHA
1578:Drivers/STM32F0xx_HAL_Driver/Src/stm32f0xx_hal_tim_ex.c **** 
1579:Drivers/STM32F0xx_HAL_Driver/Src/stm32f0xx_hal_tim_ex.c ****   /* Check the parameters */
1580:Drivers/STM32F0xx_HAL_Driver/Src/stm32f0xx_hal_tim_ex.c ****   assert_param(IS_TIM_CCXN_INSTANCE(htim->Instance, OutputChannel));
1581:Drivers/STM32F0xx_HAL_Driver/Src/stm32f0xx_hal_tim_ex.c **** 
1582:Drivers/STM32F0xx_HAL_Driver/Src/stm32f0xx_hal_tim_ex.c ****   /* Check the TIM channels state */
1583:Drivers/STM32F0xx_HAL_Driver/Src/stm32f0xx_hal_tim_ex.c ****   if ((channel_1_state != HAL_TIM_CHANNEL_STATE_READY)
1584:Drivers/STM32F0xx_HAL_Driver/Src/stm32f0xx_hal_tim_ex.c ****       || (channel_2_state != HAL_TIM_CHANNEL_STATE_READY)
1585:Drivers/STM32F0xx_HAL_Driver/Src/stm32f0xx_hal_tim_ex.c ****       || (complementary_channel_1_state != HAL_TIM_CHANNEL_STATE_READY)
1586:Drivers/STM32F0xx_HAL_Driver/Src/stm32f0xx_hal_tim_ex.c ****       || (complementary_channel_2_state != HAL_TIM_CHANNEL_STATE_READY))
1587:Drivers/STM32F0xx_HAL_Driver/Src/stm32f0xx_hal_tim_ex.c ****   {
1588:Drivers/STM32F0xx_HAL_Driver/Src/stm32f0xx_hal_tim_ex.c ****     return HAL_ERROR;
1589:Drivers/STM32F0xx_HAL_Driver/Src/stm32f0xx_hal_tim_ex.c ****   }
1590:Drivers/STM32F0xx_HAL_Driver/Src/stm32f0xx_hal_tim_ex.c **** 
1591:Drivers/STM32F0xx_HAL_Driver/Src/stm32f0xx_hal_tim_ex.c ****   /* Set the TIM channels state */
1592:Drivers/STM32F0xx_HAL_Driver/Src/stm32f0xx_hal_tim_ex.c ****   TIM_CHANNEL_STATE_SET(htim, TIM_CHANNEL_1, HAL_TIM_CHANNEL_STATE_BUSY);
1593:Drivers/STM32F0xx_HAL_Driver/Src/stm32f0xx_hal_tim_ex.c ****   TIM_CHANNEL_STATE_SET(htim, TIM_CHANNEL_2, HAL_TIM_CHANNEL_STATE_BUSY);
1594:Drivers/STM32F0xx_HAL_Driver/Src/stm32f0xx_hal_tim_ex.c ****   TIM_CHANNEL_N_STATE_SET(htim, TIM_CHANNEL_1, HAL_TIM_CHANNEL_STATE_BUSY);
1595:Drivers/STM32F0xx_HAL_Driver/Src/stm32f0xx_hal_tim_ex.c ****   TIM_CHANNEL_N_STATE_SET(htim, TIM_CHANNEL_2, HAL_TIM_CHANNEL_STATE_BUSY);
1596:Drivers/STM32F0xx_HAL_Driver/Src/stm32f0xx_hal_tim_ex.c **** 
1597:Drivers/STM32F0xx_HAL_Driver/Src/stm32f0xx_hal_tim_ex.c ****   /* Enable the complementary One Pulse output channel and the Input Capture channel */
1598:Drivers/STM32F0xx_HAL_Driver/Src/stm32f0xx_hal_tim_ex.c ****   TIM_CCxNChannelCmd(htim->Instance, OutputChannel, TIM_CCxN_ENABLE);
1599:Drivers/STM32F0xx_HAL_Driver/Src/stm32f0xx_hal_tim_ex.c ****   TIM_CCxChannelCmd(htim->Instance, input_channel, TIM_CCx_ENABLE);
1600:Drivers/STM32F0xx_HAL_Driver/Src/stm32f0xx_hal_tim_ex.c **** 
1601:Drivers/STM32F0xx_HAL_Driver/Src/stm32f0xx_hal_tim_ex.c ****   /* Enable the Main Output */
1602:Drivers/STM32F0xx_HAL_Driver/Src/stm32f0xx_hal_tim_ex.c ****   __HAL_TIM_MOE_ENABLE(htim);
1603:Drivers/STM32F0xx_HAL_Driver/Src/stm32f0xx_hal_tim_ex.c **** 
1604:Drivers/STM32F0xx_HAL_Driver/Src/stm32f0xx_hal_tim_ex.c ****   /* Return function status */
1605:Drivers/STM32F0xx_HAL_Driver/Src/stm32f0xx_hal_tim_ex.c ****   return HAL_OK;
1606:Drivers/STM32F0xx_HAL_Driver/Src/stm32f0xx_hal_tim_ex.c **** }
1607:Drivers/STM32F0xx_HAL_Driver/Src/stm32f0xx_hal_tim_ex.c **** 
1608:Drivers/STM32F0xx_HAL_Driver/Src/stm32f0xx_hal_tim_ex.c **** /**
1609:Drivers/STM32F0xx_HAL_Driver/Src/stm32f0xx_hal_tim_ex.c ****   * @brief  Stops the TIM One Pulse signal generation on the complementary
1610:Drivers/STM32F0xx_HAL_Driver/Src/stm32f0xx_hal_tim_ex.c ****   *         output.
1611:Drivers/STM32F0xx_HAL_Driver/Src/stm32f0xx_hal_tim_ex.c ****   * @note OutputChannel must match the pulse output channel chosen when calling
1612:Drivers/STM32F0xx_HAL_Driver/Src/stm32f0xx_hal_tim_ex.c ****   *       @ref HAL_TIM_OnePulse_ConfigChannel().
1613:Drivers/STM32F0xx_HAL_Driver/Src/stm32f0xx_hal_tim_ex.c ****   * @param  htim TIM One Pulse handle
1614:Drivers/STM32F0xx_HAL_Driver/Src/stm32f0xx_hal_tim_ex.c ****   * @param  OutputChannel pulse output channel to disable
1615:Drivers/STM32F0xx_HAL_Driver/Src/stm32f0xx_hal_tim_ex.c ****   *          This parameter can be one of the following values:
1616:Drivers/STM32F0xx_HAL_Driver/Src/stm32f0xx_hal_tim_ex.c ****   *            @arg TIM_CHANNEL_1: TIM Channel 1 selected
1617:Drivers/STM32F0xx_HAL_Driver/Src/stm32f0xx_hal_tim_ex.c ****   *            @arg TIM_CHANNEL_2: TIM Channel 2 selected
1618:Drivers/STM32F0xx_HAL_Driver/Src/stm32f0xx_hal_tim_ex.c ****   * @retval HAL status
1619:Drivers/STM32F0xx_HAL_Driver/Src/stm32f0xx_hal_tim_ex.c ****   */
1620:Drivers/STM32F0xx_HAL_Driver/Src/stm32f0xx_hal_tim_ex.c **** HAL_StatusTypeDef HAL_TIMEx_OnePulseN_Stop(TIM_HandleTypeDef *htim, uint32_t OutputChannel)
1621:Drivers/STM32F0xx_HAL_Driver/Src/stm32f0xx_hal_tim_ex.c **** {
1622:Drivers/STM32F0xx_HAL_Driver/Src/stm32f0xx_hal_tim_ex.c ****   uint32_t input_channel = (OutputChannel == TIM_CHANNEL_1) ? TIM_CHANNEL_2 : TIM_CHANNEL_1;
1623:Drivers/STM32F0xx_HAL_Driver/Src/stm32f0xx_hal_tim_ex.c **** 
1624:Drivers/STM32F0xx_HAL_Driver/Src/stm32f0xx_hal_tim_ex.c ****   /* Check the parameters */
1625:Drivers/STM32F0xx_HAL_Driver/Src/stm32f0xx_hal_tim_ex.c ****   assert_param(IS_TIM_CCXN_INSTANCE(htim->Instance, OutputChannel));
1626:Drivers/STM32F0xx_HAL_Driver/Src/stm32f0xx_hal_tim_ex.c **** 
1627:Drivers/STM32F0xx_HAL_Driver/Src/stm32f0xx_hal_tim_ex.c ****   /* Disable the complementary One Pulse output channel and the Input Capture channel */
1628:Drivers/STM32F0xx_HAL_Driver/Src/stm32f0xx_hal_tim_ex.c ****   TIM_CCxNChannelCmd(htim->Instance, OutputChannel, TIM_CCxN_DISABLE);
ARM GAS  C:\Users\fastr\AppData\Local\Temp\ccGFXKp9.s 			page 30


1629:Drivers/STM32F0xx_HAL_Driver/Src/stm32f0xx_hal_tim_ex.c ****   TIM_CCxChannelCmd(htim->Instance, input_channel, TIM_CCx_DISABLE);
1630:Drivers/STM32F0xx_HAL_Driver/Src/stm32f0xx_hal_tim_ex.c **** 
1631:Drivers/STM32F0xx_HAL_Driver/Src/stm32f0xx_hal_tim_ex.c ****   /* Disable the Main Output */
1632:Drivers/STM32F0xx_HAL_Driver/Src/stm32f0xx_hal_tim_ex.c ****   __HAL_TIM_MOE_DISABLE(htim);
1633:Drivers/STM32F0xx_HAL_Driver/Src/stm32f0xx_hal_tim_ex.c **** 
1634:Drivers/STM32F0xx_HAL_Driver/Src/stm32f0xx_hal_tim_ex.c ****   /* Disable the Peripheral */
1635:Drivers/STM32F0xx_HAL_Driver/Src/stm32f0xx_hal_tim_ex.c ****   __HAL_TIM_DISABLE(htim);
1636:Drivers/STM32F0xx_HAL_Driver/Src/stm32f0xx_hal_tim_ex.c **** 
1637:Drivers/STM32F0xx_HAL_Driver/Src/stm32f0xx_hal_tim_ex.c ****   /* Set the TIM  channels state */
1638:Drivers/STM32F0xx_HAL_Driver/Src/stm32f0xx_hal_tim_ex.c ****   TIM_CHANNEL_STATE_SET(htim, TIM_CHANNEL_1, HAL_TIM_CHANNEL_STATE_READY);
1639:Drivers/STM32F0xx_HAL_Driver/Src/stm32f0xx_hal_tim_ex.c ****   TIM_CHANNEL_STATE_SET(htim, TIM_CHANNEL_2, HAL_TIM_CHANNEL_STATE_READY);
1640:Drivers/STM32F0xx_HAL_Driver/Src/stm32f0xx_hal_tim_ex.c ****   TIM_CHANNEL_N_STATE_SET(htim, TIM_CHANNEL_1, HAL_TIM_CHANNEL_STATE_READY);
1641:Drivers/STM32F0xx_HAL_Driver/Src/stm32f0xx_hal_tim_ex.c ****   TIM_CHANNEL_N_STATE_SET(htim, TIM_CHANNEL_2, HAL_TIM_CHANNEL_STATE_READY);
1642:Drivers/STM32F0xx_HAL_Driver/Src/stm32f0xx_hal_tim_ex.c **** 
1643:Drivers/STM32F0xx_HAL_Driver/Src/stm32f0xx_hal_tim_ex.c ****   /* Return function status */
1644:Drivers/STM32F0xx_HAL_Driver/Src/stm32f0xx_hal_tim_ex.c ****   return HAL_OK;
1645:Drivers/STM32F0xx_HAL_Driver/Src/stm32f0xx_hal_tim_ex.c **** }
1646:Drivers/STM32F0xx_HAL_Driver/Src/stm32f0xx_hal_tim_ex.c **** 
1647:Drivers/STM32F0xx_HAL_Driver/Src/stm32f0xx_hal_tim_ex.c **** /**
1648:Drivers/STM32F0xx_HAL_Driver/Src/stm32f0xx_hal_tim_ex.c ****   * @brief  Starts the TIM One Pulse signal generation in interrupt mode on the
1649:Drivers/STM32F0xx_HAL_Driver/Src/stm32f0xx_hal_tim_ex.c ****   *         complementary channel.
1650:Drivers/STM32F0xx_HAL_Driver/Src/stm32f0xx_hal_tim_ex.c ****   * @note OutputChannel must match the pulse output channel chosen when calling
1651:Drivers/STM32F0xx_HAL_Driver/Src/stm32f0xx_hal_tim_ex.c ****   *       @ref HAL_TIM_OnePulse_ConfigChannel().
1652:Drivers/STM32F0xx_HAL_Driver/Src/stm32f0xx_hal_tim_ex.c ****   * @param  htim TIM One Pulse handle
1653:Drivers/STM32F0xx_HAL_Driver/Src/stm32f0xx_hal_tim_ex.c ****   * @param  OutputChannel pulse output channel to enable
1654:Drivers/STM32F0xx_HAL_Driver/Src/stm32f0xx_hal_tim_ex.c ****   *          This parameter can be one of the following values:
1655:Drivers/STM32F0xx_HAL_Driver/Src/stm32f0xx_hal_tim_ex.c ****   *            @arg TIM_CHANNEL_1: TIM Channel 1 selected
1656:Drivers/STM32F0xx_HAL_Driver/Src/stm32f0xx_hal_tim_ex.c ****   *            @arg TIM_CHANNEL_2: TIM Channel 2 selected
1657:Drivers/STM32F0xx_HAL_Driver/Src/stm32f0xx_hal_tim_ex.c ****   * @retval HAL status
1658:Drivers/STM32F0xx_HAL_Driver/Src/stm32f0xx_hal_tim_ex.c ****   */
1659:Drivers/STM32F0xx_HAL_Driver/Src/stm32f0xx_hal_tim_ex.c **** HAL_StatusTypeDef HAL_TIMEx_OnePulseN_Start_IT(TIM_HandleTypeDef *htim, uint32_t OutputChannel)
1660:Drivers/STM32F0xx_HAL_Driver/Src/stm32f0xx_hal_tim_ex.c **** {
1661:Drivers/STM32F0xx_HAL_Driver/Src/stm32f0xx_hal_tim_ex.c ****   uint32_t input_channel = (OutputChannel == TIM_CHANNEL_1) ? TIM_CHANNEL_2 : TIM_CHANNEL_1;
1662:Drivers/STM32F0xx_HAL_Driver/Src/stm32f0xx_hal_tim_ex.c ****   HAL_TIM_ChannelStateTypeDef channel_1_state = TIM_CHANNEL_STATE_GET(htim, TIM_CHANNEL_1);
1663:Drivers/STM32F0xx_HAL_Driver/Src/stm32f0xx_hal_tim_ex.c ****   HAL_TIM_ChannelStateTypeDef channel_2_state = TIM_CHANNEL_STATE_GET(htim, TIM_CHANNEL_2);
1664:Drivers/STM32F0xx_HAL_Driver/Src/stm32f0xx_hal_tim_ex.c ****   HAL_TIM_ChannelStateTypeDef complementary_channel_1_state = TIM_CHANNEL_N_STATE_GET(htim, TIM_CHA
1665:Drivers/STM32F0xx_HAL_Driver/Src/stm32f0xx_hal_tim_ex.c ****   HAL_TIM_ChannelStateTypeDef complementary_channel_2_state = TIM_CHANNEL_N_STATE_GET(htim, TIM_CHA
1666:Drivers/STM32F0xx_HAL_Driver/Src/stm32f0xx_hal_tim_ex.c **** 
1667:Drivers/STM32F0xx_HAL_Driver/Src/stm32f0xx_hal_tim_ex.c ****   /* Check the parameters */
1668:Drivers/STM32F0xx_HAL_Driver/Src/stm32f0xx_hal_tim_ex.c ****   assert_param(IS_TIM_CCXN_INSTANCE(htim->Instance, OutputChannel));
1669:Drivers/STM32F0xx_HAL_Driver/Src/stm32f0xx_hal_tim_ex.c **** 
1670:Drivers/STM32F0xx_HAL_Driver/Src/stm32f0xx_hal_tim_ex.c ****   /* Check the TIM channels state */
1671:Drivers/STM32F0xx_HAL_Driver/Src/stm32f0xx_hal_tim_ex.c ****   if ((channel_1_state != HAL_TIM_CHANNEL_STATE_READY)
1672:Drivers/STM32F0xx_HAL_Driver/Src/stm32f0xx_hal_tim_ex.c ****       || (channel_2_state != HAL_TIM_CHANNEL_STATE_READY)
1673:Drivers/STM32F0xx_HAL_Driver/Src/stm32f0xx_hal_tim_ex.c ****       || (complementary_channel_1_state != HAL_TIM_CHANNEL_STATE_READY)
1674:Drivers/STM32F0xx_HAL_Driver/Src/stm32f0xx_hal_tim_ex.c ****       || (complementary_channel_2_state != HAL_TIM_CHANNEL_STATE_READY))
1675:Drivers/STM32F0xx_HAL_Driver/Src/stm32f0xx_hal_tim_ex.c ****   {
1676:Drivers/STM32F0xx_HAL_Driver/Src/stm32f0xx_hal_tim_ex.c ****     return HAL_ERROR;
1677:Drivers/STM32F0xx_HAL_Driver/Src/stm32f0xx_hal_tim_ex.c ****   }
1678:Drivers/STM32F0xx_HAL_Driver/Src/stm32f0xx_hal_tim_ex.c **** 
1679:Drivers/STM32F0xx_HAL_Driver/Src/stm32f0xx_hal_tim_ex.c ****   /* Set the TIM channels state */
1680:Drivers/STM32F0xx_HAL_Driver/Src/stm32f0xx_hal_tim_ex.c ****   TIM_CHANNEL_STATE_SET(htim, TIM_CHANNEL_1, HAL_TIM_CHANNEL_STATE_BUSY);
1681:Drivers/STM32F0xx_HAL_Driver/Src/stm32f0xx_hal_tim_ex.c ****   TIM_CHANNEL_STATE_SET(htim, TIM_CHANNEL_2, HAL_TIM_CHANNEL_STATE_BUSY);
1682:Drivers/STM32F0xx_HAL_Driver/Src/stm32f0xx_hal_tim_ex.c ****   TIM_CHANNEL_N_STATE_SET(htim, TIM_CHANNEL_1, HAL_TIM_CHANNEL_STATE_BUSY);
1683:Drivers/STM32F0xx_HAL_Driver/Src/stm32f0xx_hal_tim_ex.c ****   TIM_CHANNEL_N_STATE_SET(htim, TIM_CHANNEL_2, HAL_TIM_CHANNEL_STATE_BUSY);
1684:Drivers/STM32F0xx_HAL_Driver/Src/stm32f0xx_hal_tim_ex.c **** 
1685:Drivers/STM32F0xx_HAL_Driver/Src/stm32f0xx_hal_tim_ex.c ****   /* Enable the TIM Capture/Compare 1 interrupt */
ARM GAS  C:\Users\fastr\AppData\Local\Temp\ccGFXKp9.s 			page 31


1686:Drivers/STM32F0xx_HAL_Driver/Src/stm32f0xx_hal_tim_ex.c ****   __HAL_TIM_ENABLE_IT(htim, TIM_IT_CC1);
1687:Drivers/STM32F0xx_HAL_Driver/Src/stm32f0xx_hal_tim_ex.c **** 
1688:Drivers/STM32F0xx_HAL_Driver/Src/stm32f0xx_hal_tim_ex.c ****   /* Enable the TIM Capture/Compare 2 interrupt */
1689:Drivers/STM32F0xx_HAL_Driver/Src/stm32f0xx_hal_tim_ex.c ****   __HAL_TIM_ENABLE_IT(htim, TIM_IT_CC2);
1690:Drivers/STM32F0xx_HAL_Driver/Src/stm32f0xx_hal_tim_ex.c **** 
1691:Drivers/STM32F0xx_HAL_Driver/Src/stm32f0xx_hal_tim_ex.c ****   /* Enable the complementary One Pulse output channel and the Input Capture channel */
1692:Drivers/STM32F0xx_HAL_Driver/Src/stm32f0xx_hal_tim_ex.c ****   TIM_CCxNChannelCmd(htim->Instance, OutputChannel, TIM_CCxN_ENABLE);
1693:Drivers/STM32F0xx_HAL_Driver/Src/stm32f0xx_hal_tim_ex.c ****   TIM_CCxChannelCmd(htim->Instance, input_channel, TIM_CCx_ENABLE);
1694:Drivers/STM32F0xx_HAL_Driver/Src/stm32f0xx_hal_tim_ex.c **** 
1695:Drivers/STM32F0xx_HAL_Driver/Src/stm32f0xx_hal_tim_ex.c ****   /* Enable the Main Output */
1696:Drivers/STM32F0xx_HAL_Driver/Src/stm32f0xx_hal_tim_ex.c ****   __HAL_TIM_MOE_ENABLE(htim);
1697:Drivers/STM32F0xx_HAL_Driver/Src/stm32f0xx_hal_tim_ex.c **** 
1698:Drivers/STM32F0xx_HAL_Driver/Src/stm32f0xx_hal_tim_ex.c ****   /* Return function status */
1699:Drivers/STM32F0xx_HAL_Driver/Src/stm32f0xx_hal_tim_ex.c ****   return HAL_OK;
1700:Drivers/STM32F0xx_HAL_Driver/Src/stm32f0xx_hal_tim_ex.c **** }
1701:Drivers/STM32F0xx_HAL_Driver/Src/stm32f0xx_hal_tim_ex.c **** 
1702:Drivers/STM32F0xx_HAL_Driver/Src/stm32f0xx_hal_tim_ex.c **** /**
1703:Drivers/STM32F0xx_HAL_Driver/Src/stm32f0xx_hal_tim_ex.c ****   * @brief  Stops the TIM One Pulse signal generation in interrupt mode on the
1704:Drivers/STM32F0xx_HAL_Driver/Src/stm32f0xx_hal_tim_ex.c ****   *         complementary channel.
1705:Drivers/STM32F0xx_HAL_Driver/Src/stm32f0xx_hal_tim_ex.c ****   * @note OutputChannel must match the pulse output channel chosen when calling
1706:Drivers/STM32F0xx_HAL_Driver/Src/stm32f0xx_hal_tim_ex.c ****   *       @ref HAL_TIM_OnePulse_ConfigChannel().
1707:Drivers/STM32F0xx_HAL_Driver/Src/stm32f0xx_hal_tim_ex.c ****   * @param  htim TIM One Pulse handle
1708:Drivers/STM32F0xx_HAL_Driver/Src/stm32f0xx_hal_tim_ex.c ****   * @param  OutputChannel pulse output channel to disable
1709:Drivers/STM32F0xx_HAL_Driver/Src/stm32f0xx_hal_tim_ex.c ****   *          This parameter can be one of the following values:
1710:Drivers/STM32F0xx_HAL_Driver/Src/stm32f0xx_hal_tim_ex.c ****   *            @arg TIM_CHANNEL_1: TIM Channel 1 selected
1711:Drivers/STM32F0xx_HAL_Driver/Src/stm32f0xx_hal_tim_ex.c ****   *            @arg TIM_CHANNEL_2: TIM Channel 2 selected
1712:Drivers/STM32F0xx_HAL_Driver/Src/stm32f0xx_hal_tim_ex.c ****   * @retval HAL status
1713:Drivers/STM32F0xx_HAL_Driver/Src/stm32f0xx_hal_tim_ex.c ****   */
1714:Drivers/STM32F0xx_HAL_Driver/Src/stm32f0xx_hal_tim_ex.c **** HAL_StatusTypeDef HAL_TIMEx_OnePulseN_Stop_IT(TIM_HandleTypeDef *htim, uint32_t OutputChannel)
1715:Drivers/STM32F0xx_HAL_Driver/Src/stm32f0xx_hal_tim_ex.c **** {
1716:Drivers/STM32F0xx_HAL_Driver/Src/stm32f0xx_hal_tim_ex.c ****   uint32_t input_channel = (OutputChannel == TIM_CHANNEL_1) ? TIM_CHANNEL_2 : TIM_CHANNEL_1;
1717:Drivers/STM32F0xx_HAL_Driver/Src/stm32f0xx_hal_tim_ex.c **** 
1718:Drivers/STM32F0xx_HAL_Driver/Src/stm32f0xx_hal_tim_ex.c ****   /* Check the parameters */
1719:Drivers/STM32F0xx_HAL_Driver/Src/stm32f0xx_hal_tim_ex.c ****   assert_param(IS_TIM_CCXN_INSTANCE(htim->Instance, OutputChannel));
1720:Drivers/STM32F0xx_HAL_Driver/Src/stm32f0xx_hal_tim_ex.c **** 
1721:Drivers/STM32F0xx_HAL_Driver/Src/stm32f0xx_hal_tim_ex.c ****   /* Disable the TIM Capture/Compare 1 interrupt */
1722:Drivers/STM32F0xx_HAL_Driver/Src/stm32f0xx_hal_tim_ex.c ****   __HAL_TIM_DISABLE_IT(htim, TIM_IT_CC1);
1723:Drivers/STM32F0xx_HAL_Driver/Src/stm32f0xx_hal_tim_ex.c **** 
1724:Drivers/STM32F0xx_HAL_Driver/Src/stm32f0xx_hal_tim_ex.c ****   /* Disable the TIM Capture/Compare 2 interrupt */
1725:Drivers/STM32F0xx_HAL_Driver/Src/stm32f0xx_hal_tim_ex.c ****   __HAL_TIM_DISABLE_IT(htim, TIM_IT_CC2);
1726:Drivers/STM32F0xx_HAL_Driver/Src/stm32f0xx_hal_tim_ex.c **** 
1727:Drivers/STM32F0xx_HAL_Driver/Src/stm32f0xx_hal_tim_ex.c ****   /* Disable the complementary One Pulse output channel and the Input Capture channel */
1728:Drivers/STM32F0xx_HAL_Driver/Src/stm32f0xx_hal_tim_ex.c ****   TIM_CCxNChannelCmd(htim->Instance, OutputChannel, TIM_CCxN_DISABLE);
1729:Drivers/STM32F0xx_HAL_Driver/Src/stm32f0xx_hal_tim_ex.c ****   TIM_CCxChannelCmd(htim->Instance, input_channel, TIM_CCx_DISABLE);
1730:Drivers/STM32F0xx_HAL_Driver/Src/stm32f0xx_hal_tim_ex.c **** 
1731:Drivers/STM32F0xx_HAL_Driver/Src/stm32f0xx_hal_tim_ex.c ****   /* Disable the Main Output */
1732:Drivers/STM32F0xx_HAL_Driver/Src/stm32f0xx_hal_tim_ex.c ****   __HAL_TIM_MOE_DISABLE(htim);
1733:Drivers/STM32F0xx_HAL_Driver/Src/stm32f0xx_hal_tim_ex.c **** 
1734:Drivers/STM32F0xx_HAL_Driver/Src/stm32f0xx_hal_tim_ex.c ****   /* Disable the Peripheral */
1735:Drivers/STM32F0xx_HAL_Driver/Src/stm32f0xx_hal_tim_ex.c ****   __HAL_TIM_DISABLE(htim);
1736:Drivers/STM32F0xx_HAL_Driver/Src/stm32f0xx_hal_tim_ex.c **** 
1737:Drivers/STM32F0xx_HAL_Driver/Src/stm32f0xx_hal_tim_ex.c ****   /* Set the TIM  channels state */
1738:Drivers/STM32F0xx_HAL_Driver/Src/stm32f0xx_hal_tim_ex.c ****   TIM_CHANNEL_STATE_SET(htim, TIM_CHANNEL_1, HAL_TIM_CHANNEL_STATE_READY);
1739:Drivers/STM32F0xx_HAL_Driver/Src/stm32f0xx_hal_tim_ex.c ****   TIM_CHANNEL_STATE_SET(htim, TIM_CHANNEL_2, HAL_TIM_CHANNEL_STATE_READY);
1740:Drivers/STM32F0xx_HAL_Driver/Src/stm32f0xx_hal_tim_ex.c ****   TIM_CHANNEL_N_STATE_SET(htim, TIM_CHANNEL_1, HAL_TIM_CHANNEL_STATE_READY);
1741:Drivers/STM32F0xx_HAL_Driver/Src/stm32f0xx_hal_tim_ex.c ****   TIM_CHANNEL_N_STATE_SET(htim, TIM_CHANNEL_2, HAL_TIM_CHANNEL_STATE_READY);
1742:Drivers/STM32F0xx_HAL_Driver/Src/stm32f0xx_hal_tim_ex.c **** 
ARM GAS  C:\Users\fastr\AppData\Local\Temp\ccGFXKp9.s 			page 32


1743:Drivers/STM32F0xx_HAL_Driver/Src/stm32f0xx_hal_tim_ex.c ****   /* Return function status */
1744:Drivers/STM32F0xx_HAL_Driver/Src/stm32f0xx_hal_tim_ex.c ****   return HAL_OK;
1745:Drivers/STM32F0xx_HAL_Driver/Src/stm32f0xx_hal_tim_ex.c **** }
1746:Drivers/STM32F0xx_HAL_Driver/Src/stm32f0xx_hal_tim_ex.c **** 
1747:Drivers/STM32F0xx_HAL_Driver/Src/stm32f0xx_hal_tim_ex.c **** /**
1748:Drivers/STM32F0xx_HAL_Driver/Src/stm32f0xx_hal_tim_ex.c ****   * @}
1749:Drivers/STM32F0xx_HAL_Driver/Src/stm32f0xx_hal_tim_ex.c ****   */
1750:Drivers/STM32F0xx_HAL_Driver/Src/stm32f0xx_hal_tim_ex.c **** 
1751:Drivers/STM32F0xx_HAL_Driver/Src/stm32f0xx_hal_tim_ex.c **** /** @defgroup TIMEx_Exported_Functions_Group5 Extended Peripheral Control functions
1752:Drivers/STM32F0xx_HAL_Driver/Src/stm32f0xx_hal_tim_ex.c ****   * @brief    Peripheral Control functions
1753:Drivers/STM32F0xx_HAL_Driver/Src/stm32f0xx_hal_tim_ex.c ****   *
1754:Drivers/STM32F0xx_HAL_Driver/Src/stm32f0xx_hal_tim_ex.c **** @verbatim
1755:Drivers/STM32F0xx_HAL_Driver/Src/stm32f0xx_hal_tim_ex.c ****   ==============================================================================
1756:Drivers/STM32F0xx_HAL_Driver/Src/stm32f0xx_hal_tim_ex.c ****                     ##### Peripheral Control functions #####
1757:Drivers/STM32F0xx_HAL_Driver/Src/stm32f0xx_hal_tim_ex.c ****   ==============================================================================
1758:Drivers/STM32F0xx_HAL_Driver/Src/stm32f0xx_hal_tim_ex.c ****   [..]
1759:Drivers/STM32F0xx_HAL_Driver/Src/stm32f0xx_hal_tim_ex.c ****     This section provides functions allowing to:
1760:Drivers/STM32F0xx_HAL_Driver/Src/stm32f0xx_hal_tim_ex.c ****       (+) Configure the commutation event in case of use of the Hall sensor interface.
1761:Drivers/STM32F0xx_HAL_Driver/Src/stm32f0xx_hal_tim_ex.c ****       (+) Configure Output channels for OC and PWM mode.
1762:Drivers/STM32F0xx_HAL_Driver/Src/stm32f0xx_hal_tim_ex.c **** 
1763:Drivers/STM32F0xx_HAL_Driver/Src/stm32f0xx_hal_tim_ex.c ****       (+) Configure Complementary channels, break features and dead time.
1764:Drivers/STM32F0xx_HAL_Driver/Src/stm32f0xx_hal_tim_ex.c ****       (+) Configure Master synchronization.
1765:Drivers/STM32F0xx_HAL_Driver/Src/stm32f0xx_hal_tim_ex.c ****       (+) Configure timer remapping capabilities.
1766:Drivers/STM32F0xx_HAL_Driver/Src/stm32f0xx_hal_tim_ex.c **** 
1767:Drivers/STM32F0xx_HAL_Driver/Src/stm32f0xx_hal_tim_ex.c **** @endverbatim
1768:Drivers/STM32F0xx_HAL_Driver/Src/stm32f0xx_hal_tim_ex.c ****   * @{
1769:Drivers/STM32F0xx_HAL_Driver/Src/stm32f0xx_hal_tim_ex.c ****   */
1770:Drivers/STM32F0xx_HAL_Driver/Src/stm32f0xx_hal_tim_ex.c **** 
1771:Drivers/STM32F0xx_HAL_Driver/Src/stm32f0xx_hal_tim_ex.c **** /**
1772:Drivers/STM32F0xx_HAL_Driver/Src/stm32f0xx_hal_tim_ex.c ****   * @brief  Configure the TIM commutation event sequence.
1773:Drivers/STM32F0xx_HAL_Driver/Src/stm32f0xx_hal_tim_ex.c ****   * @note  This function is mandatory to use the commutation event in order to
1774:Drivers/STM32F0xx_HAL_Driver/Src/stm32f0xx_hal_tim_ex.c ****   *        update the configuration at each commutation detection on the TRGI input of the Timer,
1775:Drivers/STM32F0xx_HAL_Driver/Src/stm32f0xx_hal_tim_ex.c ****   *        the typical use of this feature is with the use of another Timer(interface Timer)
1776:Drivers/STM32F0xx_HAL_Driver/Src/stm32f0xx_hal_tim_ex.c ****   *        configured in Hall sensor interface, this interface Timer will generate the
1777:Drivers/STM32F0xx_HAL_Driver/Src/stm32f0xx_hal_tim_ex.c ****   *        commutation at its TRGO output (connected to Timer used in this function) each time
1778:Drivers/STM32F0xx_HAL_Driver/Src/stm32f0xx_hal_tim_ex.c ****   *        the TI1 of the Interface Timer detect a commutation at its input TI1.
1779:Drivers/STM32F0xx_HAL_Driver/Src/stm32f0xx_hal_tim_ex.c ****   * @param  htim TIM handle
1780:Drivers/STM32F0xx_HAL_Driver/Src/stm32f0xx_hal_tim_ex.c ****   * @param  InputTrigger the Internal trigger corresponding to the Timer Interfacing with the Hall 
1781:Drivers/STM32F0xx_HAL_Driver/Src/stm32f0xx_hal_tim_ex.c ****   *          This parameter can be one of the following values:
1782:Drivers/STM32F0xx_HAL_Driver/Src/stm32f0xx_hal_tim_ex.c ****   *            @arg TIM_TS_ITR0: Internal trigger 0 selected
1783:Drivers/STM32F0xx_HAL_Driver/Src/stm32f0xx_hal_tim_ex.c ****   *            @arg TIM_TS_ITR1: Internal trigger 1 selected
1784:Drivers/STM32F0xx_HAL_Driver/Src/stm32f0xx_hal_tim_ex.c ****   *            @arg TIM_TS_ITR2: Internal trigger 2 selected
1785:Drivers/STM32F0xx_HAL_Driver/Src/stm32f0xx_hal_tim_ex.c ****   *            @arg TIM_TS_ITR3: Internal trigger 3 selected
1786:Drivers/STM32F0xx_HAL_Driver/Src/stm32f0xx_hal_tim_ex.c ****   *            @arg TIM_TS_NONE: No trigger is needed
1787:Drivers/STM32F0xx_HAL_Driver/Src/stm32f0xx_hal_tim_ex.c ****   * @param  CommutationSource the Commutation Event source
1788:Drivers/STM32F0xx_HAL_Driver/Src/stm32f0xx_hal_tim_ex.c ****   *          This parameter can be one of the following values:
1789:Drivers/STM32F0xx_HAL_Driver/Src/stm32f0xx_hal_tim_ex.c ****   *            @arg TIM_COMMUTATION_TRGI: Commutation source is the TRGI of the Interface Timer
1790:Drivers/STM32F0xx_HAL_Driver/Src/stm32f0xx_hal_tim_ex.c ****   *            @arg TIM_COMMUTATION_SOFTWARE:  Commutation source is set by software using the COMG
1791:Drivers/STM32F0xx_HAL_Driver/Src/stm32f0xx_hal_tim_ex.c ****   * @retval HAL status
1792:Drivers/STM32F0xx_HAL_Driver/Src/stm32f0xx_hal_tim_ex.c ****   */
1793:Drivers/STM32F0xx_HAL_Driver/Src/stm32f0xx_hal_tim_ex.c **** HAL_StatusTypeDef HAL_TIMEx_ConfigCommutEvent(TIM_HandleTypeDef *htim, uint32_t  InputTrigger,
1794:Drivers/STM32F0xx_HAL_Driver/Src/stm32f0xx_hal_tim_ex.c ****                                               uint32_t  CommutationSource)
1795:Drivers/STM32F0xx_HAL_Driver/Src/stm32f0xx_hal_tim_ex.c **** {
1796:Drivers/STM32F0xx_HAL_Driver/Src/stm32f0xx_hal_tim_ex.c ****   /* Check the parameters */
1797:Drivers/STM32F0xx_HAL_Driver/Src/stm32f0xx_hal_tim_ex.c ****   assert_param(IS_TIM_COMMUTATION_EVENT_INSTANCE(htim->Instance));
1798:Drivers/STM32F0xx_HAL_Driver/Src/stm32f0xx_hal_tim_ex.c ****   assert_param(IS_TIM_INTERNAL_TRIGGEREVENT_SELECTION(InputTrigger));
1799:Drivers/STM32F0xx_HAL_Driver/Src/stm32f0xx_hal_tim_ex.c **** 
ARM GAS  C:\Users\fastr\AppData\Local\Temp\ccGFXKp9.s 			page 33


1800:Drivers/STM32F0xx_HAL_Driver/Src/stm32f0xx_hal_tim_ex.c ****   __HAL_LOCK(htim);
1801:Drivers/STM32F0xx_HAL_Driver/Src/stm32f0xx_hal_tim_ex.c **** 
1802:Drivers/STM32F0xx_HAL_Driver/Src/stm32f0xx_hal_tim_ex.c ****   if ((InputTrigger == TIM_TS_ITR0) || (InputTrigger == TIM_TS_ITR1) ||
1803:Drivers/STM32F0xx_HAL_Driver/Src/stm32f0xx_hal_tim_ex.c ****       (InputTrigger == TIM_TS_ITR2) || (InputTrigger == TIM_TS_ITR3))
1804:Drivers/STM32F0xx_HAL_Driver/Src/stm32f0xx_hal_tim_ex.c ****   {
1805:Drivers/STM32F0xx_HAL_Driver/Src/stm32f0xx_hal_tim_ex.c ****     /* Select the Input trigger */
1806:Drivers/STM32F0xx_HAL_Driver/Src/stm32f0xx_hal_tim_ex.c ****     htim->Instance->SMCR &= ~TIM_SMCR_TS;
1807:Drivers/STM32F0xx_HAL_Driver/Src/stm32f0xx_hal_tim_ex.c ****     htim->Instance->SMCR |= InputTrigger;
1808:Drivers/STM32F0xx_HAL_Driver/Src/stm32f0xx_hal_tim_ex.c ****   }
1809:Drivers/STM32F0xx_HAL_Driver/Src/stm32f0xx_hal_tim_ex.c **** 
1810:Drivers/STM32F0xx_HAL_Driver/Src/stm32f0xx_hal_tim_ex.c ****   /* Select the Capture Compare preload feature */
1811:Drivers/STM32F0xx_HAL_Driver/Src/stm32f0xx_hal_tim_ex.c ****   htim->Instance->CR2 |= TIM_CR2_CCPC;
1812:Drivers/STM32F0xx_HAL_Driver/Src/stm32f0xx_hal_tim_ex.c ****   /* Select the Commutation event source */
1813:Drivers/STM32F0xx_HAL_Driver/Src/stm32f0xx_hal_tim_ex.c ****   htim->Instance->CR2 &= ~TIM_CR2_CCUS;
1814:Drivers/STM32F0xx_HAL_Driver/Src/stm32f0xx_hal_tim_ex.c ****   htim->Instance->CR2 |= CommutationSource;
1815:Drivers/STM32F0xx_HAL_Driver/Src/stm32f0xx_hal_tim_ex.c **** 
1816:Drivers/STM32F0xx_HAL_Driver/Src/stm32f0xx_hal_tim_ex.c ****   /* Disable Commutation Interrupt */
1817:Drivers/STM32F0xx_HAL_Driver/Src/stm32f0xx_hal_tim_ex.c ****   __HAL_TIM_DISABLE_IT(htim, TIM_IT_COM);
1818:Drivers/STM32F0xx_HAL_Driver/Src/stm32f0xx_hal_tim_ex.c **** 
1819:Drivers/STM32F0xx_HAL_Driver/Src/stm32f0xx_hal_tim_ex.c ****   /* Disable Commutation DMA request */
1820:Drivers/STM32F0xx_HAL_Driver/Src/stm32f0xx_hal_tim_ex.c ****   __HAL_TIM_DISABLE_DMA(htim, TIM_DMA_COM);
1821:Drivers/STM32F0xx_HAL_Driver/Src/stm32f0xx_hal_tim_ex.c **** 
1822:Drivers/STM32F0xx_HAL_Driver/Src/stm32f0xx_hal_tim_ex.c ****   __HAL_UNLOCK(htim);
1823:Drivers/STM32F0xx_HAL_Driver/Src/stm32f0xx_hal_tim_ex.c **** 
1824:Drivers/STM32F0xx_HAL_Driver/Src/stm32f0xx_hal_tim_ex.c ****   return HAL_OK;
1825:Drivers/STM32F0xx_HAL_Driver/Src/stm32f0xx_hal_tim_ex.c **** }
1826:Drivers/STM32F0xx_HAL_Driver/Src/stm32f0xx_hal_tim_ex.c **** 
1827:Drivers/STM32F0xx_HAL_Driver/Src/stm32f0xx_hal_tim_ex.c **** /**
1828:Drivers/STM32F0xx_HAL_Driver/Src/stm32f0xx_hal_tim_ex.c ****   * @brief  Configure the TIM commutation event sequence with interrupt.
1829:Drivers/STM32F0xx_HAL_Driver/Src/stm32f0xx_hal_tim_ex.c ****   * @note  This function is mandatory to use the commutation event in order to
1830:Drivers/STM32F0xx_HAL_Driver/Src/stm32f0xx_hal_tim_ex.c ****   *        update the configuration at each commutation detection on the TRGI input of the Timer,
1831:Drivers/STM32F0xx_HAL_Driver/Src/stm32f0xx_hal_tim_ex.c ****   *        the typical use of this feature is with the use of another Timer(interface Timer)
1832:Drivers/STM32F0xx_HAL_Driver/Src/stm32f0xx_hal_tim_ex.c ****   *        configured in Hall sensor interface, this interface Timer will generate the
1833:Drivers/STM32F0xx_HAL_Driver/Src/stm32f0xx_hal_tim_ex.c ****   *        commutation at its TRGO output (connected to Timer used in this function) each time
1834:Drivers/STM32F0xx_HAL_Driver/Src/stm32f0xx_hal_tim_ex.c ****   *        the TI1 of the Interface Timer detect a commutation at its input TI1.
1835:Drivers/STM32F0xx_HAL_Driver/Src/stm32f0xx_hal_tim_ex.c ****   * @param  htim TIM handle
1836:Drivers/STM32F0xx_HAL_Driver/Src/stm32f0xx_hal_tim_ex.c ****   * @param  InputTrigger the Internal trigger corresponding to the Timer Interfacing with the Hall 
1837:Drivers/STM32F0xx_HAL_Driver/Src/stm32f0xx_hal_tim_ex.c ****   *          This parameter can be one of the following values:
1838:Drivers/STM32F0xx_HAL_Driver/Src/stm32f0xx_hal_tim_ex.c ****   *            @arg TIM_TS_ITR0: Internal trigger 0 selected
1839:Drivers/STM32F0xx_HAL_Driver/Src/stm32f0xx_hal_tim_ex.c ****   *            @arg TIM_TS_ITR1: Internal trigger 1 selected
1840:Drivers/STM32F0xx_HAL_Driver/Src/stm32f0xx_hal_tim_ex.c ****   *            @arg TIM_TS_ITR2: Internal trigger 2 selected
1841:Drivers/STM32F0xx_HAL_Driver/Src/stm32f0xx_hal_tim_ex.c ****   *            @arg TIM_TS_ITR3: Internal trigger 3 selected
1842:Drivers/STM32F0xx_HAL_Driver/Src/stm32f0xx_hal_tim_ex.c ****   *            @arg TIM_TS_NONE: No trigger is needed
1843:Drivers/STM32F0xx_HAL_Driver/Src/stm32f0xx_hal_tim_ex.c ****   * @param  CommutationSource the Commutation Event source
1844:Drivers/STM32F0xx_HAL_Driver/Src/stm32f0xx_hal_tim_ex.c ****   *          This parameter can be one of the following values:
1845:Drivers/STM32F0xx_HAL_Driver/Src/stm32f0xx_hal_tim_ex.c ****   *            @arg TIM_COMMUTATION_TRGI: Commutation source is the TRGI of the Interface Timer
1846:Drivers/STM32F0xx_HAL_Driver/Src/stm32f0xx_hal_tim_ex.c ****   *            @arg TIM_COMMUTATION_SOFTWARE:  Commutation source is set by software using the COMG
1847:Drivers/STM32F0xx_HAL_Driver/Src/stm32f0xx_hal_tim_ex.c ****   * @retval HAL status
1848:Drivers/STM32F0xx_HAL_Driver/Src/stm32f0xx_hal_tim_ex.c ****   */
1849:Drivers/STM32F0xx_HAL_Driver/Src/stm32f0xx_hal_tim_ex.c **** HAL_StatusTypeDef HAL_TIMEx_ConfigCommutEvent_IT(TIM_HandleTypeDef *htim, uint32_t  InputTrigger,
1850:Drivers/STM32F0xx_HAL_Driver/Src/stm32f0xx_hal_tim_ex.c ****                                                  uint32_t  CommutationSource)
1851:Drivers/STM32F0xx_HAL_Driver/Src/stm32f0xx_hal_tim_ex.c **** {
1852:Drivers/STM32F0xx_HAL_Driver/Src/stm32f0xx_hal_tim_ex.c ****   /* Check the parameters */
1853:Drivers/STM32F0xx_HAL_Driver/Src/stm32f0xx_hal_tim_ex.c ****   assert_param(IS_TIM_COMMUTATION_EVENT_INSTANCE(htim->Instance));
1854:Drivers/STM32F0xx_HAL_Driver/Src/stm32f0xx_hal_tim_ex.c ****   assert_param(IS_TIM_INTERNAL_TRIGGEREVENT_SELECTION(InputTrigger));
1855:Drivers/STM32F0xx_HAL_Driver/Src/stm32f0xx_hal_tim_ex.c **** 
1856:Drivers/STM32F0xx_HAL_Driver/Src/stm32f0xx_hal_tim_ex.c ****   __HAL_LOCK(htim);
ARM GAS  C:\Users\fastr\AppData\Local\Temp\ccGFXKp9.s 			page 34


1857:Drivers/STM32F0xx_HAL_Driver/Src/stm32f0xx_hal_tim_ex.c **** 
1858:Drivers/STM32F0xx_HAL_Driver/Src/stm32f0xx_hal_tim_ex.c ****   if ((InputTrigger == TIM_TS_ITR0) || (InputTrigger == TIM_TS_ITR1) ||
1859:Drivers/STM32F0xx_HAL_Driver/Src/stm32f0xx_hal_tim_ex.c ****       (InputTrigger == TIM_TS_ITR2) || (InputTrigger == TIM_TS_ITR3))
1860:Drivers/STM32F0xx_HAL_Driver/Src/stm32f0xx_hal_tim_ex.c ****   {
1861:Drivers/STM32F0xx_HAL_Driver/Src/stm32f0xx_hal_tim_ex.c ****     /* Select the Input trigger */
1862:Drivers/STM32F0xx_HAL_Driver/Src/stm32f0xx_hal_tim_ex.c ****     htim->Instance->SMCR &= ~TIM_SMCR_TS;
1863:Drivers/STM32F0xx_HAL_Driver/Src/stm32f0xx_hal_tim_ex.c ****     htim->Instance->SMCR |= InputTrigger;
1864:Drivers/STM32F0xx_HAL_Driver/Src/stm32f0xx_hal_tim_ex.c ****   }
1865:Drivers/STM32F0xx_HAL_Driver/Src/stm32f0xx_hal_tim_ex.c **** 
1866:Drivers/STM32F0xx_HAL_Driver/Src/stm32f0xx_hal_tim_ex.c ****   /* Select the Capture Compare preload feature */
1867:Drivers/STM32F0xx_HAL_Driver/Src/stm32f0xx_hal_tim_ex.c ****   htim->Instance->CR2 |= TIM_CR2_CCPC;
1868:Drivers/STM32F0xx_HAL_Driver/Src/stm32f0xx_hal_tim_ex.c ****   /* Select the Commutation event source */
1869:Drivers/STM32F0xx_HAL_Driver/Src/stm32f0xx_hal_tim_ex.c ****   htim->Instance->CR2 &= ~TIM_CR2_CCUS;
1870:Drivers/STM32F0xx_HAL_Driver/Src/stm32f0xx_hal_tim_ex.c ****   htim->Instance->CR2 |= CommutationSource;
1871:Drivers/STM32F0xx_HAL_Driver/Src/stm32f0xx_hal_tim_ex.c **** 
1872:Drivers/STM32F0xx_HAL_Driver/Src/stm32f0xx_hal_tim_ex.c ****   /* Disable Commutation DMA request */
1873:Drivers/STM32F0xx_HAL_Driver/Src/stm32f0xx_hal_tim_ex.c ****   __HAL_TIM_DISABLE_DMA(htim, TIM_DMA_COM);
1874:Drivers/STM32F0xx_HAL_Driver/Src/stm32f0xx_hal_tim_ex.c **** 
1875:Drivers/STM32F0xx_HAL_Driver/Src/stm32f0xx_hal_tim_ex.c ****   /* Enable the Commutation Interrupt */
1876:Drivers/STM32F0xx_HAL_Driver/Src/stm32f0xx_hal_tim_ex.c ****   __HAL_TIM_ENABLE_IT(htim, TIM_IT_COM);
1877:Drivers/STM32F0xx_HAL_Driver/Src/stm32f0xx_hal_tim_ex.c **** 
1878:Drivers/STM32F0xx_HAL_Driver/Src/stm32f0xx_hal_tim_ex.c ****   __HAL_UNLOCK(htim);
1879:Drivers/STM32F0xx_HAL_Driver/Src/stm32f0xx_hal_tim_ex.c **** 
1880:Drivers/STM32F0xx_HAL_Driver/Src/stm32f0xx_hal_tim_ex.c ****   return HAL_OK;
1881:Drivers/STM32F0xx_HAL_Driver/Src/stm32f0xx_hal_tim_ex.c **** }
1882:Drivers/STM32F0xx_HAL_Driver/Src/stm32f0xx_hal_tim_ex.c **** 
1883:Drivers/STM32F0xx_HAL_Driver/Src/stm32f0xx_hal_tim_ex.c **** /**
1884:Drivers/STM32F0xx_HAL_Driver/Src/stm32f0xx_hal_tim_ex.c ****   * @brief  Configure the TIM commutation event sequence with DMA.
1885:Drivers/STM32F0xx_HAL_Driver/Src/stm32f0xx_hal_tim_ex.c ****   * @note  This function is mandatory to use the commutation event in order to
1886:Drivers/STM32F0xx_HAL_Driver/Src/stm32f0xx_hal_tim_ex.c ****   *        update the configuration at each commutation detection on the TRGI input of the Timer,
1887:Drivers/STM32F0xx_HAL_Driver/Src/stm32f0xx_hal_tim_ex.c ****   *        the typical use of this feature is with the use of another Timer(interface Timer)
1888:Drivers/STM32F0xx_HAL_Driver/Src/stm32f0xx_hal_tim_ex.c ****   *        configured in Hall sensor interface, this interface Timer will generate the
1889:Drivers/STM32F0xx_HAL_Driver/Src/stm32f0xx_hal_tim_ex.c ****   *        commutation at its TRGO output (connected to Timer used in this function) each time
1890:Drivers/STM32F0xx_HAL_Driver/Src/stm32f0xx_hal_tim_ex.c ****   *        the TI1 of the Interface Timer detect a commutation at its input TI1.
1891:Drivers/STM32F0xx_HAL_Driver/Src/stm32f0xx_hal_tim_ex.c ****   * @note  The user should configure the DMA in his own software, in This function only the COMDE b
1892:Drivers/STM32F0xx_HAL_Driver/Src/stm32f0xx_hal_tim_ex.c ****   * @param  htim TIM handle
1893:Drivers/STM32F0xx_HAL_Driver/Src/stm32f0xx_hal_tim_ex.c ****   * @param  InputTrigger the Internal trigger corresponding to the Timer Interfacing with the Hall 
1894:Drivers/STM32F0xx_HAL_Driver/Src/stm32f0xx_hal_tim_ex.c ****   *          This parameter can be one of the following values:
1895:Drivers/STM32F0xx_HAL_Driver/Src/stm32f0xx_hal_tim_ex.c ****   *            @arg TIM_TS_ITR0: Internal trigger 0 selected
1896:Drivers/STM32F0xx_HAL_Driver/Src/stm32f0xx_hal_tim_ex.c ****   *            @arg TIM_TS_ITR1: Internal trigger 1 selected
1897:Drivers/STM32F0xx_HAL_Driver/Src/stm32f0xx_hal_tim_ex.c ****   *            @arg TIM_TS_ITR2: Internal trigger 2 selected
1898:Drivers/STM32F0xx_HAL_Driver/Src/stm32f0xx_hal_tim_ex.c ****   *            @arg TIM_TS_ITR3: Internal trigger 3 selected
1899:Drivers/STM32F0xx_HAL_Driver/Src/stm32f0xx_hal_tim_ex.c ****   *            @arg TIM_TS_NONE: No trigger is needed
1900:Drivers/STM32F0xx_HAL_Driver/Src/stm32f0xx_hal_tim_ex.c ****   * @param  CommutationSource the Commutation Event source
1901:Drivers/STM32F0xx_HAL_Driver/Src/stm32f0xx_hal_tim_ex.c ****   *          This parameter can be one of the following values:
1902:Drivers/STM32F0xx_HAL_Driver/Src/stm32f0xx_hal_tim_ex.c ****   *            @arg TIM_COMMUTATION_TRGI: Commutation source is the TRGI of the Interface Timer
1903:Drivers/STM32F0xx_HAL_Driver/Src/stm32f0xx_hal_tim_ex.c ****   *            @arg TIM_COMMUTATION_SOFTWARE:  Commutation source is set by software using the COMG
1904:Drivers/STM32F0xx_HAL_Driver/Src/stm32f0xx_hal_tim_ex.c ****   * @retval HAL status
1905:Drivers/STM32F0xx_HAL_Driver/Src/stm32f0xx_hal_tim_ex.c ****   */
1906:Drivers/STM32F0xx_HAL_Driver/Src/stm32f0xx_hal_tim_ex.c **** HAL_StatusTypeDef HAL_TIMEx_ConfigCommutEvent_DMA(TIM_HandleTypeDef *htim, uint32_t  InputTrigger,
1907:Drivers/STM32F0xx_HAL_Driver/Src/stm32f0xx_hal_tim_ex.c ****                                                   uint32_t  CommutationSource)
1908:Drivers/STM32F0xx_HAL_Driver/Src/stm32f0xx_hal_tim_ex.c **** {
1909:Drivers/STM32F0xx_HAL_Driver/Src/stm32f0xx_hal_tim_ex.c ****   /* Check the parameters */
1910:Drivers/STM32F0xx_HAL_Driver/Src/stm32f0xx_hal_tim_ex.c ****   assert_param(IS_TIM_COMMUTATION_EVENT_INSTANCE(htim->Instance));
1911:Drivers/STM32F0xx_HAL_Driver/Src/stm32f0xx_hal_tim_ex.c ****   assert_param(IS_TIM_INTERNAL_TRIGGEREVENT_SELECTION(InputTrigger));
1912:Drivers/STM32F0xx_HAL_Driver/Src/stm32f0xx_hal_tim_ex.c **** 
1913:Drivers/STM32F0xx_HAL_Driver/Src/stm32f0xx_hal_tim_ex.c ****   __HAL_LOCK(htim);
ARM GAS  C:\Users\fastr\AppData\Local\Temp\ccGFXKp9.s 			page 35


1914:Drivers/STM32F0xx_HAL_Driver/Src/stm32f0xx_hal_tim_ex.c **** 
1915:Drivers/STM32F0xx_HAL_Driver/Src/stm32f0xx_hal_tim_ex.c ****   if ((InputTrigger == TIM_TS_ITR0) || (InputTrigger == TIM_TS_ITR1) ||
1916:Drivers/STM32F0xx_HAL_Driver/Src/stm32f0xx_hal_tim_ex.c ****       (InputTrigger == TIM_TS_ITR2) || (InputTrigger == TIM_TS_ITR3))
1917:Drivers/STM32F0xx_HAL_Driver/Src/stm32f0xx_hal_tim_ex.c ****   {
1918:Drivers/STM32F0xx_HAL_Driver/Src/stm32f0xx_hal_tim_ex.c ****     /* Select the Input trigger */
1919:Drivers/STM32F0xx_HAL_Driver/Src/stm32f0xx_hal_tim_ex.c ****     htim->Instance->SMCR &= ~TIM_SMCR_TS;
1920:Drivers/STM32F0xx_HAL_Driver/Src/stm32f0xx_hal_tim_ex.c ****     htim->Instance->SMCR |= InputTrigger;
1921:Drivers/STM32F0xx_HAL_Driver/Src/stm32f0xx_hal_tim_ex.c ****   }
1922:Drivers/STM32F0xx_HAL_Driver/Src/stm32f0xx_hal_tim_ex.c **** 
1923:Drivers/STM32F0xx_HAL_Driver/Src/stm32f0xx_hal_tim_ex.c ****   /* Select the Capture Compare preload feature */
1924:Drivers/STM32F0xx_HAL_Driver/Src/stm32f0xx_hal_tim_ex.c ****   htim->Instance->CR2 |= TIM_CR2_CCPC;
1925:Drivers/STM32F0xx_HAL_Driver/Src/stm32f0xx_hal_tim_ex.c ****   /* Select the Commutation event source */
1926:Drivers/STM32F0xx_HAL_Driver/Src/stm32f0xx_hal_tim_ex.c ****   htim->Instance->CR2 &= ~TIM_CR2_CCUS;
1927:Drivers/STM32F0xx_HAL_Driver/Src/stm32f0xx_hal_tim_ex.c ****   htim->Instance->CR2 |= CommutationSource;
1928:Drivers/STM32F0xx_HAL_Driver/Src/stm32f0xx_hal_tim_ex.c **** 
1929:Drivers/STM32F0xx_HAL_Driver/Src/stm32f0xx_hal_tim_ex.c ****   /* Enable the Commutation DMA Request */
1930:Drivers/STM32F0xx_HAL_Driver/Src/stm32f0xx_hal_tim_ex.c ****   /* Set the DMA Commutation Callback */
1931:Drivers/STM32F0xx_HAL_Driver/Src/stm32f0xx_hal_tim_ex.c ****   htim->hdma[TIM_DMA_ID_COMMUTATION]->XferCpltCallback = TIMEx_DMACommutationCplt;
1932:Drivers/STM32F0xx_HAL_Driver/Src/stm32f0xx_hal_tim_ex.c ****   htim->hdma[TIM_DMA_ID_COMMUTATION]->XferHalfCpltCallback = TIMEx_DMACommutationHalfCplt;
1933:Drivers/STM32F0xx_HAL_Driver/Src/stm32f0xx_hal_tim_ex.c ****   /* Set the DMA error callback */
1934:Drivers/STM32F0xx_HAL_Driver/Src/stm32f0xx_hal_tim_ex.c ****   htim->hdma[TIM_DMA_ID_COMMUTATION]->XferErrorCallback = TIM_DMAError;
1935:Drivers/STM32F0xx_HAL_Driver/Src/stm32f0xx_hal_tim_ex.c **** 
1936:Drivers/STM32F0xx_HAL_Driver/Src/stm32f0xx_hal_tim_ex.c ****   /* Disable Commutation Interrupt */
1937:Drivers/STM32F0xx_HAL_Driver/Src/stm32f0xx_hal_tim_ex.c ****   __HAL_TIM_DISABLE_IT(htim, TIM_IT_COM);
1938:Drivers/STM32F0xx_HAL_Driver/Src/stm32f0xx_hal_tim_ex.c **** 
1939:Drivers/STM32F0xx_HAL_Driver/Src/stm32f0xx_hal_tim_ex.c ****   /* Enable the Commutation DMA Request */
1940:Drivers/STM32F0xx_HAL_Driver/Src/stm32f0xx_hal_tim_ex.c ****   __HAL_TIM_ENABLE_DMA(htim, TIM_DMA_COM);
1941:Drivers/STM32F0xx_HAL_Driver/Src/stm32f0xx_hal_tim_ex.c **** 
1942:Drivers/STM32F0xx_HAL_Driver/Src/stm32f0xx_hal_tim_ex.c ****   __HAL_UNLOCK(htim);
1943:Drivers/STM32F0xx_HAL_Driver/Src/stm32f0xx_hal_tim_ex.c **** 
1944:Drivers/STM32F0xx_HAL_Driver/Src/stm32f0xx_hal_tim_ex.c ****   return HAL_OK;
1945:Drivers/STM32F0xx_HAL_Driver/Src/stm32f0xx_hal_tim_ex.c **** }
1946:Drivers/STM32F0xx_HAL_Driver/Src/stm32f0xx_hal_tim_ex.c **** 
1947:Drivers/STM32F0xx_HAL_Driver/Src/stm32f0xx_hal_tim_ex.c **** /**
1948:Drivers/STM32F0xx_HAL_Driver/Src/stm32f0xx_hal_tim_ex.c ****   * @brief  Configures the TIM in master mode.
1949:Drivers/STM32F0xx_HAL_Driver/Src/stm32f0xx_hal_tim_ex.c ****   * @param  htim TIM handle.
1950:Drivers/STM32F0xx_HAL_Driver/Src/stm32f0xx_hal_tim_ex.c ****   * @param  sMasterConfig pointer to a TIM_MasterConfigTypeDef structure that
1951:Drivers/STM32F0xx_HAL_Driver/Src/stm32f0xx_hal_tim_ex.c ****   *         contains the selected trigger output (TRGO) and the Master/Slave
1952:Drivers/STM32F0xx_HAL_Driver/Src/stm32f0xx_hal_tim_ex.c ****   *         mode.
1953:Drivers/STM32F0xx_HAL_Driver/Src/stm32f0xx_hal_tim_ex.c ****   * @retval HAL status
1954:Drivers/STM32F0xx_HAL_Driver/Src/stm32f0xx_hal_tim_ex.c ****   */
1955:Drivers/STM32F0xx_HAL_Driver/Src/stm32f0xx_hal_tim_ex.c **** HAL_StatusTypeDef HAL_TIMEx_MasterConfigSynchronization(TIM_HandleTypeDef *htim,
1956:Drivers/STM32F0xx_HAL_Driver/Src/stm32f0xx_hal_tim_ex.c ****                                                         const TIM_MasterConfigTypeDef *sMasterConfi
1957:Drivers/STM32F0xx_HAL_Driver/Src/stm32f0xx_hal_tim_ex.c **** {
1958:Drivers/STM32F0xx_HAL_Driver/Src/stm32f0xx_hal_tim_ex.c ****   uint32_t tmpcr2;
1959:Drivers/STM32F0xx_HAL_Driver/Src/stm32f0xx_hal_tim_ex.c ****   uint32_t tmpsmcr;
1960:Drivers/STM32F0xx_HAL_Driver/Src/stm32f0xx_hal_tim_ex.c **** 
1961:Drivers/STM32F0xx_HAL_Driver/Src/stm32f0xx_hal_tim_ex.c ****   /* Check the parameters */
1962:Drivers/STM32F0xx_HAL_Driver/Src/stm32f0xx_hal_tim_ex.c ****   assert_param(IS_TIM_MASTER_INSTANCE(htim->Instance));
1963:Drivers/STM32F0xx_HAL_Driver/Src/stm32f0xx_hal_tim_ex.c ****   assert_param(IS_TIM_TRGO_SOURCE(sMasterConfig->MasterOutputTrigger));
1964:Drivers/STM32F0xx_HAL_Driver/Src/stm32f0xx_hal_tim_ex.c ****   assert_param(IS_TIM_MSM_STATE(sMasterConfig->MasterSlaveMode));
1965:Drivers/STM32F0xx_HAL_Driver/Src/stm32f0xx_hal_tim_ex.c **** 
1966:Drivers/STM32F0xx_HAL_Driver/Src/stm32f0xx_hal_tim_ex.c ****   /* Check input state */
1967:Drivers/STM32F0xx_HAL_Driver/Src/stm32f0xx_hal_tim_ex.c ****   __HAL_LOCK(htim);
1968:Drivers/STM32F0xx_HAL_Driver/Src/stm32f0xx_hal_tim_ex.c **** 
1969:Drivers/STM32F0xx_HAL_Driver/Src/stm32f0xx_hal_tim_ex.c ****   /* Change the handler state */
1970:Drivers/STM32F0xx_HAL_Driver/Src/stm32f0xx_hal_tim_ex.c ****   htim->State = HAL_TIM_STATE_BUSY;
ARM GAS  C:\Users\fastr\AppData\Local\Temp\ccGFXKp9.s 			page 36


1971:Drivers/STM32F0xx_HAL_Driver/Src/stm32f0xx_hal_tim_ex.c **** 
1972:Drivers/STM32F0xx_HAL_Driver/Src/stm32f0xx_hal_tim_ex.c ****   /* Get the TIMx CR2 register value */
1973:Drivers/STM32F0xx_HAL_Driver/Src/stm32f0xx_hal_tim_ex.c ****   tmpcr2 = htim->Instance->CR2;
1974:Drivers/STM32F0xx_HAL_Driver/Src/stm32f0xx_hal_tim_ex.c **** 
1975:Drivers/STM32F0xx_HAL_Driver/Src/stm32f0xx_hal_tim_ex.c ****   /* Get the TIMx SMCR register value */
1976:Drivers/STM32F0xx_HAL_Driver/Src/stm32f0xx_hal_tim_ex.c ****   tmpsmcr = htim->Instance->SMCR;
1977:Drivers/STM32F0xx_HAL_Driver/Src/stm32f0xx_hal_tim_ex.c **** 
1978:Drivers/STM32F0xx_HAL_Driver/Src/stm32f0xx_hal_tim_ex.c ****   /* Reset the MMS Bits */
1979:Drivers/STM32F0xx_HAL_Driver/Src/stm32f0xx_hal_tim_ex.c ****   tmpcr2 &= ~TIM_CR2_MMS;
1980:Drivers/STM32F0xx_HAL_Driver/Src/stm32f0xx_hal_tim_ex.c ****   /* Select the TRGO source */
1981:Drivers/STM32F0xx_HAL_Driver/Src/stm32f0xx_hal_tim_ex.c ****   tmpcr2 |=  sMasterConfig->MasterOutputTrigger;
1982:Drivers/STM32F0xx_HAL_Driver/Src/stm32f0xx_hal_tim_ex.c **** 
1983:Drivers/STM32F0xx_HAL_Driver/Src/stm32f0xx_hal_tim_ex.c ****   /* Update TIMx CR2 */
1984:Drivers/STM32F0xx_HAL_Driver/Src/stm32f0xx_hal_tim_ex.c ****   htim->Instance->CR2 = tmpcr2;
1985:Drivers/STM32F0xx_HAL_Driver/Src/stm32f0xx_hal_tim_ex.c **** 
1986:Drivers/STM32F0xx_HAL_Driver/Src/stm32f0xx_hal_tim_ex.c ****   if (IS_TIM_SLAVE_INSTANCE(htim->Instance))
1987:Drivers/STM32F0xx_HAL_Driver/Src/stm32f0xx_hal_tim_ex.c ****   {
1988:Drivers/STM32F0xx_HAL_Driver/Src/stm32f0xx_hal_tim_ex.c ****     /* Reset the MSM Bit */
1989:Drivers/STM32F0xx_HAL_Driver/Src/stm32f0xx_hal_tim_ex.c ****     tmpsmcr &= ~TIM_SMCR_MSM;
1990:Drivers/STM32F0xx_HAL_Driver/Src/stm32f0xx_hal_tim_ex.c ****     /* Set master mode */
1991:Drivers/STM32F0xx_HAL_Driver/Src/stm32f0xx_hal_tim_ex.c ****     tmpsmcr |= sMasterConfig->MasterSlaveMode;
1992:Drivers/STM32F0xx_HAL_Driver/Src/stm32f0xx_hal_tim_ex.c **** 
1993:Drivers/STM32F0xx_HAL_Driver/Src/stm32f0xx_hal_tim_ex.c ****     /* Update TIMx SMCR */
1994:Drivers/STM32F0xx_HAL_Driver/Src/stm32f0xx_hal_tim_ex.c ****     htim->Instance->SMCR = tmpsmcr;
1995:Drivers/STM32F0xx_HAL_Driver/Src/stm32f0xx_hal_tim_ex.c ****   }
1996:Drivers/STM32F0xx_HAL_Driver/Src/stm32f0xx_hal_tim_ex.c **** 
1997:Drivers/STM32F0xx_HAL_Driver/Src/stm32f0xx_hal_tim_ex.c ****   /* Change the htim state */
1998:Drivers/STM32F0xx_HAL_Driver/Src/stm32f0xx_hal_tim_ex.c ****   htim->State = HAL_TIM_STATE_READY;
1999:Drivers/STM32F0xx_HAL_Driver/Src/stm32f0xx_hal_tim_ex.c **** 
2000:Drivers/STM32F0xx_HAL_Driver/Src/stm32f0xx_hal_tim_ex.c ****   __HAL_UNLOCK(htim);
2001:Drivers/STM32F0xx_HAL_Driver/Src/stm32f0xx_hal_tim_ex.c **** 
2002:Drivers/STM32F0xx_HAL_Driver/Src/stm32f0xx_hal_tim_ex.c ****   return HAL_OK;
2003:Drivers/STM32F0xx_HAL_Driver/Src/stm32f0xx_hal_tim_ex.c **** }
2004:Drivers/STM32F0xx_HAL_Driver/Src/stm32f0xx_hal_tim_ex.c **** 
2005:Drivers/STM32F0xx_HAL_Driver/Src/stm32f0xx_hal_tim_ex.c **** /**
2006:Drivers/STM32F0xx_HAL_Driver/Src/stm32f0xx_hal_tim_ex.c ****   * @brief  Configures the Break feature, dead time, Lock level, OSSI/OSSR State
2007:Drivers/STM32F0xx_HAL_Driver/Src/stm32f0xx_hal_tim_ex.c ****   *         and the AOE(automatic output enable).
2008:Drivers/STM32F0xx_HAL_Driver/Src/stm32f0xx_hal_tim_ex.c ****   * @param  htim TIM handle
2009:Drivers/STM32F0xx_HAL_Driver/Src/stm32f0xx_hal_tim_ex.c ****   * @param  sBreakDeadTimeConfig pointer to a TIM_ConfigBreakDeadConfigTypeDef structure that
2010:Drivers/STM32F0xx_HAL_Driver/Src/stm32f0xx_hal_tim_ex.c ****   *         contains the BDTR Register configuration  information for the TIM peripheral.
2011:Drivers/STM32F0xx_HAL_Driver/Src/stm32f0xx_hal_tim_ex.c ****   * @note   Interrupts can be generated when an active level is detected on the
2012:Drivers/STM32F0xx_HAL_Driver/Src/stm32f0xx_hal_tim_ex.c ****   *         break input, the break 2 input or the system break input. Break
2013:Drivers/STM32F0xx_HAL_Driver/Src/stm32f0xx_hal_tim_ex.c ****   *         interrupt can be enabled by calling the @ref __HAL_TIM_ENABLE_IT macro.
2014:Drivers/STM32F0xx_HAL_Driver/Src/stm32f0xx_hal_tim_ex.c ****   * @retval HAL status
2015:Drivers/STM32F0xx_HAL_Driver/Src/stm32f0xx_hal_tim_ex.c ****   */
2016:Drivers/STM32F0xx_HAL_Driver/Src/stm32f0xx_hal_tim_ex.c **** HAL_StatusTypeDef HAL_TIMEx_ConfigBreakDeadTime(TIM_HandleTypeDef *htim,
2017:Drivers/STM32F0xx_HAL_Driver/Src/stm32f0xx_hal_tim_ex.c ****                                                 const TIM_BreakDeadTimeConfigTypeDef *sBreakDeadTim
2018:Drivers/STM32F0xx_HAL_Driver/Src/stm32f0xx_hal_tim_ex.c **** {
2019:Drivers/STM32F0xx_HAL_Driver/Src/stm32f0xx_hal_tim_ex.c ****   /* Keep this variable initialized to 0 as it is used to configure BDTR register */
2020:Drivers/STM32F0xx_HAL_Driver/Src/stm32f0xx_hal_tim_ex.c ****   uint32_t tmpbdtr = 0U;
2021:Drivers/STM32F0xx_HAL_Driver/Src/stm32f0xx_hal_tim_ex.c **** 
2022:Drivers/STM32F0xx_HAL_Driver/Src/stm32f0xx_hal_tim_ex.c ****   /* Check the parameters */
2023:Drivers/STM32F0xx_HAL_Driver/Src/stm32f0xx_hal_tim_ex.c ****   assert_param(IS_TIM_BREAK_INSTANCE(htim->Instance));
2024:Drivers/STM32F0xx_HAL_Driver/Src/stm32f0xx_hal_tim_ex.c ****   assert_param(IS_TIM_OSSR_STATE(sBreakDeadTimeConfig->OffStateRunMode));
2025:Drivers/STM32F0xx_HAL_Driver/Src/stm32f0xx_hal_tim_ex.c ****   assert_param(IS_TIM_OSSI_STATE(sBreakDeadTimeConfig->OffStateIDLEMode));
2026:Drivers/STM32F0xx_HAL_Driver/Src/stm32f0xx_hal_tim_ex.c ****   assert_param(IS_TIM_LOCK_LEVEL(sBreakDeadTimeConfig->LockLevel));
2027:Drivers/STM32F0xx_HAL_Driver/Src/stm32f0xx_hal_tim_ex.c ****   assert_param(IS_TIM_DEADTIME(sBreakDeadTimeConfig->DeadTime));
ARM GAS  C:\Users\fastr\AppData\Local\Temp\ccGFXKp9.s 			page 37


2028:Drivers/STM32F0xx_HAL_Driver/Src/stm32f0xx_hal_tim_ex.c ****   assert_param(IS_TIM_BREAK_STATE(sBreakDeadTimeConfig->BreakState));
2029:Drivers/STM32F0xx_HAL_Driver/Src/stm32f0xx_hal_tim_ex.c ****   assert_param(IS_TIM_BREAK_POLARITY(sBreakDeadTimeConfig->BreakPolarity));
2030:Drivers/STM32F0xx_HAL_Driver/Src/stm32f0xx_hal_tim_ex.c ****   assert_param(IS_TIM_AUTOMATIC_OUTPUT_STATE(sBreakDeadTimeConfig->AutomaticOutput));
2031:Drivers/STM32F0xx_HAL_Driver/Src/stm32f0xx_hal_tim_ex.c **** 
2032:Drivers/STM32F0xx_HAL_Driver/Src/stm32f0xx_hal_tim_ex.c ****   /* Check input state */
2033:Drivers/STM32F0xx_HAL_Driver/Src/stm32f0xx_hal_tim_ex.c ****   __HAL_LOCK(htim);
2034:Drivers/STM32F0xx_HAL_Driver/Src/stm32f0xx_hal_tim_ex.c **** 
2035:Drivers/STM32F0xx_HAL_Driver/Src/stm32f0xx_hal_tim_ex.c ****   /* Set the Lock level, the Break enable Bit and the Polarity, the OSSR State,
2036:Drivers/STM32F0xx_HAL_Driver/Src/stm32f0xx_hal_tim_ex.c ****      the OSSI State, the dead time value and the Automatic Output Enable Bit */
2037:Drivers/STM32F0xx_HAL_Driver/Src/stm32f0xx_hal_tim_ex.c **** 
2038:Drivers/STM32F0xx_HAL_Driver/Src/stm32f0xx_hal_tim_ex.c ****   /* Set the BDTR bits */
2039:Drivers/STM32F0xx_HAL_Driver/Src/stm32f0xx_hal_tim_ex.c ****   MODIFY_REG(tmpbdtr, TIM_BDTR_DTG, sBreakDeadTimeConfig->DeadTime);
2040:Drivers/STM32F0xx_HAL_Driver/Src/stm32f0xx_hal_tim_ex.c ****   MODIFY_REG(tmpbdtr, TIM_BDTR_LOCK, sBreakDeadTimeConfig->LockLevel);
2041:Drivers/STM32F0xx_HAL_Driver/Src/stm32f0xx_hal_tim_ex.c ****   MODIFY_REG(tmpbdtr, TIM_BDTR_OSSI, sBreakDeadTimeConfig->OffStateIDLEMode);
2042:Drivers/STM32F0xx_HAL_Driver/Src/stm32f0xx_hal_tim_ex.c ****   MODIFY_REG(tmpbdtr, TIM_BDTR_OSSR, sBreakDeadTimeConfig->OffStateRunMode);
2043:Drivers/STM32F0xx_HAL_Driver/Src/stm32f0xx_hal_tim_ex.c ****   MODIFY_REG(tmpbdtr, TIM_BDTR_BKE, sBreakDeadTimeConfig->BreakState);
2044:Drivers/STM32F0xx_HAL_Driver/Src/stm32f0xx_hal_tim_ex.c ****   MODIFY_REG(tmpbdtr, TIM_BDTR_BKP, sBreakDeadTimeConfig->BreakPolarity);
2045:Drivers/STM32F0xx_HAL_Driver/Src/stm32f0xx_hal_tim_ex.c ****   MODIFY_REG(tmpbdtr, TIM_BDTR_AOE, sBreakDeadTimeConfig->AutomaticOutput);
2046:Drivers/STM32F0xx_HAL_Driver/Src/stm32f0xx_hal_tim_ex.c **** 
2047:Drivers/STM32F0xx_HAL_Driver/Src/stm32f0xx_hal_tim_ex.c **** 
2048:Drivers/STM32F0xx_HAL_Driver/Src/stm32f0xx_hal_tim_ex.c ****   /* Set TIMx_BDTR */
2049:Drivers/STM32F0xx_HAL_Driver/Src/stm32f0xx_hal_tim_ex.c ****   htim->Instance->BDTR = tmpbdtr;
2050:Drivers/STM32F0xx_HAL_Driver/Src/stm32f0xx_hal_tim_ex.c **** 
2051:Drivers/STM32F0xx_HAL_Driver/Src/stm32f0xx_hal_tim_ex.c ****   __HAL_UNLOCK(htim);
2052:Drivers/STM32F0xx_HAL_Driver/Src/stm32f0xx_hal_tim_ex.c **** 
2053:Drivers/STM32F0xx_HAL_Driver/Src/stm32f0xx_hal_tim_ex.c ****   return HAL_OK;
2054:Drivers/STM32F0xx_HAL_Driver/Src/stm32f0xx_hal_tim_ex.c **** }
2055:Drivers/STM32F0xx_HAL_Driver/Src/stm32f0xx_hal_tim_ex.c **** 
2056:Drivers/STM32F0xx_HAL_Driver/Src/stm32f0xx_hal_tim_ex.c **** /**
2057:Drivers/STM32F0xx_HAL_Driver/Src/stm32f0xx_hal_tim_ex.c ****   * @brief  Configures the TIMx Remapping input capabilities.
2058:Drivers/STM32F0xx_HAL_Driver/Src/stm32f0xx_hal_tim_ex.c ****   * @param  htim TIM handle.
2059:Drivers/STM32F0xx_HAL_Driver/Src/stm32f0xx_hal_tim_ex.c ****   * @param  Remap specifies the TIM remapping source.
2060:Drivers/STM32F0xx_HAL_Driver/Src/stm32f0xx_hal_tim_ex.c ****   *         For TIM14, the parameter can have the following values:
2061:Drivers/STM32F0xx_HAL_Driver/Src/stm32f0xx_hal_tim_ex.c ****   *           @arg TIM_TIM14_GPIO:    TIM14 TI1 is connected to GPIO
2062:Drivers/STM32F0xx_HAL_Driver/Src/stm32f0xx_hal_tim_ex.c ****   *           @arg TIM_TIM14_RTC:     TIM14 TI1 is connected to RTC_clock
2063:Drivers/STM32F0xx_HAL_Driver/Src/stm32f0xx_hal_tim_ex.c ****   *           @arg TIM_TIM14_HSE:     TIM14 TI1 is connected to HSE/32
2064:Drivers/STM32F0xx_HAL_Driver/Src/stm32f0xx_hal_tim_ex.c ****   *           @arg TIM_TIM14_MCO:     TIM14 TI1 is connected to MCO
2065:Drivers/STM32F0xx_HAL_Driver/Src/stm32f0xx_hal_tim_ex.c ****   *
2066:Drivers/STM32F0xx_HAL_Driver/Src/stm32f0xx_hal_tim_ex.c ****   * @retval HAL status
2067:Drivers/STM32F0xx_HAL_Driver/Src/stm32f0xx_hal_tim_ex.c ****   */
2068:Drivers/STM32F0xx_HAL_Driver/Src/stm32f0xx_hal_tim_ex.c **** HAL_StatusTypeDef HAL_TIMEx_RemapConfig(TIM_HandleTypeDef *htim, uint32_t Remap)
2069:Drivers/STM32F0xx_HAL_Driver/Src/stm32f0xx_hal_tim_ex.c **** {
2070:Drivers/STM32F0xx_HAL_Driver/Src/stm32f0xx_hal_tim_ex.c **** 
2071:Drivers/STM32F0xx_HAL_Driver/Src/stm32f0xx_hal_tim_ex.c ****   /* Check parameters */
2072:Drivers/STM32F0xx_HAL_Driver/Src/stm32f0xx_hal_tim_ex.c ****   assert_param(IS_TIM_REMAP(htim->Instance, Remap));
2073:Drivers/STM32F0xx_HAL_Driver/Src/stm32f0xx_hal_tim_ex.c **** 
2074:Drivers/STM32F0xx_HAL_Driver/Src/stm32f0xx_hal_tim_ex.c ****   __HAL_LOCK(htim);
2075:Drivers/STM32F0xx_HAL_Driver/Src/stm32f0xx_hal_tim_ex.c **** 
2076:Drivers/STM32F0xx_HAL_Driver/Src/stm32f0xx_hal_tim_ex.c ****   /* Set the Timer remapping configuration */
2077:Drivers/STM32F0xx_HAL_Driver/Src/stm32f0xx_hal_tim_ex.c ****   WRITE_REG(htim->Instance->OR, Remap);
2078:Drivers/STM32F0xx_HAL_Driver/Src/stm32f0xx_hal_tim_ex.c **** 
2079:Drivers/STM32F0xx_HAL_Driver/Src/stm32f0xx_hal_tim_ex.c ****   __HAL_UNLOCK(htim);
2080:Drivers/STM32F0xx_HAL_Driver/Src/stm32f0xx_hal_tim_ex.c **** 
2081:Drivers/STM32F0xx_HAL_Driver/Src/stm32f0xx_hal_tim_ex.c ****   return HAL_OK;
2082:Drivers/STM32F0xx_HAL_Driver/Src/stm32f0xx_hal_tim_ex.c **** }
2083:Drivers/STM32F0xx_HAL_Driver/Src/stm32f0xx_hal_tim_ex.c **** 
2084:Drivers/STM32F0xx_HAL_Driver/Src/stm32f0xx_hal_tim_ex.c **** /**
ARM GAS  C:\Users\fastr\AppData\Local\Temp\ccGFXKp9.s 			page 38


2085:Drivers/STM32F0xx_HAL_Driver/Src/stm32f0xx_hal_tim_ex.c ****   * @}
2086:Drivers/STM32F0xx_HAL_Driver/Src/stm32f0xx_hal_tim_ex.c ****   */
2087:Drivers/STM32F0xx_HAL_Driver/Src/stm32f0xx_hal_tim_ex.c **** 
2088:Drivers/STM32F0xx_HAL_Driver/Src/stm32f0xx_hal_tim_ex.c **** /** @defgroup TIMEx_Exported_Functions_Group6 Extended Callbacks functions
2089:Drivers/STM32F0xx_HAL_Driver/Src/stm32f0xx_hal_tim_ex.c ****   * @brief    Extended Callbacks functions
2090:Drivers/STM32F0xx_HAL_Driver/Src/stm32f0xx_hal_tim_ex.c ****   *
2091:Drivers/STM32F0xx_HAL_Driver/Src/stm32f0xx_hal_tim_ex.c **** @verbatim
2092:Drivers/STM32F0xx_HAL_Driver/Src/stm32f0xx_hal_tim_ex.c ****   ==============================================================================
2093:Drivers/STM32F0xx_HAL_Driver/Src/stm32f0xx_hal_tim_ex.c ****                     ##### Extended Callbacks functions #####
2094:Drivers/STM32F0xx_HAL_Driver/Src/stm32f0xx_hal_tim_ex.c ****   ==============================================================================
2095:Drivers/STM32F0xx_HAL_Driver/Src/stm32f0xx_hal_tim_ex.c ****   [..]
2096:Drivers/STM32F0xx_HAL_Driver/Src/stm32f0xx_hal_tim_ex.c ****     This section provides Extended TIM callback functions:
2097:Drivers/STM32F0xx_HAL_Driver/Src/stm32f0xx_hal_tim_ex.c ****     (+) Timer Commutation callback
2098:Drivers/STM32F0xx_HAL_Driver/Src/stm32f0xx_hal_tim_ex.c ****     (+) Timer Break callback
2099:Drivers/STM32F0xx_HAL_Driver/Src/stm32f0xx_hal_tim_ex.c **** 
2100:Drivers/STM32F0xx_HAL_Driver/Src/stm32f0xx_hal_tim_ex.c **** @endverbatim
2101:Drivers/STM32F0xx_HAL_Driver/Src/stm32f0xx_hal_tim_ex.c ****   * @{
2102:Drivers/STM32F0xx_HAL_Driver/Src/stm32f0xx_hal_tim_ex.c ****   */
2103:Drivers/STM32F0xx_HAL_Driver/Src/stm32f0xx_hal_tim_ex.c **** 
2104:Drivers/STM32F0xx_HAL_Driver/Src/stm32f0xx_hal_tim_ex.c **** /**
2105:Drivers/STM32F0xx_HAL_Driver/Src/stm32f0xx_hal_tim_ex.c ****   * @brief  Commutation callback in non-blocking mode
2106:Drivers/STM32F0xx_HAL_Driver/Src/stm32f0xx_hal_tim_ex.c ****   * @param  htim TIM handle
2107:Drivers/STM32F0xx_HAL_Driver/Src/stm32f0xx_hal_tim_ex.c ****   * @retval None
2108:Drivers/STM32F0xx_HAL_Driver/Src/stm32f0xx_hal_tim_ex.c ****   */
2109:Drivers/STM32F0xx_HAL_Driver/Src/stm32f0xx_hal_tim_ex.c **** __weak void HAL_TIMEx_CommutCallback(TIM_HandleTypeDef *htim)
2110:Drivers/STM32F0xx_HAL_Driver/Src/stm32f0xx_hal_tim_ex.c **** {
2111:Drivers/STM32F0xx_HAL_Driver/Src/stm32f0xx_hal_tim_ex.c ****   /* Prevent unused argument(s) compilation warning */
2112:Drivers/STM32F0xx_HAL_Driver/Src/stm32f0xx_hal_tim_ex.c ****   UNUSED(htim);
2113:Drivers/STM32F0xx_HAL_Driver/Src/stm32f0xx_hal_tim_ex.c **** 
2114:Drivers/STM32F0xx_HAL_Driver/Src/stm32f0xx_hal_tim_ex.c ****   /* NOTE : This function should not be modified, when the callback is needed,
2115:Drivers/STM32F0xx_HAL_Driver/Src/stm32f0xx_hal_tim_ex.c ****             the HAL_TIMEx_CommutCallback could be implemented in the user file
2116:Drivers/STM32F0xx_HAL_Driver/Src/stm32f0xx_hal_tim_ex.c ****    */
2117:Drivers/STM32F0xx_HAL_Driver/Src/stm32f0xx_hal_tim_ex.c **** }
2118:Drivers/STM32F0xx_HAL_Driver/Src/stm32f0xx_hal_tim_ex.c **** /**
2119:Drivers/STM32F0xx_HAL_Driver/Src/stm32f0xx_hal_tim_ex.c ****   * @brief  Commutation half complete callback in non-blocking mode
2120:Drivers/STM32F0xx_HAL_Driver/Src/stm32f0xx_hal_tim_ex.c ****   * @param  htim TIM handle
2121:Drivers/STM32F0xx_HAL_Driver/Src/stm32f0xx_hal_tim_ex.c ****   * @retval None
2122:Drivers/STM32F0xx_HAL_Driver/Src/stm32f0xx_hal_tim_ex.c ****   */
2123:Drivers/STM32F0xx_HAL_Driver/Src/stm32f0xx_hal_tim_ex.c **** __weak void HAL_TIMEx_CommutHalfCpltCallback(TIM_HandleTypeDef *htim)
2124:Drivers/STM32F0xx_HAL_Driver/Src/stm32f0xx_hal_tim_ex.c **** {
2125:Drivers/STM32F0xx_HAL_Driver/Src/stm32f0xx_hal_tim_ex.c ****   /* Prevent unused argument(s) compilation warning */
2126:Drivers/STM32F0xx_HAL_Driver/Src/stm32f0xx_hal_tim_ex.c ****   UNUSED(htim);
2127:Drivers/STM32F0xx_HAL_Driver/Src/stm32f0xx_hal_tim_ex.c **** 
2128:Drivers/STM32F0xx_HAL_Driver/Src/stm32f0xx_hal_tim_ex.c ****   /* NOTE : This function should not be modified, when the callback is needed,
2129:Drivers/STM32F0xx_HAL_Driver/Src/stm32f0xx_hal_tim_ex.c ****             the HAL_TIMEx_CommutHalfCpltCallback could be implemented in the user file
2130:Drivers/STM32F0xx_HAL_Driver/Src/stm32f0xx_hal_tim_ex.c ****    */
2131:Drivers/STM32F0xx_HAL_Driver/Src/stm32f0xx_hal_tim_ex.c **** }
2132:Drivers/STM32F0xx_HAL_Driver/Src/stm32f0xx_hal_tim_ex.c **** 
2133:Drivers/STM32F0xx_HAL_Driver/Src/stm32f0xx_hal_tim_ex.c **** /**
2134:Drivers/STM32F0xx_HAL_Driver/Src/stm32f0xx_hal_tim_ex.c ****   * @brief  Break detection callback in non-blocking mode
2135:Drivers/STM32F0xx_HAL_Driver/Src/stm32f0xx_hal_tim_ex.c ****   * @param  htim TIM handle
2136:Drivers/STM32F0xx_HAL_Driver/Src/stm32f0xx_hal_tim_ex.c ****   * @retval None
2137:Drivers/STM32F0xx_HAL_Driver/Src/stm32f0xx_hal_tim_ex.c ****   */
2138:Drivers/STM32F0xx_HAL_Driver/Src/stm32f0xx_hal_tim_ex.c **** __weak void HAL_TIMEx_BreakCallback(TIM_HandleTypeDef *htim)
2139:Drivers/STM32F0xx_HAL_Driver/Src/stm32f0xx_hal_tim_ex.c **** {
2140:Drivers/STM32F0xx_HAL_Driver/Src/stm32f0xx_hal_tim_ex.c ****   /* Prevent unused argument(s) compilation warning */
2141:Drivers/STM32F0xx_HAL_Driver/Src/stm32f0xx_hal_tim_ex.c ****   UNUSED(htim);
ARM GAS  C:\Users\fastr\AppData\Local\Temp\ccGFXKp9.s 			page 39


2142:Drivers/STM32F0xx_HAL_Driver/Src/stm32f0xx_hal_tim_ex.c **** 
2143:Drivers/STM32F0xx_HAL_Driver/Src/stm32f0xx_hal_tim_ex.c ****   /* NOTE : This function should not be modified, when the callback is needed,
2144:Drivers/STM32F0xx_HAL_Driver/Src/stm32f0xx_hal_tim_ex.c ****             the HAL_TIMEx_BreakCallback could be implemented in the user file
2145:Drivers/STM32F0xx_HAL_Driver/Src/stm32f0xx_hal_tim_ex.c ****    */
2146:Drivers/STM32F0xx_HAL_Driver/Src/stm32f0xx_hal_tim_ex.c **** }
2147:Drivers/STM32F0xx_HAL_Driver/Src/stm32f0xx_hal_tim_ex.c **** /**
2148:Drivers/STM32F0xx_HAL_Driver/Src/stm32f0xx_hal_tim_ex.c ****   * @}
2149:Drivers/STM32F0xx_HAL_Driver/Src/stm32f0xx_hal_tim_ex.c ****   */
2150:Drivers/STM32F0xx_HAL_Driver/Src/stm32f0xx_hal_tim_ex.c **** 
2151:Drivers/STM32F0xx_HAL_Driver/Src/stm32f0xx_hal_tim_ex.c **** /** @defgroup TIMEx_Exported_Functions_Group7 Extended Peripheral State functions
2152:Drivers/STM32F0xx_HAL_Driver/Src/stm32f0xx_hal_tim_ex.c ****   * @brief    Extended Peripheral State functions
2153:Drivers/STM32F0xx_HAL_Driver/Src/stm32f0xx_hal_tim_ex.c ****   *
2154:Drivers/STM32F0xx_HAL_Driver/Src/stm32f0xx_hal_tim_ex.c **** @verbatim
2155:Drivers/STM32F0xx_HAL_Driver/Src/stm32f0xx_hal_tim_ex.c ****   ==============================================================================
2156:Drivers/STM32F0xx_HAL_Driver/Src/stm32f0xx_hal_tim_ex.c ****                 ##### Extended Peripheral State functions #####
2157:Drivers/STM32F0xx_HAL_Driver/Src/stm32f0xx_hal_tim_ex.c ****   ==============================================================================
2158:Drivers/STM32F0xx_HAL_Driver/Src/stm32f0xx_hal_tim_ex.c ****   [..]
2159:Drivers/STM32F0xx_HAL_Driver/Src/stm32f0xx_hal_tim_ex.c ****     This subsection permits to get in run-time the status of the peripheral
2160:Drivers/STM32F0xx_HAL_Driver/Src/stm32f0xx_hal_tim_ex.c ****     and the data flow.
2161:Drivers/STM32F0xx_HAL_Driver/Src/stm32f0xx_hal_tim_ex.c **** 
2162:Drivers/STM32F0xx_HAL_Driver/Src/stm32f0xx_hal_tim_ex.c **** @endverbatim
2163:Drivers/STM32F0xx_HAL_Driver/Src/stm32f0xx_hal_tim_ex.c ****   * @{
2164:Drivers/STM32F0xx_HAL_Driver/Src/stm32f0xx_hal_tim_ex.c ****   */
2165:Drivers/STM32F0xx_HAL_Driver/Src/stm32f0xx_hal_tim_ex.c **** 
2166:Drivers/STM32F0xx_HAL_Driver/Src/stm32f0xx_hal_tim_ex.c **** /**
2167:Drivers/STM32F0xx_HAL_Driver/Src/stm32f0xx_hal_tim_ex.c ****   * @brief  Return the TIM Hall Sensor interface handle state.
2168:Drivers/STM32F0xx_HAL_Driver/Src/stm32f0xx_hal_tim_ex.c ****   * @param  htim TIM Hall Sensor handle
2169:Drivers/STM32F0xx_HAL_Driver/Src/stm32f0xx_hal_tim_ex.c ****   * @retval HAL state
2170:Drivers/STM32F0xx_HAL_Driver/Src/stm32f0xx_hal_tim_ex.c ****   */
2171:Drivers/STM32F0xx_HAL_Driver/Src/stm32f0xx_hal_tim_ex.c **** HAL_TIM_StateTypeDef HAL_TIMEx_HallSensor_GetState(const TIM_HandleTypeDef *htim)
2172:Drivers/STM32F0xx_HAL_Driver/Src/stm32f0xx_hal_tim_ex.c **** {
2173:Drivers/STM32F0xx_HAL_Driver/Src/stm32f0xx_hal_tim_ex.c ****   return htim->State;
2174:Drivers/STM32F0xx_HAL_Driver/Src/stm32f0xx_hal_tim_ex.c **** }
2175:Drivers/STM32F0xx_HAL_Driver/Src/stm32f0xx_hal_tim_ex.c **** 
2176:Drivers/STM32F0xx_HAL_Driver/Src/stm32f0xx_hal_tim_ex.c **** /**
2177:Drivers/STM32F0xx_HAL_Driver/Src/stm32f0xx_hal_tim_ex.c ****   * @brief  Return actual state of the TIM complementary channel.
2178:Drivers/STM32F0xx_HAL_Driver/Src/stm32f0xx_hal_tim_ex.c ****   * @param  htim TIM handle
2179:Drivers/STM32F0xx_HAL_Driver/Src/stm32f0xx_hal_tim_ex.c ****   * @param  ChannelN TIM Complementary channel
2180:Drivers/STM32F0xx_HAL_Driver/Src/stm32f0xx_hal_tim_ex.c ****   *          This parameter can be one of the following values:
2181:Drivers/STM32F0xx_HAL_Driver/Src/stm32f0xx_hal_tim_ex.c ****   *            @arg TIM_CHANNEL_1: TIM Channel 1
2182:Drivers/STM32F0xx_HAL_Driver/Src/stm32f0xx_hal_tim_ex.c ****   *            @arg TIM_CHANNEL_2: TIM Channel 2
2183:Drivers/STM32F0xx_HAL_Driver/Src/stm32f0xx_hal_tim_ex.c ****   *            @arg TIM_CHANNEL_3: TIM Channel 3
2184:Drivers/STM32F0xx_HAL_Driver/Src/stm32f0xx_hal_tim_ex.c ****   * @retval TIM Complementary channel state
2185:Drivers/STM32F0xx_HAL_Driver/Src/stm32f0xx_hal_tim_ex.c ****   */
2186:Drivers/STM32F0xx_HAL_Driver/Src/stm32f0xx_hal_tim_ex.c **** HAL_TIM_ChannelStateTypeDef HAL_TIMEx_GetChannelNState(const TIM_HandleTypeDef *htim,  uint32_t Cha
2187:Drivers/STM32F0xx_HAL_Driver/Src/stm32f0xx_hal_tim_ex.c **** {
2188:Drivers/STM32F0xx_HAL_Driver/Src/stm32f0xx_hal_tim_ex.c ****   HAL_TIM_ChannelStateTypeDef channel_state;
2189:Drivers/STM32F0xx_HAL_Driver/Src/stm32f0xx_hal_tim_ex.c **** 
2190:Drivers/STM32F0xx_HAL_Driver/Src/stm32f0xx_hal_tim_ex.c ****   /* Check the parameters */
2191:Drivers/STM32F0xx_HAL_Driver/Src/stm32f0xx_hal_tim_ex.c ****   assert_param(IS_TIM_CCXN_INSTANCE(htim->Instance, ChannelN));
2192:Drivers/STM32F0xx_HAL_Driver/Src/stm32f0xx_hal_tim_ex.c **** 
2193:Drivers/STM32F0xx_HAL_Driver/Src/stm32f0xx_hal_tim_ex.c ****   channel_state = TIM_CHANNEL_N_STATE_GET(htim, ChannelN);
2194:Drivers/STM32F0xx_HAL_Driver/Src/stm32f0xx_hal_tim_ex.c **** 
2195:Drivers/STM32F0xx_HAL_Driver/Src/stm32f0xx_hal_tim_ex.c ****   return channel_state;
2196:Drivers/STM32F0xx_HAL_Driver/Src/stm32f0xx_hal_tim_ex.c **** }
2197:Drivers/STM32F0xx_HAL_Driver/Src/stm32f0xx_hal_tim_ex.c **** /**
2198:Drivers/STM32F0xx_HAL_Driver/Src/stm32f0xx_hal_tim_ex.c ****   * @}
ARM GAS  C:\Users\fastr\AppData\Local\Temp\ccGFXKp9.s 			page 40


2199:Drivers/STM32F0xx_HAL_Driver/Src/stm32f0xx_hal_tim_ex.c ****   */
2200:Drivers/STM32F0xx_HAL_Driver/Src/stm32f0xx_hal_tim_ex.c **** 
2201:Drivers/STM32F0xx_HAL_Driver/Src/stm32f0xx_hal_tim_ex.c **** /**
2202:Drivers/STM32F0xx_HAL_Driver/Src/stm32f0xx_hal_tim_ex.c ****   * @}
2203:Drivers/STM32F0xx_HAL_Driver/Src/stm32f0xx_hal_tim_ex.c ****   */
2204:Drivers/STM32F0xx_HAL_Driver/Src/stm32f0xx_hal_tim_ex.c **** 
2205:Drivers/STM32F0xx_HAL_Driver/Src/stm32f0xx_hal_tim_ex.c **** /* Private functions ---------------------------------------------------------*/
2206:Drivers/STM32F0xx_HAL_Driver/Src/stm32f0xx_hal_tim_ex.c **** /** @defgroup TIMEx_Private_Functions TIM Extended Private Functions
2207:Drivers/STM32F0xx_HAL_Driver/Src/stm32f0xx_hal_tim_ex.c ****   * @{
2208:Drivers/STM32F0xx_HAL_Driver/Src/stm32f0xx_hal_tim_ex.c ****   */
2209:Drivers/STM32F0xx_HAL_Driver/Src/stm32f0xx_hal_tim_ex.c **** 
2210:Drivers/STM32F0xx_HAL_Driver/Src/stm32f0xx_hal_tim_ex.c **** /**
2211:Drivers/STM32F0xx_HAL_Driver/Src/stm32f0xx_hal_tim_ex.c ****   * @brief  TIM DMA Commutation callback.
2212:Drivers/STM32F0xx_HAL_Driver/Src/stm32f0xx_hal_tim_ex.c ****   * @param  hdma pointer to DMA handle.
2213:Drivers/STM32F0xx_HAL_Driver/Src/stm32f0xx_hal_tim_ex.c ****   * @retval None
2214:Drivers/STM32F0xx_HAL_Driver/Src/stm32f0xx_hal_tim_ex.c ****   */
2215:Drivers/STM32F0xx_HAL_Driver/Src/stm32f0xx_hal_tim_ex.c **** void TIMEx_DMACommutationCplt(DMA_HandleTypeDef *hdma)
2216:Drivers/STM32F0xx_HAL_Driver/Src/stm32f0xx_hal_tim_ex.c **** {
2217:Drivers/STM32F0xx_HAL_Driver/Src/stm32f0xx_hal_tim_ex.c ****   TIM_HandleTypeDef *htim = (TIM_HandleTypeDef *)((DMA_HandleTypeDef *)hdma)->Parent;
2218:Drivers/STM32F0xx_HAL_Driver/Src/stm32f0xx_hal_tim_ex.c **** 
2219:Drivers/STM32F0xx_HAL_Driver/Src/stm32f0xx_hal_tim_ex.c ****   /* Change the htim state */
2220:Drivers/STM32F0xx_HAL_Driver/Src/stm32f0xx_hal_tim_ex.c ****   htim->State = HAL_TIM_STATE_READY;
2221:Drivers/STM32F0xx_HAL_Driver/Src/stm32f0xx_hal_tim_ex.c **** 
2222:Drivers/STM32F0xx_HAL_Driver/Src/stm32f0xx_hal_tim_ex.c **** #if (USE_HAL_TIM_REGISTER_CALLBACKS == 1)
2223:Drivers/STM32F0xx_HAL_Driver/Src/stm32f0xx_hal_tim_ex.c ****   htim->CommutationCallback(htim);
2224:Drivers/STM32F0xx_HAL_Driver/Src/stm32f0xx_hal_tim_ex.c **** #else
2225:Drivers/STM32F0xx_HAL_Driver/Src/stm32f0xx_hal_tim_ex.c ****   HAL_TIMEx_CommutCallback(htim);
2226:Drivers/STM32F0xx_HAL_Driver/Src/stm32f0xx_hal_tim_ex.c **** #endif /* USE_HAL_TIM_REGISTER_CALLBACKS */
2227:Drivers/STM32F0xx_HAL_Driver/Src/stm32f0xx_hal_tim_ex.c **** }
2228:Drivers/STM32F0xx_HAL_Driver/Src/stm32f0xx_hal_tim_ex.c **** 
2229:Drivers/STM32F0xx_HAL_Driver/Src/stm32f0xx_hal_tim_ex.c **** /**
2230:Drivers/STM32F0xx_HAL_Driver/Src/stm32f0xx_hal_tim_ex.c ****   * @brief  TIM DMA Commutation half complete callback.
2231:Drivers/STM32F0xx_HAL_Driver/Src/stm32f0xx_hal_tim_ex.c ****   * @param  hdma pointer to DMA handle.
2232:Drivers/STM32F0xx_HAL_Driver/Src/stm32f0xx_hal_tim_ex.c ****   * @retval None
2233:Drivers/STM32F0xx_HAL_Driver/Src/stm32f0xx_hal_tim_ex.c ****   */
2234:Drivers/STM32F0xx_HAL_Driver/Src/stm32f0xx_hal_tim_ex.c **** void TIMEx_DMACommutationHalfCplt(DMA_HandleTypeDef *hdma)
2235:Drivers/STM32F0xx_HAL_Driver/Src/stm32f0xx_hal_tim_ex.c **** {
2236:Drivers/STM32F0xx_HAL_Driver/Src/stm32f0xx_hal_tim_ex.c ****   TIM_HandleTypeDef *htim = (TIM_HandleTypeDef *)((DMA_HandleTypeDef *)hdma)->Parent;
2237:Drivers/STM32F0xx_HAL_Driver/Src/stm32f0xx_hal_tim_ex.c **** 
2238:Drivers/STM32F0xx_HAL_Driver/Src/stm32f0xx_hal_tim_ex.c ****   /* Change the htim state */
2239:Drivers/STM32F0xx_HAL_Driver/Src/stm32f0xx_hal_tim_ex.c ****   htim->State = HAL_TIM_STATE_READY;
2240:Drivers/STM32F0xx_HAL_Driver/Src/stm32f0xx_hal_tim_ex.c **** 
2241:Drivers/STM32F0xx_HAL_Driver/Src/stm32f0xx_hal_tim_ex.c **** #if (USE_HAL_TIM_REGISTER_CALLBACKS == 1)
2242:Drivers/STM32F0xx_HAL_Driver/Src/stm32f0xx_hal_tim_ex.c ****   htim->CommutationHalfCpltCallback(htim);
2243:Drivers/STM32F0xx_HAL_Driver/Src/stm32f0xx_hal_tim_ex.c **** #else
2244:Drivers/STM32F0xx_HAL_Driver/Src/stm32f0xx_hal_tim_ex.c ****   HAL_TIMEx_CommutHalfCpltCallback(htim);
2245:Drivers/STM32F0xx_HAL_Driver/Src/stm32f0xx_hal_tim_ex.c **** #endif /* USE_HAL_TIM_REGISTER_CALLBACKS */
2246:Drivers/STM32F0xx_HAL_Driver/Src/stm32f0xx_hal_tim_ex.c **** }
2247:Drivers/STM32F0xx_HAL_Driver/Src/stm32f0xx_hal_tim_ex.c **** 
2248:Drivers/STM32F0xx_HAL_Driver/Src/stm32f0xx_hal_tim_ex.c **** 
2249:Drivers/STM32F0xx_HAL_Driver/Src/stm32f0xx_hal_tim_ex.c **** /**
2250:Drivers/STM32F0xx_HAL_Driver/Src/stm32f0xx_hal_tim_ex.c ****   * @brief  TIM DMA Delay Pulse complete callback (complementary channel).
2251:Drivers/STM32F0xx_HAL_Driver/Src/stm32f0xx_hal_tim_ex.c ****   * @param  hdma pointer to DMA handle.
2252:Drivers/STM32F0xx_HAL_Driver/Src/stm32f0xx_hal_tim_ex.c ****   * @retval None
2253:Drivers/STM32F0xx_HAL_Driver/Src/stm32f0xx_hal_tim_ex.c ****   */
2254:Drivers/STM32F0xx_HAL_Driver/Src/stm32f0xx_hal_tim_ex.c **** static void TIM_DMADelayPulseNCplt(DMA_HandleTypeDef *hdma)
2255:Drivers/STM32F0xx_HAL_Driver/Src/stm32f0xx_hal_tim_ex.c **** {
ARM GAS  C:\Users\fastr\AppData\Local\Temp\ccGFXKp9.s 			page 41


2256:Drivers/STM32F0xx_HAL_Driver/Src/stm32f0xx_hal_tim_ex.c ****   TIM_HandleTypeDef *htim = (TIM_HandleTypeDef *)((DMA_HandleTypeDef *)hdma)->Parent;
2257:Drivers/STM32F0xx_HAL_Driver/Src/stm32f0xx_hal_tim_ex.c **** 
2258:Drivers/STM32F0xx_HAL_Driver/Src/stm32f0xx_hal_tim_ex.c ****   if (hdma == htim->hdma[TIM_DMA_ID_CC1])
2259:Drivers/STM32F0xx_HAL_Driver/Src/stm32f0xx_hal_tim_ex.c ****   {
2260:Drivers/STM32F0xx_HAL_Driver/Src/stm32f0xx_hal_tim_ex.c ****     htim->Channel = HAL_TIM_ACTIVE_CHANNEL_1;
2261:Drivers/STM32F0xx_HAL_Driver/Src/stm32f0xx_hal_tim_ex.c **** 
2262:Drivers/STM32F0xx_HAL_Driver/Src/stm32f0xx_hal_tim_ex.c ****     if (hdma->Init.Mode == DMA_NORMAL)
2263:Drivers/STM32F0xx_HAL_Driver/Src/stm32f0xx_hal_tim_ex.c ****     {
2264:Drivers/STM32F0xx_HAL_Driver/Src/stm32f0xx_hal_tim_ex.c ****       TIM_CHANNEL_N_STATE_SET(htim, TIM_CHANNEL_1, HAL_TIM_CHANNEL_STATE_READY);
2265:Drivers/STM32F0xx_HAL_Driver/Src/stm32f0xx_hal_tim_ex.c ****     }
2266:Drivers/STM32F0xx_HAL_Driver/Src/stm32f0xx_hal_tim_ex.c ****   }
2267:Drivers/STM32F0xx_HAL_Driver/Src/stm32f0xx_hal_tim_ex.c ****   else if (hdma == htim->hdma[TIM_DMA_ID_CC2])
2268:Drivers/STM32F0xx_HAL_Driver/Src/stm32f0xx_hal_tim_ex.c ****   {
2269:Drivers/STM32F0xx_HAL_Driver/Src/stm32f0xx_hal_tim_ex.c ****     htim->Channel = HAL_TIM_ACTIVE_CHANNEL_2;
2270:Drivers/STM32F0xx_HAL_Driver/Src/stm32f0xx_hal_tim_ex.c **** 
2271:Drivers/STM32F0xx_HAL_Driver/Src/stm32f0xx_hal_tim_ex.c ****     if (hdma->Init.Mode == DMA_NORMAL)
2272:Drivers/STM32F0xx_HAL_Driver/Src/stm32f0xx_hal_tim_ex.c ****     {
2273:Drivers/STM32F0xx_HAL_Driver/Src/stm32f0xx_hal_tim_ex.c ****       TIM_CHANNEL_N_STATE_SET(htim, TIM_CHANNEL_2, HAL_TIM_CHANNEL_STATE_READY);
2274:Drivers/STM32F0xx_HAL_Driver/Src/stm32f0xx_hal_tim_ex.c ****     }
2275:Drivers/STM32F0xx_HAL_Driver/Src/stm32f0xx_hal_tim_ex.c ****   }
2276:Drivers/STM32F0xx_HAL_Driver/Src/stm32f0xx_hal_tim_ex.c ****   else if (hdma == htim->hdma[TIM_DMA_ID_CC3])
2277:Drivers/STM32F0xx_HAL_Driver/Src/stm32f0xx_hal_tim_ex.c ****   {
2278:Drivers/STM32F0xx_HAL_Driver/Src/stm32f0xx_hal_tim_ex.c ****     htim->Channel = HAL_TIM_ACTIVE_CHANNEL_3;
2279:Drivers/STM32F0xx_HAL_Driver/Src/stm32f0xx_hal_tim_ex.c **** 
2280:Drivers/STM32F0xx_HAL_Driver/Src/stm32f0xx_hal_tim_ex.c ****     if (hdma->Init.Mode == DMA_NORMAL)
2281:Drivers/STM32F0xx_HAL_Driver/Src/stm32f0xx_hal_tim_ex.c ****     {
2282:Drivers/STM32F0xx_HAL_Driver/Src/stm32f0xx_hal_tim_ex.c ****       TIM_CHANNEL_N_STATE_SET(htim, TIM_CHANNEL_3, HAL_TIM_CHANNEL_STATE_READY);
2283:Drivers/STM32F0xx_HAL_Driver/Src/stm32f0xx_hal_tim_ex.c ****     }
2284:Drivers/STM32F0xx_HAL_Driver/Src/stm32f0xx_hal_tim_ex.c ****   }
2285:Drivers/STM32F0xx_HAL_Driver/Src/stm32f0xx_hal_tim_ex.c ****   else
2286:Drivers/STM32F0xx_HAL_Driver/Src/stm32f0xx_hal_tim_ex.c ****   {
2287:Drivers/STM32F0xx_HAL_Driver/Src/stm32f0xx_hal_tim_ex.c ****     /* nothing to do */
2288:Drivers/STM32F0xx_HAL_Driver/Src/stm32f0xx_hal_tim_ex.c ****   }
2289:Drivers/STM32F0xx_HAL_Driver/Src/stm32f0xx_hal_tim_ex.c **** 
2290:Drivers/STM32F0xx_HAL_Driver/Src/stm32f0xx_hal_tim_ex.c **** #if (USE_HAL_TIM_REGISTER_CALLBACKS == 1)
2291:Drivers/STM32F0xx_HAL_Driver/Src/stm32f0xx_hal_tim_ex.c ****   htim->PWM_PulseFinishedCallback(htim);
2292:Drivers/STM32F0xx_HAL_Driver/Src/stm32f0xx_hal_tim_ex.c **** #else
2293:Drivers/STM32F0xx_HAL_Driver/Src/stm32f0xx_hal_tim_ex.c ****   HAL_TIM_PWM_PulseFinishedCallback(htim);
2294:Drivers/STM32F0xx_HAL_Driver/Src/stm32f0xx_hal_tim_ex.c **** #endif /* USE_HAL_TIM_REGISTER_CALLBACKS */
2295:Drivers/STM32F0xx_HAL_Driver/Src/stm32f0xx_hal_tim_ex.c **** 
2296:Drivers/STM32F0xx_HAL_Driver/Src/stm32f0xx_hal_tim_ex.c ****   htim->Channel = HAL_TIM_ACTIVE_CHANNEL_CLEARED;
2297:Drivers/STM32F0xx_HAL_Driver/Src/stm32f0xx_hal_tim_ex.c **** }
2298:Drivers/STM32F0xx_HAL_Driver/Src/stm32f0xx_hal_tim_ex.c **** 
2299:Drivers/STM32F0xx_HAL_Driver/Src/stm32f0xx_hal_tim_ex.c **** /**
2300:Drivers/STM32F0xx_HAL_Driver/Src/stm32f0xx_hal_tim_ex.c ****   * @brief  TIM DMA error callback (complementary channel)
2301:Drivers/STM32F0xx_HAL_Driver/Src/stm32f0xx_hal_tim_ex.c ****   * @param  hdma pointer to DMA handle.
2302:Drivers/STM32F0xx_HAL_Driver/Src/stm32f0xx_hal_tim_ex.c ****   * @retval None
2303:Drivers/STM32F0xx_HAL_Driver/Src/stm32f0xx_hal_tim_ex.c ****   */
2304:Drivers/STM32F0xx_HAL_Driver/Src/stm32f0xx_hal_tim_ex.c **** static void TIM_DMAErrorCCxN(DMA_HandleTypeDef *hdma)
2305:Drivers/STM32F0xx_HAL_Driver/Src/stm32f0xx_hal_tim_ex.c **** {
2306:Drivers/STM32F0xx_HAL_Driver/Src/stm32f0xx_hal_tim_ex.c ****   TIM_HandleTypeDef *htim = (TIM_HandleTypeDef *)((DMA_HandleTypeDef *)hdma)->Parent;
2307:Drivers/STM32F0xx_HAL_Driver/Src/stm32f0xx_hal_tim_ex.c **** 
2308:Drivers/STM32F0xx_HAL_Driver/Src/stm32f0xx_hal_tim_ex.c ****   if (hdma == htim->hdma[TIM_DMA_ID_CC1])
2309:Drivers/STM32F0xx_HAL_Driver/Src/stm32f0xx_hal_tim_ex.c ****   {
2310:Drivers/STM32F0xx_HAL_Driver/Src/stm32f0xx_hal_tim_ex.c ****     htim->Channel = HAL_TIM_ACTIVE_CHANNEL_1;
2311:Drivers/STM32F0xx_HAL_Driver/Src/stm32f0xx_hal_tim_ex.c ****     TIM_CHANNEL_N_STATE_SET(htim, TIM_CHANNEL_1, HAL_TIM_CHANNEL_STATE_READY);
2312:Drivers/STM32F0xx_HAL_Driver/Src/stm32f0xx_hal_tim_ex.c ****   }
ARM GAS  C:\Users\fastr\AppData\Local\Temp\ccGFXKp9.s 			page 42


2313:Drivers/STM32F0xx_HAL_Driver/Src/stm32f0xx_hal_tim_ex.c ****   else if (hdma == htim->hdma[TIM_DMA_ID_CC2])
2314:Drivers/STM32F0xx_HAL_Driver/Src/stm32f0xx_hal_tim_ex.c ****   {
2315:Drivers/STM32F0xx_HAL_Driver/Src/stm32f0xx_hal_tim_ex.c ****     htim->Channel = HAL_TIM_ACTIVE_CHANNEL_2;
2316:Drivers/STM32F0xx_HAL_Driver/Src/stm32f0xx_hal_tim_ex.c ****     TIM_CHANNEL_N_STATE_SET(htim, TIM_CHANNEL_2, HAL_TIM_CHANNEL_STATE_READY);
2317:Drivers/STM32F0xx_HAL_Driver/Src/stm32f0xx_hal_tim_ex.c ****   }
2318:Drivers/STM32F0xx_HAL_Driver/Src/stm32f0xx_hal_tim_ex.c ****   else if (hdma == htim->hdma[TIM_DMA_ID_CC3])
2319:Drivers/STM32F0xx_HAL_Driver/Src/stm32f0xx_hal_tim_ex.c ****   {
2320:Drivers/STM32F0xx_HAL_Driver/Src/stm32f0xx_hal_tim_ex.c ****     htim->Channel = HAL_TIM_ACTIVE_CHANNEL_3;
2321:Drivers/STM32F0xx_HAL_Driver/Src/stm32f0xx_hal_tim_ex.c ****     TIM_CHANNEL_N_STATE_SET(htim, TIM_CHANNEL_3, HAL_TIM_CHANNEL_STATE_READY);
2322:Drivers/STM32F0xx_HAL_Driver/Src/stm32f0xx_hal_tim_ex.c ****   }
2323:Drivers/STM32F0xx_HAL_Driver/Src/stm32f0xx_hal_tim_ex.c ****   else
2324:Drivers/STM32F0xx_HAL_Driver/Src/stm32f0xx_hal_tim_ex.c ****   {
2325:Drivers/STM32F0xx_HAL_Driver/Src/stm32f0xx_hal_tim_ex.c ****     /* nothing to do */
2326:Drivers/STM32F0xx_HAL_Driver/Src/stm32f0xx_hal_tim_ex.c ****   }
2327:Drivers/STM32F0xx_HAL_Driver/Src/stm32f0xx_hal_tim_ex.c **** 
2328:Drivers/STM32F0xx_HAL_Driver/Src/stm32f0xx_hal_tim_ex.c **** #if (USE_HAL_TIM_REGISTER_CALLBACKS == 1)
2329:Drivers/STM32F0xx_HAL_Driver/Src/stm32f0xx_hal_tim_ex.c ****   htim->ErrorCallback(htim);
2330:Drivers/STM32F0xx_HAL_Driver/Src/stm32f0xx_hal_tim_ex.c **** #else
2331:Drivers/STM32F0xx_HAL_Driver/Src/stm32f0xx_hal_tim_ex.c ****   HAL_TIM_ErrorCallback(htim);
2332:Drivers/STM32F0xx_HAL_Driver/Src/stm32f0xx_hal_tim_ex.c **** #endif /* USE_HAL_TIM_REGISTER_CALLBACKS */
2333:Drivers/STM32F0xx_HAL_Driver/Src/stm32f0xx_hal_tim_ex.c **** 
2334:Drivers/STM32F0xx_HAL_Driver/Src/stm32f0xx_hal_tim_ex.c ****   htim->Channel = HAL_TIM_ACTIVE_CHANNEL_CLEARED;
2335:Drivers/STM32F0xx_HAL_Driver/Src/stm32f0xx_hal_tim_ex.c **** }
2336:Drivers/STM32F0xx_HAL_Driver/Src/stm32f0xx_hal_tim_ex.c **** 
2337:Drivers/STM32F0xx_HAL_Driver/Src/stm32f0xx_hal_tim_ex.c **** /**
2338:Drivers/STM32F0xx_HAL_Driver/Src/stm32f0xx_hal_tim_ex.c ****   * @brief  Enables or disables the TIM Capture Compare Channel xN.
2339:Drivers/STM32F0xx_HAL_Driver/Src/stm32f0xx_hal_tim_ex.c ****   * @param  TIMx to select the TIM peripheral
2340:Drivers/STM32F0xx_HAL_Driver/Src/stm32f0xx_hal_tim_ex.c ****   * @param  Channel specifies the TIM Channel
2341:Drivers/STM32F0xx_HAL_Driver/Src/stm32f0xx_hal_tim_ex.c ****   *          This parameter can be one of the following values:
2342:Drivers/STM32F0xx_HAL_Driver/Src/stm32f0xx_hal_tim_ex.c ****   *            @arg TIM_CHANNEL_1: TIM Channel 1
2343:Drivers/STM32F0xx_HAL_Driver/Src/stm32f0xx_hal_tim_ex.c ****   *            @arg TIM_CHANNEL_2: TIM Channel 2
2344:Drivers/STM32F0xx_HAL_Driver/Src/stm32f0xx_hal_tim_ex.c ****   *            @arg TIM_CHANNEL_3: TIM Channel 3
2345:Drivers/STM32F0xx_HAL_Driver/Src/stm32f0xx_hal_tim_ex.c ****   * @param  ChannelNState specifies the TIM Channel CCxNE bit new state.
2346:Drivers/STM32F0xx_HAL_Driver/Src/stm32f0xx_hal_tim_ex.c ****   *          This parameter can be: TIM_CCxN_ENABLE or TIM_CCxN_Disable.
2347:Drivers/STM32F0xx_HAL_Driver/Src/stm32f0xx_hal_tim_ex.c ****   * @retval None
2348:Drivers/STM32F0xx_HAL_Driver/Src/stm32f0xx_hal_tim_ex.c ****   */
2349:Drivers/STM32F0xx_HAL_Driver/Src/stm32f0xx_hal_tim_ex.c **** static void TIM_CCxNChannelCmd(TIM_TypeDef *TIMx, uint32_t Channel, uint32_t ChannelNState)
2350:Drivers/STM32F0xx_HAL_Driver/Src/stm32f0xx_hal_tim_ex.c **** {
  27              		.loc 1 2350 1 view -0
  28              		.cfi_startproc
  29              		@ args = 0, pretend = 0, frame = 0
  30              		@ frame_needed = 0, uses_anonymous_args = 0
  31              		.loc 1 2350 1 is_stmt 0 view .LVU1
  32 0000 10B5     		push	{r4, lr}
  33              		.cfi_def_cfa_offset 8
  34              		.cfi_offset 4, -8
  35              		.cfi_offset 14, -4
2351:Drivers/STM32F0xx_HAL_Driver/Src/stm32f0xx_hal_tim_ex.c ****   uint32_t tmp;
  36              		.loc 1 2351 3 is_stmt 1 view .LVU2
2352:Drivers/STM32F0xx_HAL_Driver/Src/stm32f0xx_hal_tim_ex.c **** 
2353:Drivers/STM32F0xx_HAL_Driver/Src/stm32f0xx_hal_tim_ex.c ****   tmp = TIM_CCER_CC1NE << (Channel & 0xFU); /* 0xFU = 15 bits max shift */
  37              		.loc 1 2353 3 view .LVU3
  38              		.loc 1 2353 36 is_stmt 0 view .LVU4
  39 0002 0F23     		movs	r3, #15
  40 0004 1940     		ands	r1, r3
  41              	.LVL1:
  42              		.loc 1 2353 7 view .LVU5
ARM GAS  C:\Users\fastr\AppData\Local\Temp\ccGFXKp9.s 			page 43


  43 0006 0B3B     		subs	r3, r3, #11
  44 0008 8B40     		lsls	r3, r3, r1
  45 000a 9C46     		mov	ip, r3
  46              	.LVL2:
2354:Drivers/STM32F0xx_HAL_Driver/Src/stm32f0xx_hal_tim_ex.c **** 
2355:Drivers/STM32F0xx_HAL_Driver/Src/stm32f0xx_hal_tim_ex.c ****   /* Reset the CCxNE Bit */
2356:Drivers/STM32F0xx_HAL_Driver/Src/stm32f0xx_hal_tim_ex.c ****   TIMx->CCER &=  ~tmp;
  47              		.loc 1 2356 3 is_stmt 1 view .LVU6
  48              		.loc 1 2356 7 is_stmt 0 view .LVU7
  49 000c 036A     		ldr	r3, [r0, #32]
  50              	.LVL3:
  51              		.loc 1 2356 14 view .LVU8
  52 000e 6446     		mov	r4, ip
  53 0010 A343     		bics	r3, r4
  54 0012 0362     		str	r3, [r0, #32]
2357:Drivers/STM32F0xx_HAL_Driver/Src/stm32f0xx_hal_tim_ex.c **** 
2358:Drivers/STM32F0xx_HAL_Driver/Src/stm32f0xx_hal_tim_ex.c ****   /* Set or reset the CCxNE Bit */
2359:Drivers/STM32F0xx_HAL_Driver/Src/stm32f0xx_hal_tim_ex.c ****   TIMx->CCER |= (uint32_t)(ChannelNState << (Channel & 0xFU)); /* 0xFU = 15 bits max shift */
  55              		.loc 1 2359 3 is_stmt 1 view .LVU9
  56              		.loc 1 2359 7 is_stmt 0 view .LVU10
  57 0014 036A     		ldr	r3, [r0, #32]
  58              		.loc 1 2359 42 view .LVU11
  59 0016 8A40     		lsls	r2, r2, r1
  60              	.LVL4:
  61              		.loc 1 2359 14 view .LVU12
  62 0018 1343     		orrs	r3, r2
  63 001a 0362     		str	r3, [r0, #32]
2360:Drivers/STM32F0xx_HAL_Driver/Src/stm32f0xx_hal_tim_ex.c **** }
  64              		.loc 1 2360 1 view .LVU13
  65              		@ sp needed
  66 001c 10BD     		pop	{r4, pc}
  67              		.cfi_endproc
  68              	.LFE81:
  70              		.section	.text.TIM_DMAErrorCCxN,"ax",%progbits
  71              		.align	1
  72              		.syntax unified
  73              		.code	16
  74              		.thumb_func
  76              	TIM_DMAErrorCCxN:
  77              	.LVL5:
  78              	.LFB80:
2305:Drivers/STM32F0xx_HAL_Driver/Src/stm32f0xx_hal_tim_ex.c ****   TIM_HandleTypeDef *htim = (TIM_HandleTypeDef *)((DMA_HandleTypeDef *)hdma)->Parent;
  79              		.loc 1 2305 1 is_stmt 1 view -0
  80              		.cfi_startproc
  81              		@ args = 0, pretend = 0, frame = 0
  82              		@ frame_needed = 0, uses_anonymous_args = 0
2305:Drivers/STM32F0xx_HAL_Driver/Src/stm32f0xx_hal_tim_ex.c ****   TIM_HandleTypeDef *htim = (TIM_HandleTypeDef *)((DMA_HandleTypeDef *)hdma)->Parent;
  83              		.loc 1 2305 1 is_stmt 0 view .LVU15
  84 0000 10B5     		push	{r4, lr}
  85              		.cfi_def_cfa_offset 8
  86              		.cfi_offset 4, -8
  87              		.cfi_offset 14, -4
2306:Drivers/STM32F0xx_HAL_Driver/Src/stm32f0xx_hal_tim_ex.c **** 
  88              		.loc 1 2306 3 is_stmt 1 view .LVU16
2306:Drivers/STM32F0xx_HAL_Driver/Src/stm32f0xx_hal_tim_ex.c **** 
  89              		.loc 1 2306 22 is_stmt 0 view .LVU17
  90 0002 446A     		ldr	r4, [r0, #36]
ARM GAS  C:\Users\fastr\AppData\Local\Temp\ccGFXKp9.s 			page 44


  91              	.LVL6:
2308:Drivers/STM32F0xx_HAL_Driver/Src/stm32f0xx_hal_tim_ex.c ****   {
  92              		.loc 1 2308 3 is_stmt 1 view .LVU18
2308:Drivers/STM32F0xx_HAL_Driver/Src/stm32f0xx_hal_tim_ex.c ****   {
  93              		.loc 1 2308 25 is_stmt 0 view .LVU19
  94 0004 636A     		ldr	r3, [r4, #36]
2308:Drivers/STM32F0xx_HAL_Driver/Src/stm32f0xx_hal_tim_ex.c ****   {
  95              		.loc 1 2308 6 view .LVU20
  96 0006 8342     		cmp	r3, r0
  97 0008 0BD0     		beq	.L6
2313:Drivers/STM32F0xx_HAL_Driver/Src/stm32f0xx_hal_tim_ex.c ****   {
  98              		.loc 1 2313 8 is_stmt 1 view .LVU21
2313:Drivers/STM32F0xx_HAL_Driver/Src/stm32f0xx_hal_tim_ex.c ****   {
  99              		.loc 1 2313 30 is_stmt 0 view .LVU22
 100 000a A36A     		ldr	r3, [r4, #40]
2313:Drivers/STM32F0xx_HAL_Driver/Src/stm32f0xx_hal_tim_ex.c ****   {
 101              		.loc 1 2313 11 view .LVU23
 102 000c 8342     		cmp	r3, r0
 103 000e 0DD0     		beq	.L7
2318:Drivers/STM32F0xx_HAL_Driver/Src/stm32f0xx_hal_tim_ex.c ****   {
 104              		.loc 1 2318 8 is_stmt 1 view .LVU24
2318:Drivers/STM32F0xx_HAL_Driver/Src/stm32f0xx_hal_tim_ex.c ****   {
 105              		.loc 1 2318 30 is_stmt 0 view .LVU25
 106 0010 E36A     		ldr	r3, [r4, #44]
2318:Drivers/STM32F0xx_HAL_Driver/Src/stm32f0xx_hal_tim_ex.c ****   {
 107              		.loc 1 2318 11 view .LVU26
 108 0012 8342     		cmp	r3, r0
 109 0014 10D0     		beq	.L8
 110              	.L4:
2326:Drivers/STM32F0xx_HAL_Driver/Src/stm32f0xx_hal_tim_ex.c **** 
 111              		.loc 1 2326 3 is_stmt 1 view .LVU27
2331:Drivers/STM32F0xx_HAL_Driver/Src/stm32f0xx_hal_tim_ex.c **** #endif /* USE_HAL_TIM_REGISTER_CALLBACKS */
 112              		.loc 1 2331 3 view .LVU28
 113 0016 2000     		movs	r0, r4
 114              	.LVL7:
2331:Drivers/STM32F0xx_HAL_Driver/Src/stm32f0xx_hal_tim_ex.c **** #endif /* USE_HAL_TIM_REGISTER_CALLBACKS */
 115              		.loc 1 2331 3 is_stmt 0 view .LVU29
 116 0018 FFF7FEFF 		bl	HAL_TIM_ErrorCallback
 117              	.LVL8:
2334:Drivers/STM32F0xx_HAL_Driver/Src/stm32f0xx_hal_tim_ex.c **** }
 118              		.loc 1 2334 3 is_stmt 1 view .LVU30
2334:Drivers/STM32F0xx_HAL_Driver/Src/stm32f0xx_hal_tim_ex.c **** }
 119              		.loc 1 2334 17 is_stmt 0 view .LVU31
 120 001c 0023     		movs	r3, #0
 121 001e 2377     		strb	r3, [r4, #28]
2335:Drivers/STM32F0xx_HAL_Driver/Src/stm32f0xx_hal_tim_ex.c **** 
 122              		.loc 1 2335 1 view .LVU32
 123              		@ sp needed
 124              	.LVL9:
2335:Drivers/STM32F0xx_HAL_Driver/Src/stm32f0xx_hal_tim_ex.c **** 
 125              		.loc 1 2335 1 view .LVU33
 126 0020 10BD     		pop	{r4, pc}
 127              	.LVL10:
 128              	.L6:
2310:Drivers/STM32F0xx_HAL_Driver/Src/stm32f0xx_hal_tim_ex.c ****     TIM_CHANNEL_N_STATE_SET(htim, TIM_CHANNEL_1, HAL_TIM_CHANNEL_STATE_READY);
 129              		.loc 1 2310 5 is_stmt 1 view .LVU34
2310:Drivers/STM32F0xx_HAL_Driver/Src/stm32f0xx_hal_tim_ex.c ****     TIM_CHANNEL_N_STATE_SET(htim, TIM_CHANNEL_1, HAL_TIM_CHANNEL_STATE_READY);
ARM GAS  C:\Users\fastr\AppData\Local\Temp\ccGFXKp9.s 			page 45


 130              		.loc 1 2310 19 is_stmt 0 view .LVU35
 131 0022 0123     		movs	r3, #1
 132 0024 2377     		strb	r3, [r4, #28]
2311:Drivers/STM32F0xx_HAL_Driver/Src/stm32f0xx_hal_tim_ex.c ****   }
 133              		.loc 1 2311 5 is_stmt 1 view .LVU36
 134 0026 4222     		movs	r2, #66
 135 0028 A354     		strb	r3, [r4, r2]
 136 002a F4E7     		b	.L4
 137              	.L7:
2315:Drivers/STM32F0xx_HAL_Driver/Src/stm32f0xx_hal_tim_ex.c ****     TIM_CHANNEL_N_STATE_SET(htim, TIM_CHANNEL_2, HAL_TIM_CHANNEL_STATE_READY);
 138              		.loc 1 2315 5 view .LVU37
2315:Drivers/STM32F0xx_HAL_Driver/Src/stm32f0xx_hal_tim_ex.c ****     TIM_CHANNEL_N_STATE_SET(htim, TIM_CHANNEL_2, HAL_TIM_CHANNEL_STATE_READY);
 139              		.loc 1 2315 19 is_stmt 0 view .LVU38
 140 002c 0223     		movs	r3, #2
 141 002e 2377     		strb	r3, [r4, #28]
2316:Drivers/STM32F0xx_HAL_Driver/Src/stm32f0xx_hal_tim_ex.c ****   }
 142              		.loc 1 2316 5 is_stmt 1 view .LVU39
 143 0030 4133     		adds	r3, r3, #65
 144 0032 0122     		movs	r2, #1
 145 0034 E254     		strb	r2, [r4, r3]
 146 0036 EEE7     		b	.L4
 147              	.L8:
2320:Drivers/STM32F0xx_HAL_Driver/Src/stm32f0xx_hal_tim_ex.c ****     TIM_CHANNEL_N_STATE_SET(htim, TIM_CHANNEL_3, HAL_TIM_CHANNEL_STATE_READY);
 148              		.loc 1 2320 5 view .LVU40
2320:Drivers/STM32F0xx_HAL_Driver/Src/stm32f0xx_hal_tim_ex.c ****     TIM_CHANNEL_N_STATE_SET(htim, TIM_CHANNEL_3, HAL_TIM_CHANNEL_STATE_READY);
 149              		.loc 1 2320 19 is_stmt 0 view .LVU41
 150 0038 0423     		movs	r3, #4
 151 003a 2377     		strb	r3, [r4, #28]
2321:Drivers/STM32F0xx_HAL_Driver/Src/stm32f0xx_hal_tim_ex.c ****   }
 152              		.loc 1 2321 5 is_stmt 1 view .LVU42
 153 003c 4033     		adds	r3, r3, #64
 154 003e 0122     		movs	r2, #1
 155 0040 E254     		strb	r2, [r4, r3]
 156 0042 E8E7     		b	.L4
 157              		.cfi_endproc
 158              	.LFE80:
 160              		.section	.text.TIM_DMADelayPulseNCplt,"ax",%progbits
 161              		.align	1
 162              		.syntax unified
 163              		.code	16
 164              		.thumb_func
 166              	TIM_DMADelayPulseNCplt:
 167              	.LVL11:
 168              	.LFB79:
2255:Drivers/STM32F0xx_HAL_Driver/Src/stm32f0xx_hal_tim_ex.c ****   TIM_HandleTypeDef *htim = (TIM_HandleTypeDef *)((DMA_HandleTypeDef *)hdma)->Parent;
 169              		.loc 1 2255 1 view -0
 170              		.cfi_startproc
 171              		@ args = 0, pretend = 0, frame = 0
 172              		@ frame_needed = 0, uses_anonymous_args = 0
2255:Drivers/STM32F0xx_HAL_Driver/Src/stm32f0xx_hal_tim_ex.c ****   TIM_HandleTypeDef *htim = (TIM_HandleTypeDef *)((DMA_HandleTypeDef *)hdma)->Parent;
 173              		.loc 1 2255 1 is_stmt 0 view .LVU44
 174 0000 10B5     		push	{r4, lr}
 175              		.cfi_def_cfa_offset 8
 176              		.cfi_offset 4, -8
 177              		.cfi_offset 14, -4
2256:Drivers/STM32F0xx_HAL_Driver/Src/stm32f0xx_hal_tim_ex.c **** 
 178              		.loc 1 2256 3 is_stmt 1 view .LVU45
ARM GAS  C:\Users\fastr\AppData\Local\Temp\ccGFXKp9.s 			page 46


2256:Drivers/STM32F0xx_HAL_Driver/Src/stm32f0xx_hal_tim_ex.c **** 
 179              		.loc 1 2256 22 is_stmt 0 view .LVU46
 180 0002 446A     		ldr	r4, [r0, #36]
 181              	.LVL12:
2258:Drivers/STM32F0xx_HAL_Driver/Src/stm32f0xx_hal_tim_ex.c ****   {
 182              		.loc 1 2258 3 is_stmt 1 view .LVU47
2258:Drivers/STM32F0xx_HAL_Driver/Src/stm32f0xx_hal_tim_ex.c ****   {
 183              		.loc 1 2258 25 is_stmt 0 view .LVU48
 184 0004 636A     		ldr	r3, [r4, #36]
2258:Drivers/STM32F0xx_HAL_Driver/Src/stm32f0xx_hal_tim_ex.c ****   {
 185              		.loc 1 2258 6 view .LVU49
 186 0006 8342     		cmp	r3, r0
 187 0008 0BD0     		beq	.L13
2267:Drivers/STM32F0xx_HAL_Driver/Src/stm32f0xx_hal_tim_ex.c ****   {
 188              		.loc 1 2267 8 is_stmt 1 view .LVU50
2267:Drivers/STM32F0xx_HAL_Driver/Src/stm32f0xx_hal_tim_ex.c ****   {
 189              		.loc 1 2267 30 is_stmt 0 view .LVU51
 190 000a A36A     		ldr	r3, [r4, #40]
2267:Drivers/STM32F0xx_HAL_Driver/Src/stm32f0xx_hal_tim_ex.c ****   {
 191              		.loc 1 2267 11 view .LVU52
 192 000c 8342     		cmp	r3, r0
 193 000e 11D0     		beq	.L14
2276:Drivers/STM32F0xx_HAL_Driver/Src/stm32f0xx_hal_tim_ex.c ****   {
 194              		.loc 1 2276 8 is_stmt 1 view .LVU53
2276:Drivers/STM32F0xx_HAL_Driver/Src/stm32f0xx_hal_tim_ex.c ****   {
 195              		.loc 1 2276 30 is_stmt 0 view .LVU54
 196 0010 E36A     		ldr	r3, [r4, #44]
2276:Drivers/STM32F0xx_HAL_Driver/Src/stm32f0xx_hal_tim_ex.c ****   {
 197              		.loc 1 2276 11 view .LVU55
 198 0012 8342     		cmp	r3, r0
 199 0014 17D0     		beq	.L15
 200              	.L11:
2288:Drivers/STM32F0xx_HAL_Driver/Src/stm32f0xx_hal_tim_ex.c **** 
 201              		.loc 1 2288 3 is_stmt 1 view .LVU56
2293:Drivers/STM32F0xx_HAL_Driver/Src/stm32f0xx_hal_tim_ex.c **** #endif /* USE_HAL_TIM_REGISTER_CALLBACKS */
 202              		.loc 1 2293 3 view .LVU57
 203 0016 2000     		movs	r0, r4
 204              	.LVL13:
2293:Drivers/STM32F0xx_HAL_Driver/Src/stm32f0xx_hal_tim_ex.c **** #endif /* USE_HAL_TIM_REGISTER_CALLBACKS */
 205              		.loc 1 2293 3 is_stmt 0 view .LVU58
 206 0018 FFF7FEFF 		bl	HAL_TIM_PWM_PulseFinishedCallback
 207              	.LVL14:
2296:Drivers/STM32F0xx_HAL_Driver/Src/stm32f0xx_hal_tim_ex.c **** }
 208              		.loc 1 2296 3 is_stmt 1 view .LVU59
2296:Drivers/STM32F0xx_HAL_Driver/Src/stm32f0xx_hal_tim_ex.c **** }
 209              		.loc 1 2296 17 is_stmt 0 view .LVU60
 210 001c 0023     		movs	r3, #0
 211 001e 2377     		strb	r3, [r4, #28]
2297:Drivers/STM32F0xx_HAL_Driver/Src/stm32f0xx_hal_tim_ex.c **** 
 212              		.loc 1 2297 1 view .LVU61
 213              		@ sp needed
 214              	.LVL15:
2297:Drivers/STM32F0xx_HAL_Driver/Src/stm32f0xx_hal_tim_ex.c **** 
 215              		.loc 1 2297 1 view .LVU62
 216 0020 10BD     		pop	{r4, pc}
 217              	.LVL16:
 218              	.L13:
ARM GAS  C:\Users\fastr\AppData\Local\Temp\ccGFXKp9.s 			page 47


2260:Drivers/STM32F0xx_HAL_Driver/Src/stm32f0xx_hal_tim_ex.c **** 
 219              		.loc 1 2260 5 is_stmt 1 view .LVU63
2260:Drivers/STM32F0xx_HAL_Driver/Src/stm32f0xx_hal_tim_ex.c **** 
 220              		.loc 1 2260 19 is_stmt 0 view .LVU64
 221 0022 0123     		movs	r3, #1
 222 0024 2377     		strb	r3, [r4, #28]
2262:Drivers/STM32F0xx_HAL_Driver/Src/stm32f0xx_hal_tim_ex.c ****     {
 223              		.loc 1 2262 5 is_stmt 1 view .LVU65
2262:Drivers/STM32F0xx_HAL_Driver/Src/stm32f0xx_hal_tim_ex.c ****     {
 224              		.loc 1 2262 19 is_stmt 0 view .LVU66
 225 0026 8369     		ldr	r3, [r0, #24]
2262:Drivers/STM32F0xx_HAL_Driver/Src/stm32f0xx_hal_tim_ex.c ****     {
 226              		.loc 1 2262 8 view .LVU67
 227 0028 002B     		cmp	r3, #0
 228 002a F4D1     		bne	.L11
2264:Drivers/STM32F0xx_HAL_Driver/Src/stm32f0xx_hal_tim_ex.c ****     }
 229              		.loc 1 2264 7 is_stmt 1 view .LVU68
 230 002c 4233     		adds	r3, r3, #66
 231 002e 0122     		movs	r2, #1
 232 0030 E254     		strb	r2, [r4, r3]
 233 0032 F0E7     		b	.L11
 234              	.L14:
2269:Drivers/STM32F0xx_HAL_Driver/Src/stm32f0xx_hal_tim_ex.c **** 
 235              		.loc 1 2269 5 view .LVU69
2269:Drivers/STM32F0xx_HAL_Driver/Src/stm32f0xx_hal_tim_ex.c **** 
 236              		.loc 1 2269 19 is_stmt 0 view .LVU70
 237 0034 0223     		movs	r3, #2
 238 0036 2377     		strb	r3, [r4, #28]
2271:Drivers/STM32F0xx_HAL_Driver/Src/stm32f0xx_hal_tim_ex.c ****     {
 239              		.loc 1 2271 5 is_stmt 1 view .LVU71
2271:Drivers/STM32F0xx_HAL_Driver/Src/stm32f0xx_hal_tim_ex.c ****     {
 240              		.loc 1 2271 19 is_stmt 0 view .LVU72
 241 0038 8369     		ldr	r3, [r0, #24]
2271:Drivers/STM32F0xx_HAL_Driver/Src/stm32f0xx_hal_tim_ex.c ****     {
 242              		.loc 1 2271 8 view .LVU73
 243 003a 002B     		cmp	r3, #0
 244 003c EBD1     		bne	.L11
2273:Drivers/STM32F0xx_HAL_Driver/Src/stm32f0xx_hal_tim_ex.c ****     }
 245              		.loc 1 2273 7 is_stmt 1 view .LVU74
 246 003e 4333     		adds	r3, r3, #67
 247 0040 0122     		movs	r2, #1
 248 0042 E254     		strb	r2, [r4, r3]
 249 0044 E7E7     		b	.L11
 250              	.L15:
2278:Drivers/STM32F0xx_HAL_Driver/Src/stm32f0xx_hal_tim_ex.c **** 
 251              		.loc 1 2278 5 view .LVU75
2278:Drivers/STM32F0xx_HAL_Driver/Src/stm32f0xx_hal_tim_ex.c **** 
 252              		.loc 1 2278 19 is_stmt 0 view .LVU76
 253 0046 0423     		movs	r3, #4
 254 0048 2377     		strb	r3, [r4, #28]
2280:Drivers/STM32F0xx_HAL_Driver/Src/stm32f0xx_hal_tim_ex.c ****     {
 255              		.loc 1 2280 5 is_stmt 1 view .LVU77
2280:Drivers/STM32F0xx_HAL_Driver/Src/stm32f0xx_hal_tim_ex.c ****     {
 256              		.loc 1 2280 19 is_stmt 0 view .LVU78
 257 004a 8369     		ldr	r3, [r0, #24]
2280:Drivers/STM32F0xx_HAL_Driver/Src/stm32f0xx_hal_tim_ex.c ****     {
 258              		.loc 1 2280 8 view .LVU79
ARM GAS  C:\Users\fastr\AppData\Local\Temp\ccGFXKp9.s 			page 48


 259 004c 002B     		cmp	r3, #0
 260 004e E2D1     		bne	.L11
2282:Drivers/STM32F0xx_HAL_Driver/Src/stm32f0xx_hal_tim_ex.c ****     }
 261              		.loc 1 2282 7 is_stmt 1 view .LVU80
 262 0050 4433     		adds	r3, r3, #68
 263 0052 0122     		movs	r2, #1
 264 0054 E254     		strb	r2, [r4, r3]
 265 0056 DEE7     		b	.L11
 266              		.cfi_endproc
 267              	.LFE79:
 269              		.section	.text.HAL_TIMEx_HallSensor_MspInit,"ax",%progbits
 270              		.align	1
 271              		.weak	HAL_TIMEx_HallSensor_MspInit
 272              		.syntax unified
 273              		.code	16
 274              		.thumb_func
 276              	HAL_TIMEx_HallSensor_MspInit:
 277              	.LVL17:
 278              	.LFB42:
 287:Drivers/STM32F0xx_HAL_Driver/Src/stm32f0xx_hal_tim_ex.c ****   /* Prevent unused argument(s) compilation warning */
 279              		.loc 1 287 1 view -0
 280              		.cfi_startproc
 281              		@ args = 0, pretend = 0, frame = 0
 282              		@ frame_needed = 0, uses_anonymous_args = 0
 283              		@ link register save eliminated.
 289:Drivers/STM32F0xx_HAL_Driver/Src/stm32f0xx_hal_tim_ex.c **** 
 284              		.loc 1 289 3 view .LVU82
 294:Drivers/STM32F0xx_HAL_Driver/Src/stm32f0xx_hal_tim_ex.c **** 
 285              		.loc 1 294 1 is_stmt 0 view .LVU83
 286              		@ sp needed
 287 0000 7047     		bx	lr
 288              		.cfi_endproc
 289              	.LFE42:
 291              		.section	.text.HAL_TIMEx_HallSensor_Init,"ax",%progbits
 292              		.align	1
 293              		.global	HAL_TIMEx_HallSensor_Init
 294              		.syntax unified
 295              		.code	16
 296              		.thumb_func
 298              	HAL_TIMEx_HallSensor_Init:
 299              	.LVL18:
 300              	.LFB40:
 140:Drivers/STM32F0xx_HAL_Driver/Src/stm32f0xx_hal_tim_ex.c ****   TIM_OC_InitTypeDef OC_Config;
 301              		.loc 1 140 1 is_stmt 1 view -0
 302              		.cfi_startproc
 303              		@ args = 0, pretend = 0, frame = 32
 304              		@ frame_needed = 0, uses_anonymous_args = 0
 140:Drivers/STM32F0xx_HAL_Driver/Src/stm32f0xx_hal_tim_ex.c ****   TIM_OC_InitTypeDef OC_Config;
 305              		.loc 1 140 1 is_stmt 0 view .LVU85
 306 0000 F0B5     		push	{r4, r5, r6, r7, lr}
 307              		.cfi_def_cfa_offset 20
 308              		.cfi_offset 4, -20
 309              		.cfi_offset 5, -16
 310              		.cfi_offset 6, -12
 311              		.cfi_offset 7, -8
 312              		.cfi_offset 14, -4
 313 0002 89B0     		sub	sp, sp, #36
ARM GAS  C:\Users\fastr\AppData\Local\Temp\ccGFXKp9.s 			page 49


 314              		.cfi_def_cfa_offset 56
 315 0004 0400     		movs	r4, r0
 316 0006 0D00     		movs	r5, r1
 141:Drivers/STM32F0xx_HAL_Driver/Src/stm32f0xx_hal_tim_ex.c **** 
 317              		.loc 1 141 3 is_stmt 1 view .LVU86
 144:Drivers/STM32F0xx_HAL_Driver/Src/stm32f0xx_hal_tim_ex.c ****   {
 318              		.loc 1 144 3 view .LVU87
 144:Drivers/STM32F0xx_HAL_Driver/Src/stm32f0xx_hal_tim_ex.c ****   {
 319              		.loc 1 144 6 is_stmt 0 view .LVU88
 320 0008 0028     		cmp	r0, #0
 321 000a 5ED0     		beq	.L20
 150:Drivers/STM32F0xx_HAL_Driver/Src/stm32f0xx_hal_tim_ex.c ****   assert_param(IS_TIM_COUNTER_MODE(htim->Init.CounterMode));
 322              		.loc 1 150 3 is_stmt 1 view .LVU89
 151:Drivers/STM32F0xx_HAL_Driver/Src/stm32f0xx_hal_tim_ex.c ****   assert_param(IS_TIM_CLOCKDIVISION_DIV(htim->Init.ClockDivision));
 323              		.loc 1 151 3 view .LVU90
 152:Drivers/STM32F0xx_HAL_Driver/Src/stm32f0xx_hal_tim_ex.c ****   assert_param(IS_TIM_AUTORELOAD_PRELOAD(htim->Init.AutoReloadPreload));
 324              		.loc 1 152 3 view .LVU91
 153:Drivers/STM32F0xx_HAL_Driver/Src/stm32f0xx_hal_tim_ex.c ****   assert_param(IS_TIM_IC_POLARITY(sConfig->IC1Polarity));
 325              		.loc 1 153 3 view .LVU92
 154:Drivers/STM32F0xx_HAL_Driver/Src/stm32f0xx_hal_tim_ex.c ****   assert_param(IS_TIM_PERIOD(htim, htim->Init.Period));
 326              		.loc 1 154 3 view .LVU93
 155:Drivers/STM32F0xx_HAL_Driver/Src/stm32f0xx_hal_tim_ex.c ****   assert_param(IS_TIM_IC_PRESCALER(sConfig->IC1Prescaler));
 327              		.loc 1 155 3 view .LVU94
 156:Drivers/STM32F0xx_HAL_Driver/Src/stm32f0xx_hal_tim_ex.c ****   assert_param(IS_TIM_IC_FILTER(sConfig->IC1Filter));
 328              		.loc 1 156 3 view .LVU95
 157:Drivers/STM32F0xx_HAL_Driver/Src/stm32f0xx_hal_tim_ex.c **** 
 329              		.loc 1 157 3 view .LVU96
 159:Drivers/STM32F0xx_HAL_Driver/Src/stm32f0xx_hal_tim_ex.c ****   {
 330              		.loc 1 159 3 view .LVU97
 159:Drivers/STM32F0xx_HAL_Driver/Src/stm32f0xx_hal_tim_ex.c ****   {
 331              		.loc 1 159 11 is_stmt 0 view .LVU98
 332 000c 3D23     		movs	r3, #61
 333 000e C35C     		ldrb	r3, [r0, r3]
 159:Drivers/STM32F0xx_HAL_Driver/Src/stm32f0xx_hal_tim_ex.c ****   {
 334              		.loc 1 159 6 view .LVU99
 335 0010 002B     		cmp	r3, #0
 336 0012 54D0     		beq	.L21
 337              	.LVL19:
 338              	.L19:
 181:Drivers/STM32F0xx_HAL_Driver/Src/stm32f0xx_hal_tim_ex.c **** 
 339              		.loc 1 181 3 is_stmt 1 view .LVU100
 181:Drivers/STM32F0xx_HAL_Driver/Src/stm32f0xx_hal_tim_ex.c **** 
 340              		.loc 1 181 15 is_stmt 0 view .LVU101
 341 0014 3D26     		movs	r6, #61
 342 0016 0223     		movs	r3, #2
 343 0018 A355     		strb	r3, [r4, r6]
 184:Drivers/STM32F0xx_HAL_Driver/Src/stm32f0xx_hal_tim_ex.c **** 
 344              		.loc 1 184 3 is_stmt 1 view .LVU102
 184:Drivers/STM32F0xx_HAL_Driver/Src/stm32f0xx_hal_tim_ex.c **** 
 345              		.loc 1 184 38 is_stmt 0 view .LVU103
 346 001a 2100     		movs	r1, r4
 184:Drivers/STM32F0xx_HAL_Driver/Src/stm32f0xx_hal_tim_ex.c **** 
 347              		.loc 1 184 3 view .LVU104
 348 001c 01C9     		ldmia	r1!, {r0}
 349 001e FFF7FEFF 		bl	TIM_Base_SetConfig
 350              	.LVL20:
 187:Drivers/STM32F0xx_HAL_Driver/Src/stm32f0xx_hal_tim_ex.c **** 
ARM GAS  C:\Users\fastr\AppData\Local\Temp\ccGFXKp9.s 			page 50


 351              		.loc 1 187 3 is_stmt 1 view .LVU105
 187:Drivers/STM32F0xx_HAL_Driver/Src/stm32f0xx_hal_tim_ex.c **** 
 352              		.loc 1 187 44 is_stmt 0 view .LVU106
 353 0022 2968     		ldr	r1, [r5]
 187:Drivers/STM32F0xx_HAL_Driver/Src/stm32f0xx_hal_tim_ex.c **** 
 354              		.loc 1 187 87 view .LVU107
 355 0024 AB68     		ldr	r3, [r5, #8]
 187:Drivers/STM32F0xx_HAL_Driver/Src/stm32f0xx_hal_tim_ex.c **** 
 356              		.loc 1 187 3 view .LVU108
 357 0026 2068     		ldr	r0, [r4]
 358 0028 0322     		movs	r2, #3
 359 002a FFF7FEFF 		bl	TIM_TI1_SetConfig
 360              	.LVL21:
 190:Drivers/STM32F0xx_HAL_Driver/Src/stm32f0xx_hal_tim_ex.c ****   /* Set the IC1PSC value */
 361              		.loc 1 190 3 is_stmt 1 view .LVU109
 190:Drivers/STM32F0xx_HAL_Driver/Src/stm32f0xx_hal_tim_ex.c ****   /* Set the IC1PSC value */
 362              		.loc 1 190 7 is_stmt 0 view .LVU110
 363 002e 2268     		ldr	r2, [r4]
 190:Drivers/STM32F0xx_HAL_Driver/Src/stm32f0xx_hal_tim_ex.c ****   /* Set the IC1PSC value */
 364              		.loc 1 190 17 view .LVU111
 365 0030 9369     		ldr	r3, [r2, #24]
 190:Drivers/STM32F0xx_HAL_Driver/Src/stm32f0xx_hal_tim_ex.c ****   /* Set the IC1PSC value */
 366              		.loc 1 190 25 view .LVU112
 367 0032 0C21     		movs	r1, #12
 368 0034 8B43     		bics	r3, r1
 369 0036 9361     		str	r3, [r2, #24]
 192:Drivers/STM32F0xx_HAL_Driver/Src/stm32f0xx_hal_tim_ex.c **** 
 370              		.loc 1 192 3 is_stmt 1 view .LVU113
 192:Drivers/STM32F0xx_HAL_Driver/Src/stm32f0xx_hal_tim_ex.c **** 
 371              		.loc 1 192 7 is_stmt 0 view .LVU114
 372 0038 2268     		ldr	r2, [r4]
 192:Drivers/STM32F0xx_HAL_Driver/Src/stm32f0xx_hal_tim_ex.c **** 
 373              		.loc 1 192 17 view .LVU115
 374 003a 9369     		ldr	r3, [r2, #24]
 192:Drivers/STM32F0xx_HAL_Driver/Src/stm32f0xx_hal_tim_ex.c **** 
 375              		.loc 1 192 35 view .LVU116
 376 003c 6968     		ldr	r1, [r5, #4]
 192:Drivers/STM32F0xx_HAL_Driver/Src/stm32f0xx_hal_tim_ex.c **** 
 377              		.loc 1 192 25 view .LVU117
 378 003e 0B43     		orrs	r3, r1
 379 0040 9361     		str	r3, [r2, #24]
 195:Drivers/STM32F0xx_HAL_Driver/Src/stm32f0xx_hal_tim_ex.c **** 
 380              		.loc 1 195 3 is_stmt 1 view .LVU118
 195:Drivers/STM32F0xx_HAL_Driver/Src/stm32f0xx_hal_tim_ex.c **** 
 381              		.loc 1 195 7 is_stmt 0 view .LVU119
 382 0042 2268     		ldr	r2, [r4]
 195:Drivers/STM32F0xx_HAL_Driver/Src/stm32f0xx_hal_tim_ex.c **** 
 383              		.loc 1 195 17 view .LVU120
 384 0044 5368     		ldr	r3, [r2, #4]
 195:Drivers/STM32F0xx_HAL_Driver/Src/stm32f0xx_hal_tim_ex.c **** 
 385              		.loc 1 195 23 view .LVU121
 386 0046 8021     		movs	r1, #128
 387 0048 0B43     		orrs	r3, r1
 388 004a 5360     		str	r3, [r2, #4]
 198:Drivers/STM32F0xx_HAL_Driver/Src/stm32f0xx_hal_tim_ex.c ****   htim->Instance->SMCR |= TIM_TS_TI1F_ED;
 389              		.loc 1 198 3 is_stmt 1 view .LVU122
 198:Drivers/STM32F0xx_HAL_Driver/Src/stm32f0xx_hal_tim_ex.c ****   htim->Instance->SMCR |= TIM_TS_TI1F_ED;
ARM GAS  C:\Users\fastr\AppData\Local\Temp\ccGFXKp9.s 			page 51


 390              		.loc 1 198 7 is_stmt 0 view .LVU123
 391 004c 2268     		ldr	r2, [r4]
 198:Drivers/STM32F0xx_HAL_Driver/Src/stm32f0xx_hal_tim_ex.c ****   htim->Instance->SMCR |= TIM_TS_TI1F_ED;
 392              		.loc 1 198 17 view .LVU124
 393 004e 9368     		ldr	r3, [r2, #8]
 198:Drivers/STM32F0xx_HAL_Driver/Src/stm32f0xx_hal_tim_ex.c ****   htim->Instance->SMCR |= TIM_TS_TI1F_ED;
 394              		.loc 1 198 24 view .LVU125
 395 0050 7027     		movs	r7, #112
 396 0052 BB43     		bics	r3, r7
 397 0054 9360     		str	r3, [r2, #8]
 199:Drivers/STM32F0xx_HAL_Driver/Src/stm32f0xx_hal_tim_ex.c **** 
 398              		.loc 1 199 3 is_stmt 1 view .LVU126
 199:Drivers/STM32F0xx_HAL_Driver/Src/stm32f0xx_hal_tim_ex.c **** 
 399              		.loc 1 199 7 is_stmt 0 view .LVU127
 400 0056 2268     		ldr	r2, [r4]
 199:Drivers/STM32F0xx_HAL_Driver/Src/stm32f0xx_hal_tim_ex.c **** 
 401              		.loc 1 199 17 view .LVU128
 402 0058 9368     		ldr	r3, [r2, #8]
 199:Drivers/STM32F0xx_HAL_Driver/Src/stm32f0xx_hal_tim_ex.c **** 
 403              		.loc 1 199 24 view .LVU129
 404 005a 4039     		subs	r1, r1, #64
 405 005c 0B43     		orrs	r3, r1
 406 005e 9360     		str	r3, [r2, #8]
 202:Drivers/STM32F0xx_HAL_Driver/Src/stm32f0xx_hal_tim_ex.c ****   htim->Instance->SMCR |= TIM_SLAVEMODE_RESET;
 407              		.loc 1 202 3 is_stmt 1 view .LVU130
 202:Drivers/STM32F0xx_HAL_Driver/Src/stm32f0xx_hal_tim_ex.c ****   htim->Instance->SMCR |= TIM_SLAVEMODE_RESET;
 408              		.loc 1 202 7 is_stmt 0 view .LVU131
 409 0060 2268     		ldr	r2, [r4]
 202:Drivers/STM32F0xx_HAL_Driver/Src/stm32f0xx_hal_tim_ex.c ****   htim->Instance->SMCR |= TIM_SLAVEMODE_RESET;
 410              		.loc 1 202 17 view .LVU132
 411 0062 9368     		ldr	r3, [r2, #8]
 202:Drivers/STM32F0xx_HAL_Driver/Src/stm32f0xx_hal_tim_ex.c ****   htim->Instance->SMCR |= TIM_SLAVEMODE_RESET;
 412              		.loc 1 202 24 view .LVU133
 413 0064 3939     		subs	r1, r1, #57
 414 0066 8B43     		bics	r3, r1
 415 0068 9360     		str	r3, [r2, #8]
 203:Drivers/STM32F0xx_HAL_Driver/Src/stm32f0xx_hal_tim_ex.c **** 
 416              		.loc 1 203 3 is_stmt 1 view .LVU134
 203:Drivers/STM32F0xx_HAL_Driver/Src/stm32f0xx_hal_tim_ex.c **** 
 417              		.loc 1 203 7 is_stmt 0 view .LVU135
 418 006a 2268     		ldr	r2, [r4]
 203:Drivers/STM32F0xx_HAL_Driver/Src/stm32f0xx_hal_tim_ex.c **** 
 419              		.loc 1 203 17 view .LVU136
 420 006c 9368     		ldr	r3, [r2, #8]
 203:Drivers/STM32F0xx_HAL_Driver/Src/stm32f0xx_hal_tim_ex.c **** 
 421              		.loc 1 203 24 view .LVU137
 422 006e 0339     		subs	r1, r1, #3
 423 0070 0B43     		orrs	r3, r1
 424 0072 9360     		str	r3, [r2, #8]
 206:Drivers/STM32F0xx_HAL_Driver/Src/stm32f0xx_hal_tim_ex.c ****   OC_Config.OCIdleState = TIM_OCIDLESTATE_RESET;
 425              		.loc 1 206 3 is_stmt 1 view .LVU138
 206:Drivers/STM32F0xx_HAL_Driver/Src/stm32f0xx_hal_tim_ex.c ****   OC_Config.OCIdleState = TIM_OCIDLESTATE_RESET;
 426              		.loc 1 206 24 is_stmt 0 view .LVU139
 427 0074 01A9     		add	r1, sp, #4
 428 0076 0023     		movs	r3, #0
 429 0078 0B61     		str	r3, [r1, #16]
 207:Drivers/STM32F0xx_HAL_Driver/Src/stm32f0xx_hal_tim_ex.c ****   OC_Config.OCMode = TIM_OCMODE_PWM2;
ARM GAS  C:\Users\fastr\AppData\Local\Temp\ccGFXKp9.s 			page 52


 430              		.loc 1 207 3 is_stmt 1 view .LVU140
 207:Drivers/STM32F0xx_HAL_Driver/Src/stm32f0xx_hal_tim_ex.c ****   OC_Config.OCMode = TIM_OCMODE_PWM2;
 431              		.loc 1 207 25 is_stmt 0 view .LVU141
 432 007a 4B61     		str	r3, [r1, #20]
 208:Drivers/STM32F0xx_HAL_Driver/Src/stm32f0xx_hal_tim_ex.c ****   OC_Config.OCNIdleState = TIM_OCNIDLESTATE_RESET;
 433              		.loc 1 208 3 is_stmt 1 view .LVU142
 208:Drivers/STM32F0xx_HAL_Driver/Src/stm32f0xx_hal_tim_ex.c ****   OC_Config.OCNIdleState = TIM_OCNIDLESTATE_RESET;
 434              		.loc 1 208 20 is_stmt 0 view .LVU143
 435 007c 0197     		str	r7, [sp, #4]
 209:Drivers/STM32F0xx_HAL_Driver/Src/stm32f0xx_hal_tim_ex.c ****   OC_Config.OCNPolarity = TIM_OCNPOLARITY_HIGH;
 436              		.loc 1 209 3 is_stmt 1 view .LVU144
 209:Drivers/STM32F0xx_HAL_Driver/Src/stm32f0xx_hal_tim_ex.c ****   OC_Config.OCNPolarity = TIM_OCNPOLARITY_HIGH;
 437              		.loc 1 209 26 is_stmt 0 view .LVU145
 438 007e 8B61     		str	r3, [r1, #24]
 210:Drivers/STM32F0xx_HAL_Driver/Src/stm32f0xx_hal_tim_ex.c ****   OC_Config.OCPolarity = TIM_OCPOLARITY_HIGH;
 439              		.loc 1 210 3 is_stmt 1 view .LVU146
 210:Drivers/STM32F0xx_HAL_Driver/Src/stm32f0xx_hal_tim_ex.c ****   OC_Config.OCPolarity = TIM_OCPOLARITY_HIGH;
 440              		.loc 1 210 25 is_stmt 0 view .LVU147
 441 0080 CB60     		str	r3, [r1, #12]
 211:Drivers/STM32F0xx_HAL_Driver/Src/stm32f0xx_hal_tim_ex.c ****   OC_Config.Pulse = sConfig->Commutation_Delay;
 442              		.loc 1 211 3 is_stmt 1 view .LVU148
 211:Drivers/STM32F0xx_HAL_Driver/Src/stm32f0xx_hal_tim_ex.c ****   OC_Config.Pulse = sConfig->Commutation_Delay;
 443              		.loc 1 211 24 is_stmt 0 view .LVU149
 444 0082 8B60     		str	r3, [r1, #8]
 212:Drivers/STM32F0xx_HAL_Driver/Src/stm32f0xx_hal_tim_ex.c **** 
 445              		.loc 1 212 3 is_stmt 1 view .LVU150
 212:Drivers/STM32F0xx_HAL_Driver/Src/stm32f0xx_hal_tim_ex.c **** 
 446              		.loc 1 212 28 is_stmt 0 view .LVU151
 447 0084 EB68     		ldr	r3, [r5, #12]
 212:Drivers/STM32F0xx_HAL_Driver/Src/stm32f0xx_hal_tim_ex.c **** 
 448              		.loc 1 212 19 view .LVU152
 449 0086 4B60     		str	r3, [r1, #4]
 214:Drivers/STM32F0xx_HAL_Driver/Src/stm32f0xx_hal_tim_ex.c **** 
 450              		.loc 1 214 3 is_stmt 1 view .LVU153
 451 0088 2068     		ldr	r0, [r4]
 452 008a FFF7FEFF 		bl	TIM_OC2_SetConfig
 453              	.LVL22:
 218:Drivers/STM32F0xx_HAL_Driver/Src/stm32f0xx_hal_tim_ex.c ****   htim->Instance->CR2 |= TIM_TRGO_OC2REF;
 454              		.loc 1 218 3 view .LVU154
 218:Drivers/STM32F0xx_HAL_Driver/Src/stm32f0xx_hal_tim_ex.c ****   htim->Instance->CR2 |= TIM_TRGO_OC2REF;
 455              		.loc 1 218 7 is_stmt 0 view .LVU155
 456 008e 2268     		ldr	r2, [r4]
 218:Drivers/STM32F0xx_HAL_Driver/Src/stm32f0xx_hal_tim_ex.c ****   htim->Instance->CR2 |= TIM_TRGO_OC2REF;
 457              		.loc 1 218 17 view .LVU156
 458 0090 5368     		ldr	r3, [r2, #4]
 218:Drivers/STM32F0xx_HAL_Driver/Src/stm32f0xx_hal_tim_ex.c ****   htim->Instance->CR2 |= TIM_TRGO_OC2REF;
 459              		.loc 1 218 23 view .LVU157
 460 0092 BB43     		bics	r3, r7
 461 0094 5360     		str	r3, [r2, #4]
 219:Drivers/STM32F0xx_HAL_Driver/Src/stm32f0xx_hal_tim_ex.c **** 
 462              		.loc 1 219 3 is_stmt 1 view .LVU158
 219:Drivers/STM32F0xx_HAL_Driver/Src/stm32f0xx_hal_tim_ex.c **** 
 463              		.loc 1 219 7 is_stmt 0 view .LVU159
 464 0096 2268     		ldr	r2, [r4]
 219:Drivers/STM32F0xx_HAL_Driver/Src/stm32f0xx_hal_tim_ex.c **** 
 465              		.loc 1 219 17 view .LVU160
 466 0098 5368     		ldr	r3, [r2, #4]
ARM GAS  C:\Users\fastr\AppData\Local\Temp\ccGFXKp9.s 			page 53


 219:Drivers/STM32F0xx_HAL_Driver/Src/stm32f0xx_hal_tim_ex.c **** 
 467              		.loc 1 219 23 view .LVU161
 468 009a 5021     		movs	r1, #80
 469 009c 0B43     		orrs	r3, r1
 470 009e 5360     		str	r3, [r2, #4]
 222:Drivers/STM32F0xx_HAL_Driver/Src/stm32f0xx_hal_tim_ex.c **** 
 471              		.loc 1 222 3 is_stmt 1 view .LVU162
 222:Drivers/STM32F0xx_HAL_Driver/Src/stm32f0xx_hal_tim_ex.c **** 
 472              		.loc 1 222 23 is_stmt 0 view .LVU163
 473 00a0 0123     		movs	r3, #1
 474 00a2 4622     		movs	r2, #70
 475 00a4 A354     		strb	r3, [r4, r2]
 225:Drivers/STM32F0xx_HAL_Driver/Src/stm32f0xx_hal_tim_ex.c ****   TIM_CHANNEL_STATE_SET(htim, TIM_CHANNEL_2, HAL_TIM_CHANNEL_STATE_READY);
 476              		.loc 1 225 3 is_stmt 1 view .LVU164
 477 00a6 083A     		subs	r2, r2, #8
 478 00a8 A354     		strb	r3, [r4, r2]
 226:Drivers/STM32F0xx_HAL_Driver/Src/stm32f0xx_hal_tim_ex.c ****   TIM_CHANNEL_N_STATE_SET(htim, TIM_CHANNEL_1, HAL_TIM_CHANNEL_STATE_READY);
 479              		.loc 1 226 3 view .LVU165
 480 00aa 0132     		adds	r2, r2, #1
 481 00ac A354     		strb	r3, [r4, r2]
 227:Drivers/STM32F0xx_HAL_Driver/Src/stm32f0xx_hal_tim_ex.c ****   TIM_CHANNEL_N_STATE_SET(htim, TIM_CHANNEL_2, HAL_TIM_CHANNEL_STATE_READY);
 482              		.loc 1 227 3 view .LVU166
 483 00ae 0332     		adds	r2, r2, #3
 484 00b0 A354     		strb	r3, [r4, r2]
 228:Drivers/STM32F0xx_HAL_Driver/Src/stm32f0xx_hal_tim_ex.c **** 
 485              		.loc 1 228 3 view .LVU167
 486 00b2 0132     		adds	r2, r2, #1
 487 00b4 A354     		strb	r3, [r4, r2]
 231:Drivers/STM32F0xx_HAL_Driver/Src/stm32f0xx_hal_tim_ex.c **** 
 488              		.loc 1 231 3 view .LVU168
 231:Drivers/STM32F0xx_HAL_Driver/Src/stm32f0xx_hal_tim_ex.c **** 
 489              		.loc 1 231 15 is_stmt 0 view .LVU169
 490 00b6 A355     		strb	r3, [r4, r6]
 233:Drivers/STM32F0xx_HAL_Driver/Src/stm32f0xx_hal_tim_ex.c **** }
 491              		.loc 1 233 3 is_stmt 1 view .LVU170
 233:Drivers/STM32F0xx_HAL_Driver/Src/stm32f0xx_hal_tim_ex.c **** }
 492              		.loc 1 233 10 is_stmt 0 view .LVU171
 493 00b8 0020     		movs	r0, #0
 494              	.L18:
 234:Drivers/STM32F0xx_HAL_Driver/Src/stm32f0xx_hal_tim_ex.c **** 
 495              		.loc 1 234 1 view .LVU172
 496 00ba 09B0     		add	sp, sp, #36
 497              		@ sp needed
 498              	.LVL23:
 499              	.LVL24:
 234:Drivers/STM32F0xx_HAL_Driver/Src/stm32f0xx_hal_tim_ex.c **** 
 500              		.loc 1 234 1 view .LVU173
 501 00bc F0BD     		pop	{r4, r5, r6, r7, pc}
 502              	.LVL25:
 503              	.L21:
 162:Drivers/STM32F0xx_HAL_Driver/Src/stm32f0xx_hal_tim_ex.c **** 
 504              		.loc 1 162 5 is_stmt 1 view .LVU174
 162:Drivers/STM32F0xx_HAL_Driver/Src/stm32f0xx_hal_tim_ex.c **** 
 505              		.loc 1 162 16 is_stmt 0 view .LVU175
 506 00be 3C33     		adds	r3, r3, #60
 507 00c0 0022     		movs	r2, #0
 508 00c2 C254     		strb	r2, [r0, r3]
ARM GAS  C:\Users\fastr\AppData\Local\Temp\ccGFXKp9.s 			page 54


 176:Drivers/STM32F0xx_HAL_Driver/Src/stm32f0xx_hal_tim_ex.c **** #endif /* USE_HAL_TIM_REGISTER_CALLBACKS */
 509              		.loc 1 176 5 is_stmt 1 view .LVU176
 510 00c4 FFF7FEFF 		bl	HAL_TIMEx_HallSensor_MspInit
 511              	.LVL26:
 176:Drivers/STM32F0xx_HAL_Driver/Src/stm32f0xx_hal_tim_ex.c **** #endif /* USE_HAL_TIM_REGISTER_CALLBACKS */
 512              		.loc 1 176 5 is_stmt 0 view .LVU177
 513 00c8 A4E7     		b	.L19
 514              	.LVL27:
 515              	.L20:
 146:Drivers/STM32F0xx_HAL_Driver/Src/stm32f0xx_hal_tim_ex.c ****   }
 516              		.loc 1 146 12 view .LVU178
 517 00ca 0120     		movs	r0, #1
 518              	.LVL28:
 146:Drivers/STM32F0xx_HAL_Driver/Src/stm32f0xx_hal_tim_ex.c ****   }
 519              		.loc 1 146 12 view .LVU179
 520 00cc F5E7     		b	.L18
 521              		.cfi_endproc
 522              	.LFE40:
 524              		.section	.text.HAL_TIMEx_HallSensor_MspDeInit,"ax",%progbits
 525              		.align	1
 526              		.weak	HAL_TIMEx_HallSensor_MspDeInit
 527              		.syntax unified
 528              		.code	16
 529              		.thumb_func
 531              	HAL_TIMEx_HallSensor_MspDeInit:
 532              	.LVL29:
 533              	.LFB43:
 302:Drivers/STM32F0xx_HAL_Driver/Src/stm32f0xx_hal_tim_ex.c ****   /* Prevent unused argument(s) compilation warning */
 534              		.loc 1 302 1 is_stmt 1 view -0
 535              		.cfi_startproc
 536              		@ args = 0, pretend = 0, frame = 0
 537              		@ frame_needed = 0, uses_anonymous_args = 0
 538              		@ link register save eliminated.
 304:Drivers/STM32F0xx_HAL_Driver/Src/stm32f0xx_hal_tim_ex.c **** 
 539              		.loc 1 304 3 view .LVU181
 309:Drivers/STM32F0xx_HAL_Driver/Src/stm32f0xx_hal_tim_ex.c **** 
 540              		.loc 1 309 1 is_stmt 0 view .LVU182
 541              		@ sp needed
 542 0000 7047     		bx	lr
 543              		.cfi_endproc
 544              	.LFE43:
 546              		.section	.text.HAL_TIMEx_HallSensor_DeInit,"ax",%progbits
 547              		.align	1
 548              		.global	HAL_TIMEx_HallSensor_DeInit
 549              		.syntax unified
 550              		.code	16
 551              		.thumb_func
 553              	HAL_TIMEx_HallSensor_DeInit:
 554              	.LVL30:
 555              	.LFB41:
 242:Drivers/STM32F0xx_HAL_Driver/Src/stm32f0xx_hal_tim_ex.c ****   /* Check the parameters */
 556              		.loc 1 242 1 is_stmt 1 view -0
 557              		.cfi_startproc
 558              		@ args = 0, pretend = 0, frame = 0
 559              		@ frame_needed = 0, uses_anonymous_args = 0
 242:Drivers/STM32F0xx_HAL_Driver/Src/stm32f0xx_hal_tim_ex.c ****   /* Check the parameters */
 560              		.loc 1 242 1 is_stmt 0 view .LVU184
ARM GAS  C:\Users\fastr\AppData\Local\Temp\ccGFXKp9.s 			page 55


 561 0000 10B5     		push	{r4, lr}
 562              		.cfi_def_cfa_offset 8
 563              		.cfi_offset 4, -8
 564              		.cfi_offset 14, -4
 565 0002 0400     		movs	r4, r0
 244:Drivers/STM32F0xx_HAL_Driver/Src/stm32f0xx_hal_tim_ex.c **** 
 566              		.loc 1 244 3 is_stmt 1 view .LVU185
 246:Drivers/STM32F0xx_HAL_Driver/Src/stm32f0xx_hal_tim_ex.c **** 
 567              		.loc 1 246 3 view .LVU186
 246:Drivers/STM32F0xx_HAL_Driver/Src/stm32f0xx_hal_tim_ex.c **** 
 568              		.loc 1 246 15 is_stmt 0 view .LVU187
 569 0004 3D23     		movs	r3, #61
 570 0006 0222     		movs	r2, #2
 571 0008 C254     		strb	r2, [r0, r3]
 249:Drivers/STM32F0xx_HAL_Driver/Src/stm32f0xx_hal_tim_ex.c **** 
 572              		.loc 1 249 3 is_stmt 1 view .LVU188
 249:Drivers/STM32F0xx_HAL_Driver/Src/stm32f0xx_hal_tim_ex.c **** 
 573              		.loc 1 249 3 view .LVU189
 574 000a 0368     		ldr	r3, [r0]
 575 000c 196A     		ldr	r1, [r3, #32]
 576 000e 0F4A     		ldr	r2, .L25
 577 0010 1142     		tst	r1, r2
 578 0012 07D1     		bne	.L24
 249:Drivers/STM32F0xx_HAL_Driver/Src/stm32f0xx_hal_tim_ex.c **** 
 579              		.loc 1 249 3 discriminator 1 view .LVU190
 580 0014 196A     		ldr	r1, [r3, #32]
 581 0016 0E4A     		ldr	r2, .L25+4
 582 0018 1142     		tst	r1, r2
 583 001a 03D1     		bne	.L24
 249:Drivers/STM32F0xx_HAL_Driver/Src/stm32f0xx_hal_tim_ex.c **** 
 584              		.loc 1 249 3 discriminator 2 view .LVU191
 585 001c 1A68     		ldr	r2, [r3]
 586 001e 0121     		movs	r1, #1
 587 0020 8A43     		bics	r2, r1
 588 0022 1A60     		str	r2, [r3]
 589              	.L24:
 249:Drivers/STM32F0xx_HAL_Driver/Src/stm32f0xx_hal_tim_ex.c **** 
 590              		.loc 1 249 3 view .LVU192
 260:Drivers/STM32F0xx_HAL_Driver/Src/stm32f0xx_hal_tim_ex.c **** #endif /* USE_HAL_TIM_REGISTER_CALLBACKS */
 591              		.loc 1 260 3 view .LVU193
 592 0024 2000     		movs	r0, r4
 593              	.LVL31:
 260:Drivers/STM32F0xx_HAL_Driver/Src/stm32f0xx_hal_tim_ex.c **** #endif /* USE_HAL_TIM_REGISTER_CALLBACKS */
 594              		.loc 1 260 3 is_stmt 0 view .LVU194
 595 0026 FFF7FEFF 		bl	HAL_TIMEx_HallSensor_MspDeInit
 596              	.LVL32:
 264:Drivers/STM32F0xx_HAL_Driver/Src/stm32f0xx_hal_tim_ex.c **** 
 597              		.loc 1 264 3 is_stmt 1 view .LVU195
 264:Drivers/STM32F0xx_HAL_Driver/Src/stm32f0xx_hal_tim_ex.c **** 
 598              		.loc 1 264 23 is_stmt 0 view .LVU196
 599 002a 0023     		movs	r3, #0
 600 002c 4622     		movs	r2, #70
 601 002e A354     		strb	r3, [r4, r2]
 267:Drivers/STM32F0xx_HAL_Driver/Src/stm32f0xx_hal_tim_ex.c ****   TIM_CHANNEL_STATE_SET(htim, TIM_CHANNEL_2, HAL_TIM_CHANNEL_STATE_RESET);
 602              		.loc 1 267 3 is_stmt 1 view .LVU197
 603 0030 083A     		subs	r2, r2, #8
 604 0032 A354     		strb	r3, [r4, r2]
ARM GAS  C:\Users\fastr\AppData\Local\Temp\ccGFXKp9.s 			page 56


 268:Drivers/STM32F0xx_HAL_Driver/Src/stm32f0xx_hal_tim_ex.c ****   TIM_CHANNEL_N_STATE_SET(htim, TIM_CHANNEL_1, HAL_TIM_CHANNEL_STATE_RESET);
 605              		.loc 1 268 3 view .LVU198
 606 0034 0132     		adds	r2, r2, #1
 607 0036 A354     		strb	r3, [r4, r2]
 269:Drivers/STM32F0xx_HAL_Driver/Src/stm32f0xx_hal_tim_ex.c ****   TIM_CHANNEL_N_STATE_SET(htim, TIM_CHANNEL_2, HAL_TIM_CHANNEL_STATE_RESET);
 608              		.loc 1 269 3 view .LVU199
 609 0038 0332     		adds	r2, r2, #3
 610 003a A354     		strb	r3, [r4, r2]
 270:Drivers/STM32F0xx_HAL_Driver/Src/stm32f0xx_hal_tim_ex.c **** 
 611              		.loc 1 270 3 view .LVU200
 612 003c 0132     		adds	r2, r2, #1
 613 003e A354     		strb	r3, [r4, r2]
 273:Drivers/STM32F0xx_HAL_Driver/Src/stm32f0xx_hal_tim_ex.c **** 
 614              		.loc 1 273 3 view .LVU201
 273:Drivers/STM32F0xx_HAL_Driver/Src/stm32f0xx_hal_tim_ex.c **** 
 615              		.loc 1 273 15 is_stmt 0 view .LVU202
 616 0040 063A     		subs	r2, r2, #6
 617 0042 A354     		strb	r3, [r4, r2]
 276:Drivers/STM32F0xx_HAL_Driver/Src/stm32f0xx_hal_tim_ex.c **** 
 618              		.loc 1 276 3 is_stmt 1 view .LVU203
 276:Drivers/STM32F0xx_HAL_Driver/Src/stm32f0xx_hal_tim_ex.c **** 
 619              		.loc 1 276 3 view .LVU204
 620 0044 013A     		subs	r2, r2, #1
 621 0046 A354     		strb	r3, [r4, r2]
 276:Drivers/STM32F0xx_HAL_Driver/Src/stm32f0xx_hal_tim_ex.c **** 
 622              		.loc 1 276 3 view .LVU205
 278:Drivers/STM32F0xx_HAL_Driver/Src/stm32f0xx_hal_tim_ex.c **** }
 623              		.loc 1 278 3 view .LVU206
 279:Drivers/STM32F0xx_HAL_Driver/Src/stm32f0xx_hal_tim_ex.c **** 
 624              		.loc 1 279 1 is_stmt 0 view .LVU207
 625 0048 0020     		movs	r0, #0
 626              		@ sp needed
 627              	.LVL33:
 279:Drivers/STM32F0xx_HAL_Driver/Src/stm32f0xx_hal_tim_ex.c **** 
 628              		.loc 1 279 1 view .LVU208
 629 004a 10BD     		pop	{r4, pc}
 630              	.L26:
 631              		.align	2
 632              	.L25:
 633 004c 11110000 		.word	4369
 634 0050 44040000 		.word	1092
 635              		.cfi_endproc
 636              	.LFE41:
 638              		.section	.text.HAL_TIMEx_HallSensor_Start,"ax",%progbits
 639              		.align	1
 640              		.global	HAL_TIMEx_HallSensor_Start
 641              		.syntax unified
 642              		.code	16
 643              		.thumb_func
 645              	HAL_TIMEx_HallSensor_Start:
 646              	.LVL34:
 647              	.LFB44:
 317:Drivers/STM32F0xx_HAL_Driver/Src/stm32f0xx_hal_tim_ex.c ****   uint32_t tmpsmcr;
 648              		.loc 1 317 1 is_stmt 1 view -0
 649              		.cfi_startproc
 650              		@ args = 0, pretend = 0, frame = 0
 651              		@ frame_needed = 0, uses_anonymous_args = 0
ARM GAS  C:\Users\fastr\AppData\Local\Temp\ccGFXKp9.s 			page 57


 317:Drivers/STM32F0xx_HAL_Driver/Src/stm32f0xx_hal_tim_ex.c ****   uint32_t tmpsmcr;
 652              		.loc 1 317 1 is_stmt 0 view .LVU210
 653 0000 10B5     		push	{r4, lr}
 654              		.cfi_def_cfa_offset 8
 655              		.cfi_offset 4, -8
 656              		.cfi_offset 14, -4
 657 0002 0400     		movs	r4, r0
 318:Drivers/STM32F0xx_HAL_Driver/Src/stm32f0xx_hal_tim_ex.c ****   HAL_TIM_ChannelStateTypeDef channel_1_state = TIM_CHANNEL_STATE_GET(htim, TIM_CHANNEL_1);
 658              		.loc 1 318 3 is_stmt 1 view .LVU211
 319:Drivers/STM32F0xx_HAL_Driver/Src/stm32f0xx_hal_tim_ex.c ****   HAL_TIM_ChannelStateTypeDef channel_2_state = TIM_CHANNEL_STATE_GET(htim, TIM_CHANNEL_2);
 659              		.loc 1 319 3 view .LVU212
 319:Drivers/STM32F0xx_HAL_Driver/Src/stm32f0xx_hal_tim_ex.c ****   HAL_TIM_ChannelStateTypeDef channel_2_state = TIM_CHANNEL_STATE_GET(htim, TIM_CHANNEL_2);
 660              		.loc 1 319 31 is_stmt 0 view .LVU213
 661 0004 3E23     		movs	r3, #62
 662 0006 C05C     		ldrb	r0, [r0, r3]
 663              	.LVL35:
 319:Drivers/STM32F0xx_HAL_Driver/Src/stm32f0xx_hal_tim_ex.c ****   HAL_TIM_ChannelStateTypeDef channel_2_state = TIM_CHANNEL_STATE_GET(htim, TIM_CHANNEL_2);
 664              		.loc 1 319 31 view .LVU214
 665 0008 C3B2     		uxtb	r3, r0
 666 000a 9C46     		mov	ip, r3
 667              	.LVL36:
 320:Drivers/STM32F0xx_HAL_Driver/Src/stm32f0xx_hal_tim_ex.c ****   HAL_TIM_ChannelStateTypeDef complementary_channel_1_state = TIM_CHANNEL_N_STATE_GET(htim, TIM_CHA
 668              		.loc 1 320 3 is_stmt 1 view .LVU215
 320:Drivers/STM32F0xx_HAL_Driver/Src/stm32f0xx_hal_tim_ex.c ****   HAL_TIM_ChannelStateTypeDef complementary_channel_1_state = TIM_CHANNEL_N_STATE_GET(htim, TIM_CHA
 669              		.loc 1 320 31 is_stmt 0 view .LVU216
 670 000c 3F23     		movs	r3, #63
 671 000e E35C     		ldrb	r3, [r4, r3]
 672 0010 DBB2     		uxtb	r3, r3
 673              	.LVL37:
 321:Drivers/STM32F0xx_HAL_Driver/Src/stm32f0xx_hal_tim_ex.c ****   HAL_TIM_ChannelStateTypeDef complementary_channel_2_state = TIM_CHANNEL_N_STATE_GET(htim, TIM_CHA
 674              		.loc 1 321 3 is_stmt 1 view .LVU217
 321:Drivers/STM32F0xx_HAL_Driver/Src/stm32f0xx_hal_tim_ex.c ****   HAL_TIM_ChannelStateTypeDef complementary_channel_2_state = TIM_CHANNEL_N_STATE_GET(htim, TIM_CHA
 675              		.loc 1 321 31 is_stmt 0 view .LVU218
 676 0012 4222     		movs	r2, #66
 677 0014 A25C     		ldrb	r2, [r4, r2]
 678 0016 D2B2     		uxtb	r2, r2
 679              	.LVL38:
 322:Drivers/STM32F0xx_HAL_Driver/Src/stm32f0xx_hal_tim_ex.c **** 
 680              		.loc 1 322 3 is_stmt 1 view .LVU219
 322:Drivers/STM32F0xx_HAL_Driver/Src/stm32f0xx_hal_tim_ex.c **** 
 681              		.loc 1 322 31 is_stmt 0 view .LVU220
 682 0018 4321     		movs	r1, #67
 683 001a 615C     		ldrb	r1, [r4, r1]
 684 001c C9B2     		uxtb	r1, r1
 685              	.LVL39:
 325:Drivers/STM32F0xx_HAL_Driver/Src/stm32f0xx_hal_tim_ex.c **** 
 686              		.loc 1 325 3 is_stmt 1 view .LVU221
 328:Drivers/STM32F0xx_HAL_Driver/Src/stm32f0xx_hal_tim_ex.c ****       || (channel_2_state != HAL_TIM_CHANNEL_STATE_READY)
 687              		.loc 1 328 3 view .LVU222
 328:Drivers/STM32F0xx_HAL_Driver/Src/stm32f0xx_hal_tim_ex.c ****       || (channel_2_state != HAL_TIM_CHANNEL_STATE_READY)
 688              		.loc 1 328 6 is_stmt 0 view .LVU223
 689 001e 0128     		cmp	r0, #1
 690 0020 36D1     		bne	.L31
 329:Drivers/STM32F0xx_HAL_Driver/Src/stm32f0xx_hal_tim_ex.c ****       || (complementary_channel_1_state != HAL_TIM_CHANNEL_STATE_READY)
 691              		.loc 1 329 7 view .LVU224
 692 0022 012B     		cmp	r3, #1
 693 0024 36D1     		bne	.L28
ARM GAS  C:\Users\fastr\AppData\Local\Temp\ccGFXKp9.s 			page 58


 330:Drivers/STM32F0xx_HAL_Driver/Src/stm32f0xx_hal_tim_ex.c ****       || (complementary_channel_2_state != HAL_TIM_CHANNEL_STATE_READY))
 694              		.loc 1 330 7 view .LVU225
 695 0026 012A     		cmp	r2, #1
 696 0028 36D1     		bne	.L32
 331:Drivers/STM32F0xx_HAL_Driver/Src/stm32f0xx_hal_tim_ex.c ****   {
 697              		.loc 1 331 7 view .LVU226
 698 002a 0129     		cmp	r1, #1
 699 002c 01D0     		beq	.L35
 333:Drivers/STM32F0xx_HAL_Driver/Src/stm32f0xx_hal_tim_ex.c ****   }
 700              		.loc 1 333 12 view .LVU227
 701 002e 9446     		mov	ip, r2
 702              	.LVL40:
 333:Drivers/STM32F0xx_HAL_Driver/Src/stm32f0xx_hal_tim_ex.c ****   }
 703              		.loc 1 333 12 view .LVU228
 704 0030 30E0     		b	.L28
 705              	.LVL41:
 706              	.L35:
 337:Drivers/STM32F0xx_HAL_Driver/Src/stm32f0xx_hal_tim_ex.c ****   TIM_CHANNEL_STATE_SET(htim, TIM_CHANNEL_2, HAL_TIM_CHANNEL_STATE_BUSY);
 707              		.loc 1 337 3 is_stmt 1 view .LVU229
 708 0032 0133     		adds	r3, r3, #1
 709              	.LVL42:
 337:Drivers/STM32F0xx_HAL_Driver/Src/stm32f0xx_hal_tim_ex.c ****   TIM_CHANNEL_STATE_SET(htim, TIM_CHANNEL_2, HAL_TIM_CHANNEL_STATE_BUSY);
 710              		.loc 1 337 3 is_stmt 0 view .LVU230
 711 0034 3D32     		adds	r2, r2, #61
 712              	.LVL43:
 337:Drivers/STM32F0xx_HAL_Driver/Src/stm32f0xx_hal_tim_ex.c ****   TIM_CHANNEL_STATE_SET(htim, TIM_CHANNEL_2, HAL_TIM_CHANNEL_STATE_BUSY);
 713              		.loc 1 337 3 view .LVU231
 714 0036 A354     		strb	r3, [r4, r2]
 338:Drivers/STM32F0xx_HAL_Driver/Src/stm32f0xx_hal_tim_ex.c ****   TIM_CHANNEL_N_STATE_SET(htim, TIM_CHANNEL_1, HAL_TIM_CHANNEL_STATE_BUSY);
 715              		.loc 1 338 3 is_stmt 1 view .LVU232
 716 0038 0132     		adds	r2, r2, #1
 717              	.LVL44:
 338:Drivers/STM32F0xx_HAL_Driver/Src/stm32f0xx_hal_tim_ex.c ****   TIM_CHANNEL_N_STATE_SET(htim, TIM_CHANNEL_1, HAL_TIM_CHANNEL_STATE_BUSY);
 718              		.loc 1 338 3 is_stmt 0 view .LVU233
 719 003a A354     		strb	r3, [r4, r2]
 339:Drivers/STM32F0xx_HAL_Driver/Src/stm32f0xx_hal_tim_ex.c ****   TIM_CHANNEL_N_STATE_SET(htim, TIM_CHANNEL_2, HAL_TIM_CHANNEL_STATE_BUSY);
 720              		.loc 1 339 3 is_stmt 1 view .LVU234
 721 003c 0332     		adds	r2, r2, #3
 722              	.LVL45:
 339:Drivers/STM32F0xx_HAL_Driver/Src/stm32f0xx_hal_tim_ex.c ****   TIM_CHANNEL_N_STATE_SET(htim, TIM_CHANNEL_2, HAL_TIM_CHANNEL_STATE_BUSY);
 723              		.loc 1 339 3 is_stmt 0 view .LVU235
 724 003e A354     		strb	r3, [r4, r2]
 340:Drivers/STM32F0xx_HAL_Driver/Src/stm32f0xx_hal_tim_ex.c **** 
 725              		.loc 1 340 3 is_stmt 1 view .LVU236
 726 0040 0132     		adds	r2, r2, #1
 727              	.LVL46:
 340:Drivers/STM32F0xx_HAL_Driver/Src/stm32f0xx_hal_tim_ex.c **** 
 728              		.loc 1 340 3 is_stmt 0 view .LVU237
 729 0042 A354     		strb	r3, [r4, r2]
 345:Drivers/STM32F0xx_HAL_Driver/Src/stm32f0xx_hal_tim_ex.c **** 
 730              		.loc 1 345 3 is_stmt 1 view .LVU238
 731 0044 2068     		ldr	r0, [r4]
 732 0046 423A     		subs	r2, r2, #66
 733              	.LVL47:
 345:Drivers/STM32F0xx_HAL_Driver/Src/stm32f0xx_hal_tim_ex.c **** 
 734              		.loc 1 345 3 is_stmt 0 view .LVU239
 735 0048 0021     		movs	r1, #0
ARM GAS  C:\Users\fastr\AppData\Local\Temp\ccGFXKp9.s 			page 59


 736              	.LVL48:
 345:Drivers/STM32F0xx_HAL_Driver/Src/stm32f0xx_hal_tim_ex.c **** 
 737              		.loc 1 345 3 view .LVU240
 738 004a FFF7FEFF 		bl	TIM_CCxChannelCmd
 739              	.LVL49:
 348:Drivers/STM32F0xx_HAL_Driver/Src/stm32f0xx_hal_tim_ex.c ****   {
 740              		.loc 1 348 3 is_stmt 1 view .LVU241
 348:Drivers/STM32F0xx_HAL_Driver/Src/stm32f0xx_hal_tim_ex.c ****   {
 741              		.loc 1 348 7 is_stmt 0 view .LVU242
 742 004e 2368     		ldr	r3, [r4]
 348:Drivers/STM32F0xx_HAL_Driver/Src/stm32f0xx_hal_tim_ex.c ****   {
 743              		.loc 1 348 6 view .LVU243
 744 0050 144A     		ldr	r2, .L36
 745 0052 9342     		cmp	r3, r2
 746 0054 10D0     		beq	.L29
 348:Drivers/STM32F0xx_HAL_Driver/Src/stm32f0xx_hal_tim_ex.c ****   {
 747              		.loc 1 348 7 discriminator 1 view .LVU244
 748 0056 8022     		movs	r2, #128
 749 0058 D205     		lsls	r2, r2, #23
 750 005a 9342     		cmp	r3, r2
 751 005c 0CD0     		beq	.L29
 348:Drivers/STM32F0xx_HAL_Driver/Src/stm32f0xx_hal_tim_ex.c ****   {
 752              		.loc 1 348 7 discriminator 2 view .LVU245
 753 005e 124A     		ldr	r2, .L36+4
 754 0060 9342     		cmp	r3, r2
 755 0062 09D0     		beq	.L29
 348:Drivers/STM32F0xx_HAL_Driver/Src/stm32f0xx_hal_tim_ex.c ****   {
 756              		.loc 1 348 7 discriminator 3 view .LVU246
 757 0064 114A     		ldr	r2, .L36+8
 758 0066 9342     		cmp	r3, r2
 759 0068 06D0     		beq	.L29
 358:Drivers/STM32F0xx_HAL_Driver/Src/stm32f0xx_hal_tim_ex.c ****   }
 760              		.loc 1 358 5 is_stmt 1 view .LVU247
 761 006a 1A68     		ldr	r2, [r3]
 762 006c 0121     		movs	r1, #1
 763 006e 0A43     		orrs	r2, r1
 764 0070 1A60     		str	r2, [r3]
 362:Drivers/STM32F0xx_HAL_Driver/Src/stm32f0xx_hal_tim_ex.c **** }
 765              		.loc 1 362 10 is_stmt 0 view .LVU248
 766 0072 0023     		movs	r3, #0
 767 0074 9C46     		mov	ip, r3
 768 0076 0DE0     		b	.L28
 769              	.L29:
 350:Drivers/STM32F0xx_HAL_Driver/Src/stm32f0xx_hal_tim_ex.c ****     if (!IS_TIM_SLAVEMODE_TRIGGER_ENABLED(tmpsmcr))
 770              		.loc 1 350 5 is_stmt 1 view .LVU249
 350:Drivers/STM32F0xx_HAL_Driver/Src/stm32f0xx_hal_tim_ex.c ****     if (!IS_TIM_SLAVEMODE_TRIGGER_ENABLED(tmpsmcr))
 771              		.loc 1 350 29 is_stmt 0 view .LVU250
 772 0078 9968     		ldr	r1, [r3, #8]
 350:Drivers/STM32F0xx_HAL_Driver/Src/stm32f0xx_hal_tim_ex.c ****     if (!IS_TIM_SLAVEMODE_TRIGGER_ENABLED(tmpsmcr))
 773              		.loc 1 350 13 view .LVU251
 774 007a 0722     		movs	r2, #7
 775 007c 0A40     		ands	r2, r1
 776              	.LVL50:
 351:Drivers/STM32F0xx_HAL_Driver/Src/stm32f0xx_hal_tim_ex.c ****     {
 777              		.loc 1 351 5 is_stmt 1 view .LVU252
 351:Drivers/STM32F0xx_HAL_Driver/Src/stm32f0xx_hal_tim_ex.c ****     {
 778              		.loc 1 351 8 is_stmt 0 view .LVU253
ARM GAS  C:\Users\fastr\AppData\Local\Temp\ccGFXKp9.s 			page 60


 779 007e 062A     		cmp	r2, #6
 780 0080 0CD0     		beq	.L34
 353:Drivers/STM32F0xx_HAL_Driver/Src/stm32f0xx_hal_tim_ex.c ****     }
 781              		.loc 1 353 7 is_stmt 1 view .LVU254
 782 0082 1A68     		ldr	r2, [r3]
 783              	.LVL51:
 353:Drivers/STM32F0xx_HAL_Driver/Src/stm32f0xx_hal_tim_ex.c ****     }
 784              		.loc 1 353 7 is_stmt 0 view .LVU255
 785 0084 0121     		movs	r1, #1
 786              	.LVL52:
 353:Drivers/STM32F0xx_HAL_Driver/Src/stm32f0xx_hal_tim_ex.c ****     }
 787              		.loc 1 353 7 view .LVU256
 788 0086 0A43     		orrs	r2, r1
 789 0088 1A60     		str	r2, [r3]
 362:Drivers/STM32F0xx_HAL_Driver/Src/stm32f0xx_hal_tim_ex.c **** }
 790              		.loc 1 362 10 view .LVU257
 791 008a 0023     		movs	r3, #0
 792 008c 9C46     		mov	ip, r3
 793 008e 01E0     		b	.L28
 794              	.LVL53:
 795              	.L31:
 333:Drivers/STM32F0xx_HAL_Driver/Src/stm32f0xx_hal_tim_ex.c ****   }
 796              		.loc 1 333 12 view .LVU258
 797 0090 0123     		movs	r3, #1
 798              	.LVL54:
 333:Drivers/STM32F0xx_HAL_Driver/Src/stm32f0xx_hal_tim_ex.c ****   }
 799              		.loc 1 333 12 view .LVU259
 800 0092 9C46     		mov	ip, r3
 801              	.LVL55:
 802              	.L28:
 363:Drivers/STM32F0xx_HAL_Driver/Src/stm32f0xx_hal_tim_ex.c **** 
 803              		.loc 1 363 1 view .LVU260
 804 0094 6046     		mov	r0, ip
 805              		@ sp needed
 806              	.LVL56:
 363:Drivers/STM32F0xx_HAL_Driver/Src/stm32f0xx_hal_tim_ex.c **** 
 807              		.loc 1 363 1 view .LVU261
 808 0096 10BD     		pop	{r4, pc}
 809              	.LVL57:
 810              	.L32:
 333:Drivers/STM32F0xx_HAL_Driver/Src/stm32f0xx_hal_tim_ex.c ****   }
 811              		.loc 1 333 12 view .LVU262
 812 0098 9C46     		mov	ip, r3
 813              	.LVL58:
 333:Drivers/STM32F0xx_HAL_Driver/Src/stm32f0xx_hal_tim_ex.c ****   }
 814              		.loc 1 333 12 view .LVU263
 815 009a FBE7     		b	.L28
 816              	.LVL59:
 817              	.L34:
 362:Drivers/STM32F0xx_HAL_Driver/Src/stm32f0xx_hal_tim_ex.c **** }
 818              		.loc 1 362 10 view .LVU264
 819 009c 0023     		movs	r3, #0
 820 009e 9C46     		mov	ip, r3
 821 00a0 F8E7     		b	.L28
 822              	.L37:
 823 00a2 C046     		.align	2
 824              	.L36:
ARM GAS  C:\Users\fastr\AppData\Local\Temp\ccGFXKp9.s 			page 61


 825 00a4 002C0140 		.word	1073818624
 826 00a8 00040040 		.word	1073742848
 827 00ac 00400140 		.word	1073823744
 828              		.cfi_endproc
 829              	.LFE44:
 831              		.section	.text.HAL_TIMEx_HallSensor_Stop,"ax",%progbits
 832              		.align	1
 833              		.global	HAL_TIMEx_HallSensor_Stop
 834              		.syntax unified
 835              		.code	16
 836              		.thumb_func
 838              	HAL_TIMEx_HallSensor_Stop:
 839              	.LVL60:
 840              	.LFB45:
 371:Drivers/STM32F0xx_HAL_Driver/Src/stm32f0xx_hal_tim_ex.c ****   /* Check the parameters */
 841              		.loc 1 371 1 is_stmt 1 view -0
 842              		.cfi_startproc
 843              		@ args = 0, pretend = 0, frame = 0
 844              		@ frame_needed = 0, uses_anonymous_args = 0
 371:Drivers/STM32F0xx_HAL_Driver/Src/stm32f0xx_hal_tim_ex.c ****   /* Check the parameters */
 845              		.loc 1 371 1 is_stmt 0 view .LVU266
 846 0000 10B5     		push	{r4, lr}
 847              		.cfi_def_cfa_offset 8
 848              		.cfi_offset 4, -8
 849              		.cfi_offset 14, -4
 850 0002 0400     		movs	r4, r0
 373:Drivers/STM32F0xx_HAL_Driver/Src/stm32f0xx_hal_tim_ex.c **** 
 851              		.loc 1 373 3 is_stmt 1 view .LVU267
 378:Drivers/STM32F0xx_HAL_Driver/Src/stm32f0xx_hal_tim_ex.c **** 
 852              		.loc 1 378 3 view .LVU268
 853 0004 0068     		ldr	r0, [r0]
 854              	.LVL61:
 378:Drivers/STM32F0xx_HAL_Driver/Src/stm32f0xx_hal_tim_ex.c **** 
 855              		.loc 1 378 3 is_stmt 0 view .LVU269
 856 0006 0022     		movs	r2, #0
 857 0008 0021     		movs	r1, #0
 858 000a FFF7FEFF 		bl	TIM_CCxChannelCmd
 859              	.LVL62:
 381:Drivers/STM32F0xx_HAL_Driver/Src/stm32f0xx_hal_tim_ex.c **** 
 860              		.loc 1 381 3 is_stmt 1 view .LVU270
 381:Drivers/STM32F0xx_HAL_Driver/Src/stm32f0xx_hal_tim_ex.c **** 
 861              		.loc 1 381 3 view .LVU271
 862 000e 2368     		ldr	r3, [r4]
 863 0010 196A     		ldr	r1, [r3, #32]
 864 0012 0B4A     		ldr	r2, .L40
 865 0014 1142     		tst	r1, r2
 866 0016 07D1     		bne	.L39
 381:Drivers/STM32F0xx_HAL_Driver/Src/stm32f0xx_hal_tim_ex.c **** 
 867              		.loc 1 381 3 discriminator 1 view .LVU272
 868 0018 196A     		ldr	r1, [r3, #32]
 869 001a 0A4A     		ldr	r2, .L40+4
 870 001c 1142     		tst	r1, r2
 871 001e 03D1     		bne	.L39
 381:Drivers/STM32F0xx_HAL_Driver/Src/stm32f0xx_hal_tim_ex.c **** 
 872              		.loc 1 381 3 discriminator 2 view .LVU273
 873 0020 1A68     		ldr	r2, [r3]
 874 0022 0121     		movs	r1, #1
ARM GAS  C:\Users\fastr\AppData\Local\Temp\ccGFXKp9.s 			page 62


 875 0024 8A43     		bics	r2, r1
 876 0026 1A60     		str	r2, [r3]
 877              	.L39:
 381:Drivers/STM32F0xx_HAL_Driver/Src/stm32f0xx_hal_tim_ex.c **** 
 878              		.loc 1 381 3 view .LVU274
 384:Drivers/STM32F0xx_HAL_Driver/Src/stm32f0xx_hal_tim_ex.c ****   TIM_CHANNEL_STATE_SET(htim, TIM_CHANNEL_2, HAL_TIM_CHANNEL_STATE_READY);
 879              		.loc 1 384 3 view .LVU275
 880 0028 0123     		movs	r3, #1
 881 002a 3E22     		movs	r2, #62
 882 002c A354     		strb	r3, [r4, r2]
 385:Drivers/STM32F0xx_HAL_Driver/Src/stm32f0xx_hal_tim_ex.c ****   TIM_CHANNEL_N_STATE_SET(htim, TIM_CHANNEL_1, HAL_TIM_CHANNEL_STATE_READY);
 883              		.loc 1 385 3 view .LVU276
 884 002e 0132     		adds	r2, r2, #1
 885 0030 A354     		strb	r3, [r4, r2]
 386:Drivers/STM32F0xx_HAL_Driver/Src/stm32f0xx_hal_tim_ex.c ****   TIM_CHANNEL_N_STATE_SET(htim, TIM_CHANNEL_2, HAL_TIM_CHANNEL_STATE_READY);
 886              		.loc 1 386 3 view .LVU277
 887 0032 0332     		adds	r2, r2, #3
 888 0034 A354     		strb	r3, [r4, r2]
 387:Drivers/STM32F0xx_HAL_Driver/Src/stm32f0xx_hal_tim_ex.c **** 
 889              		.loc 1 387 3 view .LVU278
 890 0036 0132     		adds	r2, r2, #1
 891 0038 A354     		strb	r3, [r4, r2]
 390:Drivers/STM32F0xx_HAL_Driver/Src/stm32f0xx_hal_tim_ex.c **** }
 892              		.loc 1 390 3 view .LVU279
 391:Drivers/STM32F0xx_HAL_Driver/Src/stm32f0xx_hal_tim_ex.c **** 
 893              		.loc 1 391 1 is_stmt 0 view .LVU280
 894 003a 0020     		movs	r0, #0
 895              		@ sp needed
 896              	.LVL63:
 391:Drivers/STM32F0xx_HAL_Driver/Src/stm32f0xx_hal_tim_ex.c **** 
 897              		.loc 1 391 1 view .LVU281
 898 003c 10BD     		pop	{r4, pc}
 899              	.L41:
 900 003e C046     		.align	2
 901              	.L40:
 902 0040 11110000 		.word	4369
 903 0044 44040000 		.word	1092
 904              		.cfi_endproc
 905              	.LFE45:
 907              		.section	.text.HAL_TIMEx_HallSensor_Start_IT,"ax",%progbits
 908              		.align	1
 909              		.global	HAL_TIMEx_HallSensor_Start_IT
 910              		.syntax unified
 911              		.code	16
 912              		.thumb_func
 914              	HAL_TIMEx_HallSensor_Start_IT:
 915              	.LVL64:
 916              	.LFB46:
 399:Drivers/STM32F0xx_HAL_Driver/Src/stm32f0xx_hal_tim_ex.c ****   uint32_t tmpsmcr;
 917              		.loc 1 399 1 is_stmt 1 view -0
 918              		.cfi_startproc
 919              		@ args = 0, pretend = 0, frame = 0
 920              		@ frame_needed = 0, uses_anonymous_args = 0
 399:Drivers/STM32F0xx_HAL_Driver/Src/stm32f0xx_hal_tim_ex.c ****   uint32_t tmpsmcr;
 921              		.loc 1 399 1 is_stmt 0 view .LVU283
 922 0000 10B5     		push	{r4, lr}
 923              		.cfi_def_cfa_offset 8
ARM GAS  C:\Users\fastr\AppData\Local\Temp\ccGFXKp9.s 			page 63


 924              		.cfi_offset 4, -8
 925              		.cfi_offset 14, -4
 926 0002 0400     		movs	r4, r0
 400:Drivers/STM32F0xx_HAL_Driver/Src/stm32f0xx_hal_tim_ex.c ****   HAL_TIM_ChannelStateTypeDef channel_1_state = TIM_CHANNEL_STATE_GET(htim, TIM_CHANNEL_1);
 927              		.loc 1 400 3 is_stmt 1 view .LVU284
 401:Drivers/STM32F0xx_HAL_Driver/Src/stm32f0xx_hal_tim_ex.c ****   HAL_TIM_ChannelStateTypeDef channel_2_state = TIM_CHANNEL_STATE_GET(htim, TIM_CHANNEL_2);
 928              		.loc 1 401 3 view .LVU285
 401:Drivers/STM32F0xx_HAL_Driver/Src/stm32f0xx_hal_tim_ex.c ****   HAL_TIM_ChannelStateTypeDef channel_2_state = TIM_CHANNEL_STATE_GET(htim, TIM_CHANNEL_2);
 929              		.loc 1 401 31 is_stmt 0 view .LVU286
 930 0004 3E23     		movs	r3, #62
 931 0006 C05C     		ldrb	r0, [r0, r3]
 932              	.LVL65:
 401:Drivers/STM32F0xx_HAL_Driver/Src/stm32f0xx_hal_tim_ex.c ****   HAL_TIM_ChannelStateTypeDef channel_2_state = TIM_CHANNEL_STATE_GET(htim, TIM_CHANNEL_2);
 933              		.loc 1 401 31 view .LVU287
 934 0008 C3B2     		uxtb	r3, r0
 935 000a 9C46     		mov	ip, r3
 936              	.LVL66:
 402:Drivers/STM32F0xx_HAL_Driver/Src/stm32f0xx_hal_tim_ex.c ****   HAL_TIM_ChannelStateTypeDef complementary_channel_1_state = TIM_CHANNEL_N_STATE_GET(htim, TIM_CHA
 937              		.loc 1 402 3 is_stmt 1 view .LVU288
 402:Drivers/STM32F0xx_HAL_Driver/Src/stm32f0xx_hal_tim_ex.c ****   HAL_TIM_ChannelStateTypeDef complementary_channel_1_state = TIM_CHANNEL_N_STATE_GET(htim, TIM_CHA
 938              		.loc 1 402 31 is_stmt 0 view .LVU289
 939 000c 3F23     		movs	r3, #63
 940 000e E35C     		ldrb	r3, [r4, r3]
 941 0010 DBB2     		uxtb	r3, r3
 942              	.LVL67:
 403:Drivers/STM32F0xx_HAL_Driver/Src/stm32f0xx_hal_tim_ex.c ****   HAL_TIM_ChannelStateTypeDef complementary_channel_2_state = TIM_CHANNEL_N_STATE_GET(htim, TIM_CHA
 943              		.loc 1 403 3 is_stmt 1 view .LVU290
 403:Drivers/STM32F0xx_HAL_Driver/Src/stm32f0xx_hal_tim_ex.c ****   HAL_TIM_ChannelStateTypeDef complementary_channel_2_state = TIM_CHANNEL_N_STATE_GET(htim, TIM_CHA
 944              		.loc 1 403 31 is_stmt 0 view .LVU291
 945 0012 4222     		movs	r2, #66
 946 0014 A25C     		ldrb	r2, [r4, r2]
 947 0016 D2B2     		uxtb	r2, r2
 948              	.LVL68:
 404:Drivers/STM32F0xx_HAL_Driver/Src/stm32f0xx_hal_tim_ex.c **** 
 949              		.loc 1 404 3 is_stmt 1 view .LVU292
 404:Drivers/STM32F0xx_HAL_Driver/Src/stm32f0xx_hal_tim_ex.c **** 
 950              		.loc 1 404 31 is_stmt 0 view .LVU293
 951 0018 4321     		movs	r1, #67
 952 001a 615C     		ldrb	r1, [r4, r1]
 953 001c C9B2     		uxtb	r1, r1
 954              	.LVL69:
 407:Drivers/STM32F0xx_HAL_Driver/Src/stm32f0xx_hal_tim_ex.c **** 
 955              		.loc 1 407 3 is_stmt 1 view .LVU294
 410:Drivers/STM32F0xx_HAL_Driver/Src/stm32f0xx_hal_tim_ex.c ****       || (channel_2_state != HAL_TIM_CHANNEL_STATE_READY)
 956              		.loc 1 410 3 view .LVU295
 410:Drivers/STM32F0xx_HAL_Driver/Src/stm32f0xx_hal_tim_ex.c ****       || (channel_2_state != HAL_TIM_CHANNEL_STATE_READY)
 957              		.loc 1 410 6 is_stmt 0 view .LVU296
 958 001e 0128     		cmp	r0, #1
 959 0020 3AD1     		bne	.L46
 411:Drivers/STM32F0xx_HAL_Driver/Src/stm32f0xx_hal_tim_ex.c ****       || (complementary_channel_1_state != HAL_TIM_CHANNEL_STATE_READY)
 960              		.loc 1 411 7 view .LVU297
 961 0022 012B     		cmp	r3, #1
 962 0024 3AD1     		bne	.L43
 412:Drivers/STM32F0xx_HAL_Driver/Src/stm32f0xx_hal_tim_ex.c ****       || (complementary_channel_2_state != HAL_TIM_CHANNEL_STATE_READY))
 963              		.loc 1 412 7 view .LVU298
 964 0026 012A     		cmp	r2, #1
 965 0028 3AD1     		bne	.L47
ARM GAS  C:\Users\fastr\AppData\Local\Temp\ccGFXKp9.s 			page 64


 413:Drivers/STM32F0xx_HAL_Driver/Src/stm32f0xx_hal_tim_ex.c ****   {
 966              		.loc 1 413 7 view .LVU299
 967 002a 0129     		cmp	r1, #1
 968 002c 01D0     		beq	.L50
 415:Drivers/STM32F0xx_HAL_Driver/Src/stm32f0xx_hal_tim_ex.c ****   }
 969              		.loc 1 415 12 view .LVU300
 970 002e 9446     		mov	ip, r2
 971              	.LVL70:
 415:Drivers/STM32F0xx_HAL_Driver/Src/stm32f0xx_hal_tim_ex.c ****   }
 972              		.loc 1 415 12 view .LVU301
 973 0030 34E0     		b	.L43
 974              	.LVL71:
 975              	.L50:
 419:Drivers/STM32F0xx_HAL_Driver/Src/stm32f0xx_hal_tim_ex.c ****   TIM_CHANNEL_STATE_SET(htim, TIM_CHANNEL_2, HAL_TIM_CHANNEL_STATE_BUSY);
 976              		.loc 1 419 3 is_stmt 1 view .LVU302
 977 0032 0133     		adds	r3, r3, #1
 978              	.LVL72:
 419:Drivers/STM32F0xx_HAL_Driver/Src/stm32f0xx_hal_tim_ex.c ****   TIM_CHANNEL_STATE_SET(htim, TIM_CHANNEL_2, HAL_TIM_CHANNEL_STATE_BUSY);
 979              		.loc 1 419 3 is_stmt 0 view .LVU303
 980 0034 3D32     		adds	r2, r2, #61
 981              	.LVL73:
 419:Drivers/STM32F0xx_HAL_Driver/Src/stm32f0xx_hal_tim_ex.c ****   TIM_CHANNEL_STATE_SET(htim, TIM_CHANNEL_2, HAL_TIM_CHANNEL_STATE_BUSY);
 982              		.loc 1 419 3 view .LVU304
 983 0036 A354     		strb	r3, [r4, r2]
 420:Drivers/STM32F0xx_HAL_Driver/Src/stm32f0xx_hal_tim_ex.c ****   TIM_CHANNEL_N_STATE_SET(htim, TIM_CHANNEL_1, HAL_TIM_CHANNEL_STATE_BUSY);
 984              		.loc 1 420 3 is_stmt 1 view .LVU305
 985 0038 0132     		adds	r2, r2, #1
 986              	.LVL74:
 420:Drivers/STM32F0xx_HAL_Driver/Src/stm32f0xx_hal_tim_ex.c ****   TIM_CHANNEL_N_STATE_SET(htim, TIM_CHANNEL_1, HAL_TIM_CHANNEL_STATE_BUSY);
 987              		.loc 1 420 3 is_stmt 0 view .LVU306
 988 003a A354     		strb	r3, [r4, r2]
 421:Drivers/STM32F0xx_HAL_Driver/Src/stm32f0xx_hal_tim_ex.c ****   TIM_CHANNEL_N_STATE_SET(htim, TIM_CHANNEL_2, HAL_TIM_CHANNEL_STATE_BUSY);
 989              		.loc 1 421 3 is_stmt 1 view .LVU307
 990 003c 0332     		adds	r2, r2, #3
 991              	.LVL75:
 421:Drivers/STM32F0xx_HAL_Driver/Src/stm32f0xx_hal_tim_ex.c ****   TIM_CHANNEL_N_STATE_SET(htim, TIM_CHANNEL_2, HAL_TIM_CHANNEL_STATE_BUSY);
 992              		.loc 1 421 3 is_stmt 0 view .LVU308
 993 003e A354     		strb	r3, [r4, r2]
 422:Drivers/STM32F0xx_HAL_Driver/Src/stm32f0xx_hal_tim_ex.c **** 
 994              		.loc 1 422 3 is_stmt 1 view .LVU309
 995 0040 0132     		adds	r2, r2, #1
 996              	.LVL76:
 422:Drivers/STM32F0xx_HAL_Driver/Src/stm32f0xx_hal_tim_ex.c **** 
 997              		.loc 1 422 3 is_stmt 0 view .LVU310
 998 0042 A354     		strb	r3, [r4, r2]
 425:Drivers/STM32F0xx_HAL_Driver/Src/stm32f0xx_hal_tim_ex.c **** 
 999              		.loc 1 425 3 is_stmt 1 view .LVU311
 1000 0044 2168     		ldr	r1, [r4]
 1001              	.LVL77:
 425:Drivers/STM32F0xx_HAL_Driver/Src/stm32f0xx_hal_tim_ex.c **** 
 1002              		.loc 1 425 3 is_stmt 0 view .LVU312
 1003 0046 CA68     		ldr	r2, [r1, #12]
 1004              	.LVL78:
 425:Drivers/STM32F0xx_HAL_Driver/Src/stm32f0xx_hal_tim_ex.c **** 
 1005              		.loc 1 425 3 view .LVU313
 1006 0048 1343     		orrs	r3, r2
 1007              	.LVL79:
ARM GAS  C:\Users\fastr\AppData\Local\Temp\ccGFXKp9.s 			page 65


 425:Drivers/STM32F0xx_HAL_Driver/Src/stm32f0xx_hal_tim_ex.c **** 
 1008              		.loc 1 425 3 view .LVU314
 1009 004a CB60     		str	r3, [r1, #12]
 430:Drivers/STM32F0xx_HAL_Driver/Src/stm32f0xx_hal_tim_ex.c **** 
 1010              		.loc 1 430 3 is_stmt 1 view .LVU315
 1011 004c 2068     		ldr	r0, [r4]
 1012 004e 0122     		movs	r2, #1
 1013 0050 0021     		movs	r1, #0
 1014 0052 FFF7FEFF 		bl	TIM_CCxChannelCmd
 1015              	.LVL80:
 433:Drivers/STM32F0xx_HAL_Driver/Src/stm32f0xx_hal_tim_ex.c ****   {
 1016              		.loc 1 433 3 view .LVU316
 433:Drivers/STM32F0xx_HAL_Driver/Src/stm32f0xx_hal_tim_ex.c ****   {
 1017              		.loc 1 433 7 is_stmt 0 view .LVU317
 1018 0056 2368     		ldr	r3, [r4]
 433:Drivers/STM32F0xx_HAL_Driver/Src/stm32f0xx_hal_tim_ex.c ****   {
 1019              		.loc 1 433 6 view .LVU318
 1020 0058 144A     		ldr	r2, .L51
 1021 005a 9342     		cmp	r3, r2
 1022 005c 10D0     		beq	.L44
 433:Drivers/STM32F0xx_HAL_Driver/Src/stm32f0xx_hal_tim_ex.c ****   {
 1023              		.loc 1 433 7 discriminator 1 view .LVU319
 1024 005e 8022     		movs	r2, #128
 1025 0060 D205     		lsls	r2, r2, #23
 1026 0062 9342     		cmp	r3, r2
 1027 0064 0CD0     		beq	.L44
 433:Drivers/STM32F0xx_HAL_Driver/Src/stm32f0xx_hal_tim_ex.c ****   {
 1028              		.loc 1 433 7 discriminator 2 view .LVU320
 1029 0066 124A     		ldr	r2, .L51+4
 1030 0068 9342     		cmp	r3, r2
 1031 006a 09D0     		beq	.L44
 433:Drivers/STM32F0xx_HAL_Driver/Src/stm32f0xx_hal_tim_ex.c ****   {
 1032              		.loc 1 433 7 discriminator 3 view .LVU321
 1033 006c 114A     		ldr	r2, .L51+8
 1034 006e 9342     		cmp	r3, r2
 1035 0070 06D0     		beq	.L44
 443:Drivers/STM32F0xx_HAL_Driver/Src/stm32f0xx_hal_tim_ex.c ****   }
 1036              		.loc 1 443 5 is_stmt 1 view .LVU322
 1037 0072 1A68     		ldr	r2, [r3]
 1038 0074 0121     		movs	r1, #1
 1039 0076 0A43     		orrs	r2, r1
 1040 0078 1A60     		str	r2, [r3]
 447:Drivers/STM32F0xx_HAL_Driver/Src/stm32f0xx_hal_tim_ex.c **** }
 1041              		.loc 1 447 10 is_stmt 0 view .LVU323
 1042 007a 0023     		movs	r3, #0
 1043 007c 9C46     		mov	ip, r3
 1044 007e 0DE0     		b	.L43
 1045              	.L44:
 435:Drivers/STM32F0xx_HAL_Driver/Src/stm32f0xx_hal_tim_ex.c ****     if (!IS_TIM_SLAVEMODE_TRIGGER_ENABLED(tmpsmcr))
 1046              		.loc 1 435 5 is_stmt 1 view .LVU324
 435:Drivers/STM32F0xx_HAL_Driver/Src/stm32f0xx_hal_tim_ex.c ****     if (!IS_TIM_SLAVEMODE_TRIGGER_ENABLED(tmpsmcr))
 1047              		.loc 1 435 29 is_stmt 0 view .LVU325
 1048 0080 9968     		ldr	r1, [r3, #8]
 435:Drivers/STM32F0xx_HAL_Driver/Src/stm32f0xx_hal_tim_ex.c ****     if (!IS_TIM_SLAVEMODE_TRIGGER_ENABLED(tmpsmcr))
 1049              		.loc 1 435 13 view .LVU326
 1050 0082 0722     		movs	r2, #7
 1051 0084 0A40     		ands	r2, r1
ARM GAS  C:\Users\fastr\AppData\Local\Temp\ccGFXKp9.s 			page 66


 1052              	.LVL81:
 436:Drivers/STM32F0xx_HAL_Driver/Src/stm32f0xx_hal_tim_ex.c ****     {
 1053              		.loc 1 436 5 is_stmt 1 view .LVU327
 436:Drivers/STM32F0xx_HAL_Driver/Src/stm32f0xx_hal_tim_ex.c ****     {
 1054              		.loc 1 436 8 is_stmt 0 view .LVU328
 1055 0086 062A     		cmp	r2, #6
 1056 0088 0CD0     		beq	.L49
 438:Drivers/STM32F0xx_HAL_Driver/Src/stm32f0xx_hal_tim_ex.c ****     }
 1057              		.loc 1 438 7 is_stmt 1 view .LVU329
 1058 008a 1A68     		ldr	r2, [r3]
 1059              	.LVL82:
 438:Drivers/STM32F0xx_HAL_Driver/Src/stm32f0xx_hal_tim_ex.c ****     }
 1060              		.loc 1 438 7 is_stmt 0 view .LVU330
 1061 008c 0121     		movs	r1, #1
 1062              	.LVL83:
 438:Drivers/STM32F0xx_HAL_Driver/Src/stm32f0xx_hal_tim_ex.c ****     }
 1063              		.loc 1 438 7 view .LVU331
 1064 008e 0A43     		orrs	r2, r1
 1065 0090 1A60     		str	r2, [r3]
 447:Drivers/STM32F0xx_HAL_Driver/Src/stm32f0xx_hal_tim_ex.c **** }
 1066              		.loc 1 447 10 view .LVU332
 1067 0092 0023     		movs	r3, #0
 1068 0094 9C46     		mov	ip, r3
 1069 0096 01E0     		b	.L43
 1070              	.LVL84:
 1071              	.L46:
 415:Drivers/STM32F0xx_HAL_Driver/Src/stm32f0xx_hal_tim_ex.c ****   }
 1072              		.loc 1 415 12 view .LVU333
 1073 0098 0123     		movs	r3, #1
 1074              	.LVL85:
 415:Drivers/STM32F0xx_HAL_Driver/Src/stm32f0xx_hal_tim_ex.c ****   }
 1075              		.loc 1 415 12 view .LVU334
 1076 009a 9C46     		mov	ip, r3
 1077              	.LVL86:
 1078              	.L43:
 448:Drivers/STM32F0xx_HAL_Driver/Src/stm32f0xx_hal_tim_ex.c **** 
 1079              		.loc 1 448 1 view .LVU335
 1080 009c 6046     		mov	r0, ip
 1081              		@ sp needed
 1082              	.LVL87:
 448:Drivers/STM32F0xx_HAL_Driver/Src/stm32f0xx_hal_tim_ex.c **** 
 1083              		.loc 1 448 1 view .LVU336
 1084 009e 10BD     		pop	{r4, pc}
 1085              	.LVL88:
 1086              	.L47:
 415:Drivers/STM32F0xx_HAL_Driver/Src/stm32f0xx_hal_tim_ex.c ****   }
 1087              		.loc 1 415 12 view .LVU337
 1088 00a0 9C46     		mov	ip, r3
 1089              	.LVL89:
 415:Drivers/STM32F0xx_HAL_Driver/Src/stm32f0xx_hal_tim_ex.c ****   }
 1090              		.loc 1 415 12 view .LVU338
 1091 00a2 FBE7     		b	.L43
 1092              	.LVL90:
 1093              	.L49:
 447:Drivers/STM32F0xx_HAL_Driver/Src/stm32f0xx_hal_tim_ex.c **** }
 1094              		.loc 1 447 10 view .LVU339
 1095 00a4 0023     		movs	r3, #0
ARM GAS  C:\Users\fastr\AppData\Local\Temp\ccGFXKp9.s 			page 67


 1096 00a6 9C46     		mov	ip, r3
 1097 00a8 F8E7     		b	.L43
 1098              	.L52:
 1099 00aa C046     		.align	2
 1100              	.L51:
 1101 00ac 002C0140 		.word	1073818624
 1102 00b0 00040040 		.word	1073742848
 1103 00b4 00400140 		.word	1073823744
 1104              		.cfi_endproc
 1105              	.LFE46:
 1107              		.section	.text.HAL_TIMEx_HallSensor_Stop_IT,"ax",%progbits
 1108              		.align	1
 1109              		.global	HAL_TIMEx_HallSensor_Stop_IT
 1110              		.syntax unified
 1111              		.code	16
 1112              		.thumb_func
 1114              	HAL_TIMEx_HallSensor_Stop_IT:
 1115              	.LVL91:
 1116              	.LFB47:
 456:Drivers/STM32F0xx_HAL_Driver/Src/stm32f0xx_hal_tim_ex.c ****   /* Check the parameters */
 1117              		.loc 1 456 1 is_stmt 1 view -0
 1118              		.cfi_startproc
 1119              		@ args = 0, pretend = 0, frame = 0
 1120              		@ frame_needed = 0, uses_anonymous_args = 0
 456:Drivers/STM32F0xx_HAL_Driver/Src/stm32f0xx_hal_tim_ex.c ****   /* Check the parameters */
 1121              		.loc 1 456 1 is_stmt 0 view .LVU341
 1122 0000 10B5     		push	{r4, lr}
 1123              		.cfi_def_cfa_offset 8
 1124              		.cfi_offset 4, -8
 1125              		.cfi_offset 14, -4
 1126 0002 0400     		movs	r4, r0
 458:Drivers/STM32F0xx_HAL_Driver/Src/stm32f0xx_hal_tim_ex.c **** 
 1127              		.loc 1 458 3 is_stmt 1 view .LVU342
 463:Drivers/STM32F0xx_HAL_Driver/Src/stm32f0xx_hal_tim_ex.c **** 
 1128              		.loc 1 463 3 view .LVU343
 1129 0004 0068     		ldr	r0, [r0]
 1130              	.LVL92:
 463:Drivers/STM32F0xx_HAL_Driver/Src/stm32f0xx_hal_tim_ex.c **** 
 1131              		.loc 1 463 3 is_stmt 0 view .LVU344
 1132 0006 0022     		movs	r2, #0
 1133 0008 0021     		movs	r1, #0
 1134 000a FFF7FEFF 		bl	TIM_CCxChannelCmd
 1135              	.LVL93:
 466:Drivers/STM32F0xx_HAL_Driver/Src/stm32f0xx_hal_tim_ex.c **** 
 1136              		.loc 1 466 3 is_stmt 1 view .LVU345
 1137 000e 2268     		ldr	r2, [r4]
 1138 0010 D368     		ldr	r3, [r2, #12]
 1139 0012 0221     		movs	r1, #2
 1140 0014 8B43     		bics	r3, r1
 1141 0016 D360     		str	r3, [r2, #12]
 469:Drivers/STM32F0xx_HAL_Driver/Src/stm32f0xx_hal_tim_ex.c **** 
 1142              		.loc 1 469 3 view .LVU346
 469:Drivers/STM32F0xx_HAL_Driver/Src/stm32f0xx_hal_tim_ex.c **** 
 1143              		.loc 1 469 3 view .LVU347
 1144 0018 2368     		ldr	r3, [r4]
 1145 001a 196A     		ldr	r1, [r3, #32]
 1146 001c 0A4A     		ldr	r2, .L55
ARM GAS  C:\Users\fastr\AppData\Local\Temp\ccGFXKp9.s 			page 68


 1147 001e 1142     		tst	r1, r2
 1148 0020 07D1     		bne	.L54
 469:Drivers/STM32F0xx_HAL_Driver/Src/stm32f0xx_hal_tim_ex.c **** 
 1149              		.loc 1 469 3 discriminator 1 view .LVU348
 1150 0022 196A     		ldr	r1, [r3, #32]
 1151 0024 094A     		ldr	r2, .L55+4
 1152 0026 1142     		tst	r1, r2
 1153 0028 03D1     		bne	.L54
 469:Drivers/STM32F0xx_HAL_Driver/Src/stm32f0xx_hal_tim_ex.c **** 
 1154              		.loc 1 469 3 discriminator 2 view .LVU349
 1155 002a 1A68     		ldr	r2, [r3]
 1156 002c 0121     		movs	r1, #1
 1157 002e 8A43     		bics	r2, r1
 1158 0030 1A60     		str	r2, [r3]
 1159              	.L54:
 469:Drivers/STM32F0xx_HAL_Driver/Src/stm32f0xx_hal_tim_ex.c **** 
 1160              		.loc 1 469 3 view .LVU350
 472:Drivers/STM32F0xx_HAL_Driver/Src/stm32f0xx_hal_tim_ex.c ****   TIM_CHANNEL_STATE_SET(htim, TIM_CHANNEL_2, HAL_TIM_CHANNEL_STATE_READY);
 1161              		.loc 1 472 3 view .LVU351
 1162 0032 0123     		movs	r3, #1
 1163 0034 3E22     		movs	r2, #62
 1164 0036 A354     		strb	r3, [r4, r2]
 473:Drivers/STM32F0xx_HAL_Driver/Src/stm32f0xx_hal_tim_ex.c ****   TIM_CHANNEL_N_STATE_SET(htim, TIM_CHANNEL_1, HAL_TIM_CHANNEL_STATE_READY);
 1165              		.loc 1 473 3 view .LVU352
 1166 0038 0132     		adds	r2, r2, #1
 1167 003a A354     		strb	r3, [r4, r2]
 474:Drivers/STM32F0xx_HAL_Driver/Src/stm32f0xx_hal_tim_ex.c ****   TIM_CHANNEL_N_STATE_SET(htim, TIM_CHANNEL_2, HAL_TIM_CHANNEL_STATE_READY);
 1168              		.loc 1 474 3 view .LVU353
 1169 003c 0332     		adds	r2, r2, #3
 1170 003e A354     		strb	r3, [r4, r2]
 475:Drivers/STM32F0xx_HAL_Driver/Src/stm32f0xx_hal_tim_ex.c **** 
 1171              		.loc 1 475 3 view .LVU354
 1172 0040 0132     		adds	r2, r2, #1
 1173 0042 A354     		strb	r3, [r4, r2]
 478:Drivers/STM32F0xx_HAL_Driver/Src/stm32f0xx_hal_tim_ex.c **** }
 1174              		.loc 1 478 3 view .LVU355
 479:Drivers/STM32F0xx_HAL_Driver/Src/stm32f0xx_hal_tim_ex.c **** 
 1175              		.loc 1 479 1 is_stmt 0 view .LVU356
 1176 0044 0020     		movs	r0, #0
 1177              		@ sp needed
 1178              	.LVL94:
 479:Drivers/STM32F0xx_HAL_Driver/Src/stm32f0xx_hal_tim_ex.c **** 
 1179              		.loc 1 479 1 view .LVU357
 1180 0046 10BD     		pop	{r4, pc}
 1181              	.L56:
 1182              		.align	2
 1183              	.L55:
 1184 0048 11110000 		.word	4369
 1185 004c 44040000 		.word	1092
 1186              		.cfi_endproc
 1187              	.LFE47:
 1189              		.section	.text.HAL_TIMEx_HallSensor_Start_DMA,"ax",%progbits
 1190              		.align	1
 1191              		.global	HAL_TIMEx_HallSensor_Start_DMA
 1192              		.syntax unified
 1193              		.code	16
 1194              		.thumb_func
ARM GAS  C:\Users\fastr\AppData\Local\Temp\ccGFXKp9.s 			page 69


 1196              	HAL_TIMEx_HallSensor_Start_DMA:
 1197              	.LVL95:
 1198              	.LFB48:
 489:Drivers/STM32F0xx_HAL_Driver/Src/stm32f0xx_hal_tim_ex.c ****   uint32_t tmpsmcr;
 1199              		.loc 1 489 1 is_stmt 1 view -0
 1200              		.cfi_startproc
 1201              		@ args = 0, pretend = 0, frame = 0
 1202              		@ frame_needed = 0, uses_anonymous_args = 0
 489:Drivers/STM32F0xx_HAL_Driver/Src/stm32f0xx_hal_tim_ex.c ****   uint32_t tmpsmcr;
 1203              		.loc 1 489 1 is_stmt 0 view .LVU359
 1204 0000 F8B5     		push	{r3, r4, r5, r6, r7, lr}
 1205              		.cfi_def_cfa_offset 24
 1206              		.cfi_offset 3, -24
 1207              		.cfi_offset 4, -20
 1208              		.cfi_offset 5, -16
 1209              		.cfi_offset 6, -12
 1210              		.cfi_offset 7, -8
 1211              		.cfi_offset 14, -4
 1212 0002 0400     		movs	r4, r0
 1213 0004 0E00     		movs	r6, r1
 1214 0006 1700     		movs	r7, r2
 490:Drivers/STM32F0xx_HAL_Driver/Src/stm32f0xx_hal_tim_ex.c ****   HAL_TIM_ChannelStateTypeDef channel_1_state = TIM_CHANNEL_STATE_GET(htim, TIM_CHANNEL_1);
 1215              		.loc 1 490 3 is_stmt 1 view .LVU360
 491:Drivers/STM32F0xx_HAL_Driver/Src/stm32f0xx_hal_tim_ex.c ****   HAL_TIM_ChannelStateTypeDef complementary_channel_1_state = TIM_CHANNEL_N_STATE_GET(htim, TIM_CHA
 1216              		.loc 1 491 3 view .LVU361
 491:Drivers/STM32F0xx_HAL_Driver/Src/stm32f0xx_hal_tim_ex.c ****   HAL_TIM_ChannelStateTypeDef complementary_channel_1_state = TIM_CHANNEL_N_STATE_GET(htim, TIM_CHA
 1217              		.loc 1 491 31 is_stmt 0 view .LVU362
 1218 0008 3E23     		movs	r3, #62
 1219 000a C35C     		ldrb	r3, [r0, r3]
 1220 000c D8B2     		uxtb	r0, r3
 1221              	.LVL96:
 492:Drivers/STM32F0xx_HAL_Driver/Src/stm32f0xx_hal_tim_ex.c **** 
 1222              		.loc 1 492 3 is_stmt 1 view .LVU363
 492:Drivers/STM32F0xx_HAL_Driver/Src/stm32f0xx_hal_tim_ex.c **** 
 1223              		.loc 1 492 31 is_stmt 0 view .LVU364
 1224 000e 4222     		movs	r2, #66
 1225              	.LVL97:
 492:Drivers/STM32F0xx_HAL_Driver/Src/stm32f0xx_hal_tim_ex.c **** 
 1226              		.loc 1 492 31 view .LVU365
 1227 0010 A55C     		ldrb	r5, [r4, r2]
 1228 0012 EDB2     		uxtb	r5, r5
 1229              	.LVL98:
 495:Drivers/STM32F0xx_HAL_Driver/Src/stm32f0xx_hal_tim_ex.c **** 
 1230              		.loc 1 495 3 is_stmt 1 view .LVU366
 498:Drivers/STM32F0xx_HAL_Driver/Src/stm32f0xx_hal_tim_ex.c ****       || (complementary_channel_1_state == HAL_TIM_CHANNEL_STATE_BUSY))
 1231              		.loc 1 498 3 view .LVU367
 498:Drivers/STM32F0xx_HAL_Driver/Src/stm32f0xx_hal_tim_ex.c ****       || (complementary_channel_1_state == HAL_TIM_CHANNEL_STATE_BUSY))
 1232              		.loc 1 498 6 is_stmt 0 view .LVU368
 1233 0014 022B     		cmp	r3, #2
 1234 0016 4DD0     		beq	.L58
 499:Drivers/STM32F0xx_HAL_Driver/Src/stm32f0xx_hal_tim_ex.c ****   {
 1235              		.loc 1 499 7 view .LVU369
 1236 0018 022D     		cmp	r5, #2
 1237 001a 48D0     		beq	.L61
 503:Drivers/STM32F0xx_HAL_Driver/Src/stm32f0xx_hal_tim_ex.c ****            && (complementary_channel_1_state == HAL_TIM_CHANNEL_STATE_READY))
 1238              		.loc 1 503 8 is_stmt 1 view .LVU370
 503:Drivers/STM32F0xx_HAL_Driver/Src/stm32f0xx_hal_tim_ex.c ****            && (complementary_channel_1_state == HAL_TIM_CHANNEL_STATE_READY))
ARM GAS  C:\Users\fastr\AppData\Local\Temp\ccGFXKp9.s 			page 70


 1239              		.loc 1 503 11 is_stmt 0 view .LVU371
 1240 001c 0128     		cmp	r0, #1
 1241 001e 48D1     		bne	.L62
 504:Drivers/STM32F0xx_HAL_Driver/Src/stm32f0xx_hal_tim_ex.c ****   {
 1242              		.loc 1 504 12 view .LVU372
 1243 0020 012D     		cmp	r5, #1
 1244 0022 47D1     		bne	.L58
 506:Drivers/STM32F0xx_HAL_Driver/Src/stm32f0xx_hal_tim_ex.c ****     {
 1245              		.loc 1 506 5 is_stmt 1 view .LVU373
 506:Drivers/STM32F0xx_HAL_Driver/Src/stm32f0xx_hal_tim_ex.c ****     {
 1246              		.loc 1 506 8 is_stmt 0 view .LVU374
 1247 0024 0029     		cmp	r1, #0
 1248 0026 46D0     		beq	.L63
 506:Drivers/STM32F0xx_HAL_Driver/Src/stm32f0xx_hal_tim_ex.c ****     {
 1249              		.loc 1 506 25 discriminator 1 view .LVU375
 1250 0028 002F     		cmp	r7, #0
 1251 002a 01D1     		bne	.L66
 508:Drivers/STM32F0xx_HAL_Driver/Src/stm32f0xx_hal_tim_ex.c ****     }
 1252              		.loc 1 508 14 view .LVU376
 1253 002c 2800     		movs	r0, r5
 1254              	.LVL99:
 508:Drivers/STM32F0xx_HAL_Driver/Src/stm32f0xx_hal_tim_ex.c ****     }
 1255              		.loc 1 508 14 view .LVU377
 1256 002e 41E0     		b	.L58
 1257              	.LVL100:
 1258              	.L66:
 512:Drivers/STM32F0xx_HAL_Driver/Src/stm32f0xx_hal_tim_ex.c ****       TIM_CHANNEL_N_STATE_SET(htim, TIM_CHANNEL_1, HAL_TIM_CHANNEL_STATE_BUSY);
 1259              		.loc 1 512 7 is_stmt 1 view .LVU378
 1260 0030 0223     		movs	r3, #2
 1261 0032 043A     		subs	r2, r2, #4
 1262 0034 A354     		strb	r3, [r4, r2]
 513:Drivers/STM32F0xx_HAL_Driver/Src/stm32f0xx_hal_tim_ex.c ****     }
 1263              		.loc 1 513 7 view .LVU379
 1264 0036 0432     		adds	r2, r2, #4
 1265 0038 A354     		strb	r3, [r4, r2]
 524:Drivers/STM32F0xx_HAL_Driver/Src/stm32f0xx_hal_tim_ex.c **** 
 1266              		.loc 1 524 3 view .LVU380
 1267 003a 2068     		ldr	r0, [r4]
 1268              	.LVL101:
 524:Drivers/STM32F0xx_HAL_Driver/Src/stm32f0xx_hal_tim_ex.c **** 
 1269              		.loc 1 524 3 is_stmt 0 view .LVU381
 1270 003c 413A     		subs	r2, r2, #65
 1271 003e 0021     		movs	r1, #0
 1272              	.LVL102:
 524:Drivers/STM32F0xx_HAL_Driver/Src/stm32f0xx_hal_tim_ex.c **** 
 1273              		.loc 1 524 3 view .LVU382
 1274 0040 FFF7FEFF 		bl	TIM_CCxChannelCmd
 1275              	.LVL103:
 527:Drivers/STM32F0xx_HAL_Driver/Src/stm32f0xx_hal_tim_ex.c ****   htim->hdma[TIM_DMA_ID_CC1]->XferHalfCpltCallback = TIM_DMACaptureHalfCplt;
 1276              		.loc 1 527 3 is_stmt 1 view .LVU383
 527:Drivers/STM32F0xx_HAL_Driver/Src/stm32f0xx_hal_tim_ex.c ****   htim->hdma[TIM_DMA_ID_CC1]->XferHalfCpltCallback = TIM_DMACaptureHalfCplt;
 1277              		.loc 1 527 13 is_stmt 0 view .LVU384
 1278 0044 636A     		ldr	r3, [r4, #36]
 527:Drivers/STM32F0xx_HAL_Driver/Src/stm32f0xx_hal_tim_ex.c ****   htim->hdma[TIM_DMA_ID_CC1]->XferHalfCpltCallback = TIM_DMACaptureHalfCplt;
 1279              		.loc 1 527 48 view .LVU385
 1280 0046 1E4A     		ldr	r2, .L67
 1281 0048 9A62     		str	r2, [r3, #40]
ARM GAS  C:\Users\fastr\AppData\Local\Temp\ccGFXKp9.s 			page 71


 528:Drivers/STM32F0xx_HAL_Driver/Src/stm32f0xx_hal_tim_ex.c ****   /* Set the DMA error callback */
 1282              		.loc 1 528 3 is_stmt 1 view .LVU386
 528:Drivers/STM32F0xx_HAL_Driver/Src/stm32f0xx_hal_tim_ex.c ****   /* Set the DMA error callback */
 1283              		.loc 1 528 13 is_stmt 0 view .LVU387
 1284 004a 636A     		ldr	r3, [r4, #36]
 528:Drivers/STM32F0xx_HAL_Driver/Src/stm32f0xx_hal_tim_ex.c ****   /* Set the DMA error callback */
 1285              		.loc 1 528 52 view .LVU388
 1286 004c 1D4A     		ldr	r2, .L67+4
 1287 004e DA62     		str	r2, [r3, #44]
 530:Drivers/STM32F0xx_HAL_Driver/Src/stm32f0xx_hal_tim_ex.c **** 
 1288              		.loc 1 530 3 is_stmt 1 view .LVU389
 530:Drivers/STM32F0xx_HAL_Driver/Src/stm32f0xx_hal_tim_ex.c **** 
 1289              		.loc 1 530 13 is_stmt 0 view .LVU390
 1290 0050 636A     		ldr	r3, [r4, #36]
 530:Drivers/STM32F0xx_HAL_Driver/Src/stm32f0xx_hal_tim_ex.c **** 
 1291              		.loc 1 530 49 view .LVU391
 1292 0052 1D4A     		ldr	r2, .L67+8
 1293 0054 1A63     		str	r2, [r3, #48]
 533:Drivers/STM32F0xx_HAL_Driver/Src/stm32f0xx_hal_tim_ex.c ****   {
 1294              		.loc 1 533 3 is_stmt 1 view .LVU392
 533:Drivers/STM32F0xx_HAL_Driver/Src/stm32f0xx_hal_tim_ex.c ****   {
 1295              		.loc 1 533 67 is_stmt 0 view .LVU393
 1296 0056 2168     		ldr	r1, [r4]
 533:Drivers/STM32F0xx_HAL_Driver/Src/stm32f0xx_hal_tim_ex.c ****   {
 1297              		.loc 1 533 62 view .LVU394
 1298 0058 3431     		adds	r1, r1, #52
 533:Drivers/STM32F0xx_HAL_Driver/Src/stm32f0xx_hal_tim_ex.c ****   {
 1299              		.loc 1 533 7 view .LVU395
 1300 005a 606A     		ldr	r0, [r4, #36]
 1301 005c 3B00     		movs	r3, r7
 1302 005e 3200     		movs	r2, r6
 1303 0060 FFF7FEFF 		bl	HAL_DMA_Start_IT
 1304              	.LVL104:
 533:Drivers/STM32F0xx_HAL_Driver/Src/stm32f0xx_hal_tim_ex.c ****   {
 1305              		.loc 1 533 6 discriminator 1 view .LVU396
 1306 0064 0028     		cmp	r0, #0
 1307 0066 28D1     		bne	.L65
 539:Drivers/STM32F0xx_HAL_Driver/Src/stm32f0xx_hal_tim_ex.c **** 
 1308              		.loc 1 539 3 is_stmt 1 view .LVU397
 1309 0068 2268     		ldr	r2, [r4]
 1310 006a D168     		ldr	r1, [r2, #12]
 1311 006c 8023     		movs	r3, #128
 1312 006e 9B00     		lsls	r3, r3, #2
 1313 0070 0B43     		orrs	r3, r1
 1314 0072 D360     		str	r3, [r2, #12]
 542:Drivers/STM32F0xx_HAL_Driver/Src/stm32f0xx_hal_tim_ex.c ****   {
 1315              		.loc 1 542 3 view .LVU398
 542:Drivers/STM32F0xx_HAL_Driver/Src/stm32f0xx_hal_tim_ex.c ****   {
 1316              		.loc 1 542 7 is_stmt 0 view .LVU399
 1317 0074 2368     		ldr	r3, [r4]
 542:Drivers/STM32F0xx_HAL_Driver/Src/stm32f0xx_hal_tim_ex.c ****   {
 1318              		.loc 1 542 6 view .LVU400
 1319 0076 154A     		ldr	r2, .L67+12
 1320 0078 9342     		cmp	r3, r2
 1321 007a 0ED0     		beq	.L59
 542:Drivers/STM32F0xx_HAL_Driver/Src/stm32f0xx_hal_tim_ex.c ****   {
 1322              		.loc 1 542 7 discriminator 1 view .LVU401
ARM GAS  C:\Users\fastr\AppData\Local\Temp\ccGFXKp9.s 			page 72


 1323 007c 8022     		movs	r2, #128
 1324 007e D205     		lsls	r2, r2, #23
 1325 0080 9342     		cmp	r3, r2
 1326 0082 0AD0     		beq	.L59
 542:Drivers/STM32F0xx_HAL_Driver/Src/stm32f0xx_hal_tim_ex.c ****   {
 1327              		.loc 1 542 7 discriminator 2 view .LVU402
 1328 0084 124A     		ldr	r2, .L67+16
 1329 0086 9342     		cmp	r3, r2
 1330 0088 07D0     		beq	.L59
 542:Drivers/STM32F0xx_HAL_Driver/Src/stm32f0xx_hal_tim_ex.c ****   {
 1331              		.loc 1 542 7 discriminator 3 view .LVU403
 1332 008a 124A     		ldr	r2, .L67+20
 1333 008c 9342     		cmp	r3, r2
 1334 008e 04D0     		beq	.L59
 552:Drivers/STM32F0xx_HAL_Driver/Src/stm32f0xx_hal_tim_ex.c ****   }
 1335              		.loc 1 552 5 is_stmt 1 view .LVU404
 1336 0090 1A68     		ldr	r2, [r3]
 1337 0092 0121     		movs	r1, #1
 1338 0094 0A43     		orrs	r2, r1
 1339 0096 1A60     		str	r2, [r3]
 1340 0098 0CE0     		b	.L58
 1341              	.L59:
 544:Drivers/STM32F0xx_HAL_Driver/Src/stm32f0xx_hal_tim_ex.c ****     if (!IS_TIM_SLAVEMODE_TRIGGER_ENABLED(tmpsmcr))
 1342              		.loc 1 544 5 view .LVU405
 544:Drivers/STM32F0xx_HAL_Driver/Src/stm32f0xx_hal_tim_ex.c ****     if (!IS_TIM_SLAVEMODE_TRIGGER_ENABLED(tmpsmcr))
 1343              		.loc 1 544 29 is_stmt 0 view .LVU406
 1344 009a 9968     		ldr	r1, [r3, #8]
 544:Drivers/STM32F0xx_HAL_Driver/Src/stm32f0xx_hal_tim_ex.c ****     if (!IS_TIM_SLAVEMODE_TRIGGER_ENABLED(tmpsmcr))
 1345              		.loc 1 544 13 view .LVU407
 1346 009c 0722     		movs	r2, #7
 1347 009e 0A40     		ands	r2, r1
 1348              	.LVL105:
 545:Drivers/STM32F0xx_HAL_Driver/Src/stm32f0xx_hal_tim_ex.c ****     {
 1349              		.loc 1 545 5 is_stmt 1 view .LVU408
 545:Drivers/STM32F0xx_HAL_Driver/Src/stm32f0xx_hal_tim_ex.c ****     {
 1350              		.loc 1 545 8 is_stmt 0 view .LVU409
 1351 00a0 062A     		cmp	r2, #6
 1352 00a2 07D0     		beq	.L58
 547:Drivers/STM32F0xx_HAL_Driver/Src/stm32f0xx_hal_tim_ex.c ****     }
 1353              		.loc 1 547 7 is_stmt 1 view .LVU410
 1354 00a4 1A68     		ldr	r2, [r3]
 1355              	.LVL106:
 547:Drivers/STM32F0xx_HAL_Driver/Src/stm32f0xx_hal_tim_ex.c ****     }
 1356              		.loc 1 547 7 is_stmt 0 view .LVU411
 1357 00a6 0121     		movs	r1, #1
 1358              	.LVL107:
 547:Drivers/STM32F0xx_HAL_Driver/Src/stm32f0xx_hal_tim_ex.c ****     }
 1359              		.loc 1 547 7 view .LVU412
 1360 00a8 0A43     		orrs	r2, r1
 1361 00aa 1A60     		str	r2, [r3]
 1362 00ac 02E0     		b	.L58
 1363              	.LVL108:
 1364              	.L61:
 501:Drivers/STM32F0xx_HAL_Driver/Src/stm32f0xx_hal_tim_ex.c ****   }
 1365              		.loc 1 501 12 view .LVU413
 1366 00ae 2800     		movs	r0, r5
 1367              	.LVL109:
ARM GAS  C:\Users\fastr\AppData\Local\Temp\ccGFXKp9.s 			page 73


 501:Drivers/STM32F0xx_HAL_Driver/Src/stm32f0xx_hal_tim_ex.c ****   }
 1368              		.loc 1 501 12 view .LVU414
 1369 00b0 00E0     		b	.L58
 1370              	.LVL110:
 1371              	.L62:
 518:Drivers/STM32F0xx_HAL_Driver/Src/stm32f0xx_hal_tim_ex.c ****   }
 1372              		.loc 1 518 12 view .LVU415
 1373 00b2 0120     		movs	r0, #1
 1374              	.LVL111:
 1375              	.L58:
 557:Drivers/STM32F0xx_HAL_Driver/Src/stm32f0xx_hal_tim_ex.c **** 
 1376              		.loc 1 557 1 view .LVU416
 1377              		@ sp needed
 1378              	.LVL112:
 1379              	.LVL113:
 1380              	.LVL114:
 1381              	.LVL115:
 557:Drivers/STM32F0xx_HAL_Driver/Src/stm32f0xx_hal_tim_ex.c **** 
 1382              		.loc 1 557 1 view .LVU417
 1383 00b4 F8BD     		pop	{r3, r4, r5, r6, r7, pc}
 1384              	.LVL116:
 1385              	.L63:
 508:Drivers/STM32F0xx_HAL_Driver/Src/stm32f0xx_hal_tim_ex.c ****     }
 1386              		.loc 1 508 14 view .LVU418
 1387 00b6 2800     		movs	r0, r5
 1388              	.LVL117:
 508:Drivers/STM32F0xx_HAL_Driver/Src/stm32f0xx_hal_tim_ex.c ****     }
 1389              		.loc 1 508 14 view .LVU419
 1390 00b8 FCE7     		b	.L58
 1391              	.LVL118:
 1392              	.L65:
 536:Drivers/STM32F0xx_HAL_Driver/Src/stm32f0xx_hal_tim_ex.c ****   }
 1393              		.loc 1 536 12 view .LVU420
 1394 00ba 2800     		movs	r0, r5
 1395 00bc FAE7     		b	.L58
 1396              	.L68:
 1397 00be C046     		.align	2
 1398              	.L67:
 1399 00c0 00000000 		.word	TIM_DMACaptureCplt
 1400 00c4 00000000 		.word	TIM_DMACaptureHalfCplt
 1401 00c8 00000000 		.word	TIM_DMAError
 1402 00cc 002C0140 		.word	1073818624
 1403 00d0 00040040 		.word	1073742848
 1404 00d4 00400140 		.word	1073823744
 1405              		.cfi_endproc
 1406              	.LFE48:
 1408              		.section	.text.HAL_TIMEx_HallSensor_Stop_DMA,"ax",%progbits
 1409              		.align	1
 1410              		.global	HAL_TIMEx_HallSensor_Stop_DMA
 1411              		.syntax unified
 1412              		.code	16
 1413              		.thumb_func
 1415              	HAL_TIMEx_HallSensor_Stop_DMA:
 1416              	.LVL119:
 1417              	.LFB49:
 565:Drivers/STM32F0xx_HAL_Driver/Src/stm32f0xx_hal_tim_ex.c ****   /* Check the parameters */
 1418              		.loc 1 565 1 is_stmt 1 view -0
ARM GAS  C:\Users\fastr\AppData\Local\Temp\ccGFXKp9.s 			page 74


 1419              		.cfi_startproc
 1420              		@ args = 0, pretend = 0, frame = 0
 1421              		@ frame_needed = 0, uses_anonymous_args = 0
 565:Drivers/STM32F0xx_HAL_Driver/Src/stm32f0xx_hal_tim_ex.c ****   /* Check the parameters */
 1422              		.loc 1 565 1 is_stmt 0 view .LVU422
 1423 0000 10B5     		push	{r4, lr}
 1424              		.cfi_def_cfa_offset 8
 1425              		.cfi_offset 4, -8
 1426              		.cfi_offset 14, -4
 1427 0002 0400     		movs	r4, r0
 567:Drivers/STM32F0xx_HAL_Driver/Src/stm32f0xx_hal_tim_ex.c **** 
 1428              		.loc 1 567 3 is_stmt 1 view .LVU423
 572:Drivers/STM32F0xx_HAL_Driver/Src/stm32f0xx_hal_tim_ex.c **** 
 1429              		.loc 1 572 3 view .LVU424
 1430 0004 0068     		ldr	r0, [r0]
 1431              	.LVL120:
 572:Drivers/STM32F0xx_HAL_Driver/Src/stm32f0xx_hal_tim_ex.c **** 
 1432              		.loc 1 572 3 is_stmt 0 view .LVU425
 1433 0006 0022     		movs	r2, #0
 1434 0008 0021     		movs	r1, #0
 1435 000a FFF7FEFF 		bl	TIM_CCxChannelCmd
 1436              	.LVL121:
 576:Drivers/STM32F0xx_HAL_Driver/Src/stm32f0xx_hal_tim_ex.c **** 
 1437              		.loc 1 576 3 is_stmt 1 view .LVU426
 1438 000e 2268     		ldr	r2, [r4]
 1439 0010 D368     		ldr	r3, [r2, #12]
 1440 0012 0D49     		ldr	r1, .L71
 1441 0014 0B40     		ands	r3, r1
 1442 0016 D360     		str	r3, [r2, #12]
 578:Drivers/STM32F0xx_HAL_Driver/Src/stm32f0xx_hal_tim_ex.c **** 
 1443              		.loc 1 578 3 view .LVU427
 578:Drivers/STM32F0xx_HAL_Driver/Src/stm32f0xx_hal_tim_ex.c **** 
 1444              		.loc 1 578 9 is_stmt 0 view .LVU428
 1445 0018 606A     		ldr	r0, [r4, #36]
 1446 001a FFF7FEFF 		bl	HAL_DMA_Abort_IT
 1447              	.LVL122:
 581:Drivers/STM32F0xx_HAL_Driver/Src/stm32f0xx_hal_tim_ex.c **** 
 1448              		.loc 1 581 3 is_stmt 1 view .LVU429
 581:Drivers/STM32F0xx_HAL_Driver/Src/stm32f0xx_hal_tim_ex.c **** 
 1449              		.loc 1 581 3 view .LVU430
 1450 001e 2368     		ldr	r3, [r4]
 1451 0020 196A     		ldr	r1, [r3, #32]
 1452 0022 0A4A     		ldr	r2, .L71+4
 1453 0024 1142     		tst	r1, r2
 1454 0026 07D1     		bne	.L70
 581:Drivers/STM32F0xx_HAL_Driver/Src/stm32f0xx_hal_tim_ex.c **** 
 1455              		.loc 1 581 3 discriminator 1 view .LVU431
 1456 0028 196A     		ldr	r1, [r3, #32]
 1457 002a 094A     		ldr	r2, .L71+8
 1458 002c 1142     		tst	r1, r2
 1459 002e 03D1     		bne	.L70
 581:Drivers/STM32F0xx_HAL_Driver/Src/stm32f0xx_hal_tim_ex.c **** 
 1460              		.loc 1 581 3 discriminator 2 view .LVU432
 1461 0030 1A68     		ldr	r2, [r3]
 1462 0032 0121     		movs	r1, #1
 1463 0034 8A43     		bics	r2, r1
 1464 0036 1A60     		str	r2, [r3]
ARM GAS  C:\Users\fastr\AppData\Local\Temp\ccGFXKp9.s 			page 75


 1465              	.L70:
 581:Drivers/STM32F0xx_HAL_Driver/Src/stm32f0xx_hal_tim_ex.c **** 
 1466              		.loc 1 581 3 view .LVU433
 584:Drivers/STM32F0xx_HAL_Driver/Src/stm32f0xx_hal_tim_ex.c ****   TIM_CHANNEL_N_STATE_SET(htim, TIM_CHANNEL_1, HAL_TIM_CHANNEL_STATE_READY);
 1467              		.loc 1 584 3 view .LVU434
 1468 0038 0123     		movs	r3, #1
 1469 003a 3E22     		movs	r2, #62
 1470 003c A354     		strb	r3, [r4, r2]
 585:Drivers/STM32F0xx_HAL_Driver/Src/stm32f0xx_hal_tim_ex.c **** 
 1471              		.loc 1 585 3 view .LVU435
 1472 003e 0432     		adds	r2, r2, #4
 1473 0040 A354     		strb	r3, [r4, r2]
 588:Drivers/STM32F0xx_HAL_Driver/Src/stm32f0xx_hal_tim_ex.c **** }
 1474              		.loc 1 588 3 view .LVU436
 589:Drivers/STM32F0xx_HAL_Driver/Src/stm32f0xx_hal_tim_ex.c **** 
 1475              		.loc 1 589 1 is_stmt 0 view .LVU437
 1476 0042 0020     		movs	r0, #0
 1477              		@ sp needed
 1478              	.LVL123:
 589:Drivers/STM32F0xx_HAL_Driver/Src/stm32f0xx_hal_tim_ex.c **** 
 1479              		.loc 1 589 1 view .LVU438
 1480 0044 10BD     		pop	{r4, pc}
 1481              	.L72:
 1482 0046 C046     		.align	2
 1483              	.L71:
 1484 0048 FFFDFFFF 		.word	-513
 1485 004c 11110000 		.word	4369
 1486 0050 44040000 		.word	1092
 1487              		.cfi_endproc
 1488              	.LFE49:
 1490              		.section	.text.HAL_TIMEx_OCN_Start,"ax",%progbits
 1491              		.align	1
 1492              		.global	HAL_TIMEx_OCN_Start
 1493              		.syntax unified
 1494              		.code	16
 1495              		.thumb_func
 1497              	HAL_TIMEx_OCN_Start:
 1498              	.LVL124:
 1499              	.LFB50:
 627:Drivers/STM32F0xx_HAL_Driver/Src/stm32f0xx_hal_tim_ex.c ****   uint32_t tmpsmcr;
 1500              		.loc 1 627 1 is_stmt 1 view -0
 1501              		.cfi_startproc
 1502              		@ args = 0, pretend = 0, frame = 0
 1503              		@ frame_needed = 0, uses_anonymous_args = 0
 627:Drivers/STM32F0xx_HAL_Driver/Src/stm32f0xx_hal_tim_ex.c ****   uint32_t tmpsmcr;
 1504              		.loc 1 627 1 is_stmt 0 view .LVU440
 1505 0000 10B5     		push	{r4, lr}
 1506              		.cfi_def_cfa_offset 8
 1507              		.cfi_offset 4, -8
 1508              		.cfi_offset 14, -4
 1509 0002 0400     		movs	r4, r0
 628:Drivers/STM32F0xx_HAL_Driver/Src/stm32f0xx_hal_tim_ex.c **** 
 1510              		.loc 1 628 3 is_stmt 1 view .LVU441
 631:Drivers/STM32F0xx_HAL_Driver/Src/stm32f0xx_hal_tim_ex.c **** 
 1511              		.loc 1 631 3 view .LVU442
 634:Drivers/STM32F0xx_HAL_Driver/Src/stm32f0xx_hal_tim_ex.c ****   {
 1512              		.loc 1 634 3 view .LVU443
ARM GAS  C:\Users\fastr\AppData\Local\Temp\ccGFXKp9.s 			page 76


 634:Drivers/STM32F0xx_HAL_Driver/Src/stm32f0xx_hal_tim_ex.c ****   {
 1513              		.loc 1 634 46 is_stmt 0 view .LVU444
 1514 0004 0029     		cmp	r1, #0
 1515 0006 2AD1     		bne	.L74
 634:Drivers/STM32F0xx_HAL_Driver/Src/stm32f0xx_hal_tim_ex.c ****   {
 1516              		.loc 1 634 7 discriminator 1 view .LVU445
 1517 0008 4223     		movs	r3, #66
 1518 000a C35C     		ldrb	r3, [r0, r3]
 634:Drivers/STM32F0xx_HAL_Driver/Src/stm32f0xx_hal_tim_ex.c ****   {
 1519              		.loc 1 634 46 discriminator 1 view .LVU446
 1520 000c 013B     		subs	r3, r3, #1
 1521 000e 5A1E     		subs	r2, r3, #1
 1522 0010 9341     		sbcs	r3, r3, r2
 1523 0012 DBB2     		uxtb	r3, r3
 1524              	.L75:
 634:Drivers/STM32F0xx_HAL_Driver/Src/stm32f0xx_hal_tim_ex.c ****   {
 1525              		.loc 1 634 6 discriminator 10 view .LVU447
 1526 0014 002B     		cmp	r3, #0
 1527 0016 56D1     		bne	.L85
 640:Drivers/STM32F0xx_HAL_Driver/Src/stm32f0xx_hal_tim_ex.c **** 
 1528              		.loc 1 640 3 is_stmt 1 view .LVU448
 1529 0018 0029     		cmp	r1, #0
 1530 001a 39D1     		bne	.L79
 640:Drivers/STM32F0xx_HAL_Driver/Src/stm32f0xx_hal_tim_ex.c **** 
 1531              		.loc 1 640 3 is_stmt 0 discriminator 1 view .LVU449
 1532 001c 4233     		adds	r3, r3, #66
 1533 001e 0222     		movs	r2, #2
 1534 0020 E254     		strb	r2, [r4, r3]
 1535              	.L80:
 643:Drivers/STM32F0xx_HAL_Driver/Src/stm32f0xx_hal_tim_ex.c **** 
 1536              		.loc 1 643 3 is_stmt 1 view .LVU450
 1537 0022 2068     		ldr	r0, [r4]
 1538              	.LVL125:
 643:Drivers/STM32F0xx_HAL_Driver/Src/stm32f0xx_hal_tim_ex.c **** 
 1539              		.loc 1 643 3 is_stmt 0 view .LVU451
 1540 0024 0422     		movs	r2, #4
 1541 0026 FFF7FEFF 		bl	TIM_CCxNChannelCmd
 1542              	.LVL126:
 646:Drivers/STM32F0xx_HAL_Driver/Src/stm32f0xx_hal_tim_ex.c **** 
 1543              		.loc 1 646 3 is_stmt 1 view .LVU452
 1544 002a 2268     		ldr	r2, [r4]
 1545 002c 516C     		ldr	r1, [r2, #68]
 1546 002e 8023     		movs	r3, #128
 1547 0030 1B02     		lsls	r3, r3, #8
 1548 0032 0B43     		orrs	r3, r1
 1549 0034 5364     		str	r3, [r2, #68]
 649:Drivers/STM32F0xx_HAL_Driver/Src/stm32f0xx_hal_tim_ex.c ****   {
 1550              		.loc 1 649 3 view .LVU453
 649:Drivers/STM32F0xx_HAL_Driver/Src/stm32f0xx_hal_tim_ex.c ****   {
 1551              		.loc 1 649 7 is_stmt 0 view .LVU454
 1552 0036 2368     		ldr	r3, [r4]
 649:Drivers/STM32F0xx_HAL_Driver/Src/stm32f0xx_hal_tim_ex.c ****   {
 1553              		.loc 1 649 6 view .LVU455
 1554 0038 254A     		ldr	r2, .L91
 1555 003a 9342     		cmp	r3, r2
 1556 003c 38D0     		beq	.L83
 649:Drivers/STM32F0xx_HAL_Driver/Src/stm32f0xx_hal_tim_ex.c ****   {
ARM GAS  C:\Users\fastr\AppData\Local\Temp\ccGFXKp9.s 			page 77


 1557              		.loc 1 649 7 discriminator 1 view .LVU456
 1558 003e 8022     		movs	r2, #128
 1559 0040 D205     		lsls	r2, r2, #23
 1560 0042 9342     		cmp	r3, r2
 1561 0044 34D0     		beq	.L83
 649:Drivers/STM32F0xx_HAL_Driver/Src/stm32f0xx_hal_tim_ex.c ****   {
 1562              		.loc 1 649 7 discriminator 2 view .LVU457
 1563 0046 234A     		ldr	r2, .L91+4
 1564 0048 9342     		cmp	r3, r2
 1565 004a 31D0     		beq	.L83
 649:Drivers/STM32F0xx_HAL_Driver/Src/stm32f0xx_hal_tim_ex.c ****   {
 1566              		.loc 1 649 7 discriminator 3 view .LVU458
 1567 004c 224A     		ldr	r2, .L91+8
 1568 004e 9342     		cmp	r3, r2
 1569 0050 2ED0     		beq	.L83
 659:Drivers/STM32F0xx_HAL_Driver/Src/stm32f0xx_hal_tim_ex.c ****   }
 1570              		.loc 1 659 5 is_stmt 1 view .LVU459
 1571 0052 1A68     		ldr	r2, [r3]
 1572 0054 0121     		movs	r1, #1
 1573 0056 0A43     		orrs	r2, r1
 1574 0058 1A60     		str	r2, [r3]
 663:Drivers/STM32F0xx_HAL_Driver/Src/stm32f0xx_hal_tim_ex.c **** }
 1575              		.loc 1 663 10 is_stmt 0 view .LVU460
 1576 005a 0020     		movs	r0, #0
 1577 005c 34E0     		b	.L78
 1578              	.LVL127:
 1579              	.L74:
 634:Drivers/STM32F0xx_HAL_Driver/Src/stm32f0xx_hal_tim_ex.c ****   {
 1580              		.loc 1 634 46 discriminator 2 view .LVU461
 1581 005e 0429     		cmp	r1, #4
 1582 0060 08D0     		beq	.L87
 634:Drivers/STM32F0xx_HAL_Driver/Src/stm32f0xx_hal_tim_ex.c ****   {
 1583              		.loc 1 634 46 discriminator 5 view .LVU462
 1584 0062 0829     		cmp	r1, #8
 1585 0064 0DD0     		beq	.L88
 634:Drivers/STM32F0xx_HAL_Driver/Src/stm32f0xx_hal_tim_ex.c ****   {
 1586              		.loc 1 634 7 discriminator 8 view .LVU463
 1587 0066 4523     		movs	r3, #69
 1588 0068 C35C     		ldrb	r3, [r0, r3]
 634:Drivers/STM32F0xx_HAL_Driver/Src/stm32f0xx_hal_tim_ex.c ****   {
 1589              		.loc 1 634 46 discriminator 8 view .LVU464
 1590 006a 013B     		subs	r3, r3, #1
 1591 006c 5A1E     		subs	r2, r3, #1
 1592 006e 9341     		sbcs	r3, r3, r2
 1593 0070 DBB2     		uxtb	r3, r3
 1594 0072 CFE7     		b	.L75
 1595              	.L87:
 634:Drivers/STM32F0xx_HAL_Driver/Src/stm32f0xx_hal_tim_ex.c ****   {
 1596              		.loc 1 634 7 discriminator 4 view .LVU465
 1597 0074 4323     		movs	r3, #67
 1598 0076 C35C     		ldrb	r3, [r0, r3]
 634:Drivers/STM32F0xx_HAL_Driver/Src/stm32f0xx_hal_tim_ex.c ****   {
 1599              		.loc 1 634 46 discriminator 4 view .LVU466
 1600 0078 013B     		subs	r3, r3, #1
 1601 007a 5A1E     		subs	r2, r3, #1
 1602 007c 9341     		sbcs	r3, r3, r2
 1603 007e DBB2     		uxtb	r3, r3
ARM GAS  C:\Users\fastr\AppData\Local\Temp\ccGFXKp9.s 			page 78


 1604 0080 C8E7     		b	.L75
 1605              	.L88:
 634:Drivers/STM32F0xx_HAL_Driver/Src/stm32f0xx_hal_tim_ex.c ****   {
 1606              		.loc 1 634 7 discriminator 7 view .LVU467
 1607 0082 4423     		movs	r3, #68
 1608 0084 C35C     		ldrb	r3, [r0, r3]
 634:Drivers/STM32F0xx_HAL_Driver/Src/stm32f0xx_hal_tim_ex.c ****   {
 1609              		.loc 1 634 46 discriminator 7 view .LVU468
 1610 0086 013B     		subs	r3, r3, #1
 1611 0088 5A1E     		subs	r2, r3, #1
 1612 008a 9341     		sbcs	r3, r3, r2
 1613 008c DBB2     		uxtb	r3, r3
 1614 008e C1E7     		b	.L75
 1615              	.L79:
 640:Drivers/STM32F0xx_HAL_Driver/Src/stm32f0xx_hal_tim_ex.c **** 
 1616              		.loc 1 640 3 discriminator 2 view .LVU469
 1617 0090 0429     		cmp	r1, #4
 1618 0092 05D0     		beq	.L89
 640:Drivers/STM32F0xx_HAL_Driver/Src/stm32f0xx_hal_tim_ex.c **** 
 1619              		.loc 1 640 3 discriminator 4 view .LVU470
 1620 0094 0829     		cmp	r1, #8
 1621 0096 07D0     		beq	.L90
 640:Drivers/STM32F0xx_HAL_Driver/Src/stm32f0xx_hal_tim_ex.c **** 
 1622              		.loc 1 640 3 discriminator 6 view .LVU471
 1623 0098 4523     		movs	r3, #69
 1624 009a 0222     		movs	r2, #2
 1625 009c E254     		strb	r2, [r4, r3]
 1626 009e C0E7     		b	.L80
 1627              	.L89:
 640:Drivers/STM32F0xx_HAL_Driver/Src/stm32f0xx_hal_tim_ex.c **** 
 1628              		.loc 1 640 3 discriminator 3 view .LVU472
 1629 00a0 4323     		movs	r3, #67
 1630 00a2 0222     		movs	r2, #2
 1631 00a4 E254     		strb	r2, [r4, r3]
 1632 00a6 BCE7     		b	.L80
 1633              	.L90:
 640:Drivers/STM32F0xx_HAL_Driver/Src/stm32f0xx_hal_tim_ex.c **** 
 1634              		.loc 1 640 3 discriminator 5 view .LVU473
 1635 00a8 4423     		movs	r3, #68
 1636 00aa 0222     		movs	r2, #2
 1637 00ac E254     		strb	r2, [r4, r3]
 1638 00ae B8E7     		b	.L80
 1639              	.LVL128:
 1640              	.L83:
 651:Drivers/STM32F0xx_HAL_Driver/Src/stm32f0xx_hal_tim_ex.c ****     if (!IS_TIM_SLAVEMODE_TRIGGER_ENABLED(tmpsmcr))
 1641              		.loc 1 651 5 is_stmt 1 view .LVU474
 651:Drivers/STM32F0xx_HAL_Driver/Src/stm32f0xx_hal_tim_ex.c ****     if (!IS_TIM_SLAVEMODE_TRIGGER_ENABLED(tmpsmcr))
 1642              		.loc 1 651 29 is_stmt 0 view .LVU475
 1643 00b0 9968     		ldr	r1, [r3, #8]
 651:Drivers/STM32F0xx_HAL_Driver/Src/stm32f0xx_hal_tim_ex.c ****     if (!IS_TIM_SLAVEMODE_TRIGGER_ENABLED(tmpsmcr))
 1644              		.loc 1 651 13 view .LVU476
 1645 00b2 0722     		movs	r2, #7
 1646 00b4 0A40     		ands	r2, r1
 1647              	.LVL129:
 652:Drivers/STM32F0xx_HAL_Driver/Src/stm32f0xx_hal_tim_ex.c ****     {
 1648              		.loc 1 652 5 is_stmt 1 view .LVU477
 652:Drivers/STM32F0xx_HAL_Driver/Src/stm32f0xx_hal_tim_ex.c ****     {
ARM GAS  C:\Users\fastr\AppData\Local\Temp\ccGFXKp9.s 			page 79


 1649              		.loc 1 652 8 is_stmt 0 view .LVU478
 1650 00b6 062A     		cmp	r2, #6
 1651 00b8 07D0     		beq	.L86
 654:Drivers/STM32F0xx_HAL_Driver/Src/stm32f0xx_hal_tim_ex.c ****     }
 1652              		.loc 1 654 7 is_stmt 1 view .LVU479
 1653 00ba 1A68     		ldr	r2, [r3]
 1654              	.LVL130:
 654:Drivers/STM32F0xx_HAL_Driver/Src/stm32f0xx_hal_tim_ex.c ****     }
 1655              		.loc 1 654 7 is_stmt 0 view .LVU480
 1656 00bc 0121     		movs	r1, #1
 1657              	.LVL131:
 654:Drivers/STM32F0xx_HAL_Driver/Src/stm32f0xx_hal_tim_ex.c ****     }
 1658              		.loc 1 654 7 view .LVU481
 1659 00be 0A43     		orrs	r2, r1
 1660 00c0 1A60     		str	r2, [r3]
 663:Drivers/STM32F0xx_HAL_Driver/Src/stm32f0xx_hal_tim_ex.c **** }
 1661              		.loc 1 663 10 view .LVU482
 1662 00c2 0020     		movs	r0, #0
 1663 00c4 00E0     		b	.L78
 1664              	.LVL132:
 1665              	.L85:
 636:Drivers/STM32F0xx_HAL_Driver/Src/stm32f0xx_hal_tim_ex.c ****   }
 1666              		.loc 1 636 12 view .LVU483
 1667 00c6 0120     		movs	r0, #1
 1668              	.LVL133:
 1669              	.L78:
 664:Drivers/STM32F0xx_HAL_Driver/Src/stm32f0xx_hal_tim_ex.c **** 
 1670              		.loc 1 664 1 view .LVU484
 1671              		@ sp needed
 1672              	.LVL134:
 664:Drivers/STM32F0xx_HAL_Driver/Src/stm32f0xx_hal_tim_ex.c **** 
 1673              		.loc 1 664 1 view .LVU485
 1674 00c8 10BD     		pop	{r4, pc}
 1675              	.LVL135:
 1676              	.L86:
 663:Drivers/STM32F0xx_HAL_Driver/Src/stm32f0xx_hal_tim_ex.c **** }
 1677              		.loc 1 663 10 view .LVU486
 1678 00ca 0020     		movs	r0, #0
 1679 00cc FCE7     		b	.L78
 1680              	.L92:
 1681 00ce C046     		.align	2
 1682              	.L91:
 1683 00d0 002C0140 		.word	1073818624
 1684 00d4 00040040 		.word	1073742848
 1685 00d8 00400140 		.word	1073823744
 1686              		.cfi_endproc
 1687              	.LFE50:
 1689              		.section	.text.HAL_TIMEx_OCN_Stop,"ax",%progbits
 1690              		.align	1
 1691              		.global	HAL_TIMEx_OCN_Stop
 1692              		.syntax unified
 1693              		.code	16
 1694              		.thumb_func
 1696              	HAL_TIMEx_OCN_Stop:
 1697              	.LVL136:
 1698              	.LFB51:
 678:Drivers/STM32F0xx_HAL_Driver/Src/stm32f0xx_hal_tim_ex.c ****   /* Check the parameters */
ARM GAS  C:\Users\fastr\AppData\Local\Temp\ccGFXKp9.s 			page 80


 1699              		.loc 1 678 1 is_stmt 1 view -0
 1700              		.cfi_startproc
 1701              		@ args = 0, pretend = 0, frame = 0
 1702              		@ frame_needed = 0, uses_anonymous_args = 0
 678:Drivers/STM32F0xx_HAL_Driver/Src/stm32f0xx_hal_tim_ex.c ****   /* Check the parameters */
 1703              		.loc 1 678 1 is_stmt 0 view .LVU488
 1704 0000 70B5     		push	{r4, r5, r6, lr}
 1705              		.cfi_def_cfa_offset 16
 1706              		.cfi_offset 4, -16
 1707              		.cfi_offset 5, -12
 1708              		.cfi_offset 6, -8
 1709              		.cfi_offset 14, -4
 1710 0002 0400     		movs	r4, r0
 1711 0004 0D00     		movs	r5, r1
 680:Drivers/STM32F0xx_HAL_Driver/Src/stm32f0xx_hal_tim_ex.c **** 
 1712              		.loc 1 680 3 is_stmt 1 view .LVU489
 683:Drivers/STM32F0xx_HAL_Driver/Src/stm32f0xx_hal_tim_ex.c **** 
 1713              		.loc 1 683 3 view .LVU490
 1714 0006 0068     		ldr	r0, [r0]
 1715              	.LVL137:
 683:Drivers/STM32F0xx_HAL_Driver/Src/stm32f0xx_hal_tim_ex.c **** 
 1716              		.loc 1 683 3 is_stmt 0 view .LVU491
 1717 0008 0022     		movs	r2, #0
 1718 000a FFF7FEFF 		bl	TIM_CCxNChannelCmd
 1719              	.LVL138:
 686:Drivers/STM32F0xx_HAL_Driver/Src/stm32f0xx_hal_tim_ex.c **** 
 1720              		.loc 1 686 3 is_stmt 1 view .LVU492
 686:Drivers/STM32F0xx_HAL_Driver/Src/stm32f0xx_hal_tim_ex.c **** 
 1721              		.loc 1 686 3 view .LVU493
 1722 000e 2368     		ldr	r3, [r4]
 1723 0010 196A     		ldr	r1, [r3, #32]
 1724 0012 174A     		ldr	r2, .L102
 1725 0014 1142     		tst	r1, r2
 1726 0016 07D1     		bne	.L94
 686:Drivers/STM32F0xx_HAL_Driver/Src/stm32f0xx_hal_tim_ex.c **** 
 1727              		.loc 1 686 3 discriminator 1 view .LVU494
 1728 0018 196A     		ldr	r1, [r3, #32]
 1729 001a 164A     		ldr	r2, .L102+4
 1730 001c 1142     		tst	r1, r2
 1731 001e 03D1     		bne	.L94
 686:Drivers/STM32F0xx_HAL_Driver/Src/stm32f0xx_hal_tim_ex.c **** 
 1732              		.loc 1 686 3 discriminator 2 view .LVU495
 1733 0020 5A6C     		ldr	r2, [r3, #68]
 1734 0022 1549     		ldr	r1, .L102+8
 1735 0024 0A40     		ands	r2, r1
 1736 0026 5A64     		str	r2, [r3, #68]
 1737              	.L94:
 686:Drivers/STM32F0xx_HAL_Driver/Src/stm32f0xx_hal_tim_ex.c **** 
 1738              		.loc 1 686 3 view .LVU496
 689:Drivers/STM32F0xx_HAL_Driver/Src/stm32f0xx_hal_tim_ex.c **** 
 1739              		.loc 1 689 3 view .LVU497
 689:Drivers/STM32F0xx_HAL_Driver/Src/stm32f0xx_hal_tim_ex.c **** 
 1740              		.loc 1 689 3 view .LVU498
 1741 0028 2368     		ldr	r3, [r4]
 1742 002a 196A     		ldr	r1, [r3, #32]
 1743 002c 104A     		ldr	r2, .L102
 1744 002e 1142     		tst	r1, r2
ARM GAS  C:\Users\fastr\AppData\Local\Temp\ccGFXKp9.s 			page 81


 1745 0030 07D1     		bne	.L95
 689:Drivers/STM32F0xx_HAL_Driver/Src/stm32f0xx_hal_tim_ex.c **** 
 1746              		.loc 1 689 3 discriminator 1 view .LVU499
 1747 0032 196A     		ldr	r1, [r3, #32]
 1748 0034 0F4A     		ldr	r2, .L102+4
 1749 0036 1142     		tst	r1, r2
 1750 0038 03D1     		bne	.L95
 689:Drivers/STM32F0xx_HAL_Driver/Src/stm32f0xx_hal_tim_ex.c **** 
 1751              		.loc 1 689 3 discriminator 2 view .LVU500
 1752 003a 1A68     		ldr	r2, [r3]
 1753 003c 0121     		movs	r1, #1
 1754 003e 8A43     		bics	r2, r1
 1755 0040 1A60     		str	r2, [r3]
 1756              	.L95:
 689:Drivers/STM32F0xx_HAL_Driver/Src/stm32f0xx_hal_tim_ex.c **** 
 1757              		.loc 1 689 3 view .LVU501
 692:Drivers/STM32F0xx_HAL_Driver/Src/stm32f0xx_hal_tim_ex.c **** 
 1758              		.loc 1 692 3 view .LVU502
 1759 0042 002D     		cmp	r5, #0
 1760 0044 04D1     		bne	.L96
 692:Drivers/STM32F0xx_HAL_Driver/Src/stm32f0xx_hal_tim_ex.c **** 
 1761              		.loc 1 692 3 is_stmt 0 discriminator 1 view .LVU503
 1762 0046 4223     		movs	r3, #66
 1763 0048 0122     		movs	r2, #1
 1764 004a E254     		strb	r2, [r4, r3]
 1765              	.L97:
 695:Drivers/STM32F0xx_HAL_Driver/Src/stm32f0xx_hal_tim_ex.c **** }
 1766              		.loc 1 695 3 is_stmt 1 view .LVU504
 696:Drivers/STM32F0xx_HAL_Driver/Src/stm32f0xx_hal_tim_ex.c **** 
 1767              		.loc 1 696 1 is_stmt 0 view .LVU505
 1768 004c 0020     		movs	r0, #0
 1769              		@ sp needed
 1770              	.LVL139:
 1771              	.LVL140:
 696:Drivers/STM32F0xx_HAL_Driver/Src/stm32f0xx_hal_tim_ex.c **** 
 1772              		.loc 1 696 1 view .LVU506
 1773 004e 70BD     		pop	{r4, r5, r6, pc}
 1774              	.LVL141:
 1775              	.L96:
 692:Drivers/STM32F0xx_HAL_Driver/Src/stm32f0xx_hal_tim_ex.c **** 
 1776              		.loc 1 692 3 discriminator 2 view .LVU507
 1777 0050 042D     		cmp	r5, #4
 1778 0052 05D0     		beq	.L100
 692:Drivers/STM32F0xx_HAL_Driver/Src/stm32f0xx_hal_tim_ex.c **** 
 1779              		.loc 1 692 3 discriminator 4 view .LVU508
 1780 0054 082D     		cmp	r5, #8
 1781 0056 07D0     		beq	.L101
 692:Drivers/STM32F0xx_HAL_Driver/Src/stm32f0xx_hal_tim_ex.c **** 
 1782              		.loc 1 692 3 discriminator 6 view .LVU509
 1783 0058 4523     		movs	r3, #69
 1784 005a 0122     		movs	r2, #1
 1785 005c E254     		strb	r2, [r4, r3]
 1786 005e F5E7     		b	.L97
 1787              	.L100:
 692:Drivers/STM32F0xx_HAL_Driver/Src/stm32f0xx_hal_tim_ex.c **** 
 1788              		.loc 1 692 3 discriminator 3 view .LVU510
 1789 0060 4323     		movs	r3, #67
ARM GAS  C:\Users\fastr\AppData\Local\Temp\ccGFXKp9.s 			page 82


 1790 0062 0122     		movs	r2, #1
 1791 0064 E254     		strb	r2, [r4, r3]
 1792 0066 F1E7     		b	.L97
 1793              	.L101:
 692:Drivers/STM32F0xx_HAL_Driver/Src/stm32f0xx_hal_tim_ex.c **** 
 1794              		.loc 1 692 3 discriminator 5 view .LVU511
 1795 0068 4423     		movs	r3, #68
 1796 006a 0122     		movs	r2, #1
 1797 006c E254     		strb	r2, [r4, r3]
 1798 006e EDE7     		b	.L97
 1799              	.L103:
 1800              		.align	2
 1801              	.L102:
 1802 0070 11110000 		.word	4369
 1803 0074 44040000 		.word	1092
 1804 0078 FF7FFFFF 		.word	-32769
 1805              		.cfi_endproc
 1806              	.LFE51:
 1808              		.section	.text.HAL_TIMEx_OCN_Start_IT,"ax",%progbits
 1809              		.align	1
 1810              		.global	HAL_TIMEx_OCN_Start_IT
 1811              		.syntax unified
 1812              		.code	16
 1813              		.thumb_func
 1815              	HAL_TIMEx_OCN_Start_IT:
 1816              	.LVL142:
 1817              	.LFB52:
 710:Drivers/STM32F0xx_HAL_Driver/Src/stm32f0xx_hal_tim_ex.c ****   HAL_StatusTypeDef status = HAL_OK;
 1818              		.loc 1 710 1 is_stmt 1 view -0
 1819              		.cfi_startproc
 1820              		@ args = 0, pretend = 0, frame = 0
 1821              		@ frame_needed = 0, uses_anonymous_args = 0
 710:Drivers/STM32F0xx_HAL_Driver/Src/stm32f0xx_hal_tim_ex.c ****   HAL_StatusTypeDef status = HAL_OK;
 1822              		.loc 1 710 1 is_stmt 0 view .LVU513
 1823 0000 10B5     		push	{r4, lr}
 1824              		.cfi_def_cfa_offset 8
 1825              		.cfi_offset 4, -8
 1826              		.cfi_offset 14, -4
 1827 0002 0400     		movs	r4, r0
 711:Drivers/STM32F0xx_HAL_Driver/Src/stm32f0xx_hal_tim_ex.c ****   uint32_t tmpsmcr;
 1828              		.loc 1 711 3 is_stmt 1 view .LVU514
 1829              	.LVL143:
 712:Drivers/STM32F0xx_HAL_Driver/Src/stm32f0xx_hal_tim_ex.c **** 
 1830              		.loc 1 712 3 view .LVU515
 715:Drivers/STM32F0xx_HAL_Driver/Src/stm32f0xx_hal_tim_ex.c **** 
 1831              		.loc 1 715 3 view .LVU516
 718:Drivers/STM32F0xx_HAL_Driver/Src/stm32f0xx_hal_tim_ex.c ****   {
 1832              		.loc 1 718 3 view .LVU517
 718:Drivers/STM32F0xx_HAL_Driver/Src/stm32f0xx_hal_tim_ex.c ****   {
 1833              		.loc 1 718 46 is_stmt 0 view .LVU518
 1834 0004 0029     		cmp	r1, #0
 1835 0006 34D1     		bne	.L105
 718:Drivers/STM32F0xx_HAL_Driver/Src/stm32f0xx_hal_tim_ex.c ****   {
 1836              		.loc 1 718 7 discriminator 1 view .LVU519
 1837 0008 4223     		movs	r3, #66
 1838 000a C35C     		ldrb	r3, [r0, r3]
 718:Drivers/STM32F0xx_HAL_Driver/Src/stm32f0xx_hal_tim_ex.c ****   {
ARM GAS  C:\Users\fastr\AppData\Local\Temp\ccGFXKp9.s 			page 83


 1839              		.loc 1 718 46 discriminator 1 view .LVU520
 1840 000c 013B     		subs	r3, r3, #1
 1841 000e 5A1E     		subs	r2, r3, #1
 1842 0010 9341     		sbcs	r3, r3, r2
 1843 0012 DBB2     		uxtb	r3, r3
 1844              	.L106:
 718:Drivers/STM32F0xx_HAL_Driver/Src/stm32f0xx_hal_tim_ex.c ****   {
 1845              		.loc 1 718 6 discriminator 10 view .LVU521
 1846 0014 002B     		cmp	r3, #0
 1847 0016 71D1     		bne	.L119
 724:Drivers/STM32F0xx_HAL_Driver/Src/stm32f0xx_hal_tim_ex.c **** 
 1848              		.loc 1 724 3 is_stmt 1 view .LVU522
 1849 0018 0029     		cmp	r1, #0
 1850 001a 43D1     		bne	.L110
 724:Drivers/STM32F0xx_HAL_Driver/Src/stm32f0xx_hal_tim_ex.c **** 
 1851              		.loc 1 724 3 is_stmt 0 discriminator 1 view .LVU523
 1852 001c 4233     		adds	r3, r3, #66
 1853 001e 0222     		movs	r2, #2
 1854 0020 E254     		strb	r2, [r4, r3]
 726:Drivers/STM32F0xx_HAL_Driver/Src/stm32f0xx_hal_tim_ex.c ****   {
 1855              		.loc 1 726 3 is_stmt 1 view .LVU524
 1856              	.L111:
 731:Drivers/STM32F0xx_HAL_Driver/Src/stm32f0xx_hal_tim_ex.c ****       break;
 1857              		.loc 1 731 7 view .LVU525
 1858 0022 2268     		ldr	r2, [r4]
 1859 0024 D368     		ldr	r3, [r2, #12]
 1860 0026 0220     		movs	r0, #2
 1861              	.LVL144:
 731:Drivers/STM32F0xx_HAL_Driver/Src/stm32f0xx_hal_tim_ex.c ****       break;
 1862              		.loc 1 731 7 is_stmt 0 view .LVU526
 1863 0028 0343     		orrs	r3, r0
 1864 002a D360     		str	r3, [r2, #12]
 732:Drivers/STM32F0xx_HAL_Driver/Src/stm32f0xx_hal_tim_ex.c ****     }
 1865              		.loc 1 732 7 is_stmt 1 view .LVU527
 755:Drivers/STM32F0xx_HAL_Driver/Src/stm32f0xx_hal_tim_ex.c ****   {
 1866              		.loc 1 755 3 view .LVU528
 1867              	.L116:
 758:Drivers/STM32F0xx_HAL_Driver/Src/stm32f0xx_hal_tim_ex.c **** 
 1868              		.loc 1 758 5 view .LVU529
 1869 002c 2268     		ldr	r2, [r4]
 1870 002e D368     		ldr	r3, [r2, #12]
 1871 0030 8020     		movs	r0, #128
 1872 0032 0343     		orrs	r3, r0
 1873 0034 D360     		str	r3, [r2, #12]
 761:Drivers/STM32F0xx_HAL_Driver/Src/stm32f0xx_hal_tim_ex.c **** 
 1874              		.loc 1 761 5 view .LVU530
 1875 0036 2068     		ldr	r0, [r4]
 1876 0038 0422     		movs	r2, #4
 1877 003a FFF7FEFF 		bl	TIM_CCxNChannelCmd
 1878              	.LVL145:
 764:Drivers/STM32F0xx_HAL_Driver/Src/stm32f0xx_hal_tim_ex.c **** 
 1879              		.loc 1 764 5 view .LVU531
 1880 003e 2268     		ldr	r2, [r4]
 1881 0040 516C     		ldr	r1, [r2, #68]
 1882 0042 8023     		movs	r3, #128
 1883 0044 1B02     		lsls	r3, r3, #8
 1884 0046 0B43     		orrs	r3, r1
ARM GAS  C:\Users\fastr\AppData\Local\Temp\ccGFXKp9.s 			page 84


 1885 0048 5364     		str	r3, [r2, #68]
 767:Drivers/STM32F0xx_HAL_Driver/Src/stm32f0xx_hal_tim_ex.c ****     {
 1886              		.loc 1 767 5 view .LVU532
 767:Drivers/STM32F0xx_HAL_Driver/Src/stm32f0xx_hal_tim_ex.c ****     {
 1887              		.loc 1 767 9 is_stmt 0 view .LVU533
 1888 004a 2368     		ldr	r3, [r4]
 767:Drivers/STM32F0xx_HAL_Driver/Src/stm32f0xx_hal_tim_ex.c ****     {
 1889              		.loc 1 767 8 view .LVU534
 1890 004c 2D4A     		ldr	r2, .L126
 1891 004e 9342     		cmp	r3, r2
 1892 0050 49D0     		beq	.L117
 767:Drivers/STM32F0xx_HAL_Driver/Src/stm32f0xx_hal_tim_ex.c ****     {
 1893              		.loc 1 767 9 discriminator 1 view .LVU535
 1894 0052 8022     		movs	r2, #128
 1895 0054 D205     		lsls	r2, r2, #23
 1896 0056 9342     		cmp	r3, r2
 1897 0058 45D0     		beq	.L117
 767:Drivers/STM32F0xx_HAL_Driver/Src/stm32f0xx_hal_tim_ex.c ****     {
 1898              		.loc 1 767 9 discriminator 2 view .LVU536
 1899 005a 2B4A     		ldr	r2, .L126+4
 1900 005c 9342     		cmp	r3, r2
 1901 005e 42D0     		beq	.L117
 767:Drivers/STM32F0xx_HAL_Driver/Src/stm32f0xx_hal_tim_ex.c ****     {
 1902              		.loc 1 767 9 discriminator 3 view .LVU537
 1903 0060 2A4A     		ldr	r2, .L126+8
 1904 0062 9342     		cmp	r3, r2
 1905 0064 3FD0     		beq	.L117
 777:Drivers/STM32F0xx_HAL_Driver/Src/stm32f0xx_hal_tim_ex.c ****     }
 1906              		.loc 1 777 7 is_stmt 1 view .LVU538
 1907 0066 1A68     		ldr	r2, [r3]
 1908 0068 0121     		movs	r1, #1
 1909 006a 0A43     		orrs	r2, r1
 1910 006c 1A60     		str	r2, [r3]
 1911 006e 0020     		movs	r0, #0
 1912 0070 45E0     		b	.L109
 1913              	.LVL146:
 1914              	.L105:
 718:Drivers/STM32F0xx_HAL_Driver/Src/stm32f0xx_hal_tim_ex.c ****   {
 1915              		.loc 1 718 46 is_stmt 0 discriminator 2 view .LVU539
 1916 0072 0429     		cmp	r1, #4
 1917 0074 08D0     		beq	.L122
 718:Drivers/STM32F0xx_HAL_Driver/Src/stm32f0xx_hal_tim_ex.c ****   {
 1918              		.loc 1 718 46 discriminator 5 view .LVU540
 1919 0076 0829     		cmp	r1, #8
 1920 0078 0DD0     		beq	.L123
 718:Drivers/STM32F0xx_HAL_Driver/Src/stm32f0xx_hal_tim_ex.c ****   {
 1921              		.loc 1 718 7 discriminator 8 view .LVU541
 1922 007a 4523     		movs	r3, #69
 1923 007c C35C     		ldrb	r3, [r0, r3]
 718:Drivers/STM32F0xx_HAL_Driver/Src/stm32f0xx_hal_tim_ex.c ****   {
 1924              		.loc 1 718 46 discriminator 8 view .LVU542
 1925 007e 013B     		subs	r3, r3, #1
 1926 0080 5A1E     		subs	r2, r3, #1
 1927 0082 9341     		sbcs	r3, r3, r2
 1928 0084 DBB2     		uxtb	r3, r3
 1929 0086 C5E7     		b	.L106
 1930              	.L122:
ARM GAS  C:\Users\fastr\AppData\Local\Temp\ccGFXKp9.s 			page 85


 718:Drivers/STM32F0xx_HAL_Driver/Src/stm32f0xx_hal_tim_ex.c ****   {
 1931              		.loc 1 718 7 discriminator 4 view .LVU543
 1932 0088 4323     		movs	r3, #67
 1933 008a C35C     		ldrb	r3, [r0, r3]
 718:Drivers/STM32F0xx_HAL_Driver/Src/stm32f0xx_hal_tim_ex.c ****   {
 1934              		.loc 1 718 46 discriminator 4 view .LVU544
 1935 008c 013B     		subs	r3, r3, #1
 1936 008e 5A1E     		subs	r2, r3, #1
 1937 0090 9341     		sbcs	r3, r3, r2
 1938 0092 DBB2     		uxtb	r3, r3
 1939 0094 BEE7     		b	.L106
 1940              	.L123:
 718:Drivers/STM32F0xx_HAL_Driver/Src/stm32f0xx_hal_tim_ex.c ****   {
 1941              		.loc 1 718 7 discriminator 7 view .LVU545
 1942 0096 4423     		movs	r3, #68
 1943 0098 C35C     		ldrb	r3, [r0, r3]
 718:Drivers/STM32F0xx_HAL_Driver/Src/stm32f0xx_hal_tim_ex.c ****   {
 1944              		.loc 1 718 46 discriminator 7 view .LVU546
 1945 009a 013B     		subs	r3, r3, #1
 1946 009c 5A1E     		subs	r2, r3, #1
 1947 009e 9341     		sbcs	r3, r3, r2
 1948 00a0 DBB2     		uxtb	r3, r3
 1949 00a2 B7E7     		b	.L106
 1950              	.L110:
 724:Drivers/STM32F0xx_HAL_Driver/Src/stm32f0xx_hal_tim_ex.c **** 
 1951              		.loc 1 724 3 discriminator 2 view .LVU547
 1952 00a4 0429     		cmp	r1, #4
 1953 00a6 0CD0     		beq	.L124
 724:Drivers/STM32F0xx_HAL_Driver/Src/stm32f0xx_hal_tim_ex.c **** 
 1954              		.loc 1 724 3 discriminator 4 view .LVU548
 1955 00a8 0829     		cmp	r1, #8
 1956 00aa 13D0     		beq	.L125
 724:Drivers/STM32F0xx_HAL_Driver/Src/stm32f0xx_hal_tim_ex.c **** 
 1957              		.loc 1 724 3 discriminator 6 view .LVU549
 1958 00ac 4523     		movs	r3, #69
 1959 00ae 0222     		movs	r2, #2
 1960 00b0 E254     		strb	r2, [r4, r3]
 726:Drivers/STM32F0xx_HAL_Driver/Src/stm32f0xx_hal_tim_ex.c ****   {
 1961              		.loc 1 726 3 is_stmt 1 view .LVU550
 1962 00b2 0429     		cmp	r1, #4
 1963 00b4 08D0     		beq	.L113
 1964 00b6 0829     		cmp	r1, #8
 1965 00b8 0FD0     		beq	.L115
 1966 00ba 0029     		cmp	r1, #0
 1967 00bc B1D0     		beq	.L111
 1968 00be 0120     		movs	r0, #1
 1969              	.LVL147:
 726:Drivers/STM32F0xx_HAL_Driver/Src/stm32f0xx_hal_tim_ex.c ****   {
 1970              		.loc 1 726 3 is_stmt 0 view .LVU551
 1971 00c0 1DE0     		b	.L109
 1972              	.LVL148:
 1973              	.L124:
 724:Drivers/STM32F0xx_HAL_Driver/Src/stm32f0xx_hal_tim_ex.c **** 
 1974              		.loc 1 724 3 discriminator 3 view .LVU552
 1975 00c2 4323     		movs	r3, #67
 1976 00c4 0222     		movs	r2, #2
 1977 00c6 E254     		strb	r2, [r4, r3]
ARM GAS  C:\Users\fastr\AppData\Local\Temp\ccGFXKp9.s 			page 86


 726:Drivers/STM32F0xx_HAL_Driver/Src/stm32f0xx_hal_tim_ex.c ****   {
 1978              		.loc 1 726 3 is_stmt 1 view .LVU553
 1979              	.L113:
 738:Drivers/STM32F0xx_HAL_Driver/Src/stm32f0xx_hal_tim_ex.c ****       break;
 1980              		.loc 1 738 7 view .LVU554
 1981 00c8 2268     		ldr	r2, [r4]
 1982 00ca D368     		ldr	r3, [r2, #12]
 1983 00cc 0420     		movs	r0, #4
 1984              	.LVL149:
 738:Drivers/STM32F0xx_HAL_Driver/Src/stm32f0xx_hal_tim_ex.c ****       break;
 1985              		.loc 1 738 7 is_stmt 0 view .LVU555
 1986 00ce 0343     		orrs	r3, r0
 1987 00d0 D360     		str	r3, [r2, #12]
 739:Drivers/STM32F0xx_HAL_Driver/Src/stm32f0xx_hal_tim_ex.c ****     }
 1988              		.loc 1 739 7 is_stmt 1 view .LVU556
 755:Drivers/STM32F0xx_HAL_Driver/Src/stm32f0xx_hal_tim_ex.c ****   {
 1989              		.loc 1 755 3 view .LVU557
 1990 00d2 ABE7     		b	.L116
 1991              	.LVL150:
 1992              	.L125:
 724:Drivers/STM32F0xx_HAL_Driver/Src/stm32f0xx_hal_tim_ex.c **** 
 1993              		.loc 1 724 3 is_stmt 0 discriminator 5 view .LVU558
 1994 00d4 4423     		movs	r3, #68
 1995 00d6 0222     		movs	r2, #2
 1996 00d8 E254     		strb	r2, [r4, r3]
 726:Drivers/STM32F0xx_HAL_Driver/Src/stm32f0xx_hal_tim_ex.c ****   {
 1997              		.loc 1 726 3 is_stmt 1 view .LVU559
 1998              	.L115:
 745:Drivers/STM32F0xx_HAL_Driver/Src/stm32f0xx_hal_tim_ex.c ****       break;
 1999              		.loc 1 745 7 view .LVU560
 2000 00da 2268     		ldr	r2, [r4]
 2001 00dc D368     		ldr	r3, [r2, #12]
 2002 00de 0820     		movs	r0, #8
 2003              	.LVL151:
 745:Drivers/STM32F0xx_HAL_Driver/Src/stm32f0xx_hal_tim_ex.c ****       break;
 2004              		.loc 1 745 7 is_stmt 0 view .LVU561
 2005 00e0 0343     		orrs	r3, r0
 2006 00e2 D360     		str	r3, [r2, #12]
 746:Drivers/STM32F0xx_HAL_Driver/Src/stm32f0xx_hal_tim_ex.c ****     }
 2007              		.loc 1 746 7 is_stmt 1 view .LVU562
 755:Drivers/STM32F0xx_HAL_Driver/Src/stm32f0xx_hal_tim_ex.c ****   {
 2008              		.loc 1 755 3 view .LVU563
 2009 00e4 A2E7     		b	.L116
 2010              	.LVL152:
 2011              	.L117:
 769:Drivers/STM32F0xx_HAL_Driver/Src/stm32f0xx_hal_tim_ex.c ****       if (!IS_TIM_SLAVEMODE_TRIGGER_ENABLED(tmpsmcr))
 2012              		.loc 1 769 7 view .LVU564
 769:Drivers/STM32F0xx_HAL_Driver/Src/stm32f0xx_hal_tim_ex.c ****       if (!IS_TIM_SLAVEMODE_TRIGGER_ENABLED(tmpsmcr))
 2013              		.loc 1 769 31 is_stmt 0 view .LVU565
 2014 00e6 9968     		ldr	r1, [r3, #8]
 769:Drivers/STM32F0xx_HAL_Driver/Src/stm32f0xx_hal_tim_ex.c ****       if (!IS_TIM_SLAVEMODE_TRIGGER_ENABLED(tmpsmcr))
 2015              		.loc 1 769 15 view .LVU566
 2016 00e8 0722     		movs	r2, #7
 2017 00ea 0A40     		ands	r2, r1
 2018              	.LVL153:
 770:Drivers/STM32F0xx_HAL_Driver/Src/stm32f0xx_hal_tim_ex.c ****       {
 2019              		.loc 1 770 7 is_stmt 1 view .LVU567
ARM GAS  C:\Users\fastr\AppData\Local\Temp\ccGFXKp9.s 			page 87


 770:Drivers/STM32F0xx_HAL_Driver/Src/stm32f0xx_hal_tim_ex.c ****       {
 2020              		.loc 1 770 10 is_stmt 0 view .LVU568
 2021 00ec 062A     		cmp	r2, #6
 2022 00ee 07D0     		beq	.L121
 772:Drivers/STM32F0xx_HAL_Driver/Src/stm32f0xx_hal_tim_ex.c ****       }
 2023              		.loc 1 772 9 is_stmt 1 view .LVU569
 2024 00f0 1A68     		ldr	r2, [r3]
 2025              	.LVL154:
 772:Drivers/STM32F0xx_HAL_Driver/Src/stm32f0xx_hal_tim_ex.c ****       }
 2026              		.loc 1 772 9 is_stmt 0 view .LVU570
 2027 00f2 0121     		movs	r1, #1
 2028              	.LVL155:
 772:Drivers/STM32F0xx_HAL_Driver/Src/stm32f0xx_hal_tim_ex.c ****       }
 2029              		.loc 1 772 9 view .LVU571
 2030 00f4 0A43     		orrs	r2, r1
 2031 00f6 1A60     		str	r2, [r3]
 2032 00f8 0020     		movs	r0, #0
 2033 00fa 00E0     		b	.L109
 2034              	.LVL156:
 2035              	.L119:
 720:Drivers/STM32F0xx_HAL_Driver/Src/stm32f0xx_hal_tim_ex.c ****   }
 2036              		.loc 1 720 12 view .LVU572
 2037 00fc 0120     		movs	r0, #1
 2038              	.LVL157:
 2039              	.L109:
 783:Drivers/STM32F0xx_HAL_Driver/Src/stm32f0xx_hal_tim_ex.c **** 
 2040              		.loc 1 783 1 view .LVU573
 2041              		@ sp needed
 2042              	.LVL158:
 783:Drivers/STM32F0xx_HAL_Driver/Src/stm32f0xx_hal_tim_ex.c **** 
 2043              		.loc 1 783 1 view .LVU574
 2044 00fe 10BD     		pop	{r4, pc}
 2045              	.LVL159:
 2046              	.L121:
 783:Drivers/STM32F0xx_HAL_Driver/Src/stm32f0xx_hal_tim_ex.c **** 
 2047              		.loc 1 783 1 view .LVU575
 2048 0100 0020     		movs	r0, #0
 2049 0102 FCE7     		b	.L109
 2050              	.L127:
 2051              		.align	2
 2052              	.L126:
 2053 0104 002C0140 		.word	1073818624
 2054 0108 00040040 		.word	1073742848
 2055 010c 00400140 		.word	1073823744
 2056              		.cfi_endproc
 2057              	.LFE52:
 2059              		.section	.text.HAL_TIMEx_OCN_Stop_IT,"ax",%progbits
 2060              		.align	1
 2061              		.global	HAL_TIMEx_OCN_Stop_IT
 2062              		.syntax unified
 2063              		.code	16
 2064              		.thumb_func
 2066              	HAL_TIMEx_OCN_Stop_IT:
 2067              	.LVL160:
 2068              	.LFB53:
 797:Drivers/STM32F0xx_HAL_Driver/Src/stm32f0xx_hal_tim_ex.c ****   HAL_StatusTypeDef status = HAL_OK;
 2069              		.loc 1 797 1 is_stmt 1 view -0
ARM GAS  C:\Users\fastr\AppData\Local\Temp\ccGFXKp9.s 			page 88


 2070              		.cfi_startproc
 2071              		@ args = 0, pretend = 0, frame = 0
 2072              		@ frame_needed = 0, uses_anonymous_args = 0
 797:Drivers/STM32F0xx_HAL_Driver/Src/stm32f0xx_hal_tim_ex.c ****   HAL_StatusTypeDef status = HAL_OK;
 2073              		.loc 1 797 1 is_stmt 0 view .LVU577
 2074 0000 70B5     		push	{r4, r5, r6, lr}
 2075              		.cfi_def_cfa_offset 16
 2076              		.cfi_offset 4, -16
 2077              		.cfi_offset 5, -12
 2078              		.cfi_offset 6, -8
 2079              		.cfi_offset 14, -4
 2080 0002 0400     		movs	r4, r0
 2081 0004 0D00     		movs	r5, r1
 798:Drivers/STM32F0xx_HAL_Driver/Src/stm32f0xx_hal_tim_ex.c ****   uint32_t tmpccer;
 2082              		.loc 1 798 3 is_stmt 1 view .LVU578
 2083              	.LVL161:
 799:Drivers/STM32F0xx_HAL_Driver/Src/stm32f0xx_hal_tim_ex.c **** 
 2084              		.loc 1 799 3 view .LVU579
 802:Drivers/STM32F0xx_HAL_Driver/Src/stm32f0xx_hal_tim_ex.c **** 
 2085              		.loc 1 802 3 view .LVU580
 804:Drivers/STM32F0xx_HAL_Driver/Src/stm32f0xx_hal_tim_ex.c ****   {
 2086              		.loc 1 804 3 view .LVU581
 2087 0006 0429     		cmp	r1, #4
 2088 0008 37D0     		beq	.L129
 2089 000a 0829     		cmp	r1, #8
 2090 000c 3BD0     		beq	.L130
 2091 000e 0029     		cmp	r1, #0
 2092 0010 52D1     		bne	.L139
 809:Drivers/STM32F0xx_HAL_Driver/Src/stm32f0xx_hal_tim_ex.c ****       break;
 2093              		.loc 1 809 7 view .LVU582
 2094 0012 0268     		ldr	r2, [r0]
 2095 0014 D368     		ldr	r3, [r2, #12]
 2096 0016 0221     		movs	r1, #2
 2097              	.LVL162:
 809:Drivers/STM32F0xx_HAL_Driver/Src/stm32f0xx_hal_tim_ex.c ****       break;
 2098              		.loc 1 809 7 is_stmt 0 view .LVU583
 2099 0018 8B43     		bics	r3, r1
 2100 001a D360     		str	r3, [r2, #12]
 810:Drivers/STM32F0xx_HAL_Driver/Src/stm32f0xx_hal_tim_ex.c ****     }
 2101              		.loc 1 810 7 is_stmt 1 view .LVU584
 832:Drivers/STM32F0xx_HAL_Driver/Src/stm32f0xx_hal_tim_ex.c ****   {
 2102              		.loc 1 832 3 view .LVU585
 2103              	.L132:
 835:Drivers/STM32F0xx_HAL_Driver/Src/stm32f0xx_hal_tim_ex.c **** 
 2104              		.loc 1 835 5 view .LVU586
 2105 001c 2068     		ldr	r0, [r4]
 2106              	.LVL163:
 835:Drivers/STM32F0xx_HAL_Driver/Src/stm32f0xx_hal_tim_ex.c **** 
 2107              		.loc 1 835 5 is_stmt 0 view .LVU587
 2108 001e 0022     		movs	r2, #0
 2109 0020 2900     		movs	r1, r5
 2110 0022 FFF7FEFF 		bl	TIM_CCxNChannelCmd
 2111              	.LVL164:
 838:Drivers/STM32F0xx_HAL_Driver/Src/stm32f0xx_hal_tim_ex.c ****     if ((tmpccer & TIM_CCER_CCxNE_MASK) == (uint32_t)RESET)
 2112              		.loc 1 838 5 is_stmt 1 view .LVU588
 838:Drivers/STM32F0xx_HAL_Driver/Src/stm32f0xx_hal_tim_ex.c ****     if ((tmpccer & TIM_CCER_CCxNE_MASK) == (uint32_t)RESET)
 2113              		.loc 1 838 19 is_stmt 0 view .LVU589
ARM GAS  C:\Users\fastr\AppData\Local\Temp\ccGFXKp9.s 			page 89


 2114 0026 2368     		ldr	r3, [r4]
 838:Drivers/STM32F0xx_HAL_Driver/Src/stm32f0xx_hal_tim_ex.c ****     if ((tmpccer & TIM_CCER_CCxNE_MASK) == (uint32_t)RESET)
 2115              		.loc 1 838 13 view .LVU590
 2116 0028 196A     		ldr	r1, [r3, #32]
 2117              	.LVL165:
 839:Drivers/STM32F0xx_HAL_Driver/Src/stm32f0xx_hal_tim_ex.c ****     {
 2118              		.loc 1 839 5 is_stmt 1 view .LVU591
 839:Drivers/STM32F0xx_HAL_Driver/Src/stm32f0xx_hal_tim_ex.c ****     {
 2119              		.loc 1 839 18 is_stmt 0 view .LVU592
 2120 002a 244A     		ldr	r2, .L142
 839:Drivers/STM32F0xx_HAL_Driver/Src/stm32f0xx_hal_tim_ex.c ****     {
 2121              		.loc 1 839 8 view .LVU593
 2122 002c 1142     		tst	r1, r2
 2123 002e 03D1     		bne	.L133
 841:Drivers/STM32F0xx_HAL_Driver/Src/stm32f0xx_hal_tim_ex.c ****     }
 2124              		.loc 1 841 7 is_stmt 1 view .LVU594
 2125 0030 DA68     		ldr	r2, [r3, #12]
 2126 0032 8021     		movs	r1, #128
 2127              	.LVL166:
 841:Drivers/STM32F0xx_HAL_Driver/Src/stm32f0xx_hal_tim_ex.c ****     }
 2128              		.loc 1 841 7 is_stmt 0 view .LVU595
 2129 0034 8A43     		bics	r2, r1
 2130 0036 DA60     		str	r2, [r3, #12]
 2131              	.L133:
 845:Drivers/STM32F0xx_HAL_Driver/Src/stm32f0xx_hal_tim_ex.c **** 
 2132              		.loc 1 845 5 is_stmt 1 view .LVU596
 845:Drivers/STM32F0xx_HAL_Driver/Src/stm32f0xx_hal_tim_ex.c **** 
 2133              		.loc 1 845 5 view .LVU597
 2134 0038 2368     		ldr	r3, [r4]
 2135 003a 196A     		ldr	r1, [r3, #32]
 2136 003c 204A     		ldr	r2, .L142+4
 2137 003e 1142     		tst	r1, r2
 2138 0040 07D1     		bne	.L134
 845:Drivers/STM32F0xx_HAL_Driver/Src/stm32f0xx_hal_tim_ex.c **** 
 2139              		.loc 1 845 5 discriminator 1 view .LVU598
 2140 0042 196A     		ldr	r1, [r3, #32]
 2141 0044 1D4A     		ldr	r2, .L142
 2142 0046 1142     		tst	r1, r2
 2143 0048 03D1     		bne	.L134
 845:Drivers/STM32F0xx_HAL_Driver/Src/stm32f0xx_hal_tim_ex.c **** 
 2144              		.loc 1 845 5 discriminator 2 view .LVU599
 2145 004a 5A6C     		ldr	r2, [r3, #68]
 2146 004c 1D49     		ldr	r1, .L142+8
 2147 004e 0A40     		ands	r2, r1
 2148 0050 5A64     		str	r2, [r3, #68]
 2149              	.L134:
 845:Drivers/STM32F0xx_HAL_Driver/Src/stm32f0xx_hal_tim_ex.c **** 
 2150              		.loc 1 845 5 view .LVU600
 848:Drivers/STM32F0xx_HAL_Driver/Src/stm32f0xx_hal_tim_ex.c **** 
 2151              		.loc 1 848 5 view .LVU601
 848:Drivers/STM32F0xx_HAL_Driver/Src/stm32f0xx_hal_tim_ex.c **** 
 2152              		.loc 1 848 5 view .LVU602
 2153 0052 2368     		ldr	r3, [r4]
 2154 0054 196A     		ldr	r1, [r3, #32]
 2155 0056 1A4A     		ldr	r2, .L142+4
 2156 0058 1142     		tst	r1, r2
 2157 005a 07D1     		bne	.L135
ARM GAS  C:\Users\fastr\AppData\Local\Temp\ccGFXKp9.s 			page 90


 848:Drivers/STM32F0xx_HAL_Driver/Src/stm32f0xx_hal_tim_ex.c **** 
 2158              		.loc 1 848 5 discriminator 1 view .LVU603
 2159 005c 196A     		ldr	r1, [r3, #32]
 2160 005e 174A     		ldr	r2, .L142
 2161 0060 1142     		tst	r1, r2
 2162 0062 03D1     		bne	.L135
 848:Drivers/STM32F0xx_HAL_Driver/Src/stm32f0xx_hal_tim_ex.c **** 
 2163              		.loc 1 848 5 discriminator 2 view .LVU604
 2164 0064 1A68     		ldr	r2, [r3]
 2165 0066 0121     		movs	r1, #1
 2166 0068 8A43     		bics	r2, r1
 2167 006a 1A60     		str	r2, [r3]
 2168              	.L135:
 848:Drivers/STM32F0xx_HAL_Driver/Src/stm32f0xx_hal_tim_ex.c **** 
 2169              		.loc 1 848 5 view .LVU605
 851:Drivers/STM32F0xx_HAL_Driver/Src/stm32f0xx_hal_tim_ex.c ****   }
 2170              		.loc 1 851 5 view .LVU606
 2171 006c 002D     		cmp	r5, #0
 2172 006e 10D1     		bne	.L136
 851:Drivers/STM32F0xx_HAL_Driver/Src/stm32f0xx_hal_tim_ex.c ****   }
 2173              		.loc 1 851 5 is_stmt 0 discriminator 1 view .LVU607
 2174 0070 4223     		movs	r3, #66
 2175 0072 0122     		movs	r2, #1
 2176 0074 E254     		strb	r2, [r4, r3]
 2177 0076 0020     		movs	r0, #0
 2178              	.LVL167:
 2179              	.L131:
 855:Drivers/STM32F0xx_HAL_Driver/Src/stm32f0xx_hal_tim_ex.c **** }
 2180              		.loc 1 855 3 is_stmt 1 view .LVU608
 856:Drivers/STM32F0xx_HAL_Driver/Src/stm32f0xx_hal_tim_ex.c **** 
 2181              		.loc 1 856 1 is_stmt 0 view .LVU609
 2182              		@ sp needed
 2183              	.LVL168:
 2184              	.LVL169:
 856:Drivers/STM32F0xx_HAL_Driver/Src/stm32f0xx_hal_tim_ex.c **** 
 2185              		.loc 1 856 1 view .LVU610
 2186 0078 70BD     		pop	{r4, r5, r6, pc}
 2187              	.LVL170:
 2188              	.L129:
 816:Drivers/STM32F0xx_HAL_Driver/Src/stm32f0xx_hal_tim_ex.c ****       break;
 2189              		.loc 1 816 7 is_stmt 1 view .LVU611
 2190 007a 0268     		ldr	r2, [r0]
 2191 007c D368     		ldr	r3, [r2, #12]
 2192 007e 0421     		movs	r1, #4
 2193              	.LVL171:
 816:Drivers/STM32F0xx_HAL_Driver/Src/stm32f0xx_hal_tim_ex.c ****       break;
 2194              		.loc 1 816 7 is_stmt 0 view .LVU612
 2195 0080 8B43     		bics	r3, r1
 2196 0082 D360     		str	r3, [r2, #12]
 817:Drivers/STM32F0xx_HAL_Driver/Src/stm32f0xx_hal_tim_ex.c ****     }
 2197              		.loc 1 817 7 is_stmt 1 view .LVU613
 832:Drivers/STM32F0xx_HAL_Driver/Src/stm32f0xx_hal_tim_ex.c ****   {
 2198              		.loc 1 832 3 view .LVU614
 2199 0084 CAE7     		b	.L132
 2200              	.LVL172:
 2201              	.L130:
 823:Drivers/STM32F0xx_HAL_Driver/Src/stm32f0xx_hal_tim_ex.c ****       break;
ARM GAS  C:\Users\fastr\AppData\Local\Temp\ccGFXKp9.s 			page 91


 2202              		.loc 1 823 7 view .LVU615
 2203 0086 0268     		ldr	r2, [r0]
 2204 0088 D368     		ldr	r3, [r2, #12]
 2205 008a 0821     		movs	r1, #8
 2206              	.LVL173:
 823:Drivers/STM32F0xx_HAL_Driver/Src/stm32f0xx_hal_tim_ex.c ****       break;
 2207              		.loc 1 823 7 is_stmt 0 view .LVU616
 2208 008c 8B43     		bics	r3, r1
 2209 008e D360     		str	r3, [r2, #12]
 824:Drivers/STM32F0xx_HAL_Driver/Src/stm32f0xx_hal_tim_ex.c ****     }
 2210              		.loc 1 824 7 is_stmt 1 view .LVU617
 832:Drivers/STM32F0xx_HAL_Driver/Src/stm32f0xx_hal_tim_ex.c ****   {
 2211              		.loc 1 832 3 view .LVU618
 2212 0090 C4E7     		b	.L132
 2213              	.LVL174:
 2214              	.L136:
 851:Drivers/STM32F0xx_HAL_Driver/Src/stm32f0xx_hal_tim_ex.c ****   }
 2215              		.loc 1 851 5 is_stmt 0 discriminator 2 view .LVU619
 2216 0092 042D     		cmp	r5, #4
 2217 0094 06D0     		beq	.L140
 851:Drivers/STM32F0xx_HAL_Driver/Src/stm32f0xx_hal_tim_ex.c ****   }
 2218              		.loc 1 851 5 discriminator 4 view .LVU620
 2219 0096 082D     		cmp	r5, #8
 2220 0098 09D0     		beq	.L141
 851:Drivers/STM32F0xx_HAL_Driver/Src/stm32f0xx_hal_tim_ex.c ****   }
 2221              		.loc 1 851 5 discriminator 6 view .LVU621
 2222 009a 4523     		movs	r3, #69
 2223 009c 0122     		movs	r2, #1
 2224 009e E254     		strb	r2, [r4, r3]
 2225 00a0 0020     		movs	r0, #0
 2226 00a2 E9E7     		b	.L131
 2227              	.L140:
 851:Drivers/STM32F0xx_HAL_Driver/Src/stm32f0xx_hal_tim_ex.c ****   }
 2228              		.loc 1 851 5 discriminator 3 view .LVU622
 2229 00a4 4323     		movs	r3, #67
 2230 00a6 0122     		movs	r2, #1
 2231 00a8 E254     		strb	r2, [r4, r3]
 2232 00aa 0020     		movs	r0, #0
 2233 00ac E4E7     		b	.L131
 2234              	.L141:
 851:Drivers/STM32F0xx_HAL_Driver/Src/stm32f0xx_hal_tim_ex.c ****   }
 2235              		.loc 1 851 5 discriminator 5 view .LVU623
 2236 00ae 4423     		movs	r3, #68
 2237 00b0 0122     		movs	r2, #1
 2238 00b2 E254     		strb	r2, [r4, r3]
 2239 00b4 0020     		movs	r0, #0
 2240 00b6 DFE7     		b	.L131
 2241              	.LVL175:
 2242              	.L139:
 804:Drivers/STM32F0xx_HAL_Driver/Src/stm32f0xx_hal_tim_ex.c ****   {
 2243              		.loc 1 804 3 view .LVU624
 2244 00b8 0120     		movs	r0, #1
 2245              	.LVL176:
 804:Drivers/STM32F0xx_HAL_Driver/Src/stm32f0xx_hal_tim_ex.c ****   {
 2246              		.loc 1 804 3 view .LVU625
 2247 00ba DDE7     		b	.L131
 2248              	.L143:
ARM GAS  C:\Users\fastr\AppData\Local\Temp\ccGFXKp9.s 			page 92


 2249              		.align	2
 2250              	.L142:
 2251 00bc 44040000 		.word	1092
 2252 00c0 11110000 		.word	4369
 2253 00c4 FF7FFFFF 		.word	-32769
 2254              		.cfi_endproc
 2255              	.LFE53:
 2257              		.section	.text.HAL_TIMEx_OCN_Start_DMA,"ax",%progbits
 2258              		.align	1
 2259              		.global	HAL_TIMEx_OCN_Start_DMA
 2260              		.syntax unified
 2261              		.code	16
 2262              		.thumb_func
 2264              	HAL_TIMEx_OCN_Start_DMA:
 2265              	.LVL177:
 2266              	.LFB54:
 873:Drivers/STM32F0xx_HAL_Driver/Src/stm32f0xx_hal_tim_ex.c ****   HAL_StatusTypeDef status = HAL_OK;
 2267              		.loc 1 873 1 is_stmt 1 view -0
 2268              		.cfi_startproc
 2269              		@ args = 0, pretend = 0, frame = 0
 2270              		@ frame_needed = 0, uses_anonymous_args = 0
 873:Drivers/STM32F0xx_HAL_Driver/Src/stm32f0xx_hal_tim_ex.c ****   HAL_StatusTypeDef status = HAL_OK;
 2271              		.loc 1 873 1 is_stmt 0 view .LVU627
 2272 0000 70B5     		push	{r4, r5, r6, lr}
 2273              		.cfi_def_cfa_offset 16
 2274              		.cfi_offset 4, -16
 2275              		.cfi_offset 5, -12
 2276              		.cfi_offset 6, -8
 2277              		.cfi_offset 14, -4
 2278 0002 0500     		movs	r5, r0
 2279 0004 0C00     		movs	r4, r1
 2280 0006 1100     		movs	r1, r2
 2281              	.LVL178:
 874:Drivers/STM32F0xx_HAL_Driver/Src/stm32f0xx_hal_tim_ex.c ****   uint32_t tmpsmcr;
 2282              		.loc 1 874 3 is_stmt 1 view .LVU628
 875:Drivers/STM32F0xx_HAL_Driver/Src/stm32f0xx_hal_tim_ex.c **** 
 2283              		.loc 1 875 3 view .LVU629
 878:Drivers/STM32F0xx_HAL_Driver/Src/stm32f0xx_hal_tim_ex.c **** 
 2284              		.loc 1 878 3 view .LVU630
 881:Drivers/STM32F0xx_HAL_Driver/Src/stm32f0xx_hal_tim_ex.c ****   {
 2285              		.loc 1 881 3 view .LVU631
 881:Drivers/STM32F0xx_HAL_Driver/Src/stm32f0xx_hal_tim_ex.c ****   {
 2286              		.loc 1 881 46 is_stmt 0 view .LVU632
 2287 0008 002C     		cmp	r4, #0
 2288 000a 56D1     		bne	.L145
 881:Drivers/STM32F0xx_HAL_Driver/Src/stm32f0xx_hal_tim_ex.c ****   {
 2289              		.loc 1 881 7 discriminator 1 view .LVU633
 2290 000c 4222     		movs	r2, #66
 2291              	.LVL179:
 881:Drivers/STM32F0xx_HAL_Driver/Src/stm32f0xx_hal_tim_ex.c ****   {
 2292              		.loc 1 881 7 discriminator 1 view .LVU634
 2293 000e 825C     		ldrb	r2, [r0, r2]
 881:Drivers/STM32F0xx_HAL_Driver/Src/stm32f0xx_hal_tim_ex.c ****   {
 2294              		.loc 1 881 46 discriminator 1 view .LVU635
 2295 0010 023A     		subs	r2, r2, #2
 2296 0012 5042     		rsbs	r0, r2, #0
 2297 0014 4241     		adcs	r2, r2, r0
ARM GAS  C:\Users\fastr\AppData\Local\Temp\ccGFXKp9.s 			page 93


 2298              	.LVL180:
 881:Drivers/STM32F0xx_HAL_Driver/Src/stm32f0xx_hal_tim_ex.c ****   {
 2299              		.loc 1 881 46 discriminator 1 view .LVU636
 2300 0016 D2B2     		uxtb	r2, r2
 2301              	.L146:
 881:Drivers/STM32F0xx_HAL_Driver/Src/stm32f0xx_hal_tim_ex.c ****   {
 2302              		.loc 1 881 6 discriminator 10 view .LVU637
 2303 0018 002A     		cmp	r2, #0
 2304 001a 00D0     		beq	.LCB2094
 2305 001c CDE0     		b	.L163	@long jump
 2306              	.LCB2094:
 885:Drivers/STM32F0xx_HAL_Driver/Src/stm32f0xx_hal_tim_ex.c ****   {
 2307              		.loc 1 885 8 is_stmt 1 view .LVU638
 885:Drivers/STM32F0xx_HAL_Driver/Src/stm32f0xx_hal_tim_ex.c ****   {
 2308              		.loc 1 885 51 is_stmt 0 view .LVU639
 2309 001e 002C     		cmp	r4, #0
 2310 0020 64D1     		bne	.L150
 885:Drivers/STM32F0xx_HAL_Driver/Src/stm32f0xx_hal_tim_ex.c ****   {
 2311              		.loc 1 885 12 discriminator 1 view .LVU640
 2312 0022 4232     		adds	r2, r2, #66
 2313 0024 AA5C     		ldrb	r2, [r5, r2]
 885:Drivers/STM32F0xx_HAL_Driver/Src/stm32f0xx_hal_tim_ex.c ****   {
 2314              		.loc 1 885 51 discriminator 1 view .LVU641
 2315 0026 013A     		subs	r2, r2, #1
 2316 0028 5042     		rsbs	r0, r2, #0
 2317 002a 4241     		adcs	r2, r2, r0
 2318 002c D2B2     		uxtb	r2, r2
 2319              	.L151:
 885:Drivers/STM32F0xx_HAL_Driver/Src/stm32f0xx_hal_tim_ex.c ****   {
 2320              		.loc 1 885 11 discriminator 10 view .LVU642
 2321 002e 002A     		cmp	r2, #0
 2322 0030 00D1     		bne	.LCB2107
 2323 0032 C4E0     		b	.L164	@long jump
 2324              	.LCB2107:
 887:Drivers/STM32F0xx_HAL_Driver/Src/stm32f0xx_hal_tim_ex.c ****     {
 2325              		.loc 1 887 5 is_stmt 1 view .LVU643
 887:Drivers/STM32F0xx_HAL_Driver/Src/stm32f0xx_hal_tim_ex.c ****     {
 2326              		.loc 1 887 8 is_stmt 0 view .LVU644
 2327 0034 0029     		cmp	r1, #0
 2328 0036 00D1     		bne	.LCB2110
 2329 0038 C3E0     		b	.L165	@long jump
 2330              	.LCB2110:
 887:Drivers/STM32F0xx_HAL_Driver/Src/stm32f0xx_hal_tim_ex.c ****     {
 2331              		.loc 1 887 25 discriminator 1 view .LVU645
 2332 003a 002B     		cmp	r3, #0
 2333 003c 00D1     		bne	.LCB2112
 2334 003e C2E0     		b	.L166	@long jump
 2335              	.LCB2112:
 893:Drivers/STM32F0xx_HAL_Driver/Src/stm32f0xx_hal_tim_ex.c ****     }
 2336              		.loc 1 893 7 is_stmt 1 view .LVU646
 2337 0040 002C     		cmp	r4, #0
 2338 0042 6CD1     		bne	.L154
 893:Drivers/STM32F0xx_HAL_Driver/Src/stm32f0xx_hal_tim_ex.c ****     }
 2339              		.loc 1 893 7 is_stmt 0 discriminator 1 view .LVU647
 2340 0044 4222     		movs	r2, #66
 2341 0046 0220     		movs	r0, #2
 2342 0048 A854     		strb	r0, [r5, r2]
ARM GAS  C:\Users\fastr\AppData\Local\Temp\ccGFXKp9.s 			page 94


 901:Drivers/STM32F0xx_HAL_Driver/Src/stm32f0xx_hal_tim_ex.c ****   {
 2343              		.loc 1 901 3 is_stmt 1 view .LVU648
 2344              	.L155:
 906:Drivers/STM32F0xx_HAL_Driver/Src/stm32f0xx_hal_tim_ex.c ****       htim->hdma[TIM_DMA_ID_CC1]->XferHalfCpltCallback = TIM_DMADelayPulseHalfCplt;
 2345              		.loc 1 906 7 view .LVU649
 906:Drivers/STM32F0xx_HAL_Driver/Src/stm32f0xx_hal_tim_ex.c ****       htim->hdma[TIM_DMA_ID_CC1]->XferHalfCpltCallback = TIM_DMADelayPulseHalfCplt;
 2346              		.loc 1 906 17 is_stmt 0 view .LVU650
 2347 004a 6A6A     		ldr	r2, [r5, #36]
 906:Drivers/STM32F0xx_HAL_Driver/Src/stm32f0xx_hal_tim_ex.c ****       htim->hdma[TIM_DMA_ID_CC1]->XferHalfCpltCallback = TIM_DMADelayPulseHalfCplt;
 2348              		.loc 1 906 52 view .LVU651
 2349 004c 6348     		ldr	r0, .L178
 2350 004e 9062     		str	r0, [r2, #40]
 907:Drivers/STM32F0xx_HAL_Driver/Src/stm32f0xx_hal_tim_ex.c **** 
 2351              		.loc 1 907 7 is_stmt 1 view .LVU652
 907:Drivers/STM32F0xx_HAL_Driver/Src/stm32f0xx_hal_tim_ex.c **** 
 2352              		.loc 1 907 17 is_stmt 0 view .LVU653
 2353 0050 6A6A     		ldr	r2, [r5, #36]
 907:Drivers/STM32F0xx_HAL_Driver/Src/stm32f0xx_hal_tim_ex.c **** 
 2354              		.loc 1 907 56 view .LVU654
 2355 0052 6348     		ldr	r0, .L178+4
 2356 0054 D062     		str	r0, [r2, #44]
 910:Drivers/STM32F0xx_HAL_Driver/Src/stm32f0xx_hal_tim_ex.c **** 
 2357              		.loc 1 910 7 is_stmt 1 view .LVU655
 910:Drivers/STM32F0xx_HAL_Driver/Src/stm32f0xx_hal_tim_ex.c **** 
 2358              		.loc 1 910 17 is_stmt 0 view .LVU656
 2359 0056 6A6A     		ldr	r2, [r5, #36]
 910:Drivers/STM32F0xx_HAL_Driver/Src/stm32f0xx_hal_tim_ex.c **** 
 2360              		.loc 1 910 53 view .LVU657
 2361 0058 6248     		ldr	r0, .L178+8
 2362 005a 1063     		str	r0, [r2, #48]
 913:Drivers/STM32F0xx_HAL_Driver/Src/stm32f0xx_hal_tim_ex.c ****                            Length) != HAL_OK)
 2363              		.loc 1 913 7 is_stmt 1 view .LVU658
 913:Drivers/STM32F0xx_HAL_Driver/Src/stm32f0xx_hal_tim_ex.c ****                            Length) != HAL_OK)
 2364              		.loc 1 913 88 is_stmt 0 view .LVU659
 2365 005c 2A68     		ldr	r2, [r5]
 913:Drivers/STM32F0xx_HAL_Driver/Src/stm32f0xx_hal_tim_ex.c ****                            Length) != HAL_OK)
 2366              		.loc 1 913 83 view .LVU660
 2367 005e 3432     		adds	r2, r2, #52
 913:Drivers/STM32F0xx_HAL_Driver/Src/stm32f0xx_hal_tim_ex.c ****                            Length) != HAL_OK)
 2368              		.loc 1 913 11 view .LVU661
 2369 0060 686A     		ldr	r0, [r5, #36]
 2370 0062 FFF7FEFF 		bl	HAL_DMA_Start_IT
 2371              	.LVL181:
 913:Drivers/STM32F0xx_HAL_Driver/Src/stm32f0xx_hal_tim_ex.c ****                            Length) != HAL_OK)
 2372              		.loc 1 913 10 discriminator 1 view .LVU662
 2373 0066 0028     		cmp	r0, #0
 2374 0068 00D0     		beq	.LCB2144
 2375 006a AEE0     		b	.L168	@long jump
 2376              	.LCB2144:
 920:Drivers/STM32F0xx_HAL_Driver/Src/stm32f0xx_hal_tim_ex.c ****       break;
 2377              		.loc 1 920 7 is_stmt 1 view .LVU663
 2378 006c 2A68     		ldr	r2, [r5]
 2379 006e D168     		ldr	r1, [r2, #12]
 2380 0070 8023     		movs	r3, #128
 2381 0072 9B00     		lsls	r3, r3, #2
 2382 0074 0B43     		orrs	r3, r1
 2383 0076 D360     		str	r3, [r2, #12]
ARM GAS  C:\Users\fastr\AppData\Local\Temp\ccGFXKp9.s 			page 95


 921:Drivers/STM32F0xx_HAL_Driver/Src/stm32f0xx_hal_tim_ex.c ****     }
 2384              		.loc 1 921 7 view .LVU664
 971:Drivers/STM32F0xx_HAL_Driver/Src/stm32f0xx_hal_tim_ex.c ****   {
 2385              		.loc 1 971 3 view .LVU665
 2386              	.L160:
 974:Drivers/STM32F0xx_HAL_Driver/Src/stm32f0xx_hal_tim_ex.c **** 
 2387              		.loc 1 974 5 view .LVU666
 2388 0078 2868     		ldr	r0, [r5]
 2389 007a 0422     		movs	r2, #4
 2390 007c 2100     		movs	r1, r4
 2391 007e FFF7FEFF 		bl	TIM_CCxNChannelCmd
 2392              	.LVL182:
 977:Drivers/STM32F0xx_HAL_Driver/Src/stm32f0xx_hal_tim_ex.c **** 
 2393              		.loc 1 977 5 view .LVU667
 2394 0082 2A68     		ldr	r2, [r5]
 2395 0084 516C     		ldr	r1, [r2, #68]
 2396 0086 8023     		movs	r3, #128
 2397 0088 1B02     		lsls	r3, r3, #8
 2398 008a 0B43     		orrs	r3, r1
 2399 008c 5364     		str	r3, [r2, #68]
 980:Drivers/STM32F0xx_HAL_Driver/Src/stm32f0xx_hal_tim_ex.c ****     {
 2400              		.loc 1 980 5 view .LVU668
 980:Drivers/STM32F0xx_HAL_Driver/Src/stm32f0xx_hal_tim_ex.c ****     {
 2401              		.loc 1 980 9 is_stmt 0 view .LVU669
 2402 008e 2B68     		ldr	r3, [r5]
 980:Drivers/STM32F0xx_HAL_Driver/Src/stm32f0xx_hal_tim_ex.c ****     {
 2403              		.loc 1 980 8 view .LVU670
 2404 0090 554A     		ldr	r2, .L178+12
 2405 0092 9342     		cmp	r3, r2
 2406 0094 00D1     		bne	.LCB2174
 2407 0096 85E0     		b	.L161	@long jump
 2408              	.LCB2174:
 980:Drivers/STM32F0xx_HAL_Driver/Src/stm32f0xx_hal_tim_ex.c ****     {
 2409              		.loc 1 980 9 discriminator 1 view .LVU671
 2410 0098 8022     		movs	r2, #128
 2411 009a D205     		lsls	r2, r2, #23
 2412 009c 9342     		cmp	r3, r2
 2413 009e 00D1     		bne	.LCB2178
 2414 00a0 80E0     		b	.L161	@long jump
 2415              	.LCB2178:
 980:Drivers/STM32F0xx_HAL_Driver/Src/stm32f0xx_hal_tim_ex.c ****     {
 2416              		.loc 1 980 9 discriminator 2 view .LVU672
 2417 00a2 524A     		ldr	r2, .L178+16
 2418 00a4 9342     		cmp	r3, r2
 2419 00a6 7DD0     		beq	.L161
 980:Drivers/STM32F0xx_HAL_Driver/Src/stm32f0xx_hal_tim_ex.c ****     {
 2420              		.loc 1 980 9 discriminator 3 view .LVU673
 2421 00a8 514A     		ldr	r2, .L178+20
 2422 00aa 9342     		cmp	r3, r2
 2423 00ac 7AD0     		beq	.L161
 990:Drivers/STM32F0xx_HAL_Driver/Src/stm32f0xx_hal_tim_ex.c ****     }
 2424              		.loc 1 990 7 is_stmt 1 view .LVU674
 2425 00ae 1A68     		ldr	r2, [r3]
 2426 00b0 0121     		movs	r1, #1
 2427 00b2 0A43     		orrs	r2, r1
 2428 00b4 1A60     		str	r2, [r3]
 2429 00b6 0020     		movs	r0, #0
ARM GAS  C:\Users\fastr\AppData\Local\Temp\ccGFXKp9.s 			page 96


 2430 00b8 82E0     		b	.L149
 2431              	.LVL183:
 2432              	.L145:
 881:Drivers/STM32F0xx_HAL_Driver/Src/stm32f0xx_hal_tim_ex.c ****   {
 2433              		.loc 1 881 46 is_stmt 0 discriminator 2 view .LVU675
 2434 00ba 042C     		cmp	r4, #4
 2435 00bc 08D0     		beq	.L172
 881:Drivers/STM32F0xx_HAL_Driver/Src/stm32f0xx_hal_tim_ex.c ****   {
 2436              		.loc 1 881 46 discriminator 5 view .LVU676
 2437 00be 082C     		cmp	r4, #8
 2438 00c0 0DD0     		beq	.L173
 881:Drivers/STM32F0xx_HAL_Driver/Src/stm32f0xx_hal_tim_ex.c ****   {
 2439              		.loc 1 881 7 discriminator 8 view .LVU677
 2440 00c2 4522     		movs	r2, #69
 2441 00c4 825C     		ldrb	r2, [r0, r2]
 881:Drivers/STM32F0xx_HAL_Driver/Src/stm32f0xx_hal_tim_ex.c ****   {
 2442              		.loc 1 881 46 discriminator 8 view .LVU678
 2443 00c6 023A     		subs	r2, r2, #2
 2444 00c8 5042     		rsbs	r0, r2, #0
 2445 00ca 4241     		adcs	r2, r2, r0
 2446              	.LVL184:
 881:Drivers/STM32F0xx_HAL_Driver/Src/stm32f0xx_hal_tim_ex.c ****   {
 2447              		.loc 1 881 46 discriminator 8 view .LVU679
 2448 00cc D2B2     		uxtb	r2, r2
 2449 00ce A3E7     		b	.L146
 2450              	.LVL185:
 2451              	.L172:
 881:Drivers/STM32F0xx_HAL_Driver/Src/stm32f0xx_hal_tim_ex.c ****   {
 2452              		.loc 1 881 7 discriminator 4 view .LVU680
 2453 00d0 4322     		movs	r2, #67
 2454 00d2 825C     		ldrb	r2, [r0, r2]
 881:Drivers/STM32F0xx_HAL_Driver/Src/stm32f0xx_hal_tim_ex.c ****   {
 2455              		.loc 1 881 46 discriminator 4 view .LVU681
 2456 00d4 023A     		subs	r2, r2, #2
 2457 00d6 5042     		rsbs	r0, r2, #0
 2458 00d8 4241     		adcs	r2, r2, r0
 2459              	.LVL186:
 881:Drivers/STM32F0xx_HAL_Driver/Src/stm32f0xx_hal_tim_ex.c ****   {
 2460              		.loc 1 881 46 discriminator 4 view .LVU682
 2461 00da D2B2     		uxtb	r2, r2
 2462 00dc 9CE7     		b	.L146
 2463              	.LVL187:
 2464              	.L173:
 881:Drivers/STM32F0xx_HAL_Driver/Src/stm32f0xx_hal_tim_ex.c ****   {
 2465              		.loc 1 881 7 discriminator 7 view .LVU683
 2466 00de 4422     		movs	r2, #68
 2467 00e0 825C     		ldrb	r2, [r0, r2]
 881:Drivers/STM32F0xx_HAL_Driver/Src/stm32f0xx_hal_tim_ex.c ****   {
 2468              		.loc 1 881 46 discriminator 7 view .LVU684
 2469 00e2 023A     		subs	r2, r2, #2
 2470 00e4 5042     		rsbs	r0, r2, #0
 2471 00e6 4241     		adcs	r2, r2, r0
 2472              	.LVL188:
 881:Drivers/STM32F0xx_HAL_Driver/Src/stm32f0xx_hal_tim_ex.c ****   {
 2473              		.loc 1 881 46 discriminator 7 view .LVU685
 2474 00e8 D2B2     		uxtb	r2, r2
 2475 00ea 95E7     		b	.L146
ARM GAS  C:\Users\fastr\AppData\Local\Temp\ccGFXKp9.s 			page 97


 2476              	.L150:
 885:Drivers/STM32F0xx_HAL_Driver/Src/stm32f0xx_hal_tim_ex.c ****   {
 2477              		.loc 1 885 51 discriminator 2 view .LVU686
 2478 00ec 042C     		cmp	r4, #4
 2479 00ee 08D0     		beq	.L174
 885:Drivers/STM32F0xx_HAL_Driver/Src/stm32f0xx_hal_tim_ex.c ****   {
 2480              		.loc 1 885 51 discriminator 5 view .LVU687
 2481 00f0 082C     		cmp	r4, #8
 2482 00f2 0DD0     		beq	.L175
 885:Drivers/STM32F0xx_HAL_Driver/Src/stm32f0xx_hal_tim_ex.c ****   {
 2483              		.loc 1 885 12 discriminator 8 view .LVU688
 2484 00f4 4522     		movs	r2, #69
 2485 00f6 AA5C     		ldrb	r2, [r5, r2]
 885:Drivers/STM32F0xx_HAL_Driver/Src/stm32f0xx_hal_tim_ex.c ****   {
 2486              		.loc 1 885 51 discriminator 8 view .LVU689
 2487 00f8 013A     		subs	r2, r2, #1
 2488 00fa 5042     		rsbs	r0, r2, #0
 2489 00fc 4241     		adcs	r2, r2, r0
 2490 00fe D2B2     		uxtb	r2, r2
 2491 0100 95E7     		b	.L151
 2492              	.L174:
 885:Drivers/STM32F0xx_HAL_Driver/Src/stm32f0xx_hal_tim_ex.c ****   {
 2493              		.loc 1 885 12 discriminator 4 view .LVU690
 2494 0102 4322     		movs	r2, #67
 2495 0104 AA5C     		ldrb	r2, [r5, r2]
 885:Drivers/STM32F0xx_HAL_Driver/Src/stm32f0xx_hal_tim_ex.c ****   {
 2496              		.loc 1 885 51 discriminator 4 view .LVU691
 2497 0106 013A     		subs	r2, r2, #1
 2498 0108 5042     		rsbs	r0, r2, #0
 2499 010a 4241     		adcs	r2, r2, r0
 2500 010c D2B2     		uxtb	r2, r2
 2501 010e 8EE7     		b	.L151
 2502              	.L175:
 885:Drivers/STM32F0xx_HAL_Driver/Src/stm32f0xx_hal_tim_ex.c ****   {
 2503              		.loc 1 885 12 discriminator 7 view .LVU692
 2504 0110 4422     		movs	r2, #68
 2505 0112 AA5C     		ldrb	r2, [r5, r2]
 885:Drivers/STM32F0xx_HAL_Driver/Src/stm32f0xx_hal_tim_ex.c ****   {
 2506              		.loc 1 885 51 discriminator 7 view .LVU693
 2507 0114 013A     		subs	r2, r2, #1
 2508 0116 5042     		rsbs	r0, r2, #0
 2509 0118 4241     		adcs	r2, r2, r0
 2510 011a D2B2     		uxtb	r2, r2
 2511 011c 87E7     		b	.L151
 2512              	.L154:
 893:Drivers/STM32F0xx_HAL_Driver/Src/stm32f0xx_hal_tim_ex.c ****     }
 2513              		.loc 1 893 7 discriminator 2 view .LVU694
 2514 011e 042C     		cmp	r4, #4
 2515 0120 0CD0     		beq	.L176
 893:Drivers/STM32F0xx_HAL_Driver/Src/stm32f0xx_hal_tim_ex.c ****     }
 2516              		.loc 1 893 7 discriminator 4 view .LVU695
 2517 0122 082C     		cmp	r4, #8
 2518 0124 24D0     		beq	.L177
 893:Drivers/STM32F0xx_HAL_Driver/Src/stm32f0xx_hal_tim_ex.c ****     }
 2519              		.loc 1 893 7 discriminator 6 view .LVU696
 2520 0126 4522     		movs	r2, #69
 2521 0128 0220     		movs	r0, #2
ARM GAS  C:\Users\fastr\AppData\Local\Temp\ccGFXKp9.s 			page 98


 2522 012a A854     		strb	r0, [r5, r2]
 901:Drivers/STM32F0xx_HAL_Driver/Src/stm32f0xx_hal_tim_ex.c ****   {
 2523              		.loc 1 901 3 is_stmt 1 view .LVU697
 2524 012c 042C     		cmp	r4, #4
 2525 012e 08D0     		beq	.L157
 2526 0130 082C     		cmp	r4, #8
 2527 0132 20D0     		beq	.L159
 2528 0134 002C     		cmp	r4, #0
 2529 0136 88D0     		beq	.L155
 2530 0138 0120     		movs	r0, #1
 2531 013a 41E0     		b	.L149
 2532              	.L176:
 893:Drivers/STM32F0xx_HAL_Driver/Src/stm32f0xx_hal_tim_ex.c ****     }
 2533              		.loc 1 893 7 is_stmt 0 discriminator 3 view .LVU698
 2534 013c 4322     		movs	r2, #67
 2535 013e 0220     		movs	r0, #2
 2536 0140 A854     		strb	r0, [r5, r2]
 901:Drivers/STM32F0xx_HAL_Driver/Src/stm32f0xx_hal_tim_ex.c ****   {
 2537              		.loc 1 901 3 is_stmt 1 view .LVU699
 2538              	.L157:
 927:Drivers/STM32F0xx_HAL_Driver/Src/stm32f0xx_hal_tim_ex.c ****       htim->hdma[TIM_DMA_ID_CC2]->XferHalfCpltCallback = TIM_DMADelayPulseHalfCplt;
 2539              		.loc 1 927 7 view .LVU700
 927:Drivers/STM32F0xx_HAL_Driver/Src/stm32f0xx_hal_tim_ex.c ****       htim->hdma[TIM_DMA_ID_CC2]->XferHalfCpltCallback = TIM_DMADelayPulseHalfCplt;
 2540              		.loc 1 927 17 is_stmt 0 view .LVU701
 2541 0142 AA6A     		ldr	r2, [r5, #40]
 927:Drivers/STM32F0xx_HAL_Driver/Src/stm32f0xx_hal_tim_ex.c ****       htim->hdma[TIM_DMA_ID_CC2]->XferHalfCpltCallback = TIM_DMADelayPulseHalfCplt;
 2542              		.loc 1 927 52 view .LVU702
 2543 0144 2548     		ldr	r0, .L178
 2544 0146 9062     		str	r0, [r2, #40]
 928:Drivers/STM32F0xx_HAL_Driver/Src/stm32f0xx_hal_tim_ex.c **** 
 2545              		.loc 1 928 7 is_stmt 1 view .LVU703
 928:Drivers/STM32F0xx_HAL_Driver/Src/stm32f0xx_hal_tim_ex.c **** 
 2546              		.loc 1 928 17 is_stmt 0 view .LVU704
 2547 0148 AA6A     		ldr	r2, [r5, #40]
 928:Drivers/STM32F0xx_HAL_Driver/Src/stm32f0xx_hal_tim_ex.c **** 
 2548              		.loc 1 928 56 view .LVU705
 2549 014a 2548     		ldr	r0, .L178+4
 2550 014c D062     		str	r0, [r2, #44]
 931:Drivers/STM32F0xx_HAL_Driver/Src/stm32f0xx_hal_tim_ex.c **** 
 2551              		.loc 1 931 7 is_stmt 1 view .LVU706
 931:Drivers/STM32F0xx_HAL_Driver/Src/stm32f0xx_hal_tim_ex.c **** 
 2552              		.loc 1 931 17 is_stmt 0 view .LVU707
 2553 014e AA6A     		ldr	r2, [r5, #40]
 931:Drivers/STM32F0xx_HAL_Driver/Src/stm32f0xx_hal_tim_ex.c **** 
 2554              		.loc 1 931 53 view .LVU708
 2555 0150 2448     		ldr	r0, .L178+8
 2556 0152 1063     		str	r0, [r2, #48]
 934:Drivers/STM32F0xx_HAL_Driver/Src/stm32f0xx_hal_tim_ex.c ****                            Length) != HAL_OK)
 2557              		.loc 1 934 7 is_stmt 1 view .LVU709
 934:Drivers/STM32F0xx_HAL_Driver/Src/stm32f0xx_hal_tim_ex.c ****                            Length) != HAL_OK)
 2558              		.loc 1 934 88 is_stmt 0 view .LVU710
 2559 0154 2A68     		ldr	r2, [r5]
 934:Drivers/STM32F0xx_HAL_Driver/Src/stm32f0xx_hal_tim_ex.c ****                            Length) != HAL_OK)
 2560              		.loc 1 934 83 view .LVU711
 2561 0156 3832     		adds	r2, r2, #56
 934:Drivers/STM32F0xx_HAL_Driver/Src/stm32f0xx_hal_tim_ex.c ****                            Length) != HAL_OK)
 2562              		.loc 1 934 11 view .LVU712
ARM GAS  C:\Users\fastr\AppData\Local\Temp\ccGFXKp9.s 			page 99


 2563 0158 A86A     		ldr	r0, [r5, #40]
 2564 015a FFF7FEFF 		bl	HAL_DMA_Start_IT
 2565              	.LVL189:
 934:Drivers/STM32F0xx_HAL_Driver/Src/stm32f0xx_hal_tim_ex.c ****                            Length) != HAL_OK)
 2566              		.loc 1 934 10 discriminator 1 view .LVU713
 2567 015e 0028     		cmp	r0, #0
 2568 0160 35D1     		bne	.L169
 941:Drivers/STM32F0xx_HAL_Driver/Src/stm32f0xx_hal_tim_ex.c ****       break;
 2569              		.loc 1 941 7 is_stmt 1 view .LVU714
 2570 0162 2A68     		ldr	r2, [r5]
 2571 0164 D168     		ldr	r1, [r2, #12]
 2572 0166 8023     		movs	r3, #128
 2573 0168 DB00     		lsls	r3, r3, #3
 2574 016a 0B43     		orrs	r3, r1
 2575 016c D360     		str	r3, [r2, #12]
 942:Drivers/STM32F0xx_HAL_Driver/Src/stm32f0xx_hal_tim_ex.c ****     }
 2576              		.loc 1 942 7 view .LVU715
 971:Drivers/STM32F0xx_HAL_Driver/Src/stm32f0xx_hal_tim_ex.c ****   {
 2577              		.loc 1 971 3 view .LVU716
 2578 016e 83E7     		b	.L160
 2579              	.LVL190:
 2580              	.L177:
 893:Drivers/STM32F0xx_HAL_Driver/Src/stm32f0xx_hal_tim_ex.c ****     }
 2581              		.loc 1 893 7 is_stmt 0 discriminator 5 view .LVU717
 2582 0170 4422     		movs	r2, #68
 2583 0172 0220     		movs	r0, #2
 2584 0174 A854     		strb	r0, [r5, r2]
 901:Drivers/STM32F0xx_HAL_Driver/Src/stm32f0xx_hal_tim_ex.c ****   {
 2585              		.loc 1 901 3 is_stmt 1 view .LVU718
 2586              	.L159:
 948:Drivers/STM32F0xx_HAL_Driver/Src/stm32f0xx_hal_tim_ex.c ****       htim->hdma[TIM_DMA_ID_CC3]->XferHalfCpltCallback = TIM_DMADelayPulseHalfCplt;
 2587              		.loc 1 948 7 view .LVU719
 948:Drivers/STM32F0xx_HAL_Driver/Src/stm32f0xx_hal_tim_ex.c ****       htim->hdma[TIM_DMA_ID_CC3]->XferHalfCpltCallback = TIM_DMADelayPulseHalfCplt;
 2588              		.loc 1 948 17 is_stmt 0 view .LVU720
 2589 0176 EA6A     		ldr	r2, [r5, #44]
 948:Drivers/STM32F0xx_HAL_Driver/Src/stm32f0xx_hal_tim_ex.c ****       htim->hdma[TIM_DMA_ID_CC3]->XferHalfCpltCallback = TIM_DMADelayPulseHalfCplt;
 2590              		.loc 1 948 52 view .LVU721
 2591 0178 1848     		ldr	r0, .L178
 2592 017a 9062     		str	r0, [r2, #40]
 949:Drivers/STM32F0xx_HAL_Driver/Src/stm32f0xx_hal_tim_ex.c **** 
 2593              		.loc 1 949 7 is_stmt 1 view .LVU722
 949:Drivers/STM32F0xx_HAL_Driver/Src/stm32f0xx_hal_tim_ex.c **** 
 2594              		.loc 1 949 17 is_stmt 0 view .LVU723
 2595 017c EA6A     		ldr	r2, [r5, #44]
 949:Drivers/STM32F0xx_HAL_Driver/Src/stm32f0xx_hal_tim_ex.c **** 
 2596              		.loc 1 949 56 view .LVU724
 2597 017e 1848     		ldr	r0, .L178+4
 2598 0180 D062     		str	r0, [r2, #44]
 952:Drivers/STM32F0xx_HAL_Driver/Src/stm32f0xx_hal_tim_ex.c **** 
 2599              		.loc 1 952 7 is_stmt 1 view .LVU725
 952:Drivers/STM32F0xx_HAL_Driver/Src/stm32f0xx_hal_tim_ex.c **** 
 2600              		.loc 1 952 17 is_stmt 0 view .LVU726
 2601 0182 EA6A     		ldr	r2, [r5, #44]
 952:Drivers/STM32F0xx_HAL_Driver/Src/stm32f0xx_hal_tim_ex.c **** 
 2602              		.loc 1 952 53 view .LVU727
 2603 0184 1748     		ldr	r0, .L178+8
 2604 0186 1063     		str	r0, [r2, #48]
ARM GAS  C:\Users\fastr\AppData\Local\Temp\ccGFXKp9.s 			page 100


 955:Drivers/STM32F0xx_HAL_Driver/Src/stm32f0xx_hal_tim_ex.c ****                            Length) != HAL_OK)
 2605              		.loc 1 955 7 is_stmt 1 view .LVU728
 955:Drivers/STM32F0xx_HAL_Driver/Src/stm32f0xx_hal_tim_ex.c ****                            Length) != HAL_OK)
 2606              		.loc 1 955 88 is_stmt 0 view .LVU729
 2607 0188 2A68     		ldr	r2, [r5]
 955:Drivers/STM32F0xx_HAL_Driver/Src/stm32f0xx_hal_tim_ex.c ****                            Length) != HAL_OK)
 2608              		.loc 1 955 83 view .LVU730
 2609 018a 3C32     		adds	r2, r2, #60
 955:Drivers/STM32F0xx_HAL_Driver/Src/stm32f0xx_hal_tim_ex.c ****                            Length) != HAL_OK)
 2610              		.loc 1 955 11 view .LVU731
 2611 018c E86A     		ldr	r0, [r5, #44]
 2612 018e FFF7FEFF 		bl	HAL_DMA_Start_IT
 2613              	.LVL191:
 955:Drivers/STM32F0xx_HAL_Driver/Src/stm32f0xx_hal_tim_ex.c ****                            Length) != HAL_OK)
 2614              		.loc 1 955 10 discriminator 1 view .LVU732
 2615 0192 0028     		cmp	r0, #0
 2616 0194 1DD1     		bne	.L170
 962:Drivers/STM32F0xx_HAL_Driver/Src/stm32f0xx_hal_tim_ex.c ****       break;
 2617              		.loc 1 962 7 is_stmt 1 view .LVU733
 2618 0196 2A68     		ldr	r2, [r5]
 2619 0198 D168     		ldr	r1, [r2, #12]
 2620 019a 8023     		movs	r3, #128
 2621 019c 1B01     		lsls	r3, r3, #4
 2622 019e 0B43     		orrs	r3, r1
 2623 01a0 D360     		str	r3, [r2, #12]
 963:Drivers/STM32F0xx_HAL_Driver/Src/stm32f0xx_hal_tim_ex.c ****     }
 2624              		.loc 1 963 7 view .LVU734
 971:Drivers/STM32F0xx_HAL_Driver/Src/stm32f0xx_hal_tim_ex.c ****   {
 2625              		.loc 1 971 3 view .LVU735
 2626 01a2 69E7     		b	.L160
 2627              	.L161:
 982:Drivers/STM32F0xx_HAL_Driver/Src/stm32f0xx_hal_tim_ex.c ****       if (!IS_TIM_SLAVEMODE_TRIGGER_ENABLED(tmpsmcr))
 2628              		.loc 1 982 7 view .LVU736
 982:Drivers/STM32F0xx_HAL_Driver/Src/stm32f0xx_hal_tim_ex.c ****       if (!IS_TIM_SLAVEMODE_TRIGGER_ENABLED(tmpsmcr))
 2629              		.loc 1 982 31 is_stmt 0 view .LVU737
 2630 01a4 9968     		ldr	r1, [r3, #8]
 982:Drivers/STM32F0xx_HAL_Driver/Src/stm32f0xx_hal_tim_ex.c ****       if (!IS_TIM_SLAVEMODE_TRIGGER_ENABLED(tmpsmcr))
 2631              		.loc 1 982 15 view .LVU738
 2632 01a6 0722     		movs	r2, #7
 2633 01a8 0A40     		ands	r2, r1
 2634              	.LVL192:
 983:Drivers/STM32F0xx_HAL_Driver/Src/stm32f0xx_hal_tim_ex.c ****       {
 2635              		.loc 1 983 7 is_stmt 1 view .LVU739
 983:Drivers/STM32F0xx_HAL_Driver/Src/stm32f0xx_hal_tim_ex.c ****       {
 2636              		.loc 1 983 10 is_stmt 0 view .LVU740
 2637 01aa 062A     		cmp	r2, #6
 2638 01ac 13D0     		beq	.L171
 985:Drivers/STM32F0xx_HAL_Driver/Src/stm32f0xx_hal_tim_ex.c ****       }
 2639              		.loc 1 985 9 is_stmt 1 view .LVU741
 2640 01ae 1A68     		ldr	r2, [r3]
 2641              	.LVL193:
 985:Drivers/STM32F0xx_HAL_Driver/Src/stm32f0xx_hal_tim_ex.c ****       }
 2642              		.loc 1 985 9 is_stmt 0 view .LVU742
 2643 01b0 0121     		movs	r1, #1
 2644              	.LVL194:
 985:Drivers/STM32F0xx_HAL_Driver/Src/stm32f0xx_hal_tim_ex.c ****       }
 2645              		.loc 1 985 9 view .LVU743
ARM GAS  C:\Users\fastr\AppData\Local\Temp\ccGFXKp9.s 			page 101


 2646 01b2 0A43     		orrs	r2, r1
 2647 01b4 1A60     		str	r2, [r3]
 2648 01b6 0020     		movs	r0, #0
 2649 01b8 02E0     		b	.L149
 2650              	.LVL195:
 2651              	.L163:
 883:Drivers/STM32F0xx_HAL_Driver/Src/stm32f0xx_hal_tim_ex.c ****   }
 2652              		.loc 1 883 12 view .LVU744
 2653 01ba 0220     		movs	r0, #2
 2654 01bc 00E0     		b	.L149
 2655              	.L164:
 898:Drivers/STM32F0xx_HAL_Driver/Src/stm32f0xx_hal_tim_ex.c ****   }
 2656              		.loc 1 898 12 view .LVU745
 2657 01be 0120     		movs	r0, #1
 2658              	.LVL196:
 2659              	.L149:
 996:Drivers/STM32F0xx_HAL_Driver/Src/stm32f0xx_hal_tim_ex.c **** 
 2660              		.loc 1 996 1 view .LVU746
 2661              		@ sp needed
 2662              	.LVL197:
 2663              	.LVL198:
 996:Drivers/STM32F0xx_HAL_Driver/Src/stm32f0xx_hal_tim_ex.c **** 
 2664              		.loc 1 996 1 view .LVU747
 2665 01c0 70BD     		pop	{r4, r5, r6, pc}
 2666              	.LVL199:
 2667              	.L165:
 889:Drivers/STM32F0xx_HAL_Driver/Src/stm32f0xx_hal_tim_ex.c ****     }
 2668              		.loc 1 889 14 view .LVU748
 2669 01c2 0120     		movs	r0, #1
 2670 01c4 FCE7     		b	.L149
 2671              	.L166:
 2672 01c6 0120     		movs	r0, #1
 2673 01c8 FAE7     		b	.L149
 2674              	.LVL200:
 2675              	.L168:
 917:Drivers/STM32F0xx_HAL_Driver/Src/stm32f0xx_hal_tim_ex.c ****       }
 2676              		.loc 1 917 16 view .LVU749
 2677 01ca 0120     		movs	r0, #1
 2678 01cc F8E7     		b	.L149
 2679              	.L169:
 938:Drivers/STM32F0xx_HAL_Driver/Src/stm32f0xx_hal_tim_ex.c ****       }
 2680              		.loc 1 938 16 view .LVU750
 2681 01ce 0120     		movs	r0, #1
 2682 01d0 F6E7     		b	.L149
 2683              	.L170:
 959:Drivers/STM32F0xx_HAL_Driver/Src/stm32f0xx_hal_tim_ex.c ****       }
 2684              		.loc 1 959 16 view .LVU751
 2685 01d2 0120     		movs	r0, #1
 2686 01d4 F4E7     		b	.L149
 2687              	.LVL201:
 2688              	.L171:
 959:Drivers/STM32F0xx_HAL_Driver/Src/stm32f0xx_hal_tim_ex.c ****       }
 2689              		.loc 1 959 16 view .LVU752
 2690 01d6 0020     		movs	r0, #0
 2691 01d8 F2E7     		b	.L149
 2692              	.L179:
 2693 01da C046     		.align	2
ARM GAS  C:\Users\fastr\AppData\Local\Temp\ccGFXKp9.s 			page 102


 2694              	.L178:
 2695 01dc 00000000 		.word	TIM_DMADelayPulseNCplt
 2696 01e0 00000000 		.word	TIM_DMADelayPulseHalfCplt
 2697 01e4 00000000 		.word	TIM_DMAErrorCCxN
 2698 01e8 002C0140 		.word	1073818624
 2699 01ec 00040040 		.word	1073742848
 2700 01f0 00400140 		.word	1073823744
 2701              		.cfi_endproc
 2702              	.LFE54:
 2704              		.section	.text.HAL_TIMEx_OCN_Stop_DMA,"ax",%progbits
 2705              		.align	1
 2706              		.global	HAL_TIMEx_OCN_Stop_DMA
 2707              		.syntax unified
 2708              		.code	16
 2709              		.thumb_func
 2711              	HAL_TIMEx_OCN_Stop_DMA:
 2712              	.LVL202:
 2713              	.LFB55:
1010:Drivers/STM32F0xx_HAL_Driver/Src/stm32f0xx_hal_tim_ex.c ****   HAL_StatusTypeDef status = HAL_OK;
 2714              		.loc 1 1010 1 is_stmt 1 view -0
 2715              		.cfi_startproc
 2716              		@ args = 0, pretend = 0, frame = 0
 2717              		@ frame_needed = 0, uses_anonymous_args = 0
1010:Drivers/STM32F0xx_HAL_Driver/Src/stm32f0xx_hal_tim_ex.c ****   HAL_StatusTypeDef status = HAL_OK;
 2718              		.loc 1 1010 1 is_stmt 0 view .LVU754
 2719 0000 70B5     		push	{r4, r5, r6, lr}
 2720              		.cfi_def_cfa_offset 16
 2721              		.cfi_offset 4, -16
 2722              		.cfi_offset 5, -12
 2723              		.cfi_offset 6, -8
 2724              		.cfi_offset 14, -4
 2725 0002 0400     		movs	r4, r0
 2726 0004 0D00     		movs	r5, r1
1011:Drivers/STM32F0xx_HAL_Driver/Src/stm32f0xx_hal_tim_ex.c **** 
 2727              		.loc 1 1011 3 is_stmt 1 view .LVU755
 2728              	.LVL203:
1014:Drivers/STM32F0xx_HAL_Driver/Src/stm32f0xx_hal_tim_ex.c **** 
 2729              		.loc 1 1014 3 view .LVU756
1016:Drivers/STM32F0xx_HAL_Driver/Src/stm32f0xx_hal_tim_ex.c ****   {
 2730              		.loc 1 1016 3 view .LVU757
 2731 0006 0429     		cmp	r1, #4
 2732 0008 31D0     		beq	.L181
 2733 000a 0829     		cmp	r1, #8
 2734 000c 38D0     		beq	.L182
 2735 000e 0029     		cmp	r1, #0
 2736 0010 52D1     		bne	.L190
1021:Drivers/STM32F0xx_HAL_Driver/Src/stm32f0xx_hal_tim_ex.c ****       (void)HAL_DMA_Abort_IT(htim->hdma[TIM_DMA_ID_CC1]);
 2737              		.loc 1 1021 7 view .LVU758
 2738 0012 0268     		ldr	r2, [r0]
 2739 0014 D368     		ldr	r3, [r2, #12]
 2740 0016 2949     		ldr	r1, .L193
 2741              	.LVL204:
1021:Drivers/STM32F0xx_HAL_Driver/Src/stm32f0xx_hal_tim_ex.c ****       (void)HAL_DMA_Abort_IT(htim->hdma[TIM_DMA_ID_CC1]);
 2742              		.loc 1 1021 7 is_stmt 0 view .LVU759
 2743 0018 0B40     		ands	r3, r1
 2744 001a D360     		str	r3, [r2, #12]
1022:Drivers/STM32F0xx_HAL_Driver/Src/stm32f0xx_hal_tim_ex.c ****       break;
ARM GAS  C:\Users\fastr\AppData\Local\Temp\ccGFXKp9.s 			page 103


 2745              		.loc 1 1022 7 is_stmt 1 view .LVU760
1022:Drivers/STM32F0xx_HAL_Driver/Src/stm32f0xx_hal_tim_ex.c ****       break;
 2746              		.loc 1 1022 13 is_stmt 0 view .LVU761
 2747 001c 406A     		ldr	r0, [r0, #36]
 2748              	.LVL205:
1022:Drivers/STM32F0xx_HAL_Driver/Src/stm32f0xx_hal_tim_ex.c ****       break;
 2749              		.loc 1 1022 13 view .LVU762
 2750 001e FFF7FEFF 		bl	HAL_DMA_Abort_IT
 2751              	.LVL206:
1023:Drivers/STM32F0xx_HAL_Driver/Src/stm32f0xx_hal_tim_ex.c ****     }
 2752              		.loc 1 1023 7 is_stmt 1 view .LVU763
1047:Drivers/STM32F0xx_HAL_Driver/Src/stm32f0xx_hal_tim_ex.c ****   {
 2753              		.loc 1 1047 3 view .LVU764
 2754              	.L184:
1050:Drivers/STM32F0xx_HAL_Driver/Src/stm32f0xx_hal_tim_ex.c **** 
 2755              		.loc 1 1050 5 view .LVU765
 2756 0022 2068     		ldr	r0, [r4]
 2757 0024 0022     		movs	r2, #0
 2758 0026 2900     		movs	r1, r5
 2759 0028 FFF7FEFF 		bl	TIM_CCxNChannelCmd
 2760              	.LVL207:
1053:Drivers/STM32F0xx_HAL_Driver/Src/stm32f0xx_hal_tim_ex.c **** 
 2761              		.loc 1 1053 5 view .LVU766
1053:Drivers/STM32F0xx_HAL_Driver/Src/stm32f0xx_hal_tim_ex.c **** 
 2762              		.loc 1 1053 5 view .LVU767
 2763 002c 2368     		ldr	r3, [r4]
 2764 002e 196A     		ldr	r1, [r3, #32]
 2765 0030 234A     		ldr	r2, .L193+4
 2766 0032 1142     		tst	r1, r2
 2767 0034 07D1     		bne	.L185
1053:Drivers/STM32F0xx_HAL_Driver/Src/stm32f0xx_hal_tim_ex.c **** 
 2768              		.loc 1 1053 5 discriminator 1 view .LVU768
 2769 0036 196A     		ldr	r1, [r3, #32]
 2770 0038 224A     		ldr	r2, .L193+8
 2771 003a 1142     		tst	r1, r2
 2772 003c 03D1     		bne	.L185
1053:Drivers/STM32F0xx_HAL_Driver/Src/stm32f0xx_hal_tim_ex.c **** 
 2773              		.loc 1 1053 5 discriminator 2 view .LVU769
 2774 003e 5A6C     		ldr	r2, [r3, #68]
 2775 0040 2149     		ldr	r1, .L193+12
 2776 0042 0A40     		ands	r2, r1
 2777 0044 5A64     		str	r2, [r3, #68]
 2778              	.L185:
1053:Drivers/STM32F0xx_HAL_Driver/Src/stm32f0xx_hal_tim_ex.c **** 
 2779              		.loc 1 1053 5 view .LVU770
1056:Drivers/STM32F0xx_HAL_Driver/Src/stm32f0xx_hal_tim_ex.c **** 
 2780              		.loc 1 1056 5 view .LVU771
1056:Drivers/STM32F0xx_HAL_Driver/Src/stm32f0xx_hal_tim_ex.c **** 
 2781              		.loc 1 1056 5 view .LVU772
 2782 0046 2368     		ldr	r3, [r4]
 2783 0048 196A     		ldr	r1, [r3, #32]
 2784 004a 1D4A     		ldr	r2, .L193+4
 2785 004c 1142     		tst	r1, r2
 2786 004e 07D1     		bne	.L186
1056:Drivers/STM32F0xx_HAL_Driver/Src/stm32f0xx_hal_tim_ex.c **** 
 2787              		.loc 1 1056 5 discriminator 1 view .LVU773
 2788 0050 196A     		ldr	r1, [r3, #32]
ARM GAS  C:\Users\fastr\AppData\Local\Temp\ccGFXKp9.s 			page 104


 2789 0052 1C4A     		ldr	r2, .L193+8
 2790 0054 1142     		tst	r1, r2
 2791 0056 03D1     		bne	.L186
1056:Drivers/STM32F0xx_HAL_Driver/Src/stm32f0xx_hal_tim_ex.c **** 
 2792              		.loc 1 1056 5 discriminator 2 view .LVU774
 2793 0058 1A68     		ldr	r2, [r3]
 2794 005a 0121     		movs	r1, #1
 2795 005c 8A43     		bics	r2, r1
 2796 005e 1A60     		str	r2, [r3]
 2797              	.L186:
1056:Drivers/STM32F0xx_HAL_Driver/Src/stm32f0xx_hal_tim_ex.c **** 
 2798              		.loc 1 1056 5 view .LVU775
1059:Drivers/STM32F0xx_HAL_Driver/Src/stm32f0xx_hal_tim_ex.c ****   }
 2799              		.loc 1 1059 5 view .LVU776
 2800 0060 002D     		cmp	r5, #0
 2801 0062 16D1     		bne	.L187
1059:Drivers/STM32F0xx_HAL_Driver/Src/stm32f0xx_hal_tim_ex.c ****   }
 2802              		.loc 1 1059 5 is_stmt 0 discriminator 1 view .LVU777
 2803 0064 4223     		movs	r3, #66
 2804 0066 0122     		movs	r2, #1
 2805 0068 E254     		strb	r2, [r4, r3]
 2806 006a 0020     		movs	r0, #0
 2807              	.L183:
 2808              	.LVL208:
1063:Drivers/STM32F0xx_HAL_Driver/Src/stm32f0xx_hal_tim_ex.c **** }
 2809              		.loc 1 1063 3 is_stmt 1 view .LVU778
1064:Drivers/STM32F0xx_HAL_Driver/Src/stm32f0xx_hal_tim_ex.c **** 
 2810              		.loc 1 1064 1 is_stmt 0 view .LVU779
 2811              		@ sp needed
 2812              	.LVL209:
 2813              	.LVL210:
1064:Drivers/STM32F0xx_HAL_Driver/Src/stm32f0xx_hal_tim_ex.c **** 
 2814              		.loc 1 1064 1 view .LVU780
 2815 006c 70BD     		pop	{r4, r5, r6, pc}
 2816              	.LVL211:
 2817              	.L181:
1029:Drivers/STM32F0xx_HAL_Driver/Src/stm32f0xx_hal_tim_ex.c ****       (void)HAL_DMA_Abort_IT(htim->hdma[TIM_DMA_ID_CC2]);
 2818              		.loc 1 1029 7 is_stmt 1 view .LVU781
 2819 006e 0268     		ldr	r2, [r0]
 2820 0070 D368     		ldr	r3, [r2, #12]
 2821 0072 1649     		ldr	r1, .L193+16
 2822              	.LVL212:
1029:Drivers/STM32F0xx_HAL_Driver/Src/stm32f0xx_hal_tim_ex.c ****       (void)HAL_DMA_Abort_IT(htim->hdma[TIM_DMA_ID_CC2]);
 2823              		.loc 1 1029 7 is_stmt 0 view .LVU782
 2824 0074 0B40     		ands	r3, r1
 2825 0076 D360     		str	r3, [r2, #12]
1030:Drivers/STM32F0xx_HAL_Driver/Src/stm32f0xx_hal_tim_ex.c ****       break;
 2826              		.loc 1 1030 7 is_stmt 1 view .LVU783
1030:Drivers/STM32F0xx_HAL_Driver/Src/stm32f0xx_hal_tim_ex.c ****       break;
 2827              		.loc 1 1030 13 is_stmt 0 view .LVU784
 2828 0078 806A     		ldr	r0, [r0, #40]
 2829              	.LVL213:
1030:Drivers/STM32F0xx_HAL_Driver/Src/stm32f0xx_hal_tim_ex.c ****       break;
 2830              		.loc 1 1030 13 view .LVU785
 2831 007a FFF7FEFF 		bl	HAL_DMA_Abort_IT
 2832              	.LVL214:
1031:Drivers/STM32F0xx_HAL_Driver/Src/stm32f0xx_hal_tim_ex.c ****     }
ARM GAS  C:\Users\fastr\AppData\Local\Temp\ccGFXKp9.s 			page 105


 2833              		.loc 1 1031 7 is_stmt 1 view .LVU786
1047:Drivers/STM32F0xx_HAL_Driver/Src/stm32f0xx_hal_tim_ex.c ****   {
 2834              		.loc 1 1047 3 view .LVU787
 2835 007e D0E7     		b	.L184
 2836              	.LVL215:
 2837              	.L182:
1037:Drivers/STM32F0xx_HAL_Driver/Src/stm32f0xx_hal_tim_ex.c ****       (void)HAL_DMA_Abort_IT(htim->hdma[TIM_DMA_ID_CC3]);
 2838              		.loc 1 1037 7 view .LVU788
 2839 0080 0268     		ldr	r2, [r0]
 2840 0082 D368     		ldr	r3, [r2, #12]
 2841 0084 1249     		ldr	r1, .L193+20
 2842              	.LVL216:
1037:Drivers/STM32F0xx_HAL_Driver/Src/stm32f0xx_hal_tim_ex.c ****       (void)HAL_DMA_Abort_IT(htim->hdma[TIM_DMA_ID_CC3]);
 2843              		.loc 1 1037 7 is_stmt 0 view .LVU789
 2844 0086 0B40     		ands	r3, r1
 2845 0088 D360     		str	r3, [r2, #12]
1038:Drivers/STM32F0xx_HAL_Driver/Src/stm32f0xx_hal_tim_ex.c ****       break;
 2846              		.loc 1 1038 7 is_stmt 1 view .LVU790
1038:Drivers/STM32F0xx_HAL_Driver/Src/stm32f0xx_hal_tim_ex.c ****       break;
 2847              		.loc 1 1038 13 is_stmt 0 view .LVU791
 2848 008a C06A     		ldr	r0, [r0, #44]
 2849              	.LVL217:
1038:Drivers/STM32F0xx_HAL_Driver/Src/stm32f0xx_hal_tim_ex.c ****       break;
 2850              		.loc 1 1038 13 view .LVU792
 2851 008c FFF7FEFF 		bl	HAL_DMA_Abort_IT
 2852              	.LVL218:
1039:Drivers/STM32F0xx_HAL_Driver/Src/stm32f0xx_hal_tim_ex.c ****     }
 2853              		.loc 1 1039 7 is_stmt 1 view .LVU793
1047:Drivers/STM32F0xx_HAL_Driver/Src/stm32f0xx_hal_tim_ex.c ****   {
 2854              		.loc 1 1047 3 view .LVU794
 2855 0090 C7E7     		b	.L184
 2856              	.L187:
1059:Drivers/STM32F0xx_HAL_Driver/Src/stm32f0xx_hal_tim_ex.c ****   }
 2857              		.loc 1 1059 5 is_stmt 0 discriminator 2 view .LVU795
 2858 0092 042D     		cmp	r5, #4
 2859 0094 06D0     		beq	.L191
1059:Drivers/STM32F0xx_HAL_Driver/Src/stm32f0xx_hal_tim_ex.c ****   }
 2860              		.loc 1 1059 5 discriminator 4 view .LVU796
 2861 0096 082D     		cmp	r5, #8
 2862 0098 09D0     		beq	.L192
1059:Drivers/STM32F0xx_HAL_Driver/Src/stm32f0xx_hal_tim_ex.c ****   }
 2863              		.loc 1 1059 5 discriminator 6 view .LVU797
 2864 009a 4523     		movs	r3, #69
 2865 009c 0122     		movs	r2, #1
 2866 009e E254     		strb	r2, [r4, r3]
 2867 00a0 0020     		movs	r0, #0
 2868 00a2 E3E7     		b	.L183
 2869              	.L191:
1059:Drivers/STM32F0xx_HAL_Driver/Src/stm32f0xx_hal_tim_ex.c ****   }
 2870              		.loc 1 1059 5 discriminator 3 view .LVU798
 2871 00a4 4323     		movs	r3, #67
 2872 00a6 0122     		movs	r2, #1
 2873 00a8 E254     		strb	r2, [r4, r3]
 2874 00aa 0020     		movs	r0, #0
 2875 00ac DEE7     		b	.L183
 2876              	.L192:
1059:Drivers/STM32F0xx_HAL_Driver/Src/stm32f0xx_hal_tim_ex.c ****   }
ARM GAS  C:\Users\fastr\AppData\Local\Temp\ccGFXKp9.s 			page 106


 2877              		.loc 1 1059 5 discriminator 5 view .LVU799
 2878 00ae 4423     		movs	r3, #68
 2879 00b0 0122     		movs	r2, #1
 2880 00b2 E254     		strb	r2, [r4, r3]
 2881 00b4 0020     		movs	r0, #0
 2882 00b6 D9E7     		b	.L183
 2883              	.LVL219:
 2884              	.L190:
1016:Drivers/STM32F0xx_HAL_Driver/Src/stm32f0xx_hal_tim_ex.c ****   {
 2885              		.loc 1 1016 3 view .LVU800
 2886 00b8 0120     		movs	r0, #1
 2887              	.LVL220:
1016:Drivers/STM32F0xx_HAL_Driver/Src/stm32f0xx_hal_tim_ex.c ****   {
 2888              		.loc 1 1016 3 view .LVU801
 2889 00ba D7E7     		b	.L183
 2890              	.L194:
 2891              		.align	2
 2892              	.L193:
 2893 00bc FFFDFFFF 		.word	-513
 2894 00c0 11110000 		.word	4369
 2895 00c4 44040000 		.word	1092
 2896 00c8 FF7FFFFF 		.word	-32769
 2897 00cc FFFBFFFF 		.word	-1025
 2898 00d0 FFF7FFFF 		.word	-2049
 2899              		.cfi_endproc
 2900              	.LFE55:
 2902              		.section	.text.HAL_TIMEx_PWMN_Start,"ax",%progbits
 2903              		.align	1
 2904              		.global	HAL_TIMEx_PWMN_Start
 2905              		.syntax unified
 2906              		.code	16
 2907              		.thumb_func
 2909              	HAL_TIMEx_PWMN_Start:
 2910              	.LVL221:
 2911              	.LFB56:
1100:Drivers/STM32F0xx_HAL_Driver/Src/stm32f0xx_hal_tim_ex.c ****   uint32_t tmpsmcr;
 2912              		.loc 1 1100 1 is_stmt 1 view -0
 2913              		.cfi_startproc
 2914              		@ args = 0, pretend = 0, frame = 0
 2915              		@ frame_needed = 0, uses_anonymous_args = 0
1100:Drivers/STM32F0xx_HAL_Driver/Src/stm32f0xx_hal_tim_ex.c ****   uint32_t tmpsmcr;
 2916              		.loc 1 1100 1 is_stmt 0 view .LVU803
 2917 0000 10B5     		push	{r4, lr}
 2918              		.cfi_def_cfa_offset 8
 2919              		.cfi_offset 4, -8
 2920              		.cfi_offset 14, -4
 2921 0002 0400     		movs	r4, r0
1101:Drivers/STM32F0xx_HAL_Driver/Src/stm32f0xx_hal_tim_ex.c **** 
 2922              		.loc 1 1101 3 is_stmt 1 view .LVU804
1104:Drivers/STM32F0xx_HAL_Driver/Src/stm32f0xx_hal_tim_ex.c **** 
 2923              		.loc 1 1104 3 view .LVU805
1107:Drivers/STM32F0xx_HAL_Driver/Src/stm32f0xx_hal_tim_ex.c ****   {
 2924              		.loc 1 1107 3 view .LVU806
1107:Drivers/STM32F0xx_HAL_Driver/Src/stm32f0xx_hal_tim_ex.c ****   {
 2925              		.loc 1 1107 46 is_stmt 0 view .LVU807
 2926 0004 0029     		cmp	r1, #0
 2927 0006 2AD1     		bne	.L196
ARM GAS  C:\Users\fastr\AppData\Local\Temp\ccGFXKp9.s 			page 107


1107:Drivers/STM32F0xx_HAL_Driver/Src/stm32f0xx_hal_tim_ex.c ****   {
 2928              		.loc 1 1107 7 discriminator 1 view .LVU808
 2929 0008 4223     		movs	r3, #66
 2930 000a C35C     		ldrb	r3, [r0, r3]
1107:Drivers/STM32F0xx_HAL_Driver/Src/stm32f0xx_hal_tim_ex.c ****   {
 2931              		.loc 1 1107 46 discriminator 1 view .LVU809
 2932 000c 013B     		subs	r3, r3, #1
 2933 000e 5A1E     		subs	r2, r3, #1
 2934 0010 9341     		sbcs	r3, r3, r2
 2935 0012 DBB2     		uxtb	r3, r3
 2936              	.L197:
1107:Drivers/STM32F0xx_HAL_Driver/Src/stm32f0xx_hal_tim_ex.c ****   {
 2937              		.loc 1 1107 6 discriminator 10 view .LVU810
 2938 0014 002B     		cmp	r3, #0
 2939 0016 56D1     		bne	.L207
1113:Drivers/STM32F0xx_HAL_Driver/Src/stm32f0xx_hal_tim_ex.c **** 
 2940              		.loc 1 1113 3 is_stmt 1 view .LVU811
 2941 0018 0029     		cmp	r1, #0
 2942 001a 39D1     		bne	.L201
1113:Drivers/STM32F0xx_HAL_Driver/Src/stm32f0xx_hal_tim_ex.c **** 
 2943              		.loc 1 1113 3 is_stmt 0 discriminator 1 view .LVU812
 2944 001c 4233     		adds	r3, r3, #66
 2945 001e 0222     		movs	r2, #2
 2946 0020 E254     		strb	r2, [r4, r3]
 2947              	.L202:
1116:Drivers/STM32F0xx_HAL_Driver/Src/stm32f0xx_hal_tim_ex.c **** 
 2948              		.loc 1 1116 3 is_stmt 1 view .LVU813
 2949 0022 2068     		ldr	r0, [r4]
 2950              	.LVL222:
1116:Drivers/STM32F0xx_HAL_Driver/Src/stm32f0xx_hal_tim_ex.c **** 
 2951              		.loc 1 1116 3 is_stmt 0 view .LVU814
 2952 0024 0422     		movs	r2, #4
 2953 0026 FFF7FEFF 		bl	TIM_CCxNChannelCmd
 2954              	.LVL223:
1119:Drivers/STM32F0xx_HAL_Driver/Src/stm32f0xx_hal_tim_ex.c **** 
 2955              		.loc 1 1119 3 is_stmt 1 view .LVU815
 2956 002a 2268     		ldr	r2, [r4]
 2957 002c 516C     		ldr	r1, [r2, #68]
 2958 002e 8023     		movs	r3, #128
 2959 0030 1B02     		lsls	r3, r3, #8
 2960 0032 0B43     		orrs	r3, r1
 2961 0034 5364     		str	r3, [r2, #68]
1122:Drivers/STM32F0xx_HAL_Driver/Src/stm32f0xx_hal_tim_ex.c ****   {
 2962              		.loc 1 1122 3 view .LVU816
1122:Drivers/STM32F0xx_HAL_Driver/Src/stm32f0xx_hal_tim_ex.c ****   {
 2963              		.loc 1 1122 7 is_stmt 0 view .LVU817
 2964 0036 2368     		ldr	r3, [r4]
1122:Drivers/STM32F0xx_HAL_Driver/Src/stm32f0xx_hal_tim_ex.c ****   {
 2965              		.loc 1 1122 6 view .LVU818
 2966 0038 254A     		ldr	r2, .L213
 2967 003a 9342     		cmp	r3, r2
 2968 003c 38D0     		beq	.L205
1122:Drivers/STM32F0xx_HAL_Driver/Src/stm32f0xx_hal_tim_ex.c ****   {
 2969              		.loc 1 1122 7 discriminator 1 view .LVU819
 2970 003e 8022     		movs	r2, #128
 2971 0040 D205     		lsls	r2, r2, #23
 2972 0042 9342     		cmp	r3, r2
ARM GAS  C:\Users\fastr\AppData\Local\Temp\ccGFXKp9.s 			page 108


 2973 0044 34D0     		beq	.L205
1122:Drivers/STM32F0xx_HAL_Driver/Src/stm32f0xx_hal_tim_ex.c ****   {
 2974              		.loc 1 1122 7 discriminator 2 view .LVU820
 2975 0046 234A     		ldr	r2, .L213+4
 2976 0048 9342     		cmp	r3, r2
 2977 004a 31D0     		beq	.L205
1122:Drivers/STM32F0xx_HAL_Driver/Src/stm32f0xx_hal_tim_ex.c ****   {
 2978              		.loc 1 1122 7 discriminator 3 view .LVU821
 2979 004c 224A     		ldr	r2, .L213+8
 2980 004e 9342     		cmp	r3, r2
 2981 0050 2ED0     		beq	.L205
1132:Drivers/STM32F0xx_HAL_Driver/Src/stm32f0xx_hal_tim_ex.c ****   }
 2982              		.loc 1 1132 5 is_stmt 1 view .LVU822
 2983 0052 1A68     		ldr	r2, [r3]
 2984 0054 0121     		movs	r1, #1
 2985 0056 0A43     		orrs	r2, r1
 2986 0058 1A60     		str	r2, [r3]
1136:Drivers/STM32F0xx_HAL_Driver/Src/stm32f0xx_hal_tim_ex.c **** }
 2987              		.loc 1 1136 10 is_stmt 0 view .LVU823
 2988 005a 0020     		movs	r0, #0
 2989 005c 34E0     		b	.L200
 2990              	.LVL224:
 2991              	.L196:
1107:Drivers/STM32F0xx_HAL_Driver/Src/stm32f0xx_hal_tim_ex.c ****   {
 2992              		.loc 1 1107 46 discriminator 2 view .LVU824
 2993 005e 0429     		cmp	r1, #4
 2994 0060 08D0     		beq	.L209
1107:Drivers/STM32F0xx_HAL_Driver/Src/stm32f0xx_hal_tim_ex.c ****   {
 2995              		.loc 1 1107 46 discriminator 5 view .LVU825
 2996 0062 0829     		cmp	r1, #8
 2997 0064 0DD0     		beq	.L210
1107:Drivers/STM32F0xx_HAL_Driver/Src/stm32f0xx_hal_tim_ex.c ****   {
 2998              		.loc 1 1107 7 discriminator 8 view .LVU826
 2999 0066 4523     		movs	r3, #69
 3000 0068 C35C     		ldrb	r3, [r0, r3]
1107:Drivers/STM32F0xx_HAL_Driver/Src/stm32f0xx_hal_tim_ex.c ****   {
 3001              		.loc 1 1107 46 discriminator 8 view .LVU827
 3002 006a 013B     		subs	r3, r3, #1
 3003 006c 5A1E     		subs	r2, r3, #1
 3004 006e 9341     		sbcs	r3, r3, r2
 3005 0070 DBB2     		uxtb	r3, r3
 3006 0072 CFE7     		b	.L197
 3007              	.L209:
1107:Drivers/STM32F0xx_HAL_Driver/Src/stm32f0xx_hal_tim_ex.c ****   {
 3008              		.loc 1 1107 7 discriminator 4 view .LVU828
 3009 0074 4323     		movs	r3, #67
 3010 0076 C35C     		ldrb	r3, [r0, r3]
1107:Drivers/STM32F0xx_HAL_Driver/Src/stm32f0xx_hal_tim_ex.c ****   {
 3011              		.loc 1 1107 46 discriminator 4 view .LVU829
 3012 0078 013B     		subs	r3, r3, #1
 3013 007a 5A1E     		subs	r2, r3, #1
 3014 007c 9341     		sbcs	r3, r3, r2
 3015 007e DBB2     		uxtb	r3, r3
 3016 0080 C8E7     		b	.L197
 3017              	.L210:
1107:Drivers/STM32F0xx_HAL_Driver/Src/stm32f0xx_hal_tim_ex.c ****   {
 3018              		.loc 1 1107 7 discriminator 7 view .LVU830
ARM GAS  C:\Users\fastr\AppData\Local\Temp\ccGFXKp9.s 			page 109


 3019 0082 4423     		movs	r3, #68
 3020 0084 C35C     		ldrb	r3, [r0, r3]
1107:Drivers/STM32F0xx_HAL_Driver/Src/stm32f0xx_hal_tim_ex.c ****   {
 3021              		.loc 1 1107 46 discriminator 7 view .LVU831
 3022 0086 013B     		subs	r3, r3, #1
 3023 0088 5A1E     		subs	r2, r3, #1
 3024 008a 9341     		sbcs	r3, r3, r2
 3025 008c DBB2     		uxtb	r3, r3
 3026 008e C1E7     		b	.L197
 3027              	.L201:
1113:Drivers/STM32F0xx_HAL_Driver/Src/stm32f0xx_hal_tim_ex.c **** 
 3028              		.loc 1 1113 3 discriminator 2 view .LVU832
 3029 0090 0429     		cmp	r1, #4
 3030 0092 05D0     		beq	.L211
1113:Drivers/STM32F0xx_HAL_Driver/Src/stm32f0xx_hal_tim_ex.c **** 
 3031              		.loc 1 1113 3 discriminator 4 view .LVU833
 3032 0094 0829     		cmp	r1, #8
 3033 0096 07D0     		beq	.L212
1113:Drivers/STM32F0xx_HAL_Driver/Src/stm32f0xx_hal_tim_ex.c **** 
 3034              		.loc 1 1113 3 discriminator 6 view .LVU834
 3035 0098 4523     		movs	r3, #69
 3036 009a 0222     		movs	r2, #2
 3037 009c E254     		strb	r2, [r4, r3]
 3038 009e C0E7     		b	.L202
 3039              	.L211:
1113:Drivers/STM32F0xx_HAL_Driver/Src/stm32f0xx_hal_tim_ex.c **** 
 3040              		.loc 1 1113 3 discriminator 3 view .LVU835
 3041 00a0 4323     		movs	r3, #67
 3042 00a2 0222     		movs	r2, #2
 3043 00a4 E254     		strb	r2, [r4, r3]
 3044 00a6 BCE7     		b	.L202
 3045              	.L212:
1113:Drivers/STM32F0xx_HAL_Driver/Src/stm32f0xx_hal_tim_ex.c **** 
 3046              		.loc 1 1113 3 discriminator 5 view .LVU836
 3047 00a8 4423     		movs	r3, #68
 3048 00aa 0222     		movs	r2, #2
 3049 00ac E254     		strb	r2, [r4, r3]
 3050 00ae B8E7     		b	.L202
 3051              	.LVL225:
 3052              	.L205:
1124:Drivers/STM32F0xx_HAL_Driver/Src/stm32f0xx_hal_tim_ex.c ****     if (!IS_TIM_SLAVEMODE_TRIGGER_ENABLED(tmpsmcr))
 3053              		.loc 1 1124 5 is_stmt 1 view .LVU837
1124:Drivers/STM32F0xx_HAL_Driver/Src/stm32f0xx_hal_tim_ex.c ****     if (!IS_TIM_SLAVEMODE_TRIGGER_ENABLED(tmpsmcr))
 3054              		.loc 1 1124 29 is_stmt 0 view .LVU838
 3055 00b0 9968     		ldr	r1, [r3, #8]
1124:Drivers/STM32F0xx_HAL_Driver/Src/stm32f0xx_hal_tim_ex.c ****     if (!IS_TIM_SLAVEMODE_TRIGGER_ENABLED(tmpsmcr))
 3056              		.loc 1 1124 13 view .LVU839
 3057 00b2 0722     		movs	r2, #7
 3058 00b4 0A40     		ands	r2, r1
 3059              	.LVL226:
1125:Drivers/STM32F0xx_HAL_Driver/Src/stm32f0xx_hal_tim_ex.c ****     {
 3060              		.loc 1 1125 5 is_stmt 1 view .LVU840
1125:Drivers/STM32F0xx_HAL_Driver/Src/stm32f0xx_hal_tim_ex.c ****     {
 3061              		.loc 1 1125 8 is_stmt 0 view .LVU841
 3062 00b6 062A     		cmp	r2, #6
 3063 00b8 07D0     		beq	.L208
1127:Drivers/STM32F0xx_HAL_Driver/Src/stm32f0xx_hal_tim_ex.c ****     }
ARM GAS  C:\Users\fastr\AppData\Local\Temp\ccGFXKp9.s 			page 110


 3064              		.loc 1 1127 7 is_stmt 1 view .LVU842
 3065 00ba 1A68     		ldr	r2, [r3]
 3066              	.LVL227:
1127:Drivers/STM32F0xx_HAL_Driver/Src/stm32f0xx_hal_tim_ex.c ****     }
 3067              		.loc 1 1127 7 is_stmt 0 view .LVU843
 3068 00bc 0121     		movs	r1, #1
 3069              	.LVL228:
1127:Drivers/STM32F0xx_HAL_Driver/Src/stm32f0xx_hal_tim_ex.c ****     }
 3070              		.loc 1 1127 7 view .LVU844
 3071 00be 0A43     		orrs	r2, r1
 3072 00c0 1A60     		str	r2, [r3]
1136:Drivers/STM32F0xx_HAL_Driver/Src/stm32f0xx_hal_tim_ex.c **** }
 3073              		.loc 1 1136 10 view .LVU845
 3074 00c2 0020     		movs	r0, #0
 3075 00c4 00E0     		b	.L200
 3076              	.LVL229:
 3077              	.L207:
1109:Drivers/STM32F0xx_HAL_Driver/Src/stm32f0xx_hal_tim_ex.c ****   }
 3078              		.loc 1 1109 12 view .LVU846
 3079 00c6 0120     		movs	r0, #1
 3080              	.LVL230:
 3081              	.L200:
1137:Drivers/STM32F0xx_HAL_Driver/Src/stm32f0xx_hal_tim_ex.c **** 
 3082              		.loc 1 1137 1 view .LVU847
 3083              		@ sp needed
 3084              	.LVL231:
1137:Drivers/STM32F0xx_HAL_Driver/Src/stm32f0xx_hal_tim_ex.c **** 
 3085              		.loc 1 1137 1 view .LVU848
 3086 00c8 10BD     		pop	{r4, pc}
 3087              	.LVL232:
 3088              	.L208:
1136:Drivers/STM32F0xx_HAL_Driver/Src/stm32f0xx_hal_tim_ex.c **** }
 3089              		.loc 1 1136 10 view .LVU849
 3090 00ca 0020     		movs	r0, #0
 3091 00cc FCE7     		b	.L200
 3092              	.L214:
 3093 00ce C046     		.align	2
 3094              	.L213:
 3095 00d0 002C0140 		.word	1073818624
 3096 00d4 00040040 		.word	1073742848
 3097 00d8 00400140 		.word	1073823744
 3098              		.cfi_endproc
 3099              	.LFE56:
 3101              		.section	.text.HAL_TIMEx_PWMN_Stop,"ax",%progbits
 3102              		.align	1
 3103              		.global	HAL_TIMEx_PWMN_Stop
 3104              		.syntax unified
 3105              		.code	16
 3106              		.thumb_func
 3108              	HAL_TIMEx_PWMN_Stop:
 3109              	.LVL233:
 3110              	.LFB57:
1150:Drivers/STM32F0xx_HAL_Driver/Src/stm32f0xx_hal_tim_ex.c ****   /* Check the parameters */
 3111              		.loc 1 1150 1 is_stmt 1 view -0
 3112              		.cfi_startproc
 3113              		@ args = 0, pretend = 0, frame = 0
 3114              		@ frame_needed = 0, uses_anonymous_args = 0
ARM GAS  C:\Users\fastr\AppData\Local\Temp\ccGFXKp9.s 			page 111


1150:Drivers/STM32F0xx_HAL_Driver/Src/stm32f0xx_hal_tim_ex.c ****   /* Check the parameters */
 3115              		.loc 1 1150 1 is_stmt 0 view .LVU851
 3116 0000 70B5     		push	{r4, r5, r6, lr}
 3117              		.cfi_def_cfa_offset 16
 3118              		.cfi_offset 4, -16
 3119              		.cfi_offset 5, -12
 3120              		.cfi_offset 6, -8
 3121              		.cfi_offset 14, -4
 3122 0002 0400     		movs	r4, r0
 3123 0004 0D00     		movs	r5, r1
1152:Drivers/STM32F0xx_HAL_Driver/Src/stm32f0xx_hal_tim_ex.c **** 
 3124              		.loc 1 1152 3 is_stmt 1 view .LVU852
1155:Drivers/STM32F0xx_HAL_Driver/Src/stm32f0xx_hal_tim_ex.c **** 
 3125              		.loc 1 1155 3 view .LVU853
 3126 0006 0068     		ldr	r0, [r0]
 3127              	.LVL234:
1155:Drivers/STM32F0xx_HAL_Driver/Src/stm32f0xx_hal_tim_ex.c **** 
 3128              		.loc 1 1155 3 is_stmt 0 view .LVU854
 3129 0008 0022     		movs	r2, #0
 3130 000a FFF7FEFF 		bl	TIM_CCxNChannelCmd
 3131              	.LVL235:
1158:Drivers/STM32F0xx_HAL_Driver/Src/stm32f0xx_hal_tim_ex.c **** 
 3132              		.loc 1 1158 3 is_stmt 1 view .LVU855
1158:Drivers/STM32F0xx_HAL_Driver/Src/stm32f0xx_hal_tim_ex.c **** 
 3133              		.loc 1 1158 3 view .LVU856
 3134 000e 2368     		ldr	r3, [r4]
 3135 0010 196A     		ldr	r1, [r3, #32]
 3136 0012 174A     		ldr	r2, .L224
 3137 0014 1142     		tst	r1, r2
 3138 0016 07D1     		bne	.L216
1158:Drivers/STM32F0xx_HAL_Driver/Src/stm32f0xx_hal_tim_ex.c **** 
 3139              		.loc 1 1158 3 discriminator 1 view .LVU857
 3140 0018 196A     		ldr	r1, [r3, #32]
 3141 001a 164A     		ldr	r2, .L224+4
 3142 001c 1142     		tst	r1, r2
 3143 001e 03D1     		bne	.L216
1158:Drivers/STM32F0xx_HAL_Driver/Src/stm32f0xx_hal_tim_ex.c **** 
 3144              		.loc 1 1158 3 discriminator 2 view .LVU858
 3145 0020 5A6C     		ldr	r2, [r3, #68]
 3146 0022 1549     		ldr	r1, .L224+8
 3147 0024 0A40     		ands	r2, r1
 3148 0026 5A64     		str	r2, [r3, #68]
 3149              	.L216:
1158:Drivers/STM32F0xx_HAL_Driver/Src/stm32f0xx_hal_tim_ex.c **** 
 3150              		.loc 1 1158 3 view .LVU859
1161:Drivers/STM32F0xx_HAL_Driver/Src/stm32f0xx_hal_tim_ex.c **** 
 3151              		.loc 1 1161 3 view .LVU860
1161:Drivers/STM32F0xx_HAL_Driver/Src/stm32f0xx_hal_tim_ex.c **** 
 3152              		.loc 1 1161 3 view .LVU861
 3153 0028 2368     		ldr	r3, [r4]
 3154 002a 196A     		ldr	r1, [r3, #32]
 3155 002c 104A     		ldr	r2, .L224
 3156 002e 1142     		tst	r1, r2
 3157 0030 07D1     		bne	.L217
1161:Drivers/STM32F0xx_HAL_Driver/Src/stm32f0xx_hal_tim_ex.c **** 
 3158              		.loc 1 1161 3 discriminator 1 view .LVU862
 3159 0032 196A     		ldr	r1, [r3, #32]
ARM GAS  C:\Users\fastr\AppData\Local\Temp\ccGFXKp9.s 			page 112


 3160 0034 0F4A     		ldr	r2, .L224+4
 3161 0036 1142     		tst	r1, r2
 3162 0038 03D1     		bne	.L217
1161:Drivers/STM32F0xx_HAL_Driver/Src/stm32f0xx_hal_tim_ex.c **** 
 3163              		.loc 1 1161 3 discriminator 2 view .LVU863
 3164 003a 1A68     		ldr	r2, [r3]
 3165 003c 0121     		movs	r1, #1
 3166 003e 8A43     		bics	r2, r1
 3167 0040 1A60     		str	r2, [r3]
 3168              	.L217:
1161:Drivers/STM32F0xx_HAL_Driver/Src/stm32f0xx_hal_tim_ex.c **** 
 3169              		.loc 1 1161 3 view .LVU864
1164:Drivers/STM32F0xx_HAL_Driver/Src/stm32f0xx_hal_tim_ex.c **** 
 3170              		.loc 1 1164 3 view .LVU865
 3171 0042 002D     		cmp	r5, #0
 3172 0044 04D1     		bne	.L218
1164:Drivers/STM32F0xx_HAL_Driver/Src/stm32f0xx_hal_tim_ex.c **** 
 3173              		.loc 1 1164 3 is_stmt 0 discriminator 1 view .LVU866
 3174 0046 4223     		movs	r3, #66
 3175 0048 0122     		movs	r2, #1
 3176 004a E254     		strb	r2, [r4, r3]
 3177              	.L219:
1167:Drivers/STM32F0xx_HAL_Driver/Src/stm32f0xx_hal_tim_ex.c **** }
 3178              		.loc 1 1167 3 is_stmt 1 view .LVU867
1168:Drivers/STM32F0xx_HAL_Driver/Src/stm32f0xx_hal_tim_ex.c **** 
 3179              		.loc 1 1168 1 is_stmt 0 view .LVU868
 3180 004c 0020     		movs	r0, #0
 3181              		@ sp needed
 3182              	.LVL236:
 3183              	.LVL237:
1168:Drivers/STM32F0xx_HAL_Driver/Src/stm32f0xx_hal_tim_ex.c **** 
 3184              		.loc 1 1168 1 view .LVU869
 3185 004e 70BD     		pop	{r4, r5, r6, pc}
 3186              	.LVL238:
 3187              	.L218:
1164:Drivers/STM32F0xx_HAL_Driver/Src/stm32f0xx_hal_tim_ex.c **** 
 3188              		.loc 1 1164 3 discriminator 2 view .LVU870
 3189 0050 042D     		cmp	r5, #4
 3190 0052 05D0     		beq	.L222
1164:Drivers/STM32F0xx_HAL_Driver/Src/stm32f0xx_hal_tim_ex.c **** 
 3191              		.loc 1 1164 3 discriminator 4 view .LVU871
 3192 0054 082D     		cmp	r5, #8
 3193 0056 07D0     		beq	.L223
1164:Drivers/STM32F0xx_HAL_Driver/Src/stm32f0xx_hal_tim_ex.c **** 
 3194              		.loc 1 1164 3 discriminator 6 view .LVU872
 3195 0058 4523     		movs	r3, #69
 3196 005a 0122     		movs	r2, #1
 3197 005c E254     		strb	r2, [r4, r3]
 3198 005e F5E7     		b	.L219
 3199              	.L222:
1164:Drivers/STM32F0xx_HAL_Driver/Src/stm32f0xx_hal_tim_ex.c **** 
 3200              		.loc 1 1164 3 discriminator 3 view .LVU873
 3201 0060 4323     		movs	r3, #67
 3202 0062 0122     		movs	r2, #1
 3203 0064 E254     		strb	r2, [r4, r3]
 3204 0066 F1E7     		b	.L219
 3205              	.L223:
ARM GAS  C:\Users\fastr\AppData\Local\Temp\ccGFXKp9.s 			page 113


1164:Drivers/STM32F0xx_HAL_Driver/Src/stm32f0xx_hal_tim_ex.c **** 
 3206              		.loc 1 1164 3 discriminator 5 view .LVU874
 3207 0068 4423     		movs	r3, #68
 3208 006a 0122     		movs	r2, #1
 3209 006c E254     		strb	r2, [r4, r3]
 3210 006e EDE7     		b	.L219
 3211              	.L225:
 3212              		.align	2
 3213              	.L224:
 3214 0070 11110000 		.word	4369
 3215 0074 44040000 		.word	1092
 3216 0078 FF7FFFFF 		.word	-32769
 3217              		.cfi_endproc
 3218              	.LFE57:
 3220              		.section	.text.HAL_TIMEx_PWMN_Start_IT,"ax",%progbits
 3221              		.align	1
 3222              		.global	HAL_TIMEx_PWMN_Start_IT
 3223              		.syntax unified
 3224              		.code	16
 3225              		.thumb_func
 3227              	HAL_TIMEx_PWMN_Start_IT:
 3228              	.LVL239:
 3229              	.LFB58:
1182:Drivers/STM32F0xx_HAL_Driver/Src/stm32f0xx_hal_tim_ex.c ****   HAL_StatusTypeDef status = HAL_OK;
 3230              		.loc 1 1182 1 is_stmt 1 view -0
 3231              		.cfi_startproc
 3232              		@ args = 0, pretend = 0, frame = 0
 3233              		@ frame_needed = 0, uses_anonymous_args = 0
1182:Drivers/STM32F0xx_HAL_Driver/Src/stm32f0xx_hal_tim_ex.c ****   HAL_StatusTypeDef status = HAL_OK;
 3234              		.loc 1 1182 1 is_stmt 0 view .LVU876
 3235 0000 10B5     		push	{r4, lr}
 3236              		.cfi_def_cfa_offset 8
 3237              		.cfi_offset 4, -8
 3238              		.cfi_offset 14, -4
 3239 0002 0400     		movs	r4, r0
1183:Drivers/STM32F0xx_HAL_Driver/Src/stm32f0xx_hal_tim_ex.c ****   uint32_t tmpsmcr;
 3240              		.loc 1 1183 3 is_stmt 1 view .LVU877
 3241              	.LVL240:
1184:Drivers/STM32F0xx_HAL_Driver/Src/stm32f0xx_hal_tim_ex.c **** 
 3242              		.loc 1 1184 3 view .LVU878
1187:Drivers/STM32F0xx_HAL_Driver/Src/stm32f0xx_hal_tim_ex.c **** 
 3243              		.loc 1 1187 3 view .LVU879
1190:Drivers/STM32F0xx_HAL_Driver/Src/stm32f0xx_hal_tim_ex.c ****   {
 3244              		.loc 1 1190 3 view .LVU880
1190:Drivers/STM32F0xx_HAL_Driver/Src/stm32f0xx_hal_tim_ex.c ****   {
 3245              		.loc 1 1190 46 is_stmt 0 view .LVU881
 3246 0004 0029     		cmp	r1, #0
 3247 0006 34D1     		bne	.L227
1190:Drivers/STM32F0xx_HAL_Driver/Src/stm32f0xx_hal_tim_ex.c ****   {
 3248              		.loc 1 1190 7 discriminator 1 view .LVU882
 3249 0008 4223     		movs	r3, #66
 3250 000a C35C     		ldrb	r3, [r0, r3]
1190:Drivers/STM32F0xx_HAL_Driver/Src/stm32f0xx_hal_tim_ex.c ****   {
 3251              		.loc 1 1190 46 discriminator 1 view .LVU883
 3252 000c 013B     		subs	r3, r3, #1
 3253 000e 5A1E     		subs	r2, r3, #1
 3254 0010 9341     		sbcs	r3, r3, r2
ARM GAS  C:\Users\fastr\AppData\Local\Temp\ccGFXKp9.s 			page 114


 3255 0012 DBB2     		uxtb	r3, r3
 3256              	.L228:
1190:Drivers/STM32F0xx_HAL_Driver/Src/stm32f0xx_hal_tim_ex.c ****   {
 3257              		.loc 1 1190 6 discriminator 10 view .LVU884
 3258 0014 002B     		cmp	r3, #0
 3259 0016 71D1     		bne	.L241
1196:Drivers/STM32F0xx_HAL_Driver/Src/stm32f0xx_hal_tim_ex.c **** 
 3260              		.loc 1 1196 3 is_stmt 1 view .LVU885
 3261 0018 0029     		cmp	r1, #0
 3262 001a 43D1     		bne	.L232
1196:Drivers/STM32F0xx_HAL_Driver/Src/stm32f0xx_hal_tim_ex.c **** 
 3263              		.loc 1 1196 3 is_stmt 0 discriminator 1 view .LVU886
 3264 001c 4233     		adds	r3, r3, #66
 3265 001e 0222     		movs	r2, #2
 3266 0020 E254     		strb	r2, [r4, r3]
1198:Drivers/STM32F0xx_HAL_Driver/Src/stm32f0xx_hal_tim_ex.c ****   {
 3267              		.loc 1 1198 3 is_stmt 1 view .LVU887
 3268              	.L233:
1203:Drivers/STM32F0xx_HAL_Driver/Src/stm32f0xx_hal_tim_ex.c ****       break;
 3269              		.loc 1 1203 7 view .LVU888
 3270 0022 2268     		ldr	r2, [r4]
 3271 0024 D368     		ldr	r3, [r2, #12]
 3272 0026 0220     		movs	r0, #2
 3273              	.LVL241:
1203:Drivers/STM32F0xx_HAL_Driver/Src/stm32f0xx_hal_tim_ex.c ****       break;
 3274              		.loc 1 1203 7 is_stmt 0 view .LVU889
 3275 0028 0343     		orrs	r3, r0
 3276 002a D360     		str	r3, [r2, #12]
1204:Drivers/STM32F0xx_HAL_Driver/Src/stm32f0xx_hal_tim_ex.c ****     }
 3277              		.loc 1 1204 7 is_stmt 1 view .LVU890
1226:Drivers/STM32F0xx_HAL_Driver/Src/stm32f0xx_hal_tim_ex.c ****   {
 3278              		.loc 1 1226 3 view .LVU891
 3279              	.L238:
1229:Drivers/STM32F0xx_HAL_Driver/Src/stm32f0xx_hal_tim_ex.c **** 
 3280              		.loc 1 1229 5 view .LVU892
 3281 002c 2268     		ldr	r2, [r4]
 3282 002e D368     		ldr	r3, [r2, #12]
 3283 0030 8020     		movs	r0, #128
 3284 0032 0343     		orrs	r3, r0
 3285 0034 D360     		str	r3, [r2, #12]
1232:Drivers/STM32F0xx_HAL_Driver/Src/stm32f0xx_hal_tim_ex.c **** 
 3286              		.loc 1 1232 5 view .LVU893
 3287 0036 2068     		ldr	r0, [r4]
 3288 0038 0422     		movs	r2, #4
 3289 003a FFF7FEFF 		bl	TIM_CCxNChannelCmd
 3290              	.LVL242:
1235:Drivers/STM32F0xx_HAL_Driver/Src/stm32f0xx_hal_tim_ex.c **** 
 3291              		.loc 1 1235 5 view .LVU894
 3292 003e 2268     		ldr	r2, [r4]
 3293 0040 516C     		ldr	r1, [r2, #68]
 3294 0042 8023     		movs	r3, #128
 3295 0044 1B02     		lsls	r3, r3, #8
 3296 0046 0B43     		orrs	r3, r1
 3297 0048 5364     		str	r3, [r2, #68]
1238:Drivers/STM32F0xx_HAL_Driver/Src/stm32f0xx_hal_tim_ex.c ****     {
 3298              		.loc 1 1238 5 view .LVU895
1238:Drivers/STM32F0xx_HAL_Driver/Src/stm32f0xx_hal_tim_ex.c ****     {
ARM GAS  C:\Users\fastr\AppData\Local\Temp\ccGFXKp9.s 			page 115


 3299              		.loc 1 1238 9 is_stmt 0 view .LVU896
 3300 004a 2368     		ldr	r3, [r4]
1238:Drivers/STM32F0xx_HAL_Driver/Src/stm32f0xx_hal_tim_ex.c ****     {
 3301              		.loc 1 1238 8 view .LVU897
 3302 004c 2D4A     		ldr	r2, .L248
 3303 004e 9342     		cmp	r3, r2
 3304 0050 49D0     		beq	.L239
1238:Drivers/STM32F0xx_HAL_Driver/Src/stm32f0xx_hal_tim_ex.c ****     {
 3305              		.loc 1 1238 9 discriminator 1 view .LVU898
 3306 0052 8022     		movs	r2, #128
 3307 0054 D205     		lsls	r2, r2, #23
 3308 0056 9342     		cmp	r3, r2
 3309 0058 45D0     		beq	.L239
1238:Drivers/STM32F0xx_HAL_Driver/Src/stm32f0xx_hal_tim_ex.c ****     {
 3310              		.loc 1 1238 9 discriminator 2 view .LVU899
 3311 005a 2B4A     		ldr	r2, .L248+4
 3312 005c 9342     		cmp	r3, r2
 3313 005e 42D0     		beq	.L239
1238:Drivers/STM32F0xx_HAL_Driver/Src/stm32f0xx_hal_tim_ex.c ****     {
 3314              		.loc 1 1238 9 discriminator 3 view .LVU900
 3315 0060 2A4A     		ldr	r2, .L248+8
 3316 0062 9342     		cmp	r3, r2
 3317 0064 3FD0     		beq	.L239
1248:Drivers/STM32F0xx_HAL_Driver/Src/stm32f0xx_hal_tim_ex.c ****     }
 3318              		.loc 1 1248 7 is_stmt 1 view .LVU901
 3319 0066 1A68     		ldr	r2, [r3]
 3320 0068 0121     		movs	r1, #1
 3321 006a 0A43     		orrs	r2, r1
 3322 006c 1A60     		str	r2, [r3]
 3323 006e 0020     		movs	r0, #0
 3324 0070 45E0     		b	.L231
 3325              	.LVL243:
 3326              	.L227:
1190:Drivers/STM32F0xx_HAL_Driver/Src/stm32f0xx_hal_tim_ex.c ****   {
 3327              		.loc 1 1190 46 is_stmt 0 discriminator 2 view .LVU902
 3328 0072 0429     		cmp	r1, #4
 3329 0074 08D0     		beq	.L244
1190:Drivers/STM32F0xx_HAL_Driver/Src/stm32f0xx_hal_tim_ex.c ****   {
 3330              		.loc 1 1190 46 discriminator 5 view .LVU903
 3331 0076 0829     		cmp	r1, #8
 3332 0078 0DD0     		beq	.L245
1190:Drivers/STM32F0xx_HAL_Driver/Src/stm32f0xx_hal_tim_ex.c ****   {
 3333              		.loc 1 1190 7 discriminator 8 view .LVU904
 3334 007a 4523     		movs	r3, #69
 3335 007c C35C     		ldrb	r3, [r0, r3]
1190:Drivers/STM32F0xx_HAL_Driver/Src/stm32f0xx_hal_tim_ex.c ****   {
 3336              		.loc 1 1190 46 discriminator 8 view .LVU905
 3337 007e 013B     		subs	r3, r3, #1
 3338 0080 5A1E     		subs	r2, r3, #1
 3339 0082 9341     		sbcs	r3, r3, r2
 3340 0084 DBB2     		uxtb	r3, r3
 3341 0086 C5E7     		b	.L228
 3342              	.L244:
1190:Drivers/STM32F0xx_HAL_Driver/Src/stm32f0xx_hal_tim_ex.c ****   {
 3343              		.loc 1 1190 7 discriminator 4 view .LVU906
 3344 0088 4323     		movs	r3, #67
 3345 008a C35C     		ldrb	r3, [r0, r3]
ARM GAS  C:\Users\fastr\AppData\Local\Temp\ccGFXKp9.s 			page 116


1190:Drivers/STM32F0xx_HAL_Driver/Src/stm32f0xx_hal_tim_ex.c ****   {
 3346              		.loc 1 1190 46 discriminator 4 view .LVU907
 3347 008c 013B     		subs	r3, r3, #1
 3348 008e 5A1E     		subs	r2, r3, #1
 3349 0090 9341     		sbcs	r3, r3, r2
 3350 0092 DBB2     		uxtb	r3, r3
 3351 0094 BEE7     		b	.L228
 3352              	.L245:
1190:Drivers/STM32F0xx_HAL_Driver/Src/stm32f0xx_hal_tim_ex.c ****   {
 3353              		.loc 1 1190 7 discriminator 7 view .LVU908
 3354 0096 4423     		movs	r3, #68
 3355 0098 C35C     		ldrb	r3, [r0, r3]
1190:Drivers/STM32F0xx_HAL_Driver/Src/stm32f0xx_hal_tim_ex.c ****   {
 3356              		.loc 1 1190 46 discriminator 7 view .LVU909
 3357 009a 013B     		subs	r3, r3, #1
 3358 009c 5A1E     		subs	r2, r3, #1
 3359 009e 9341     		sbcs	r3, r3, r2
 3360 00a0 DBB2     		uxtb	r3, r3
 3361 00a2 B7E7     		b	.L228
 3362              	.L232:
1196:Drivers/STM32F0xx_HAL_Driver/Src/stm32f0xx_hal_tim_ex.c **** 
 3363              		.loc 1 1196 3 discriminator 2 view .LVU910
 3364 00a4 0429     		cmp	r1, #4
 3365 00a6 0CD0     		beq	.L246
1196:Drivers/STM32F0xx_HAL_Driver/Src/stm32f0xx_hal_tim_ex.c **** 
 3366              		.loc 1 1196 3 discriminator 4 view .LVU911
 3367 00a8 0829     		cmp	r1, #8
 3368 00aa 13D0     		beq	.L247
1196:Drivers/STM32F0xx_HAL_Driver/Src/stm32f0xx_hal_tim_ex.c **** 
 3369              		.loc 1 1196 3 discriminator 6 view .LVU912
 3370 00ac 4523     		movs	r3, #69
 3371 00ae 0222     		movs	r2, #2
 3372 00b0 E254     		strb	r2, [r4, r3]
1198:Drivers/STM32F0xx_HAL_Driver/Src/stm32f0xx_hal_tim_ex.c ****   {
 3373              		.loc 1 1198 3 is_stmt 1 view .LVU913
 3374 00b2 0429     		cmp	r1, #4
 3375 00b4 08D0     		beq	.L235
 3376 00b6 0829     		cmp	r1, #8
 3377 00b8 0FD0     		beq	.L237
 3378 00ba 0029     		cmp	r1, #0
 3379 00bc B1D0     		beq	.L233
 3380 00be 0120     		movs	r0, #1
 3381              	.LVL244:
1198:Drivers/STM32F0xx_HAL_Driver/Src/stm32f0xx_hal_tim_ex.c ****   {
 3382              		.loc 1 1198 3 is_stmt 0 view .LVU914
 3383 00c0 1DE0     		b	.L231
 3384              	.LVL245:
 3385              	.L246:
1196:Drivers/STM32F0xx_HAL_Driver/Src/stm32f0xx_hal_tim_ex.c **** 
 3386              		.loc 1 1196 3 discriminator 3 view .LVU915
 3387 00c2 4323     		movs	r3, #67
 3388 00c4 0222     		movs	r2, #2
 3389 00c6 E254     		strb	r2, [r4, r3]
1198:Drivers/STM32F0xx_HAL_Driver/Src/stm32f0xx_hal_tim_ex.c ****   {
 3390              		.loc 1 1198 3 is_stmt 1 view .LVU916
 3391              	.L235:
1210:Drivers/STM32F0xx_HAL_Driver/Src/stm32f0xx_hal_tim_ex.c ****       break;
ARM GAS  C:\Users\fastr\AppData\Local\Temp\ccGFXKp9.s 			page 117


 3392              		.loc 1 1210 7 view .LVU917
 3393 00c8 2268     		ldr	r2, [r4]
 3394 00ca D368     		ldr	r3, [r2, #12]
 3395 00cc 0420     		movs	r0, #4
 3396              	.LVL246:
1210:Drivers/STM32F0xx_HAL_Driver/Src/stm32f0xx_hal_tim_ex.c ****       break;
 3397              		.loc 1 1210 7 is_stmt 0 view .LVU918
 3398 00ce 0343     		orrs	r3, r0
 3399 00d0 D360     		str	r3, [r2, #12]
1211:Drivers/STM32F0xx_HAL_Driver/Src/stm32f0xx_hal_tim_ex.c ****     }
 3400              		.loc 1 1211 7 is_stmt 1 view .LVU919
1226:Drivers/STM32F0xx_HAL_Driver/Src/stm32f0xx_hal_tim_ex.c ****   {
 3401              		.loc 1 1226 3 view .LVU920
 3402 00d2 ABE7     		b	.L238
 3403              	.LVL247:
 3404              	.L247:
1196:Drivers/STM32F0xx_HAL_Driver/Src/stm32f0xx_hal_tim_ex.c **** 
 3405              		.loc 1 1196 3 is_stmt 0 discriminator 5 view .LVU921
 3406 00d4 4423     		movs	r3, #68
 3407 00d6 0222     		movs	r2, #2
 3408 00d8 E254     		strb	r2, [r4, r3]
1198:Drivers/STM32F0xx_HAL_Driver/Src/stm32f0xx_hal_tim_ex.c ****   {
 3409              		.loc 1 1198 3 is_stmt 1 view .LVU922
 3410              	.L237:
1217:Drivers/STM32F0xx_HAL_Driver/Src/stm32f0xx_hal_tim_ex.c ****       break;
 3411              		.loc 1 1217 7 view .LVU923
 3412 00da 2268     		ldr	r2, [r4]
 3413 00dc D368     		ldr	r3, [r2, #12]
 3414 00de 0820     		movs	r0, #8
 3415              	.LVL248:
1217:Drivers/STM32F0xx_HAL_Driver/Src/stm32f0xx_hal_tim_ex.c ****       break;
 3416              		.loc 1 1217 7 is_stmt 0 view .LVU924
 3417 00e0 0343     		orrs	r3, r0
 3418 00e2 D360     		str	r3, [r2, #12]
1218:Drivers/STM32F0xx_HAL_Driver/Src/stm32f0xx_hal_tim_ex.c ****     }
 3419              		.loc 1 1218 7 is_stmt 1 view .LVU925
1226:Drivers/STM32F0xx_HAL_Driver/Src/stm32f0xx_hal_tim_ex.c ****   {
 3420              		.loc 1 1226 3 view .LVU926
 3421 00e4 A2E7     		b	.L238
 3422              	.LVL249:
 3423              	.L239:
1240:Drivers/STM32F0xx_HAL_Driver/Src/stm32f0xx_hal_tim_ex.c ****       if (!IS_TIM_SLAVEMODE_TRIGGER_ENABLED(tmpsmcr))
 3424              		.loc 1 1240 7 view .LVU927
1240:Drivers/STM32F0xx_HAL_Driver/Src/stm32f0xx_hal_tim_ex.c ****       if (!IS_TIM_SLAVEMODE_TRIGGER_ENABLED(tmpsmcr))
 3425              		.loc 1 1240 31 is_stmt 0 view .LVU928
 3426 00e6 9968     		ldr	r1, [r3, #8]
1240:Drivers/STM32F0xx_HAL_Driver/Src/stm32f0xx_hal_tim_ex.c ****       if (!IS_TIM_SLAVEMODE_TRIGGER_ENABLED(tmpsmcr))
 3427              		.loc 1 1240 15 view .LVU929
 3428 00e8 0722     		movs	r2, #7
 3429 00ea 0A40     		ands	r2, r1
 3430              	.LVL250:
1241:Drivers/STM32F0xx_HAL_Driver/Src/stm32f0xx_hal_tim_ex.c ****       {
 3431              		.loc 1 1241 7 is_stmt 1 view .LVU930
1241:Drivers/STM32F0xx_HAL_Driver/Src/stm32f0xx_hal_tim_ex.c ****       {
 3432              		.loc 1 1241 10 is_stmt 0 view .LVU931
 3433 00ec 062A     		cmp	r2, #6
 3434 00ee 07D0     		beq	.L243
ARM GAS  C:\Users\fastr\AppData\Local\Temp\ccGFXKp9.s 			page 118


1243:Drivers/STM32F0xx_HAL_Driver/Src/stm32f0xx_hal_tim_ex.c ****       }
 3435              		.loc 1 1243 9 is_stmt 1 view .LVU932
 3436 00f0 1A68     		ldr	r2, [r3]
 3437              	.LVL251:
1243:Drivers/STM32F0xx_HAL_Driver/Src/stm32f0xx_hal_tim_ex.c ****       }
 3438              		.loc 1 1243 9 is_stmt 0 view .LVU933
 3439 00f2 0121     		movs	r1, #1
 3440              	.LVL252:
1243:Drivers/STM32F0xx_HAL_Driver/Src/stm32f0xx_hal_tim_ex.c ****       }
 3441              		.loc 1 1243 9 view .LVU934
 3442 00f4 0A43     		orrs	r2, r1
 3443 00f6 1A60     		str	r2, [r3]
 3444 00f8 0020     		movs	r0, #0
 3445 00fa 00E0     		b	.L231
 3446              	.LVL253:
 3447              	.L241:
1192:Drivers/STM32F0xx_HAL_Driver/Src/stm32f0xx_hal_tim_ex.c ****   }
 3448              		.loc 1 1192 12 view .LVU935
 3449 00fc 0120     		movs	r0, #1
 3450              	.LVL254:
 3451              	.L231:
1254:Drivers/STM32F0xx_HAL_Driver/Src/stm32f0xx_hal_tim_ex.c **** 
 3452              		.loc 1 1254 1 view .LVU936
 3453              		@ sp needed
 3454              	.LVL255:
1254:Drivers/STM32F0xx_HAL_Driver/Src/stm32f0xx_hal_tim_ex.c **** 
 3455              		.loc 1 1254 1 view .LVU937
 3456 00fe 10BD     		pop	{r4, pc}
 3457              	.LVL256:
 3458              	.L243:
1254:Drivers/STM32F0xx_HAL_Driver/Src/stm32f0xx_hal_tim_ex.c **** 
 3459              		.loc 1 1254 1 view .LVU938
 3460 0100 0020     		movs	r0, #0
 3461 0102 FCE7     		b	.L231
 3462              	.L249:
 3463              		.align	2
 3464              	.L248:
 3465 0104 002C0140 		.word	1073818624
 3466 0108 00040040 		.word	1073742848
 3467 010c 00400140 		.word	1073823744
 3468              		.cfi_endproc
 3469              	.LFE58:
 3471              		.section	.text.HAL_TIMEx_PWMN_Stop_IT,"ax",%progbits
 3472              		.align	1
 3473              		.global	HAL_TIMEx_PWMN_Stop_IT
 3474              		.syntax unified
 3475              		.code	16
 3476              		.thumb_func
 3478              	HAL_TIMEx_PWMN_Stop_IT:
 3479              	.LVL257:
 3480              	.LFB59:
1268:Drivers/STM32F0xx_HAL_Driver/Src/stm32f0xx_hal_tim_ex.c ****   HAL_StatusTypeDef status = HAL_OK;
 3481              		.loc 1 1268 1 is_stmt 1 view -0
 3482              		.cfi_startproc
 3483              		@ args = 0, pretend = 0, frame = 0
 3484              		@ frame_needed = 0, uses_anonymous_args = 0
1268:Drivers/STM32F0xx_HAL_Driver/Src/stm32f0xx_hal_tim_ex.c ****   HAL_StatusTypeDef status = HAL_OK;
ARM GAS  C:\Users\fastr\AppData\Local\Temp\ccGFXKp9.s 			page 119


 3485              		.loc 1 1268 1 is_stmt 0 view .LVU940
 3486 0000 70B5     		push	{r4, r5, r6, lr}
 3487              		.cfi_def_cfa_offset 16
 3488              		.cfi_offset 4, -16
 3489              		.cfi_offset 5, -12
 3490              		.cfi_offset 6, -8
 3491              		.cfi_offset 14, -4
 3492 0002 0400     		movs	r4, r0
 3493 0004 0D00     		movs	r5, r1
1269:Drivers/STM32F0xx_HAL_Driver/Src/stm32f0xx_hal_tim_ex.c ****   uint32_t tmpccer;
 3494              		.loc 1 1269 3 is_stmt 1 view .LVU941
 3495              	.LVL258:
1270:Drivers/STM32F0xx_HAL_Driver/Src/stm32f0xx_hal_tim_ex.c **** 
 3496              		.loc 1 1270 3 view .LVU942
1273:Drivers/STM32F0xx_HAL_Driver/Src/stm32f0xx_hal_tim_ex.c **** 
 3497              		.loc 1 1273 3 view .LVU943
1275:Drivers/STM32F0xx_HAL_Driver/Src/stm32f0xx_hal_tim_ex.c ****   {
 3498              		.loc 1 1275 3 view .LVU944
 3499 0006 0429     		cmp	r1, #4
 3500 0008 37D0     		beq	.L251
 3501 000a 0829     		cmp	r1, #8
 3502 000c 3BD0     		beq	.L252
 3503 000e 0029     		cmp	r1, #0
 3504 0010 52D1     		bne	.L261
1280:Drivers/STM32F0xx_HAL_Driver/Src/stm32f0xx_hal_tim_ex.c ****       break;
 3505              		.loc 1 1280 7 view .LVU945
 3506 0012 0268     		ldr	r2, [r0]
 3507 0014 D368     		ldr	r3, [r2, #12]
 3508 0016 0221     		movs	r1, #2
 3509              	.LVL259:
1280:Drivers/STM32F0xx_HAL_Driver/Src/stm32f0xx_hal_tim_ex.c ****       break;
 3510              		.loc 1 1280 7 is_stmt 0 view .LVU946
 3511 0018 8B43     		bics	r3, r1
 3512 001a D360     		str	r3, [r2, #12]
1281:Drivers/STM32F0xx_HAL_Driver/Src/stm32f0xx_hal_tim_ex.c ****     }
 3513              		.loc 1 1281 7 is_stmt 1 view .LVU947
1303:Drivers/STM32F0xx_HAL_Driver/Src/stm32f0xx_hal_tim_ex.c ****   {
 3514              		.loc 1 1303 3 view .LVU948
 3515              	.L254:
1306:Drivers/STM32F0xx_HAL_Driver/Src/stm32f0xx_hal_tim_ex.c **** 
 3516              		.loc 1 1306 5 view .LVU949
 3517 001c 2068     		ldr	r0, [r4]
 3518              	.LVL260:
1306:Drivers/STM32F0xx_HAL_Driver/Src/stm32f0xx_hal_tim_ex.c **** 
 3519              		.loc 1 1306 5 is_stmt 0 view .LVU950
 3520 001e 0022     		movs	r2, #0
 3521 0020 2900     		movs	r1, r5
 3522 0022 FFF7FEFF 		bl	TIM_CCxNChannelCmd
 3523              	.LVL261:
1309:Drivers/STM32F0xx_HAL_Driver/Src/stm32f0xx_hal_tim_ex.c ****     if ((tmpccer & TIM_CCER_CCxNE_MASK) == (uint32_t)RESET)
 3524              		.loc 1 1309 5 is_stmt 1 view .LVU951
1309:Drivers/STM32F0xx_HAL_Driver/Src/stm32f0xx_hal_tim_ex.c ****     if ((tmpccer & TIM_CCER_CCxNE_MASK) == (uint32_t)RESET)
 3525              		.loc 1 1309 19 is_stmt 0 view .LVU952
 3526 0026 2368     		ldr	r3, [r4]
1309:Drivers/STM32F0xx_HAL_Driver/Src/stm32f0xx_hal_tim_ex.c ****     if ((tmpccer & TIM_CCER_CCxNE_MASK) == (uint32_t)RESET)
 3527              		.loc 1 1309 13 view .LVU953
 3528 0028 196A     		ldr	r1, [r3, #32]
ARM GAS  C:\Users\fastr\AppData\Local\Temp\ccGFXKp9.s 			page 120


 3529              	.LVL262:
1310:Drivers/STM32F0xx_HAL_Driver/Src/stm32f0xx_hal_tim_ex.c ****     {
 3530              		.loc 1 1310 5 is_stmt 1 view .LVU954
1310:Drivers/STM32F0xx_HAL_Driver/Src/stm32f0xx_hal_tim_ex.c ****     {
 3531              		.loc 1 1310 18 is_stmt 0 view .LVU955
 3532 002a 244A     		ldr	r2, .L264
1310:Drivers/STM32F0xx_HAL_Driver/Src/stm32f0xx_hal_tim_ex.c ****     {
 3533              		.loc 1 1310 8 view .LVU956
 3534 002c 1142     		tst	r1, r2
 3535 002e 03D1     		bne	.L255
1312:Drivers/STM32F0xx_HAL_Driver/Src/stm32f0xx_hal_tim_ex.c ****     }
 3536              		.loc 1 1312 7 is_stmt 1 view .LVU957
 3537 0030 DA68     		ldr	r2, [r3, #12]
 3538 0032 8021     		movs	r1, #128
 3539              	.LVL263:
1312:Drivers/STM32F0xx_HAL_Driver/Src/stm32f0xx_hal_tim_ex.c ****     }
 3540              		.loc 1 1312 7 is_stmt 0 view .LVU958
 3541 0034 8A43     		bics	r2, r1
 3542 0036 DA60     		str	r2, [r3, #12]
 3543              	.L255:
1316:Drivers/STM32F0xx_HAL_Driver/Src/stm32f0xx_hal_tim_ex.c **** 
 3544              		.loc 1 1316 5 is_stmt 1 view .LVU959
1316:Drivers/STM32F0xx_HAL_Driver/Src/stm32f0xx_hal_tim_ex.c **** 
 3545              		.loc 1 1316 5 view .LVU960
 3546 0038 2368     		ldr	r3, [r4]
 3547 003a 196A     		ldr	r1, [r3, #32]
 3548 003c 204A     		ldr	r2, .L264+4
 3549 003e 1142     		tst	r1, r2
 3550 0040 07D1     		bne	.L256
1316:Drivers/STM32F0xx_HAL_Driver/Src/stm32f0xx_hal_tim_ex.c **** 
 3551              		.loc 1 1316 5 discriminator 1 view .LVU961
 3552 0042 196A     		ldr	r1, [r3, #32]
 3553 0044 1D4A     		ldr	r2, .L264
 3554 0046 1142     		tst	r1, r2
 3555 0048 03D1     		bne	.L256
1316:Drivers/STM32F0xx_HAL_Driver/Src/stm32f0xx_hal_tim_ex.c **** 
 3556              		.loc 1 1316 5 discriminator 2 view .LVU962
 3557 004a 5A6C     		ldr	r2, [r3, #68]
 3558 004c 1D49     		ldr	r1, .L264+8
 3559 004e 0A40     		ands	r2, r1
 3560 0050 5A64     		str	r2, [r3, #68]
 3561              	.L256:
1316:Drivers/STM32F0xx_HAL_Driver/Src/stm32f0xx_hal_tim_ex.c **** 
 3562              		.loc 1 1316 5 view .LVU963
1319:Drivers/STM32F0xx_HAL_Driver/Src/stm32f0xx_hal_tim_ex.c **** 
 3563              		.loc 1 1319 5 view .LVU964
1319:Drivers/STM32F0xx_HAL_Driver/Src/stm32f0xx_hal_tim_ex.c **** 
 3564              		.loc 1 1319 5 view .LVU965
 3565 0052 2368     		ldr	r3, [r4]
 3566 0054 196A     		ldr	r1, [r3, #32]
 3567 0056 1A4A     		ldr	r2, .L264+4
 3568 0058 1142     		tst	r1, r2
 3569 005a 07D1     		bne	.L257
1319:Drivers/STM32F0xx_HAL_Driver/Src/stm32f0xx_hal_tim_ex.c **** 
 3570              		.loc 1 1319 5 discriminator 1 view .LVU966
 3571 005c 196A     		ldr	r1, [r3, #32]
 3572 005e 174A     		ldr	r2, .L264
ARM GAS  C:\Users\fastr\AppData\Local\Temp\ccGFXKp9.s 			page 121


 3573 0060 1142     		tst	r1, r2
 3574 0062 03D1     		bne	.L257
1319:Drivers/STM32F0xx_HAL_Driver/Src/stm32f0xx_hal_tim_ex.c **** 
 3575              		.loc 1 1319 5 discriminator 2 view .LVU967
 3576 0064 1A68     		ldr	r2, [r3]
 3577 0066 0121     		movs	r1, #1
 3578 0068 8A43     		bics	r2, r1
 3579 006a 1A60     		str	r2, [r3]
 3580              	.L257:
1319:Drivers/STM32F0xx_HAL_Driver/Src/stm32f0xx_hal_tim_ex.c **** 
 3581              		.loc 1 1319 5 view .LVU968
1322:Drivers/STM32F0xx_HAL_Driver/Src/stm32f0xx_hal_tim_ex.c ****   }
 3582              		.loc 1 1322 5 view .LVU969
 3583 006c 002D     		cmp	r5, #0
 3584 006e 10D1     		bne	.L258
1322:Drivers/STM32F0xx_HAL_Driver/Src/stm32f0xx_hal_tim_ex.c ****   }
 3585              		.loc 1 1322 5 is_stmt 0 discriminator 1 view .LVU970
 3586 0070 4223     		movs	r3, #66
 3587 0072 0122     		movs	r2, #1
 3588 0074 E254     		strb	r2, [r4, r3]
 3589 0076 0020     		movs	r0, #0
 3590              	.LVL264:
 3591              	.L253:
1326:Drivers/STM32F0xx_HAL_Driver/Src/stm32f0xx_hal_tim_ex.c **** }
 3592              		.loc 1 1326 3 is_stmt 1 view .LVU971
1327:Drivers/STM32F0xx_HAL_Driver/Src/stm32f0xx_hal_tim_ex.c **** 
 3593              		.loc 1 1327 1 is_stmt 0 view .LVU972
 3594              		@ sp needed
 3595              	.LVL265:
 3596              	.LVL266:
1327:Drivers/STM32F0xx_HAL_Driver/Src/stm32f0xx_hal_tim_ex.c **** 
 3597              		.loc 1 1327 1 view .LVU973
 3598 0078 70BD     		pop	{r4, r5, r6, pc}
 3599              	.LVL267:
 3600              	.L251:
1287:Drivers/STM32F0xx_HAL_Driver/Src/stm32f0xx_hal_tim_ex.c ****       break;
 3601              		.loc 1 1287 7 is_stmt 1 view .LVU974
 3602 007a 0268     		ldr	r2, [r0]
 3603 007c D368     		ldr	r3, [r2, #12]
 3604 007e 0421     		movs	r1, #4
 3605              	.LVL268:
1287:Drivers/STM32F0xx_HAL_Driver/Src/stm32f0xx_hal_tim_ex.c ****       break;
 3606              		.loc 1 1287 7 is_stmt 0 view .LVU975
 3607 0080 8B43     		bics	r3, r1
 3608 0082 D360     		str	r3, [r2, #12]
1288:Drivers/STM32F0xx_HAL_Driver/Src/stm32f0xx_hal_tim_ex.c ****     }
 3609              		.loc 1 1288 7 is_stmt 1 view .LVU976
1303:Drivers/STM32F0xx_HAL_Driver/Src/stm32f0xx_hal_tim_ex.c ****   {
 3610              		.loc 1 1303 3 view .LVU977
 3611 0084 CAE7     		b	.L254
 3612              	.LVL269:
 3613              	.L252:
1294:Drivers/STM32F0xx_HAL_Driver/Src/stm32f0xx_hal_tim_ex.c ****       break;
 3614              		.loc 1 1294 7 view .LVU978
 3615 0086 0268     		ldr	r2, [r0]
 3616 0088 D368     		ldr	r3, [r2, #12]
 3617 008a 0821     		movs	r1, #8
ARM GAS  C:\Users\fastr\AppData\Local\Temp\ccGFXKp9.s 			page 122


 3618              	.LVL270:
1294:Drivers/STM32F0xx_HAL_Driver/Src/stm32f0xx_hal_tim_ex.c ****       break;
 3619              		.loc 1 1294 7 is_stmt 0 view .LVU979
 3620 008c 8B43     		bics	r3, r1
 3621 008e D360     		str	r3, [r2, #12]
1295:Drivers/STM32F0xx_HAL_Driver/Src/stm32f0xx_hal_tim_ex.c ****     }
 3622              		.loc 1 1295 7 is_stmt 1 view .LVU980
1303:Drivers/STM32F0xx_HAL_Driver/Src/stm32f0xx_hal_tim_ex.c ****   {
 3623              		.loc 1 1303 3 view .LVU981
 3624 0090 C4E7     		b	.L254
 3625              	.LVL271:
 3626              	.L258:
1322:Drivers/STM32F0xx_HAL_Driver/Src/stm32f0xx_hal_tim_ex.c ****   }
 3627              		.loc 1 1322 5 is_stmt 0 discriminator 2 view .LVU982
 3628 0092 042D     		cmp	r5, #4
 3629 0094 06D0     		beq	.L262
1322:Drivers/STM32F0xx_HAL_Driver/Src/stm32f0xx_hal_tim_ex.c ****   }
 3630              		.loc 1 1322 5 discriminator 4 view .LVU983
 3631 0096 082D     		cmp	r5, #8
 3632 0098 09D0     		beq	.L263
1322:Drivers/STM32F0xx_HAL_Driver/Src/stm32f0xx_hal_tim_ex.c ****   }
 3633              		.loc 1 1322 5 discriminator 6 view .LVU984
 3634 009a 4523     		movs	r3, #69
 3635 009c 0122     		movs	r2, #1
 3636 009e E254     		strb	r2, [r4, r3]
 3637 00a0 0020     		movs	r0, #0
 3638 00a2 E9E7     		b	.L253
 3639              	.L262:
1322:Drivers/STM32F0xx_HAL_Driver/Src/stm32f0xx_hal_tim_ex.c ****   }
 3640              		.loc 1 1322 5 discriminator 3 view .LVU985
 3641 00a4 4323     		movs	r3, #67
 3642 00a6 0122     		movs	r2, #1
 3643 00a8 E254     		strb	r2, [r4, r3]
 3644 00aa 0020     		movs	r0, #0
 3645 00ac E4E7     		b	.L253
 3646              	.L263:
1322:Drivers/STM32F0xx_HAL_Driver/Src/stm32f0xx_hal_tim_ex.c ****   }
 3647              		.loc 1 1322 5 discriminator 5 view .LVU986
 3648 00ae 4423     		movs	r3, #68
 3649 00b0 0122     		movs	r2, #1
 3650 00b2 E254     		strb	r2, [r4, r3]
 3651 00b4 0020     		movs	r0, #0
 3652 00b6 DFE7     		b	.L253
 3653              	.LVL272:
 3654              	.L261:
1275:Drivers/STM32F0xx_HAL_Driver/Src/stm32f0xx_hal_tim_ex.c ****   {
 3655              		.loc 1 1275 3 view .LVU987
 3656 00b8 0120     		movs	r0, #1
 3657              	.LVL273:
1275:Drivers/STM32F0xx_HAL_Driver/Src/stm32f0xx_hal_tim_ex.c ****   {
 3658              		.loc 1 1275 3 view .LVU988
 3659 00ba DDE7     		b	.L253
 3660              	.L265:
 3661              		.align	2
 3662              	.L264:
 3663 00bc 44040000 		.word	1092
 3664 00c0 11110000 		.word	4369
ARM GAS  C:\Users\fastr\AppData\Local\Temp\ccGFXKp9.s 			page 123


 3665 00c4 FF7FFFFF 		.word	-32769
 3666              		.cfi_endproc
 3667              	.LFE59:
 3669              		.section	.text.HAL_TIMEx_PWMN_Start_DMA,"ax",%progbits
 3670              		.align	1
 3671              		.global	HAL_TIMEx_PWMN_Start_DMA
 3672              		.syntax unified
 3673              		.code	16
 3674              		.thumb_func
 3676              	HAL_TIMEx_PWMN_Start_DMA:
 3677              	.LVL274:
 3678              	.LFB60:
1344:Drivers/STM32F0xx_HAL_Driver/Src/stm32f0xx_hal_tim_ex.c ****   HAL_StatusTypeDef status = HAL_OK;
 3679              		.loc 1 1344 1 is_stmt 1 view -0
 3680              		.cfi_startproc
 3681              		@ args = 0, pretend = 0, frame = 0
 3682              		@ frame_needed = 0, uses_anonymous_args = 0
1344:Drivers/STM32F0xx_HAL_Driver/Src/stm32f0xx_hal_tim_ex.c ****   HAL_StatusTypeDef status = HAL_OK;
 3683              		.loc 1 1344 1 is_stmt 0 view .LVU990
 3684 0000 70B5     		push	{r4, r5, r6, lr}
 3685              		.cfi_def_cfa_offset 16
 3686              		.cfi_offset 4, -16
 3687              		.cfi_offset 5, -12
 3688              		.cfi_offset 6, -8
 3689              		.cfi_offset 14, -4
 3690 0002 0500     		movs	r5, r0
 3691 0004 0C00     		movs	r4, r1
 3692 0006 1100     		movs	r1, r2
 3693              	.LVL275:
1345:Drivers/STM32F0xx_HAL_Driver/Src/stm32f0xx_hal_tim_ex.c ****   uint32_t tmpsmcr;
 3694              		.loc 1 1345 3 is_stmt 1 view .LVU991
1346:Drivers/STM32F0xx_HAL_Driver/Src/stm32f0xx_hal_tim_ex.c **** 
 3695              		.loc 1 1346 3 view .LVU992
1349:Drivers/STM32F0xx_HAL_Driver/Src/stm32f0xx_hal_tim_ex.c **** 
 3696              		.loc 1 1349 3 view .LVU993
1352:Drivers/STM32F0xx_HAL_Driver/Src/stm32f0xx_hal_tim_ex.c ****   {
 3697              		.loc 1 1352 3 view .LVU994
1352:Drivers/STM32F0xx_HAL_Driver/Src/stm32f0xx_hal_tim_ex.c ****   {
 3698              		.loc 1 1352 46 is_stmt 0 view .LVU995
 3699 0008 002C     		cmp	r4, #0
 3700 000a 56D1     		bne	.L267
1352:Drivers/STM32F0xx_HAL_Driver/Src/stm32f0xx_hal_tim_ex.c ****   {
 3701              		.loc 1 1352 7 discriminator 1 view .LVU996
 3702 000c 4222     		movs	r2, #66
 3703              	.LVL276:
1352:Drivers/STM32F0xx_HAL_Driver/Src/stm32f0xx_hal_tim_ex.c ****   {
 3704              		.loc 1 1352 7 discriminator 1 view .LVU997
 3705 000e 825C     		ldrb	r2, [r0, r2]
1352:Drivers/STM32F0xx_HAL_Driver/Src/stm32f0xx_hal_tim_ex.c ****   {
 3706              		.loc 1 1352 46 discriminator 1 view .LVU998
 3707 0010 023A     		subs	r2, r2, #2
 3708 0012 5042     		rsbs	r0, r2, #0
 3709 0014 4241     		adcs	r2, r2, r0
 3710              	.LVL277:
1352:Drivers/STM32F0xx_HAL_Driver/Src/stm32f0xx_hal_tim_ex.c ****   {
 3711              		.loc 1 1352 46 discriminator 1 view .LVU999
 3712 0016 D2B2     		uxtb	r2, r2
ARM GAS  C:\Users\fastr\AppData\Local\Temp\ccGFXKp9.s 			page 124


 3713              	.L268:
1352:Drivers/STM32F0xx_HAL_Driver/Src/stm32f0xx_hal_tim_ex.c ****   {
 3714              		.loc 1 1352 6 discriminator 10 view .LVU1000
 3715 0018 002A     		cmp	r2, #0
 3716 001a 00D0     		beq	.LCB3497
 3717 001c CDE0     		b	.L285	@long jump
 3718              	.LCB3497:
1356:Drivers/STM32F0xx_HAL_Driver/Src/stm32f0xx_hal_tim_ex.c ****   {
 3719              		.loc 1 1356 8 is_stmt 1 view .LVU1001
1356:Drivers/STM32F0xx_HAL_Driver/Src/stm32f0xx_hal_tim_ex.c ****   {
 3720              		.loc 1 1356 51 is_stmt 0 view .LVU1002
 3721 001e 002C     		cmp	r4, #0
 3722 0020 64D1     		bne	.L272
1356:Drivers/STM32F0xx_HAL_Driver/Src/stm32f0xx_hal_tim_ex.c ****   {
 3723              		.loc 1 1356 12 discriminator 1 view .LVU1003
 3724 0022 4232     		adds	r2, r2, #66
 3725 0024 AA5C     		ldrb	r2, [r5, r2]
1356:Drivers/STM32F0xx_HAL_Driver/Src/stm32f0xx_hal_tim_ex.c ****   {
 3726              		.loc 1 1356 51 discriminator 1 view .LVU1004
 3727 0026 013A     		subs	r2, r2, #1
 3728 0028 5042     		rsbs	r0, r2, #0
 3729 002a 4241     		adcs	r2, r2, r0
 3730 002c D2B2     		uxtb	r2, r2
 3731              	.L273:
1356:Drivers/STM32F0xx_HAL_Driver/Src/stm32f0xx_hal_tim_ex.c ****   {
 3732              		.loc 1 1356 11 discriminator 10 view .LVU1005
 3733 002e 002A     		cmp	r2, #0
 3734 0030 00D1     		bne	.LCB3510
 3735 0032 C4E0     		b	.L286	@long jump
 3736              	.LCB3510:
1358:Drivers/STM32F0xx_HAL_Driver/Src/stm32f0xx_hal_tim_ex.c ****     {
 3737              		.loc 1 1358 5 is_stmt 1 view .LVU1006
1358:Drivers/STM32F0xx_HAL_Driver/Src/stm32f0xx_hal_tim_ex.c ****     {
 3738              		.loc 1 1358 8 is_stmt 0 view .LVU1007
 3739 0034 0029     		cmp	r1, #0
 3740 0036 00D1     		bne	.LCB3513
 3741 0038 C3E0     		b	.L287	@long jump
 3742              	.LCB3513:
1358:Drivers/STM32F0xx_HAL_Driver/Src/stm32f0xx_hal_tim_ex.c ****     {
 3743              		.loc 1 1358 25 discriminator 1 view .LVU1008
 3744 003a 002B     		cmp	r3, #0
 3745 003c 00D1     		bne	.LCB3515
 3746 003e C2E0     		b	.L288	@long jump
 3747              	.LCB3515:
1364:Drivers/STM32F0xx_HAL_Driver/Src/stm32f0xx_hal_tim_ex.c ****     }
 3748              		.loc 1 1364 7 is_stmt 1 view .LVU1009
 3749 0040 002C     		cmp	r4, #0
 3750 0042 6CD1     		bne	.L276
1364:Drivers/STM32F0xx_HAL_Driver/Src/stm32f0xx_hal_tim_ex.c ****     }
 3751              		.loc 1 1364 7 is_stmt 0 discriminator 1 view .LVU1010
 3752 0044 4222     		movs	r2, #66
 3753 0046 0220     		movs	r0, #2
 3754 0048 A854     		strb	r0, [r5, r2]
1372:Drivers/STM32F0xx_HAL_Driver/Src/stm32f0xx_hal_tim_ex.c ****   {
 3755              		.loc 1 1372 3 is_stmt 1 view .LVU1011
 3756              	.L277:
1377:Drivers/STM32F0xx_HAL_Driver/Src/stm32f0xx_hal_tim_ex.c ****       htim->hdma[TIM_DMA_ID_CC1]->XferHalfCpltCallback = TIM_DMADelayPulseHalfCplt;
ARM GAS  C:\Users\fastr\AppData\Local\Temp\ccGFXKp9.s 			page 125


 3757              		.loc 1 1377 7 view .LVU1012
1377:Drivers/STM32F0xx_HAL_Driver/Src/stm32f0xx_hal_tim_ex.c ****       htim->hdma[TIM_DMA_ID_CC1]->XferHalfCpltCallback = TIM_DMADelayPulseHalfCplt;
 3758              		.loc 1 1377 17 is_stmt 0 view .LVU1013
 3759 004a 6A6A     		ldr	r2, [r5, #36]
1377:Drivers/STM32F0xx_HAL_Driver/Src/stm32f0xx_hal_tim_ex.c ****       htim->hdma[TIM_DMA_ID_CC1]->XferHalfCpltCallback = TIM_DMADelayPulseHalfCplt;
 3760              		.loc 1 1377 52 view .LVU1014
 3761 004c 6348     		ldr	r0, .L300
 3762 004e 9062     		str	r0, [r2, #40]
1378:Drivers/STM32F0xx_HAL_Driver/Src/stm32f0xx_hal_tim_ex.c **** 
 3763              		.loc 1 1378 7 is_stmt 1 view .LVU1015
1378:Drivers/STM32F0xx_HAL_Driver/Src/stm32f0xx_hal_tim_ex.c **** 
 3764              		.loc 1 1378 17 is_stmt 0 view .LVU1016
 3765 0050 6A6A     		ldr	r2, [r5, #36]
1378:Drivers/STM32F0xx_HAL_Driver/Src/stm32f0xx_hal_tim_ex.c **** 
 3766              		.loc 1 1378 56 view .LVU1017
 3767 0052 6348     		ldr	r0, .L300+4
 3768 0054 D062     		str	r0, [r2, #44]
1381:Drivers/STM32F0xx_HAL_Driver/Src/stm32f0xx_hal_tim_ex.c **** 
 3769              		.loc 1 1381 7 is_stmt 1 view .LVU1018
1381:Drivers/STM32F0xx_HAL_Driver/Src/stm32f0xx_hal_tim_ex.c **** 
 3770              		.loc 1 1381 17 is_stmt 0 view .LVU1019
 3771 0056 6A6A     		ldr	r2, [r5, #36]
1381:Drivers/STM32F0xx_HAL_Driver/Src/stm32f0xx_hal_tim_ex.c **** 
 3772              		.loc 1 1381 53 view .LVU1020
 3773 0058 6248     		ldr	r0, .L300+8
 3774 005a 1063     		str	r0, [r2, #48]
1384:Drivers/STM32F0xx_HAL_Driver/Src/stm32f0xx_hal_tim_ex.c ****                            Length) != HAL_OK)
 3775              		.loc 1 1384 7 is_stmt 1 view .LVU1021
1384:Drivers/STM32F0xx_HAL_Driver/Src/stm32f0xx_hal_tim_ex.c ****                            Length) != HAL_OK)
 3776              		.loc 1 1384 88 is_stmt 0 view .LVU1022
 3777 005c 2A68     		ldr	r2, [r5]
1384:Drivers/STM32F0xx_HAL_Driver/Src/stm32f0xx_hal_tim_ex.c ****                            Length) != HAL_OK)
 3778              		.loc 1 1384 83 view .LVU1023
 3779 005e 3432     		adds	r2, r2, #52
1384:Drivers/STM32F0xx_HAL_Driver/Src/stm32f0xx_hal_tim_ex.c ****                            Length) != HAL_OK)
 3780              		.loc 1 1384 11 view .LVU1024
 3781 0060 686A     		ldr	r0, [r5, #36]
 3782 0062 FFF7FEFF 		bl	HAL_DMA_Start_IT
 3783              	.LVL278:
1384:Drivers/STM32F0xx_HAL_Driver/Src/stm32f0xx_hal_tim_ex.c ****                            Length) != HAL_OK)
 3784              		.loc 1 1384 10 discriminator 1 view .LVU1025
 3785 0066 0028     		cmp	r0, #0
 3786 0068 00D0     		beq	.LCB3547
 3787 006a AEE0     		b	.L290	@long jump
 3788              	.LCB3547:
1391:Drivers/STM32F0xx_HAL_Driver/Src/stm32f0xx_hal_tim_ex.c ****       break;
 3789              		.loc 1 1391 7 is_stmt 1 view .LVU1026
 3790 006c 2A68     		ldr	r2, [r5]
 3791 006e D168     		ldr	r1, [r2, #12]
 3792 0070 8023     		movs	r3, #128
 3793 0072 9B00     		lsls	r3, r3, #2
 3794 0074 0B43     		orrs	r3, r1
 3795 0076 D360     		str	r3, [r2, #12]
1392:Drivers/STM32F0xx_HAL_Driver/Src/stm32f0xx_hal_tim_ex.c ****     }
 3796              		.loc 1 1392 7 view .LVU1027
1442:Drivers/STM32F0xx_HAL_Driver/Src/stm32f0xx_hal_tim_ex.c ****   {
 3797              		.loc 1 1442 3 view .LVU1028
ARM GAS  C:\Users\fastr\AppData\Local\Temp\ccGFXKp9.s 			page 126


 3798              	.L282:
1445:Drivers/STM32F0xx_HAL_Driver/Src/stm32f0xx_hal_tim_ex.c **** 
 3799              		.loc 1 1445 5 view .LVU1029
 3800 0078 2868     		ldr	r0, [r5]
 3801 007a 0422     		movs	r2, #4
 3802 007c 2100     		movs	r1, r4
 3803 007e FFF7FEFF 		bl	TIM_CCxNChannelCmd
 3804              	.LVL279:
1448:Drivers/STM32F0xx_HAL_Driver/Src/stm32f0xx_hal_tim_ex.c **** 
 3805              		.loc 1 1448 5 view .LVU1030
 3806 0082 2A68     		ldr	r2, [r5]
 3807 0084 516C     		ldr	r1, [r2, #68]
 3808 0086 8023     		movs	r3, #128
 3809 0088 1B02     		lsls	r3, r3, #8
 3810 008a 0B43     		orrs	r3, r1
 3811 008c 5364     		str	r3, [r2, #68]
1451:Drivers/STM32F0xx_HAL_Driver/Src/stm32f0xx_hal_tim_ex.c ****     {
 3812              		.loc 1 1451 5 view .LVU1031
1451:Drivers/STM32F0xx_HAL_Driver/Src/stm32f0xx_hal_tim_ex.c ****     {
 3813              		.loc 1 1451 9 is_stmt 0 view .LVU1032
 3814 008e 2B68     		ldr	r3, [r5]
1451:Drivers/STM32F0xx_HAL_Driver/Src/stm32f0xx_hal_tim_ex.c ****     {
 3815              		.loc 1 1451 8 view .LVU1033
 3816 0090 554A     		ldr	r2, .L300+12
 3817 0092 9342     		cmp	r3, r2
 3818 0094 00D1     		bne	.LCB3577
 3819 0096 85E0     		b	.L283	@long jump
 3820              	.LCB3577:
1451:Drivers/STM32F0xx_HAL_Driver/Src/stm32f0xx_hal_tim_ex.c ****     {
 3821              		.loc 1 1451 9 discriminator 1 view .LVU1034
 3822 0098 8022     		movs	r2, #128
 3823 009a D205     		lsls	r2, r2, #23
 3824 009c 9342     		cmp	r3, r2
 3825 009e 00D1     		bne	.LCB3581
 3826 00a0 80E0     		b	.L283	@long jump
 3827              	.LCB3581:
1451:Drivers/STM32F0xx_HAL_Driver/Src/stm32f0xx_hal_tim_ex.c ****     {
 3828              		.loc 1 1451 9 discriminator 2 view .LVU1035
 3829 00a2 524A     		ldr	r2, .L300+16
 3830 00a4 9342     		cmp	r3, r2
 3831 00a6 7DD0     		beq	.L283
1451:Drivers/STM32F0xx_HAL_Driver/Src/stm32f0xx_hal_tim_ex.c ****     {
 3832              		.loc 1 1451 9 discriminator 3 view .LVU1036
 3833 00a8 514A     		ldr	r2, .L300+20
 3834 00aa 9342     		cmp	r3, r2
 3835 00ac 7AD0     		beq	.L283
1461:Drivers/STM32F0xx_HAL_Driver/Src/stm32f0xx_hal_tim_ex.c ****     }
 3836              		.loc 1 1461 7 is_stmt 1 view .LVU1037
 3837 00ae 1A68     		ldr	r2, [r3]
 3838 00b0 0121     		movs	r1, #1
 3839 00b2 0A43     		orrs	r2, r1
 3840 00b4 1A60     		str	r2, [r3]
 3841 00b6 0020     		movs	r0, #0
 3842 00b8 82E0     		b	.L271
 3843              	.LVL280:
 3844              	.L267:
1352:Drivers/STM32F0xx_HAL_Driver/Src/stm32f0xx_hal_tim_ex.c ****   {
ARM GAS  C:\Users\fastr\AppData\Local\Temp\ccGFXKp9.s 			page 127


 3845              		.loc 1 1352 46 is_stmt 0 discriminator 2 view .LVU1038
 3846 00ba 042C     		cmp	r4, #4
 3847 00bc 08D0     		beq	.L294
1352:Drivers/STM32F0xx_HAL_Driver/Src/stm32f0xx_hal_tim_ex.c ****   {
 3848              		.loc 1 1352 46 discriminator 5 view .LVU1039
 3849 00be 082C     		cmp	r4, #8
 3850 00c0 0DD0     		beq	.L295
1352:Drivers/STM32F0xx_HAL_Driver/Src/stm32f0xx_hal_tim_ex.c ****   {
 3851              		.loc 1 1352 7 discriminator 8 view .LVU1040
 3852 00c2 4522     		movs	r2, #69
 3853 00c4 825C     		ldrb	r2, [r0, r2]
1352:Drivers/STM32F0xx_HAL_Driver/Src/stm32f0xx_hal_tim_ex.c ****   {
 3854              		.loc 1 1352 46 discriminator 8 view .LVU1041
 3855 00c6 023A     		subs	r2, r2, #2
 3856 00c8 5042     		rsbs	r0, r2, #0
 3857 00ca 4241     		adcs	r2, r2, r0
 3858              	.LVL281:
1352:Drivers/STM32F0xx_HAL_Driver/Src/stm32f0xx_hal_tim_ex.c ****   {
 3859              		.loc 1 1352 46 discriminator 8 view .LVU1042
 3860 00cc D2B2     		uxtb	r2, r2
 3861 00ce A3E7     		b	.L268
 3862              	.LVL282:
 3863              	.L294:
1352:Drivers/STM32F0xx_HAL_Driver/Src/stm32f0xx_hal_tim_ex.c ****   {
 3864              		.loc 1 1352 7 discriminator 4 view .LVU1043
 3865 00d0 4322     		movs	r2, #67
 3866 00d2 825C     		ldrb	r2, [r0, r2]
1352:Drivers/STM32F0xx_HAL_Driver/Src/stm32f0xx_hal_tim_ex.c ****   {
 3867              		.loc 1 1352 46 discriminator 4 view .LVU1044
 3868 00d4 023A     		subs	r2, r2, #2
 3869 00d6 5042     		rsbs	r0, r2, #0
 3870 00d8 4241     		adcs	r2, r2, r0
 3871              	.LVL283:
1352:Drivers/STM32F0xx_HAL_Driver/Src/stm32f0xx_hal_tim_ex.c ****   {
 3872              		.loc 1 1352 46 discriminator 4 view .LVU1045
 3873 00da D2B2     		uxtb	r2, r2
 3874 00dc 9CE7     		b	.L268
 3875              	.LVL284:
 3876              	.L295:
1352:Drivers/STM32F0xx_HAL_Driver/Src/stm32f0xx_hal_tim_ex.c ****   {
 3877              		.loc 1 1352 7 discriminator 7 view .LVU1046
 3878 00de 4422     		movs	r2, #68
 3879 00e0 825C     		ldrb	r2, [r0, r2]
1352:Drivers/STM32F0xx_HAL_Driver/Src/stm32f0xx_hal_tim_ex.c ****   {
 3880              		.loc 1 1352 46 discriminator 7 view .LVU1047
 3881 00e2 023A     		subs	r2, r2, #2
 3882 00e4 5042     		rsbs	r0, r2, #0
 3883 00e6 4241     		adcs	r2, r2, r0
 3884              	.LVL285:
1352:Drivers/STM32F0xx_HAL_Driver/Src/stm32f0xx_hal_tim_ex.c ****   {
 3885              		.loc 1 1352 46 discriminator 7 view .LVU1048
 3886 00e8 D2B2     		uxtb	r2, r2
 3887 00ea 95E7     		b	.L268
 3888              	.L272:
1356:Drivers/STM32F0xx_HAL_Driver/Src/stm32f0xx_hal_tim_ex.c ****   {
 3889              		.loc 1 1356 51 discriminator 2 view .LVU1049
 3890 00ec 042C     		cmp	r4, #4
ARM GAS  C:\Users\fastr\AppData\Local\Temp\ccGFXKp9.s 			page 128


 3891 00ee 08D0     		beq	.L296
1356:Drivers/STM32F0xx_HAL_Driver/Src/stm32f0xx_hal_tim_ex.c ****   {
 3892              		.loc 1 1356 51 discriminator 5 view .LVU1050
 3893 00f0 082C     		cmp	r4, #8
 3894 00f2 0DD0     		beq	.L297
1356:Drivers/STM32F0xx_HAL_Driver/Src/stm32f0xx_hal_tim_ex.c ****   {
 3895              		.loc 1 1356 12 discriminator 8 view .LVU1051
 3896 00f4 4522     		movs	r2, #69
 3897 00f6 AA5C     		ldrb	r2, [r5, r2]
1356:Drivers/STM32F0xx_HAL_Driver/Src/stm32f0xx_hal_tim_ex.c ****   {
 3898              		.loc 1 1356 51 discriminator 8 view .LVU1052
 3899 00f8 013A     		subs	r2, r2, #1
 3900 00fa 5042     		rsbs	r0, r2, #0
 3901 00fc 4241     		adcs	r2, r2, r0
 3902 00fe D2B2     		uxtb	r2, r2
 3903 0100 95E7     		b	.L273
 3904              	.L296:
1356:Drivers/STM32F0xx_HAL_Driver/Src/stm32f0xx_hal_tim_ex.c ****   {
 3905              		.loc 1 1356 12 discriminator 4 view .LVU1053
 3906 0102 4322     		movs	r2, #67
 3907 0104 AA5C     		ldrb	r2, [r5, r2]
1356:Drivers/STM32F0xx_HAL_Driver/Src/stm32f0xx_hal_tim_ex.c ****   {
 3908              		.loc 1 1356 51 discriminator 4 view .LVU1054
 3909 0106 013A     		subs	r2, r2, #1
 3910 0108 5042     		rsbs	r0, r2, #0
 3911 010a 4241     		adcs	r2, r2, r0
 3912 010c D2B2     		uxtb	r2, r2
 3913 010e 8EE7     		b	.L273
 3914              	.L297:
1356:Drivers/STM32F0xx_HAL_Driver/Src/stm32f0xx_hal_tim_ex.c ****   {
 3915              		.loc 1 1356 12 discriminator 7 view .LVU1055
 3916 0110 4422     		movs	r2, #68
 3917 0112 AA5C     		ldrb	r2, [r5, r2]
1356:Drivers/STM32F0xx_HAL_Driver/Src/stm32f0xx_hal_tim_ex.c ****   {
 3918              		.loc 1 1356 51 discriminator 7 view .LVU1056
 3919 0114 013A     		subs	r2, r2, #1
 3920 0116 5042     		rsbs	r0, r2, #0
 3921 0118 4241     		adcs	r2, r2, r0
 3922 011a D2B2     		uxtb	r2, r2
 3923 011c 87E7     		b	.L273
 3924              	.L276:
1364:Drivers/STM32F0xx_HAL_Driver/Src/stm32f0xx_hal_tim_ex.c ****     }
 3925              		.loc 1 1364 7 discriminator 2 view .LVU1057
 3926 011e 042C     		cmp	r4, #4
 3927 0120 0CD0     		beq	.L298
1364:Drivers/STM32F0xx_HAL_Driver/Src/stm32f0xx_hal_tim_ex.c ****     }
 3928              		.loc 1 1364 7 discriminator 4 view .LVU1058
 3929 0122 082C     		cmp	r4, #8
 3930 0124 24D0     		beq	.L299
1364:Drivers/STM32F0xx_HAL_Driver/Src/stm32f0xx_hal_tim_ex.c ****     }
 3931              		.loc 1 1364 7 discriminator 6 view .LVU1059
 3932 0126 4522     		movs	r2, #69
 3933 0128 0220     		movs	r0, #2
 3934 012a A854     		strb	r0, [r5, r2]
1372:Drivers/STM32F0xx_HAL_Driver/Src/stm32f0xx_hal_tim_ex.c ****   {
 3935              		.loc 1 1372 3 is_stmt 1 view .LVU1060
 3936 012c 042C     		cmp	r4, #4
ARM GAS  C:\Users\fastr\AppData\Local\Temp\ccGFXKp9.s 			page 129


 3937 012e 08D0     		beq	.L279
 3938 0130 082C     		cmp	r4, #8
 3939 0132 20D0     		beq	.L281
 3940 0134 002C     		cmp	r4, #0
 3941 0136 88D0     		beq	.L277
 3942 0138 0120     		movs	r0, #1
 3943 013a 41E0     		b	.L271
 3944              	.L298:
1364:Drivers/STM32F0xx_HAL_Driver/Src/stm32f0xx_hal_tim_ex.c ****     }
 3945              		.loc 1 1364 7 is_stmt 0 discriminator 3 view .LVU1061
 3946 013c 4322     		movs	r2, #67
 3947 013e 0220     		movs	r0, #2
 3948 0140 A854     		strb	r0, [r5, r2]
1372:Drivers/STM32F0xx_HAL_Driver/Src/stm32f0xx_hal_tim_ex.c ****   {
 3949              		.loc 1 1372 3 is_stmt 1 view .LVU1062
 3950              	.L279:
1398:Drivers/STM32F0xx_HAL_Driver/Src/stm32f0xx_hal_tim_ex.c ****       htim->hdma[TIM_DMA_ID_CC2]->XferHalfCpltCallback = TIM_DMADelayPulseHalfCplt;
 3951              		.loc 1 1398 7 view .LVU1063
1398:Drivers/STM32F0xx_HAL_Driver/Src/stm32f0xx_hal_tim_ex.c ****       htim->hdma[TIM_DMA_ID_CC2]->XferHalfCpltCallback = TIM_DMADelayPulseHalfCplt;
 3952              		.loc 1 1398 17 is_stmt 0 view .LVU1064
 3953 0142 AA6A     		ldr	r2, [r5, #40]
1398:Drivers/STM32F0xx_HAL_Driver/Src/stm32f0xx_hal_tim_ex.c ****       htim->hdma[TIM_DMA_ID_CC2]->XferHalfCpltCallback = TIM_DMADelayPulseHalfCplt;
 3954              		.loc 1 1398 52 view .LVU1065
 3955 0144 2548     		ldr	r0, .L300
 3956 0146 9062     		str	r0, [r2, #40]
1399:Drivers/STM32F0xx_HAL_Driver/Src/stm32f0xx_hal_tim_ex.c **** 
 3957              		.loc 1 1399 7 is_stmt 1 view .LVU1066
1399:Drivers/STM32F0xx_HAL_Driver/Src/stm32f0xx_hal_tim_ex.c **** 
 3958              		.loc 1 1399 17 is_stmt 0 view .LVU1067
 3959 0148 AA6A     		ldr	r2, [r5, #40]
1399:Drivers/STM32F0xx_HAL_Driver/Src/stm32f0xx_hal_tim_ex.c **** 
 3960              		.loc 1 1399 56 view .LVU1068
 3961 014a 2548     		ldr	r0, .L300+4
 3962 014c D062     		str	r0, [r2, #44]
1402:Drivers/STM32F0xx_HAL_Driver/Src/stm32f0xx_hal_tim_ex.c **** 
 3963              		.loc 1 1402 7 is_stmt 1 view .LVU1069
1402:Drivers/STM32F0xx_HAL_Driver/Src/stm32f0xx_hal_tim_ex.c **** 
 3964              		.loc 1 1402 17 is_stmt 0 view .LVU1070
 3965 014e AA6A     		ldr	r2, [r5, #40]
1402:Drivers/STM32F0xx_HAL_Driver/Src/stm32f0xx_hal_tim_ex.c **** 
 3966              		.loc 1 1402 53 view .LVU1071
 3967 0150 2448     		ldr	r0, .L300+8
 3968 0152 1063     		str	r0, [r2, #48]
1405:Drivers/STM32F0xx_HAL_Driver/Src/stm32f0xx_hal_tim_ex.c ****                            Length) != HAL_OK)
 3969              		.loc 1 1405 7 is_stmt 1 view .LVU1072
1405:Drivers/STM32F0xx_HAL_Driver/Src/stm32f0xx_hal_tim_ex.c ****                            Length) != HAL_OK)
 3970              		.loc 1 1405 88 is_stmt 0 view .LVU1073
 3971 0154 2A68     		ldr	r2, [r5]
1405:Drivers/STM32F0xx_HAL_Driver/Src/stm32f0xx_hal_tim_ex.c ****                            Length) != HAL_OK)
 3972              		.loc 1 1405 83 view .LVU1074
 3973 0156 3832     		adds	r2, r2, #56
1405:Drivers/STM32F0xx_HAL_Driver/Src/stm32f0xx_hal_tim_ex.c ****                            Length) != HAL_OK)
 3974              		.loc 1 1405 11 view .LVU1075
 3975 0158 A86A     		ldr	r0, [r5, #40]
 3976 015a FFF7FEFF 		bl	HAL_DMA_Start_IT
 3977              	.LVL286:
1405:Drivers/STM32F0xx_HAL_Driver/Src/stm32f0xx_hal_tim_ex.c ****                            Length) != HAL_OK)
ARM GAS  C:\Users\fastr\AppData\Local\Temp\ccGFXKp9.s 			page 130


 3978              		.loc 1 1405 10 discriminator 1 view .LVU1076
 3979 015e 0028     		cmp	r0, #0
 3980 0160 35D1     		bne	.L291
1412:Drivers/STM32F0xx_HAL_Driver/Src/stm32f0xx_hal_tim_ex.c ****       break;
 3981              		.loc 1 1412 7 is_stmt 1 view .LVU1077
 3982 0162 2A68     		ldr	r2, [r5]
 3983 0164 D168     		ldr	r1, [r2, #12]
 3984 0166 8023     		movs	r3, #128
 3985 0168 DB00     		lsls	r3, r3, #3
 3986 016a 0B43     		orrs	r3, r1
 3987 016c D360     		str	r3, [r2, #12]
1413:Drivers/STM32F0xx_HAL_Driver/Src/stm32f0xx_hal_tim_ex.c ****     }
 3988              		.loc 1 1413 7 view .LVU1078
1442:Drivers/STM32F0xx_HAL_Driver/Src/stm32f0xx_hal_tim_ex.c ****   {
 3989              		.loc 1 1442 3 view .LVU1079
 3990 016e 83E7     		b	.L282
 3991              	.LVL287:
 3992              	.L299:
1364:Drivers/STM32F0xx_HAL_Driver/Src/stm32f0xx_hal_tim_ex.c ****     }
 3993              		.loc 1 1364 7 is_stmt 0 discriminator 5 view .LVU1080
 3994 0170 4422     		movs	r2, #68
 3995 0172 0220     		movs	r0, #2
 3996 0174 A854     		strb	r0, [r5, r2]
1372:Drivers/STM32F0xx_HAL_Driver/Src/stm32f0xx_hal_tim_ex.c ****   {
 3997              		.loc 1 1372 3 is_stmt 1 view .LVU1081
 3998              	.L281:
1419:Drivers/STM32F0xx_HAL_Driver/Src/stm32f0xx_hal_tim_ex.c ****       htim->hdma[TIM_DMA_ID_CC3]->XferHalfCpltCallback = TIM_DMADelayPulseHalfCplt;
 3999              		.loc 1 1419 7 view .LVU1082
1419:Drivers/STM32F0xx_HAL_Driver/Src/stm32f0xx_hal_tim_ex.c ****       htim->hdma[TIM_DMA_ID_CC3]->XferHalfCpltCallback = TIM_DMADelayPulseHalfCplt;
 4000              		.loc 1 1419 17 is_stmt 0 view .LVU1083
 4001 0176 EA6A     		ldr	r2, [r5, #44]
1419:Drivers/STM32F0xx_HAL_Driver/Src/stm32f0xx_hal_tim_ex.c ****       htim->hdma[TIM_DMA_ID_CC3]->XferHalfCpltCallback = TIM_DMADelayPulseHalfCplt;
 4002              		.loc 1 1419 52 view .LVU1084
 4003 0178 1848     		ldr	r0, .L300
 4004 017a 9062     		str	r0, [r2, #40]
1420:Drivers/STM32F0xx_HAL_Driver/Src/stm32f0xx_hal_tim_ex.c **** 
 4005              		.loc 1 1420 7 is_stmt 1 view .LVU1085
1420:Drivers/STM32F0xx_HAL_Driver/Src/stm32f0xx_hal_tim_ex.c **** 
 4006              		.loc 1 1420 17 is_stmt 0 view .LVU1086
 4007 017c EA6A     		ldr	r2, [r5, #44]
1420:Drivers/STM32F0xx_HAL_Driver/Src/stm32f0xx_hal_tim_ex.c **** 
 4008              		.loc 1 1420 56 view .LVU1087
 4009 017e 1848     		ldr	r0, .L300+4
 4010 0180 D062     		str	r0, [r2, #44]
1423:Drivers/STM32F0xx_HAL_Driver/Src/stm32f0xx_hal_tim_ex.c **** 
 4011              		.loc 1 1423 7 is_stmt 1 view .LVU1088
1423:Drivers/STM32F0xx_HAL_Driver/Src/stm32f0xx_hal_tim_ex.c **** 
 4012              		.loc 1 1423 17 is_stmt 0 view .LVU1089
 4013 0182 EA6A     		ldr	r2, [r5, #44]
1423:Drivers/STM32F0xx_HAL_Driver/Src/stm32f0xx_hal_tim_ex.c **** 
 4014              		.loc 1 1423 53 view .LVU1090
 4015 0184 1748     		ldr	r0, .L300+8
 4016 0186 1063     		str	r0, [r2, #48]
1426:Drivers/STM32F0xx_HAL_Driver/Src/stm32f0xx_hal_tim_ex.c ****                            Length) != HAL_OK)
 4017              		.loc 1 1426 7 is_stmt 1 view .LVU1091
1426:Drivers/STM32F0xx_HAL_Driver/Src/stm32f0xx_hal_tim_ex.c ****                            Length) != HAL_OK)
 4018              		.loc 1 1426 88 is_stmt 0 view .LVU1092
ARM GAS  C:\Users\fastr\AppData\Local\Temp\ccGFXKp9.s 			page 131


 4019 0188 2A68     		ldr	r2, [r5]
1426:Drivers/STM32F0xx_HAL_Driver/Src/stm32f0xx_hal_tim_ex.c ****                            Length) != HAL_OK)
 4020              		.loc 1 1426 83 view .LVU1093
 4021 018a 3C32     		adds	r2, r2, #60
1426:Drivers/STM32F0xx_HAL_Driver/Src/stm32f0xx_hal_tim_ex.c ****                            Length) != HAL_OK)
 4022              		.loc 1 1426 11 view .LVU1094
 4023 018c E86A     		ldr	r0, [r5, #44]
 4024 018e FFF7FEFF 		bl	HAL_DMA_Start_IT
 4025              	.LVL288:
1426:Drivers/STM32F0xx_HAL_Driver/Src/stm32f0xx_hal_tim_ex.c ****                            Length) != HAL_OK)
 4026              		.loc 1 1426 10 discriminator 1 view .LVU1095
 4027 0192 0028     		cmp	r0, #0
 4028 0194 1DD1     		bne	.L292
1433:Drivers/STM32F0xx_HAL_Driver/Src/stm32f0xx_hal_tim_ex.c ****       break;
 4029              		.loc 1 1433 7 is_stmt 1 view .LVU1096
 4030 0196 2A68     		ldr	r2, [r5]
 4031 0198 D168     		ldr	r1, [r2, #12]
 4032 019a 8023     		movs	r3, #128
 4033 019c 1B01     		lsls	r3, r3, #4
 4034 019e 0B43     		orrs	r3, r1
 4035 01a0 D360     		str	r3, [r2, #12]
1434:Drivers/STM32F0xx_HAL_Driver/Src/stm32f0xx_hal_tim_ex.c ****     }
 4036              		.loc 1 1434 7 view .LVU1097
1442:Drivers/STM32F0xx_HAL_Driver/Src/stm32f0xx_hal_tim_ex.c ****   {
 4037              		.loc 1 1442 3 view .LVU1098
 4038 01a2 69E7     		b	.L282
 4039              	.L283:
1453:Drivers/STM32F0xx_HAL_Driver/Src/stm32f0xx_hal_tim_ex.c ****       if (!IS_TIM_SLAVEMODE_TRIGGER_ENABLED(tmpsmcr))
 4040              		.loc 1 1453 7 view .LVU1099
1453:Drivers/STM32F0xx_HAL_Driver/Src/stm32f0xx_hal_tim_ex.c ****       if (!IS_TIM_SLAVEMODE_TRIGGER_ENABLED(tmpsmcr))
 4041              		.loc 1 1453 31 is_stmt 0 view .LVU1100
 4042 01a4 9968     		ldr	r1, [r3, #8]
1453:Drivers/STM32F0xx_HAL_Driver/Src/stm32f0xx_hal_tim_ex.c ****       if (!IS_TIM_SLAVEMODE_TRIGGER_ENABLED(tmpsmcr))
 4043              		.loc 1 1453 15 view .LVU1101
 4044 01a6 0722     		movs	r2, #7
 4045 01a8 0A40     		ands	r2, r1
 4046              	.LVL289:
1454:Drivers/STM32F0xx_HAL_Driver/Src/stm32f0xx_hal_tim_ex.c ****       {
 4047              		.loc 1 1454 7 is_stmt 1 view .LVU1102
1454:Drivers/STM32F0xx_HAL_Driver/Src/stm32f0xx_hal_tim_ex.c ****       {
 4048              		.loc 1 1454 10 is_stmt 0 view .LVU1103
 4049 01aa 062A     		cmp	r2, #6
 4050 01ac 13D0     		beq	.L293
1456:Drivers/STM32F0xx_HAL_Driver/Src/stm32f0xx_hal_tim_ex.c ****       }
 4051              		.loc 1 1456 9 is_stmt 1 view .LVU1104
 4052 01ae 1A68     		ldr	r2, [r3]
 4053              	.LVL290:
1456:Drivers/STM32F0xx_HAL_Driver/Src/stm32f0xx_hal_tim_ex.c ****       }
 4054              		.loc 1 1456 9 is_stmt 0 view .LVU1105
 4055 01b0 0121     		movs	r1, #1
 4056              	.LVL291:
1456:Drivers/STM32F0xx_HAL_Driver/Src/stm32f0xx_hal_tim_ex.c ****       }
 4057              		.loc 1 1456 9 view .LVU1106
 4058 01b2 0A43     		orrs	r2, r1
 4059 01b4 1A60     		str	r2, [r3]
 4060 01b6 0020     		movs	r0, #0
 4061 01b8 02E0     		b	.L271
ARM GAS  C:\Users\fastr\AppData\Local\Temp\ccGFXKp9.s 			page 132


 4062              	.LVL292:
 4063              	.L285:
1354:Drivers/STM32F0xx_HAL_Driver/Src/stm32f0xx_hal_tim_ex.c ****   }
 4064              		.loc 1 1354 12 view .LVU1107
 4065 01ba 0220     		movs	r0, #2
 4066 01bc 00E0     		b	.L271
 4067              	.L286:
1369:Drivers/STM32F0xx_HAL_Driver/Src/stm32f0xx_hal_tim_ex.c ****   }
 4068              		.loc 1 1369 12 view .LVU1108
 4069 01be 0120     		movs	r0, #1
 4070              	.LVL293:
 4071              	.L271:
1467:Drivers/STM32F0xx_HAL_Driver/Src/stm32f0xx_hal_tim_ex.c **** 
 4072              		.loc 1 1467 1 view .LVU1109
 4073              		@ sp needed
 4074              	.LVL294:
 4075              	.LVL295:
1467:Drivers/STM32F0xx_HAL_Driver/Src/stm32f0xx_hal_tim_ex.c **** 
 4076              		.loc 1 1467 1 view .LVU1110
 4077 01c0 70BD     		pop	{r4, r5, r6, pc}
 4078              	.LVL296:
 4079              	.L287:
1360:Drivers/STM32F0xx_HAL_Driver/Src/stm32f0xx_hal_tim_ex.c ****     }
 4080              		.loc 1 1360 14 view .LVU1111
 4081 01c2 0120     		movs	r0, #1
 4082 01c4 FCE7     		b	.L271
 4083              	.L288:
 4084 01c6 0120     		movs	r0, #1
 4085 01c8 FAE7     		b	.L271
 4086              	.LVL297:
 4087              	.L290:
1388:Drivers/STM32F0xx_HAL_Driver/Src/stm32f0xx_hal_tim_ex.c ****       }
 4088              		.loc 1 1388 16 view .LVU1112
 4089 01ca 0120     		movs	r0, #1
 4090 01cc F8E7     		b	.L271
 4091              	.L291:
1409:Drivers/STM32F0xx_HAL_Driver/Src/stm32f0xx_hal_tim_ex.c ****       }
 4092              		.loc 1 1409 16 view .LVU1113
 4093 01ce 0120     		movs	r0, #1
 4094 01d0 F6E7     		b	.L271
 4095              	.L292:
1430:Drivers/STM32F0xx_HAL_Driver/Src/stm32f0xx_hal_tim_ex.c ****       }
 4096              		.loc 1 1430 16 view .LVU1114
 4097 01d2 0120     		movs	r0, #1
 4098 01d4 F4E7     		b	.L271
 4099              	.LVL298:
 4100              	.L293:
1430:Drivers/STM32F0xx_HAL_Driver/Src/stm32f0xx_hal_tim_ex.c ****       }
 4101              		.loc 1 1430 16 view .LVU1115
 4102 01d6 0020     		movs	r0, #0
 4103 01d8 F2E7     		b	.L271
 4104              	.L301:
 4105 01da C046     		.align	2
 4106              	.L300:
 4107 01dc 00000000 		.word	TIM_DMADelayPulseNCplt
 4108 01e0 00000000 		.word	TIM_DMADelayPulseHalfCplt
 4109 01e4 00000000 		.word	TIM_DMAErrorCCxN
ARM GAS  C:\Users\fastr\AppData\Local\Temp\ccGFXKp9.s 			page 133


 4110 01e8 002C0140 		.word	1073818624
 4111 01ec 00040040 		.word	1073742848
 4112 01f0 00400140 		.word	1073823744
 4113              		.cfi_endproc
 4114              	.LFE60:
 4116              		.section	.text.HAL_TIMEx_PWMN_Stop_DMA,"ax",%progbits
 4117              		.align	1
 4118              		.global	HAL_TIMEx_PWMN_Stop_DMA
 4119              		.syntax unified
 4120              		.code	16
 4121              		.thumb_func
 4123              	HAL_TIMEx_PWMN_Stop_DMA:
 4124              	.LVL299:
 4125              	.LFB61:
1481:Drivers/STM32F0xx_HAL_Driver/Src/stm32f0xx_hal_tim_ex.c ****   HAL_StatusTypeDef status = HAL_OK;
 4126              		.loc 1 1481 1 is_stmt 1 view -0
 4127              		.cfi_startproc
 4128              		@ args = 0, pretend = 0, frame = 0
 4129              		@ frame_needed = 0, uses_anonymous_args = 0
1481:Drivers/STM32F0xx_HAL_Driver/Src/stm32f0xx_hal_tim_ex.c ****   HAL_StatusTypeDef status = HAL_OK;
 4130              		.loc 1 1481 1 is_stmt 0 view .LVU1117
 4131 0000 70B5     		push	{r4, r5, r6, lr}
 4132              		.cfi_def_cfa_offset 16
 4133              		.cfi_offset 4, -16
 4134              		.cfi_offset 5, -12
 4135              		.cfi_offset 6, -8
 4136              		.cfi_offset 14, -4
 4137 0002 0400     		movs	r4, r0
 4138 0004 0D00     		movs	r5, r1
1482:Drivers/STM32F0xx_HAL_Driver/Src/stm32f0xx_hal_tim_ex.c **** 
 4139              		.loc 1 1482 3 is_stmt 1 view .LVU1118
 4140              	.LVL300:
1485:Drivers/STM32F0xx_HAL_Driver/Src/stm32f0xx_hal_tim_ex.c **** 
 4141              		.loc 1 1485 3 view .LVU1119
1487:Drivers/STM32F0xx_HAL_Driver/Src/stm32f0xx_hal_tim_ex.c ****   {
 4142              		.loc 1 1487 3 view .LVU1120
 4143 0006 0429     		cmp	r1, #4
 4144 0008 31D0     		beq	.L303
 4145 000a 0829     		cmp	r1, #8
 4146 000c 38D0     		beq	.L304
 4147 000e 0029     		cmp	r1, #0
 4148 0010 52D1     		bne	.L312
1492:Drivers/STM32F0xx_HAL_Driver/Src/stm32f0xx_hal_tim_ex.c ****       (void)HAL_DMA_Abort_IT(htim->hdma[TIM_DMA_ID_CC1]);
 4149              		.loc 1 1492 7 view .LVU1121
 4150 0012 0268     		ldr	r2, [r0]
 4151 0014 D368     		ldr	r3, [r2, #12]
 4152 0016 2949     		ldr	r1, .L315
 4153              	.LVL301:
1492:Drivers/STM32F0xx_HAL_Driver/Src/stm32f0xx_hal_tim_ex.c ****       (void)HAL_DMA_Abort_IT(htim->hdma[TIM_DMA_ID_CC1]);
 4154              		.loc 1 1492 7 is_stmt 0 view .LVU1122
 4155 0018 0B40     		ands	r3, r1
 4156 001a D360     		str	r3, [r2, #12]
1493:Drivers/STM32F0xx_HAL_Driver/Src/stm32f0xx_hal_tim_ex.c ****       break;
 4157              		.loc 1 1493 7 is_stmt 1 view .LVU1123
1493:Drivers/STM32F0xx_HAL_Driver/Src/stm32f0xx_hal_tim_ex.c ****       break;
 4158              		.loc 1 1493 13 is_stmt 0 view .LVU1124
 4159 001c 406A     		ldr	r0, [r0, #36]
ARM GAS  C:\Users\fastr\AppData\Local\Temp\ccGFXKp9.s 			page 134


 4160              	.LVL302:
1493:Drivers/STM32F0xx_HAL_Driver/Src/stm32f0xx_hal_tim_ex.c ****       break;
 4161              		.loc 1 1493 13 view .LVU1125
 4162 001e FFF7FEFF 		bl	HAL_DMA_Abort_IT
 4163              	.LVL303:
1494:Drivers/STM32F0xx_HAL_Driver/Src/stm32f0xx_hal_tim_ex.c ****     }
 4164              		.loc 1 1494 7 is_stmt 1 view .LVU1126
1518:Drivers/STM32F0xx_HAL_Driver/Src/stm32f0xx_hal_tim_ex.c ****   {
 4165              		.loc 1 1518 3 view .LVU1127
 4166              	.L306:
1521:Drivers/STM32F0xx_HAL_Driver/Src/stm32f0xx_hal_tim_ex.c **** 
 4167              		.loc 1 1521 5 view .LVU1128
 4168 0022 2068     		ldr	r0, [r4]
 4169 0024 0022     		movs	r2, #0
 4170 0026 2900     		movs	r1, r5
 4171 0028 FFF7FEFF 		bl	TIM_CCxNChannelCmd
 4172              	.LVL304:
1524:Drivers/STM32F0xx_HAL_Driver/Src/stm32f0xx_hal_tim_ex.c **** 
 4173              		.loc 1 1524 5 view .LVU1129
1524:Drivers/STM32F0xx_HAL_Driver/Src/stm32f0xx_hal_tim_ex.c **** 
 4174              		.loc 1 1524 5 view .LVU1130
 4175 002c 2368     		ldr	r3, [r4]
 4176 002e 196A     		ldr	r1, [r3, #32]
 4177 0030 234A     		ldr	r2, .L315+4
 4178 0032 1142     		tst	r1, r2
 4179 0034 07D1     		bne	.L307
1524:Drivers/STM32F0xx_HAL_Driver/Src/stm32f0xx_hal_tim_ex.c **** 
 4180              		.loc 1 1524 5 discriminator 1 view .LVU1131
 4181 0036 196A     		ldr	r1, [r3, #32]
 4182 0038 224A     		ldr	r2, .L315+8
 4183 003a 1142     		tst	r1, r2
 4184 003c 03D1     		bne	.L307
1524:Drivers/STM32F0xx_HAL_Driver/Src/stm32f0xx_hal_tim_ex.c **** 
 4185              		.loc 1 1524 5 discriminator 2 view .LVU1132
 4186 003e 5A6C     		ldr	r2, [r3, #68]
 4187 0040 2149     		ldr	r1, .L315+12
 4188 0042 0A40     		ands	r2, r1
 4189 0044 5A64     		str	r2, [r3, #68]
 4190              	.L307:
1524:Drivers/STM32F0xx_HAL_Driver/Src/stm32f0xx_hal_tim_ex.c **** 
 4191              		.loc 1 1524 5 view .LVU1133
1527:Drivers/STM32F0xx_HAL_Driver/Src/stm32f0xx_hal_tim_ex.c **** 
 4192              		.loc 1 1527 5 view .LVU1134
1527:Drivers/STM32F0xx_HAL_Driver/Src/stm32f0xx_hal_tim_ex.c **** 
 4193              		.loc 1 1527 5 view .LVU1135
 4194 0046 2368     		ldr	r3, [r4]
 4195 0048 196A     		ldr	r1, [r3, #32]
 4196 004a 1D4A     		ldr	r2, .L315+4
 4197 004c 1142     		tst	r1, r2
 4198 004e 07D1     		bne	.L308
1527:Drivers/STM32F0xx_HAL_Driver/Src/stm32f0xx_hal_tim_ex.c **** 
 4199              		.loc 1 1527 5 discriminator 1 view .LVU1136
 4200 0050 196A     		ldr	r1, [r3, #32]
 4201 0052 1C4A     		ldr	r2, .L315+8
 4202 0054 1142     		tst	r1, r2
 4203 0056 03D1     		bne	.L308
1527:Drivers/STM32F0xx_HAL_Driver/Src/stm32f0xx_hal_tim_ex.c **** 
ARM GAS  C:\Users\fastr\AppData\Local\Temp\ccGFXKp9.s 			page 135


 4204              		.loc 1 1527 5 discriminator 2 view .LVU1137
 4205 0058 1A68     		ldr	r2, [r3]
 4206 005a 0121     		movs	r1, #1
 4207 005c 8A43     		bics	r2, r1
 4208 005e 1A60     		str	r2, [r3]
 4209              	.L308:
1527:Drivers/STM32F0xx_HAL_Driver/Src/stm32f0xx_hal_tim_ex.c **** 
 4210              		.loc 1 1527 5 view .LVU1138
1530:Drivers/STM32F0xx_HAL_Driver/Src/stm32f0xx_hal_tim_ex.c ****   }
 4211              		.loc 1 1530 5 view .LVU1139
 4212 0060 002D     		cmp	r5, #0
 4213 0062 16D1     		bne	.L309
1530:Drivers/STM32F0xx_HAL_Driver/Src/stm32f0xx_hal_tim_ex.c ****   }
 4214              		.loc 1 1530 5 is_stmt 0 discriminator 1 view .LVU1140
 4215 0064 4223     		movs	r3, #66
 4216 0066 0122     		movs	r2, #1
 4217 0068 E254     		strb	r2, [r4, r3]
 4218 006a 0020     		movs	r0, #0
 4219              	.L305:
 4220              	.LVL305:
1534:Drivers/STM32F0xx_HAL_Driver/Src/stm32f0xx_hal_tim_ex.c **** }
 4221              		.loc 1 1534 3 is_stmt 1 view .LVU1141
1535:Drivers/STM32F0xx_HAL_Driver/Src/stm32f0xx_hal_tim_ex.c **** 
 4222              		.loc 1 1535 1 is_stmt 0 view .LVU1142
 4223              		@ sp needed
 4224              	.LVL306:
 4225              	.LVL307:
1535:Drivers/STM32F0xx_HAL_Driver/Src/stm32f0xx_hal_tim_ex.c **** 
 4226              		.loc 1 1535 1 view .LVU1143
 4227 006c 70BD     		pop	{r4, r5, r6, pc}
 4228              	.LVL308:
 4229              	.L303:
1500:Drivers/STM32F0xx_HAL_Driver/Src/stm32f0xx_hal_tim_ex.c ****       (void)HAL_DMA_Abort_IT(htim->hdma[TIM_DMA_ID_CC2]);
 4230              		.loc 1 1500 7 is_stmt 1 view .LVU1144
 4231 006e 0268     		ldr	r2, [r0]
 4232 0070 D368     		ldr	r3, [r2, #12]
 4233 0072 1649     		ldr	r1, .L315+16
 4234              	.LVL309:
1500:Drivers/STM32F0xx_HAL_Driver/Src/stm32f0xx_hal_tim_ex.c ****       (void)HAL_DMA_Abort_IT(htim->hdma[TIM_DMA_ID_CC2]);
 4235              		.loc 1 1500 7 is_stmt 0 view .LVU1145
 4236 0074 0B40     		ands	r3, r1
 4237 0076 D360     		str	r3, [r2, #12]
1501:Drivers/STM32F0xx_HAL_Driver/Src/stm32f0xx_hal_tim_ex.c ****       break;
 4238              		.loc 1 1501 7 is_stmt 1 view .LVU1146
1501:Drivers/STM32F0xx_HAL_Driver/Src/stm32f0xx_hal_tim_ex.c ****       break;
 4239              		.loc 1 1501 13 is_stmt 0 view .LVU1147
 4240 0078 806A     		ldr	r0, [r0, #40]
 4241              	.LVL310:
1501:Drivers/STM32F0xx_HAL_Driver/Src/stm32f0xx_hal_tim_ex.c ****       break;
 4242              		.loc 1 1501 13 view .LVU1148
 4243 007a FFF7FEFF 		bl	HAL_DMA_Abort_IT
 4244              	.LVL311:
1502:Drivers/STM32F0xx_HAL_Driver/Src/stm32f0xx_hal_tim_ex.c ****     }
 4245              		.loc 1 1502 7 is_stmt 1 view .LVU1149
1518:Drivers/STM32F0xx_HAL_Driver/Src/stm32f0xx_hal_tim_ex.c ****   {
 4246              		.loc 1 1518 3 view .LVU1150
 4247 007e D0E7     		b	.L306
ARM GAS  C:\Users\fastr\AppData\Local\Temp\ccGFXKp9.s 			page 136


 4248              	.LVL312:
 4249              	.L304:
1508:Drivers/STM32F0xx_HAL_Driver/Src/stm32f0xx_hal_tim_ex.c ****       (void)HAL_DMA_Abort_IT(htim->hdma[TIM_DMA_ID_CC3]);
 4250              		.loc 1 1508 7 view .LVU1151
 4251 0080 0268     		ldr	r2, [r0]
 4252 0082 D368     		ldr	r3, [r2, #12]
 4253 0084 1249     		ldr	r1, .L315+20
 4254              	.LVL313:
1508:Drivers/STM32F0xx_HAL_Driver/Src/stm32f0xx_hal_tim_ex.c ****       (void)HAL_DMA_Abort_IT(htim->hdma[TIM_DMA_ID_CC3]);
 4255              		.loc 1 1508 7 is_stmt 0 view .LVU1152
 4256 0086 0B40     		ands	r3, r1
 4257 0088 D360     		str	r3, [r2, #12]
1509:Drivers/STM32F0xx_HAL_Driver/Src/stm32f0xx_hal_tim_ex.c ****       break;
 4258              		.loc 1 1509 7 is_stmt 1 view .LVU1153
1509:Drivers/STM32F0xx_HAL_Driver/Src/stm32f0xx_hal_tim_ex.c ****       break;
 4259              		.loc 1 1509 13 is_stmt 0 view .LVU1154
 4260 008a C06A     		ldr	r0, [r0, #44]
 4261              	.LVL314:
1509:Drivers/STM32F0xx_HAL_Driver/Src/stm32f0xx_hal_tim_ex.c ****       break;
 4262              		.loc 1 1509 13 view .LVU1155
 4263 008c FFF7FEFF 		bl	HAL_DMA_Abort_IT
 4264              	.LVL315:
1510:Drivers/STM32F0xx_HAL_Driver/Src/stm32f0xx_hal_tim_ex.c ****     }
 4265              		.loc 1 1510 7 is_stmt 1 view .LVU1156
1518:Drivers/STM32F0xx_HAL_Driver/Src/stm32f0xx_hal_tim_ex.c ****   {
 4266              		.loc 1 1518 3 view .LVU1157
 4267 0090 C7E7     		b	.L306
 4268              	.L309:
1530:Drivers/STM32F0xx_HAL_Driver/Src/stm32f0xx_hal_tim_ex.c ****   }
 4269              		.loc 1 1530 5 is_stmt 0 discriminator 2 view .LVU1158
 4270 0092 042D     		cmp	r5, #4
 4271 0094 06D0     		beq	.L313
1530:Drivers/STM32F0xx_HAL_Driver/Src/stm32f0xx_hal_tim_ex.c ****   }
 4272              		.loc 1 1530 5 discriminator 4 view .LVU1159
 4273 0096 082D     		cmp	r5, #8
 4274 0098 09D0     		beq	.L314
1530:Drivers/STM32F0xx_HAL_Driver/Src/stm32f0xx_hal_tim_ex.c ****   }
 4275              		.loc 1 1530 5 discriminator 6 view .LVU1160
 4276 009a 4523     		movs	r3, #69
 4277 009c 0122     		movs	r2, #1
 4278 009e E254     		strb	r2, [r4, r3]
 4279 00a0 0020     		movs	r0, #0
 4280 00a2 E3E7     		b	.L305
 4281              	.L313:
1530:Drivers/STM32F0xx_HAL_Driver/Src/stm32f0xx_hal_tim_ex.c ****   }
 4282              		.loc 1 1530 5 discriminator 3 view .LVU1161
 4283 00a4 4323     		movs	r3, #67
 4284 00a6 0122     		movs	r2, #1
 4285 00a8 E254     		strb	r2, [r4, r3]
 4286 00aa 0020     		movs	r0, #0
 4287 00ac DEE7     		b	.L305
 4288              	.L314:
1530:Drivers/STM32F0xx_HAL_Driver/Src/stm32f0xx_hal_tim_ex.c ****   }
 4289              		.loc 1 1530 5 discriminator 5 view .LVU1162
 4290 00ae 4423     		movs	r3, #68
 4291 00b0 0122     		movs	r2, #1
 4292 00b2 E254     		strb	r2, [r4, r3]
ARM GAS  C:\Users\fastr\AppData\Local\Temp\ccGFXKp9.s 			page 137


 4293 00b4 0020     		movs	r0, #0
 4294 00b6 D9E7     		b	.L305
 4295              	.LVL316:
 4296              	.L312:
1487:Drivers/STM32F0xx_HAL_Driver/Src/stm32f0xx_hal_tim_ex.c ****   {
 4297              		.loc 1 1487 3 view .LVU1163
 4298 00b8 0120     		movs	r0, #1
 4299              	.LVL317:
1487:Drivers/STM32F0xx_HAL_Driver/Src/stm32f0xx_hal_tim_ex.c ****   {
 4300              		.loc 1 1487 3 view .LVU1164
 4301 00ba D7E7     		b	.L305
 4302              	.L316:
 4303              		.align	2
 4304              	.L315:
 4305 00bc FFFDFFFF 		.word	-513
 4306 00c0 11110000 		.word	4369
 4307 00c4 44040000 		.word	1092
 4308 00c8 FF7FFFFF 		.word	-32769
 4309 00cc FFFBFFFF 		.word	-1025
 4310 00d0 FFF7FFFF 		.word	-2049
 4311              		.cfi_endproc
 4312              	.LFE61:
 4314              		.section	.text.HAL_TIMEx_OnePulseN_Start,"ax",%progbits
 4315              		.align	1
 4316              		.global	HAL_TIMEx_OnePulseN_Start
 4317              		.syntax unified
 4318              		.code	16
 4319              		.thumb_func
 4321              	HAL_TIMEx_OnePulseN_Start:
 4322              	.LVL318:
 4323              	.LFB62:
1572:Drivers/STM32F0xx_HAL_Driver/Src/stm32f0xx_hal_tim_ex.c ****   uint32_t input_channel = (OutputChannel == TIM_CHANNEL_1) ? TIM_CHANNEL_2 : TIM_CHANNEL_1;
 4324              		.loc 1 1572 1 is_stmt 1 view -0
 4325              		.cfi_startproc
 4326              		@ args = 0, pretend = 0, frame = 0
 4327              		@ frame_needed = 0, uses_anonymous_args = 0
1572:Drivers/STM32F0xx_HAL_Driver/Src/stm32f0xx_hal_tim_ex.c ****   uint32_t input_channel = (OutputChannel == TIM_CHANNEL_1) ? TIM_CHANNEL_2 : TIM_CHANNEL_1;
 4328              		.loc 1 1572 1 is_stmt 0 view .LVU1166
 4329 0000 F8B5     		push	{r3, r4, r5, r6, r7, lr}
 4330              		.cfi_def_cfa_offset 24
 4331              		.cfi_offset 3, -24
 4332              		.cfi_offset 4, -20
 4333              		.cfi_offset 5, -16
 4334              		.cfi_offset 6, -12
 4335              		.cfi_offset 7, -8
 4336              		.cfi_offset 14, -4
 4337 0002 0400     		movs	r4, r0
1573:Drivers/STM32F0xx_HAL_Driver/Src/stm32f0xx_hal_tim_ex.c ****   HAL_TIM_ChannelStateTypeDef channel_1_state = TIM_CHANNEL_STATE_GET(htim, TIM_CHANNEL_1);
 4338              		.loc 1 1573 3 is_stmt 1 view .LVU1167
1573:Drivers/STM32F0xx_HAL_Driver/Src/stm32f0xx_hal_tim_ex.c ****   HAL_TIM_ChannelStateTypeDef channel_1_state = TIM_CHANNEL_STATE_GET(htim, TIM_CHANNEL_1);
 4339              		.loc 1 1573 77 is_stmt 0 view .LVU1168
 4340 0004 0029     		cmp	r1, #0
 4341 0006 17D1     		bne	.L320
1573:Drivers/STM32F0xx_HAL_Driver/Src/stm32f0xx_hal_tim_ex.c ****   HAL_TIM_ChannelStateTypeDef channel_1_state = TIM_CHANNEL_STATE_GET(htim, TIM_CHANNEL_1);
 4342              		.loc 1 1573 12 discriminator 1 view .LVU1169
 4343 0008 0423     		movs	r3, #4
 4344 000a 1F00     		movs	r7, r3
ARM GAS  C:\Users\fastr\AppData\Local\Temp\ccGFXKp9.s 			page 138


 4345              	.L318:
 4346              	.LVL319:
1574:Drivers/STM32F0xx_HAL_Driver/Src/stm32f0xx_hal_tim_ex.c ****   HAL_TIM_ChannelStateTypeDef channel_2_state = TIM_CHANNEL_STATE_GET(htim, TIM_CHANNEL_2);
 4347              		.loc 1 1574 3 is_stmt 1 view .LVU1170
1574:Drivers/STM32F0xx_HAL_Driver/Src/stm32f0xx_hal_tim_ex.c ****   HAL_TIM_ChannelStateTypeDef channel_2_state = TIM_CHANNEL_STATE_GET(htim, TIM_CHANNEL_2);
 4348              		.loc 1 1574 31 is_stmt 0 view .LVU1171
 4349 000c 3E23     		movs	r3, #62
 4350 000e E55C     		ldrb	r5, [r4, r3]
 4351 0010 EEB2     		uxtb	r6, r5
 4352              	.LVL320:
1575:Drivers/STM32F0xx_HAL_Driver/Src/stm32f0xx_hal_tim_ex.c ****   HAL_TIM_ChannelStateTypeDef complementary_channel_1_state = TIM_CHANNEL_N_STATE_GET(htim, TIM_CHA
 4353              		.loc 1 1575 3 is_stmt 1 view .LVU1172
1575:Drivers/STM32F0xx_HAL_Driver/Src/stm32f0xx_hal_tim_ex.c ****   HAL_TIM_ChannelStateTypeDef complementary_channel_1_state = TIM_CHANNEL_N_STATE_GET(htim, TIM_CHA
 4354              		.loc 1 1575 31 is_stmt 0 view .LVU1173
 4355 0012 0133     		adds	r3, r3, #1
 4356 0014 E35C     		ldrb	r3, [r4, r3]
 4357 0016 DBB2     		uxtb	r3, r3
 4358              	.LVL321:
1576:Drivers/STM32F0xx_HAL_Driver/Src/stm32f0xx_hal_tim_ex.c ****   HAL_TIM_ChannelStateTypeDef complementary_channel_2_state = TIM_CHANNEL_N_STATE_GET(htim, TIM_CHA
 4359              		.loc 1 1576 3 is_stmt 1 view .LVU1174
1576:Drivers/STM32F0xx_HAL_Driver/Src/stm32f0xx_hal_tim_ex.c ****   HAL_TIM_ChannelStateTypeDef complementary_channel_2_state = TIM_CHANNEL_N_STATE_GET(htim, TIM_CHA
 4360              		.loc 1 1576 31 is_stmt 0 view .LVU1175
 4361 0018 4222     		movs	r2, #66
 4362 001a A25C     		ldrb	r2, [r4, r2]
 4363 001c D2B2     		uxtb	r2, r2
 4364              	.LVL322:
1577:Drivers/STM32F0xx_HAL_Driver/Src/stm32f0xx_hal_tim_ex.c **** 
 4365              		.loc 1 1577 3 is_stmt 1 view .LVU1176
1577:Drivers/STM32F0xx_HAL_Driver/Src/stm32f0xx_hal_tim_ex.c **** 
 4366              		.loc 1 1577 31 is_stmt 0 view .LVU1177
 4367 001e 4320     		movs	r0, #67
 4368              	.LVL323:
1577:Drivers/STM32F0xx_HAL_Driver/Src/stm32f0xx_hal_tim_ex.c **** 
 4369              		.loc 1 1577 31 view .LVU1178
 4370 0020 205C     		ldrb	r0, [r4, r0]
 4371 0022 C0B2     		uxtb	r0, r0
 4372              	.LVL324:
1580:Drivers/STM32F0xx_HAL_Driver/Src/stm32f0xx_hal_tim_ex.c **** 
 4373              		.loc 1 1580 3 is_stmt 1 view .LVU1179
1583:Drivers/STM32F0xx_HAL_Driver/Src/stm32f0xx_hal_tim_ex.c ****       || (channel_2_state != HAL_TIM_CHANNEL_STATE_READY)
 4374              		.loc 1 1583 3 view .LVU1180
1583:Drivers/STM32F0xx_HAL_Driver/Src/stm32f0xx_hal_tim_ex.c ****       || (channel_2_state != HAL_TIM_CHANNEL_STATE_READY)
 4375              		.loc 1 1583 6 is_stmt 0 view .LVU1181
 4376 0024 012D     		cmp	r5, #1
 4377 0026 24D1     		bne	.L321
1584:Drivers/STM32F0xx_HAL_Driver/Src/stm32f0xx_hal_tim_ex.c ****       || (complementary_channel_1_state != HAL_TIM_CHANNEL_STATE_READY)
 4378              		.loc 1 1584 7 view .LVU1182
 4379 0028 012B     		cmp	r3, #1
 4380 002a 23D1     		bne	.L319
1585:Drivers/STM32F0xx_HAL_Driver/Src/stm32f0xx_hal_tim_ex.c ****       || (complementary_channel_2_state != HAL_TIM_CHANNEL_STATE_READY))
 4381              		.loc 1 1585 7 view .LVU1183
 4382 002c 012A     		cmp	r2, #1
 4383 002e 23D1     		bne	.L322
1586:Drivers/STM32F0xx_HAL_Driver/Src/stm32f0xx_hal_tim_ex.c ****   {
 4384              		.loc 1 1586 7 view .LVU1184
 4385 0030 0128     		cmp	r0, #1
 4386 0032 04D0     		beq	.L324
ARM GAS  C:\Users\fastr\AppData\Local\Temp\ccGFXKp9.s 			page 139


1588:Drivers/STM32F0xx_HAL_Driver/Src/stm32f0xx_hal_tim_ex.c ****   }
 4387              		.loc 1 1588 12 view .LVU1185
 4388 0034 1600     		movs	r6, r2
 4389              	.LVL325:
1588:Drivers/STM32F0xx_HAL_Driver/Src/stm32f0xx_hal_tim_ex.c ****   }
 4390              		.loc 1 1588 12 view .LVU1186
 4391 0036 1DE0     		b	.L319
 4392              	.LVL326:
 4393              	.L320:
1573:Drivers/STM32F0xx_HAL_Driver/Src/stm32f0xx_hal_tim_ex.c ****   HAL_TIM_ChannelStateTypeDef channel_1_state = TIM_CHANNEL_STATE_GET(htim, TIM_CHANNEL_1);
 4394              		.loc 1 1573 12 discriminator 2 view .LVU1187
 4395 0038 0023     		movs	r3, #0
 4396 003a 1F00     		movs	r7, r3
 4397 003c E6E7     		b	.L318
 4398              	.LVL327:
 4399              	.L324:
1592:Drivers/STM32F0xx_HAL_Driver/Src/stm32f0xx_hal_tim_ex.c ****   TIM_CHANNEL_STATE_SET(htim, TIM_CHANNEL_2, HAL_TIM_CHANNEL_STATE_BUSY);
 4400              		.loc 1 1592 3 is_stmt 1 view .LVU1188
 4401 003e 0133     		adds	r3, r3, #1
 4402              	.LVL328:
1592:Drivers/STM32F0xx_HAL_Driver/Src/stm32f0xx_hal_tim_ex.c ****   TIM_CHANNEL_STATE_SET(htim, TIM_CHANNEL_2, HAL_TIM_CHANNEL_STATE_BUSY);
 4403              		.loc 1 1592 3 is_stmt 0 view .LVU1189
 4404 0040 3D32     		adds	r2, r2, #61
 4405              	.LVL329:
1592:Drivers/STM32F0xx_HAL_Driver/Src/stm32f0xx_hal_tim_ex.c ****   TIM_CHANNEL_STATE_SET(htim, TIM_CHANNEL_2, HAL_TIM_CHANNEL_STATE_BUSY);
 4406              		.loc 1 1592 3 view .LVU1190
 4407 0042 A354     		strb	r3, [r4, r2]
1593:Drivers/STM32F0xx_HAL_Driver/Src/stm32f0xx_hal_tim_ex.c ****   TIM_CHANNEL_N_STATE_SET(htim, TIM_CHANNEL_1, HAL_TIM_CHANNEL_STATE_BUSY);
 4408              		.loc 1 1593 3 is_stmt 1 view .LVU1191
 4409 0044 0132     		adds	r2, r2, #1
 4410              	.LVL330:
1593:Drivers/STM32F0xx_HAL_Driver/Src/stm32f0xx_hal_tim_ex.c ****   TIM_CHANNEL_N_STATE_SET(htim, TIM_CHANNEL_1, HAL_TIM_CHANNEL_STATE_BUSY);
 4411              		.loc 1 1593 3 is_stmt 0 view .LVU1192
 4412 0046 A354     		strb	r3, [r4, r2]
1594:Drivers/STM32F0xx_HAL_Driver/Src/stm32f0xx_hal_tim_ex.c ****   TIM_CHANNEL_N_STATE_SET(htim, TIM_CHANNEL_2, HAL_TIM_CHANNEL_STATE_BUSY);
 4413              		.loc 1 1594 3 is_stmt 1 view .LVU1193
 4414 0048 0332     		adds	r2, r2, #3
 4415              	.LVL331:
1594:Drivers/STM32F0xx_HAL_Driver/Src/stm32f0xx_hal_tim_ex.c ****   TIM_CHANNEL_N_STATE_SET(htim, TIM_CHANNEL_2, HAL_TIM_CHANNEL_STATE_BUSY);
 4416              		.loc 1 1594 3 is_stmt 0 view .LVU1194
 4417 004a A354     		strb	r3, [r4, r2]
1595:Drivers/STM32F0xx_HAL_Driver/Src/stm32f0xx_hal_tim_ex.c **** 
 4418              		.loc 1 1595 3 is_stmt 1 view .LVU1195
 4419 004c 0132     		adds	r2, r2, #1
 4420              	.LVL332:
1595:Drivers/STM32F0xx_HAL_Driver/Src/stm32f0xx_hal_tim_ex.c **** 
 4421              		.loc 1 1595 3 is_stmt 0 view .LVU1196
 4422 004e A354     		strb	r3, [r4, r2]
1598:Drivers/STM32F0xx_HAL_Driver/Src/stm32f0xx_hal_tim_ex.c ****   TIM_CCxChannelCmd(htim->Instance, input_channel, TIM_CCx_ENABLE);
 4423              		.loc 1 1598 3 is_stmt 1 view .LVU1197
 4424 0050 2068     		ldr	r0, [r4]
 4425              	.LVL333:
1598:Drivers/STM32F0xx_HAL_Driver/Src/stm32f0xx_hal_tim_ex.c ****   TIM_CCxChannelCmd(htim->Instance, input_channel, TIM_CCx_ENABLE);
 4426              		.loc 1 1598 3 is_stmt 0 view .LVU1198
 4427 0052 3F3A     		subs	r2, r2, #63
 4428              	.LVL334:
1598:Drivers/STM32F0xx_HAL_Driver/Src/stm32f0xx_hal_tim_ex.c ****   TIM_CCxChannelCmd(htim->Instance, input_channel, TIM_CCx_ENABLE);
ARM GAS  C:\Users\fastr\AppData\Local\Temp\ccGFXKp9.s 			page 140


 4429              		.loc 1 1598 3 view .LVU1199
 4430 0054 FFF7FEFF 		bl	TIM_CCxNChannelCmd
 4431              	.LVL335:
1599:Drivers/STM32F0xx_HAL_Driver/Src/stm32f0xx_hal_tim_ex.c **** 
 4432              		.loc 1 1599 3 is_stmt 1 view .LVU1200
 4433 0058 2068     		ldr	r0, [r4]
 4434 005a 0122     		movs	r2, #1
 4435 005c 3900     		movs	r1, r7
 4436 005e FFF7FEFF 		bl	TIM_CCxChannelCmd
 4437              	.LVL336:
1602:Drivers/STM32F0xx_HAL_Driver/Src/stm32f0xx_hal_tim_ex.c **** 
 4438              		.loc 1 1602 3 view .LVU1201
 4439 0062 2268     		ldr	r2, [r4]
 4440 0064 516C     		ldr	r1, [r2, #68]
 4441 0066 8023     		movs	r3, #128
 4442 0068 1B02     		lsls	r3, r3, #8
 4443 006a 0B43     		orrs	r3, r1
 4444 006c 5364     		str	r3, [r2, #68]
1605:Drivers/STM32F0xx_HAL_Driver/Src/stm32f0xx_hal_tim_ex.c **** }
 4445              		.loc 1 1605 3 view .LVU1202
1605:Drivers/STM32F0xx_HAL_Driver/Src/stm32f0xx_hal_tim_ex.c **** }
 4446              		.loc 1 1605 10 is_stmt 0 view .LVU1203
 4447 006e 0026     		movs	r6, #0
 4448              	.LVL337:
1605:Drivers/STM32F0xx_HAL_Driver/Src/stm32f0xx_hal_tim_ex.c **** }
 4449              		.loc 1 1605 10 view .LVU1204
 4450 0070 00E0     		b	.L319
 4451              	.LVL338:
 4452              	.L321:
1588:Drivers/STM32F0xx_HAL_Driver/Src/stm32f0xx_hal_tim_ex.c ****   }
 4453              		.loc 1 1588 12 view .LVU1205
 4454 0072 0126     		movs	r6, #1
 4455              	.LVL339:
 4456              	.L319:
1606:Drivers/STM32F0xx_HAL_Driver/Src/stm32f0xx_hal_tim_ex.c **** 
 4457              		.loc 1 1606 1 view .LVU1206
 4458 0074 3000     		movs	r0, r6
 4459              		@ sp needed
 4460              	.LVL340:
 4461              	.LVL341:
 4462              	.LVL342:
1606:Drivers/STM32F0xx_HAL_Driver/Src/stm32f0xx_hal_tim_ex.c **** 
 4463              		.loc 1 1606 1 view .LVU1207
 4464 0076 F8BD     		pop	{r3, r4, r5, r6, r7, pc}
 4465              	.LVL343:
 4466              	.L322:
1588:Drivers/STM32F0xx_HAL_Driver/Src/stm32f0xx_hal_tim_ex.c ****   }
 4467              		.loc 1 1588 12 view .LVU1208
 4468 0078 1E00     		movs	r6, r3
 4469              	.LVL344:
1588:Drivers/STM32F0xx_HAL_Driver/Src/stm32f0xx_hal_tim_ex.c ****   }
 4470              		.loc 1 1588 12 view .LVU1209
 4471 007a FBE7     		b	.L319
 4472              		.cfi_endproc
 4473              	.LFE62:
 4475              		.section	.text.HAL_TIMEx_OnePulseN_Stop,"ax",%progbits
 4476              		.align	1
ARM GAS  C:\Users\fastr\AppData\Local\Temp\ccGFXKp9.s 			page 141


 4477              		.global	HAL_TIMEx_OnePulseN_Stop
 4478              		.syntax unified
 4479              		.code	16
 4480              		.thumb_func
 4482              	HAL_TIMEx_OnePulseN_Stop:
 4483              	.LVL345:
 4484              	.LFB63:
1621:Drivers/STM32F0xx_HAL_Driver/Src/stm32f0xx_hal_tim_ex.c ****   uint32_t input_channel = (OutputChannel == TIM_CHANNEL_1) ? TIM_CHANNEL_2 : TIM_CHANNEL_1;
 4485              		.loc 1 1621 1 is_stmt 1 view -0
 4486              		.cfi_startproc
 4487              		@ args = 0, pretend = 0, frame = 0
 4488              		@ frame_needed = 0, uses_anonymous_args = 0
1621:Drivers/STM32F0xx_HAL_Driver/Src/stm32f0xx_hal_tim_ex.c ****   uint32_t input_channel = (OutputChannel == TIM_CHANNEL_1) ? TIM_CHANNEL_2 : TIM_CHANNEL_1;
 4489              		.loc 1 1621 1 is_stmt 0 view .LVU1211
 4490 0000 70B5     		push	{r4, r5, r6, lr}
 4491              		.cfi_def_cfa_offset 16
 4492              		.cfi_offset 4, -16
 4493              		.cfi_offset 5, -12
 4494              		.cfi_offset 6, -8
 4495              		.cfi_offset 14, -4
 4496 0002 0400     		movs	r4, r0
1622:Drivers/STM32F0xx_HAL_Driver/Src/stm32f0xx_hal_tim_ex.c **** 
 4497              		.loc 1 1622 3 is_stmt 1 view .LVU1212
1622:Drivers/STM32F0xx_HAL_Driver/Src/stm32f0xx_hal_tim_ex.c **** 
 4498              		.loc 1 1622 77 is_stmt 0 view .LVU1213
 4499 0004 0029     		cmp	r1, #0
 4500 0006 2FD1     		bne	.L329
1622:Drivers/STM32F0xx_HAL_Driver/Src/stm32f0xx_hal_tim_ex.c **** 
 4501              		.loc 1 1622 12 discriminator 1 view .LVU1214
 4502 0008 0423     		movs	r3, #4
 4503 000a 1D00     		movs	r5, r3
 4504              	.L326:
 4505              	.LVL346:
1625:Drivers/STM32F0xx_HAL_Driver/Src/stm32f0xx_hal_tim_ex.c **** 
 4506              		.loc 1 1625 3 is_stmt 1 view .LVU1215
1628:Drivers/STM32F0xx_HAL_Driver/Src/stm32f0xx_hal_tim_ex.c ****   TIM_CCxChannelCmd(htim->Instance, input_channel, TIM_CCx_DISABLE);
 4507              		.loc 1 1628 3 view .LVU1216
 4508 000c 2068     		ldr	r0, [r4]
 4509              	.LVL347:
1628:Drivers/STM32F0xx_HAL_Driver/Src/stm32f0xx_hal_tim_ex.c ****   TIM_CCxChannelCmd(htim->Instance, input_channel, TIM_CCx_DISABLE);
 4510              		.loc 1 1628 3 is_stmt 0 view .LVU1217
 4511 000e 0022     		movs	r2, #0
 4512 0010 FFF7FEFF 		bl	TIM_CCxNChannelCmd
 4513              	.LVL348:
1629:Drivers/STM32F0xx_HAL_Driver/Src/stm32f0xx_hal_tim_ex.c **** 
 4514              		.loc 1 1629 3 is_stmt 1 view .LVU1218
 4515 0014 2068     		ldr	r0, [r4]
 4516 0016 0022     		movs	r2, #0
 4517 0018 2900     		movs	r1, r5
 4518 001a FFF7FEFF 		bl	TIM_CCxChannelCmd
 4519              	.LVL349:
1632:Drivers/STM32F0xx_HAL_Driver/Src/stm32f0xx_hal_tim_ex.c **** 
 4520              		.loc 1 1632 3 view .LVU1219
1632:Drivers/STM32F0xx_HAL_Driver/Src/stm32f0xx_hal_tim_ex.c **** 
 4521              		.loc 1 1632 3 view .LVU1220
 4522 001e 2368     		ldr	r3, [r4]
 4523 0020 196A     		ldr	r1, [r3, #32]
ARM GAS  C:\Users\fastr\AppData\Local\Temp\ccGFXKp9.s 			page 142


 4524 0022 134A     		ldr	r2, .L330
 4525 0024 1142     		tst	r1, r2
 4526 0026 07D1     		bne	.L327
1632:Drivers/STM32F0xx_HAL_Driver/Src/stm32f0xx_hal_tim_ex.c **** 
 4527              		.loc 1 1632 3 discriminator 1 view .LVU1221
 4528 0028 196A     		ldr	r1, [r3, #32]
 4529 002a 124A     		ldr	r2, .L330+4
 4530 002c 1142     		tst	r1, r2
 4531 002e 03D1     		bne	.L327
1632:Drivers/STM32F0xx_HAL_Driver/Src/stm32f0xx_hal_tim_ex.c **** 
 4532              		.loc 1 1632 3 discriminator 2 view .LVU1222
 4533 0030 5A6C     		ldr	r2, [r3, #68]
 4534 0032 1149     		ldr	r1, .L330+8
 4535 0034 0A40     		ands	r2, r1
 4536 0036 5A64     		str	r2, [r3, #68]
 4537              	.L327:
1632:Drivers/STM32F0xx_HAL_Driver/Src/stm32f0xx_hal_tim_ex.c **** 
 4538              		.loc 1 1632 3 view .LVU1223
1635:Drivers/STM32F0xx_HAL_Driver/Src/stm32f0xx_hal_tim_ex.c **** 
 4539              		.loc 1 1635 3 view .LVU1224
1635:Drivers/STM32F0xx_HAL_Driver/Src/stm32f0xx_hal_tim_ex.c **** 
 4540              		.loc 1 1635 3 view .LVU1225
 4541 0038 2368     		ldr	r3, [r4]
 4542 003a 196A     		ldr	r1, [r3, #32]
 4543 003c 0C4A     		ldr	r2, .L330
 4544 003e 1142     		tst	r1, r2
 4545 0040 07D1     		bne	.L328
1635:Drivers/STM32F0xx_HAL_Driver/Src/stm32f0xx_hal_tim_ex.c **** 
 4546              		.loc 1 1635 3 discriminator 1 view .LVU1226
 4547 0042 196A     		ldr	r1, [r3, #32]
 4548 0044 0B4A     		ldr	r2, .L330+4
 4549 0046 1142     		tst	r1, r2
 4550 0048 03D1     		bne	.L328
1635:Drivers/STM32F0xx_HAL_Driver/Src/stm32f0xx_hal_tim_ex.c **** 
 4551              		.loc 1 1635 3 discriminator 2 view .LVU1227
 4552 004a 1A68     		ldr	r2, [r3]
 4553 004c 0121     		movs	r1, #1
 4554 004e 8A43     		bics	r2, r1
 4555 0050 1A60     		str	r2, [r3]
 4556              	.L328:
1635:Drivers/STM32F0xx_HAL_Driver/Src/stm32f0xx_hal_tim_ex.c **** 
 4557              		.loc 1 1635 3 view .LVU1228
1638:Drivers/STM32F0xx_HAL_Driver/Src/stm32f0xx_hal_tim_ex.c ****   TIM_CHANNEL_STATE_SET(htim, TIM_CHANNEL_2, HAL_TIM_CHANNEL_STATE_READY);
 4558              		.loc 1 1638 3 view .LVU1229
 4559 0052 0123     		movs	r3, #1
 4560 0054 3E22     		movs	r2, #62
 4561 0056 A354     		strb	r3, [r4, r2]
1639:Drivers/STM32F0xx_HAL_Driver/Src/stm32f0xx_hal_tim_ex.c ****   TIM_CHANNEL_N_STATE_SET(htim, TIM_CHANNEL_1, HAL_TIM_CHANNEL_STATE_READY);
 4562              		.loc 1 1639 3 view .LVU1230
 4563 0058 0132     		adds	r2, r2, #1
 4564 005a A354     		strb	r3, [r4, r2]
1640:Drivers/STM32F0xx_HAL_Driver/Src/stm32f0xx_hal_tim_ex.c ****   TIM_CHANNEL_N_STATE_SET(htim, TIM_CHANNEL_2, HAL_TIM_CHANNEL_STATE_READY);
 4565              		.loc 1 1640 3 view .LVU1231
 4566 005c 0332     		adds	r2, r2, #3
 4567 005e A354     		strb	r3, [r4, r2]
1641:Drivers/STM32F0xx_HAL_Driver/Src/stm32f0xx_hal_tim_ex.c **** 
 4568              		.loc 1 1641 3 view .LVU1232
ARM GAS  C:\Users\fastr\AppData\Local\Temp\ccGFXKp9.s 			page 143


 4569 0060 0132     		adds	r2, r2, #1
 4570 0062 A354     		strb	r3, [r4, r2]
1644:Drivers/STM32F0xx_HAL_Driver/Src/stm32f0xx_hal_tim_ex.c **** }
 4571              		.loc 1 1644 3 view .LVU1233
1645:Drivers/STM32F0xx_HAL_Driver/Src/stm32f0xx_hal_tim_ex.c **** 
 4572              		.loc 1 1645 1 is_stmt 0 view .LVU1234
 4573 0064 0020     		movs	r0, #0
 4574              		@ sp needed
 4575              	.LVL350:
 4576              	.LVL351:
1645:Drivers/STM32F0xx_HAL_Driver/Src/stm32f0xx_hal_tim_ex.c **** 
 4577              		.loc 1 1645 1 view .LVU1235
 4578 0066 70BD     		pop	{r4, r5, r6, pc}
 4579              	.LVL352:
 4580              	.L329:
1622:Drivers/STM32F0xx_HAL_Driver/Src/stm32f0xx_hal_tim_ex.c **** 
 4581              		.loc 1 1622 12 discriminator 2 view .LVU1236
 4582 0068 0023     		movs	r3, #0
 4583 006a 1D00     		movs	r5, r3
 4584 006c CEE7     		b	.L326
 4585              	.L331:
 4586 006e C046     		.align	2
 4587              	.L330:
 4588 0070 11110000 		.word	4369
 4589 0074 44040000 		.word	1092
 4590 0078 FF7FFFFF 		.word	-32769
 4591              		.cfi_endproc
 4592              	.LFE63:
 4594              		.section	.text.HAL_TIMEx_OnePulseN_Start_IT,"ax",%progbits
 4595              		.align	1
 4596              		.global	HAL_TIMEx_OnePulseN_Start_IT
 4597              		.syntax unified
 4598              		.code	16
 4599              		.thumb_func
 4601              	HAL_TIMEx_OnePulseN_Start_IT:
 4602              	.LVL353:
 4603              	.LFB64:
1660:Drivers/STM32F0xx_HAL_Driver/Src/stm32f0xx_hal_tim_ex.c ****   uint32_t input_channel = (OutputChannel == TIM_CHANNEL_1) ? TIM_CHANNEL_2 : TIM_CHANNEL_1;
 4604              		.loc 1 1660 1 is_stmt 1 view -0
 4605              		.cfi_startproc
 4606              		@ args = 0, pretend = 0, frame = 0
 4607              		@ frame_needed = 0, uses_anonymous_args = 0
1660:Drivers/STM32F0xx_HAL_Driver/Src/stm32f0xx_hal_tim_ex.c ****   uint32_t input_channel = (OutputChannel == TIM_CHANNEL_1) ? TIM_CHANNEL_2 : TIM_CHANNEL_1;
 4608              		.loc 1 1660 1 is_stmt 0 view .LVU1238
 4609 0000 F8B5     		push	{r3, r4, r5, r6, r7, lr}
 4610              		.cfi_def_cfa_offset 24
 4611              		.cfi_offset 3, -24
 4612              		.cfi_offset 4, -20
 4613              		.cfi_offset 5, -16
 4614              		.cfi_offset 6, -12
 4615              		.cfi_offset 7, -8
 4616              		.cfi_offset 14, -4
 4617 0002 0400     		movs	r4, r0
1661:Drivers/STM32F0xx_HAL_Driver/Src/stm32f0xx_hal_tim_ex.c ****   HAL_TIM_ChannelStateTypeDef channel_1_state = TIM_CHANNEL_STATE_GET(htim, TIM_CHANNEL_1);
 4618              		.loc 1 1661 3 is_stmt 1 view .LVU1239
1661:Drivers/STM32F0xx_HAL_Driver/Src/stm32f0xx_hal_tim_ex.c ****   HAL_TIM_ChannelStateTypeDef channel_1_state = TIM_CHANNEL_STATE_GET(htim, TIM_CHANNEL_1);
 4619              		.loc 1 1661 77 is_stmt 0 view .LVU1240
ARM GAS  C:\Users\fastr\AppData\Local\Temp\ccGFXKp9.s 			page 144


 4620 0004 0029     		cmp	r1, #0
 4621 0006 17D1     		bne	.L335
1661:Drivers/STM32F0xx_HAL_Driver/Src/stm32f0xx_hal_tim_ex.c ****   HAL_TIM_ChannelStateTypeDef channel_1_state = TIM_CHANNEL_STATE_GET(htim, TIM_CHANNEL_1);
 4622              		.loc 1 1661 12 discriminator 1 view .LVU1241
 4623 0008 0423     		movs	r3, #4
 4624 000a 1F00     		movs	r7, r3
 4625              	.L333:
 4626              	.LVL354:
1662:Drivers/STM32F0xx_HAL_Driver/Src/stm32f0xx_hal_tim_ex.c ****   HAL_TIM_ChannelStateTypeDef channel_2_state = TIM_CHANNEL_STATE_GET(htim, TIM_CHANNEL_2);
 4627              		.loc 1 1662 3 is_stmt 1 view .LVU1242
1662:Drivers/STM32F0xx_HAL_Driver/Src/stm32f0xx_hal_tim_ex.c ****   HAL_TIM_ChannelStateTypeDef channel_2_state = TIM_CHANNEL_STATE_GET(htim, TIM_CHANNEL_2);
 4628              		.loc 1 1662 31 is_stmt 0 view .LVU1243
 4629 000c 3E23     		movs	r3, #62
 4630 000e E55C     		ldrb	r5, [r4, r3]
 4631 0010 EEB2     		uxtb	r6, r5
 4632              	.LVL355:
1663:Drivers/STM32F0xx_HAL_Driver/Src/stm32f0xx_hal_tim_ex.c ****   HAL_TIM_ChannelStateTypeDef complementary_channel_1_state = TIM_CHANNEL_N_STATE_GET(htim, TIM_CHA
 4633              		.loc 1 1663 3 is_stmt 1 view .LVU1244
1663:Drivers/STM32F0xx_HAL_Driver/Src/stm32f0xx_hal_tim_ex.c ****   HAL_TIM_ChannelStateTypeDef complementary_channel_1_state = TIM_CHANNEL_N_STATE_GET(htim, TIM_CHA
 4634              		.loc 1 1663 31 is_stmt 0 view .LVU1245
 4635 0012 0133     		adds	r3, r3, #1
 4636 0014 E35C     		ldrb	r3, [r4, r3]
 4637 0016 DBB2     		uxtb	r3, r3
 4638              	.LVL356:
1664:Drivers/STM32F0xx_HAL_Driver/Src/stm32f0xx_hal_tim_ex.c ****   HAL_TIM_ChannelStateTypeDef complementary_channel_2_state = TIM_CHANNEL_N_STATE_GET(htim, TIM_CHA
 4639              		.loc 1 1664 3 is_stmt 1 view .LVU1246
1664:Drivers/STM32F0xx_HAL_Driver/Src/stm32f0xx_hal_tim_ex.c ****   HAL_TIM_ChannelStateTypeDef complementary_channel_2_state = TIM_CHANNEL_N_STATE_GET(htim, TIM_CHA
 4640              		.loc 1 1664 31 is_stmt 0 view .LVU1247
 4641 0018 4222     		movs	r2, #66
 4642 001a A25C     		ldrb	r2, [r4, r2]
 4643 001c D2B2     		uxtb	r2, r2
 4644              	.LVL357:
1665:Drivers/STM32F0xx_HAL_Driver/Src/stm32f0xx_hal_tim_ex.c **** 
 4645              		.loc 1 1665 3 is_stmt 1 view .LVU1248
1665:Drivers/STM32F0xx_HAL_Driver/Src/stm32f0xx_hal_tim_ex.c **** 
 4646              		.loc 1 1665 31 is_stmt 0 view .LVU1249
 4647 001e 4320     		movs	r0, #67
 4648              	.LVL358:
1665:Drivers/STM32F0xx_HAL_Driver/Src/stm32f0xx_hal_tim_ex.c **** 
 4649              		.loc 1 1665 31 view .LVU1250
 4650 0020 205C     		ldrb	r0, [r4, r0]
 4651 0022 C0B2     		uxtb	r0, r0
 4652              	.LVL359:
1668:Drivers/STM32F0xx_HAL_Driver/Src/stm32f0xx_hal_tim_ex.c **** 
 4653              		.loc 1 1668 3 is_stmt 1 view .LVU1251
1671:Drivers/STM32F0xx_HAL_Driver/Src/stm32f0xx_hal_tim_ex.c ****       || (channel_2_state != HAL_TIM_CHANNEL_STATE_READY)
 4654              		.loc 1 1671 3 view .LVU1252
1671:Drivers/STM32F0xx_HAL_Driver/Src/stm32f0xx_hal_tim_ex.c ****       || (channel_2_state != HAL_TIM_CHANNEL_STATE_READY)
 4655              		.loc 1 1671 6 is_stmt 0 view .LVU1253
 4656 0024 012D     		cmp	r5, #1
 4657 0026 2DD1     		bne	.L336
1672:Drivers/STM32F0xx_HAL_Driver/Src/stm32f0xx_hal_tim_ex.c ****       || (complementary_channel_1_state != HAL_TIM_CHANNEL_STATE_READY)
 4658              		.loc 1 1672 7 view .LVU1254
 4659 0028 012B     		cmp	r3, #1
 4660 002a 2CD1     		bne	.L334
1673:Drivers/STM32F0xx_HAL_Driver/Src/stm32f0xx_hal_tim_ex.c ****       || (complementary_channel_2_state != HAL_TIM_CHANNEL_STATE_READY))
 4661              		.loc 1 1673 7 view .LVU1255
ARM GAS  C:\Users\fastr\AppData\Local\Temp\ccGFXKp9.s 			page 145


 4662 002c 012A     		cmp	r2, #1
 4663 002e 2CD1     		bne	.L337
1674:Drivers/STM32F0xx_HAL_Driver/Src/stm32f0xx_hal_tim_ex.c ****   {
 4664              		.loc 1 1674 7 view .LVU1256
 4665 0030 0128     		cmp	r0, #1
 4666 0032 04D0     		beq	.L339
1676:Drivers/STM32F0xx_HAL_Driver/Src/stm32f0xx_hal_tim_ex.c ****   }
 4667              		.loc 1 1676 12 view .LVU1257
 4668 0034 1600     		movs	r6, r2
 4669              	.LVL360:
1676:Drivers/STM32F0xx_HAL_Driver/Src/stm32f0xx_hal_tim_ex.c ****   }
 4670              		.loc 1 1676 12 view .LVU1258
 4671 0036 26E0     		b	.L334
 4672              	.LVL361:
 4673              	.L335:
1661:Drivers/STM32F0xx_HAL_Driver/Src/stm32f0xx_hal_tim_ex.c ****   HAL_TIM_ChannelStateTypeDef channel_1_state = TIM_CHANNEL_STATE_GET(htim, TIM_CHANNEL_1);
 4674              		.loc 1 1661 12 discriminator 2 view .LVU1259
 4675 0038 0023     		movs	r3, #0
 4676 003a 1F00     		movs	r7, r3
 4677 003c E6E7     		b	.L333
 4678              	.LVL362:
 4679              	.L339:
1680:Drivers/STM32F0xx_HAL_Driver/Src/stm32f0xx_hal_tim_ex.c ****   TIM_CHANNEL_STATE_SET(htim, TIM_CHANNEL_2, HAL_TIM_CHANNEL_STATE_BUSY);
 4680              		.loc 1 1680 3 is_stmt 1 view .LVU1260
 4681 003e 0133     		adds	r3, r3, #1
 4682              	.LVL363:
1680:Drivers/STM32F0xx_HAL_Driver/Src/stm32f0xx_hal_tim_ex.c ****   TIM_CHANNEL_STATE_SET(htim, TIM_CHANNEL_2, HAL_TIM_CHANNEL_STATE_BUSY);
 4683              		.loc 1 1680 3 is_stmt 0 view .LVU1261
 4684 0040 3D32     		adds	r2, r2, #61
 4685              	.LVL364:
1680:Drivers/STM32F0xx_HAL_Driver/Src/stm32f0xx_hal_tim_ex.c ****   TIM_CHANNEL_STATE_SET(htim, TIM_CHANNEL_2, HAL_TIM_CHANNEL_STATE_BUSY);
 4686              		.loc 1 1680 3 view .LVU1262
 4687 0042 A354     		strb	r3, [r4, r2]
1681:Drivers/STM32F0xx_HAL_Driver/Src/stm32f0xx_hal_tim_ex.c ****   TIM_CHANNEL_N_STATE_SET(htim, TIM_CHANNEL_1, HAL_TIM_CHANNEL_STATE_BUSY);
 4688              		.loc 1 1681 3 is_stmt 1 view .LVU1263
 4689 0044 0132     		adds	r2, r2, #1
 4690              	.LVL365:
1681:Drivers/STM32F0xx_HAL_Driver/Src/stm32f0xx_hal_tim_ex.c ****   TIM_CHANNEL_N_STATE_SET(htim, TIM_CHANNEL_1, HAL_TIM_CHANNEL_STATE_BUSY);
 4691              		.loc 1 1681 3 is_stmt 0 view .LVU1264
 4692 0046 A354     		strb	r3, [r4, r2]
1682:Drivers/STM32F0xx_HAL_Driver/Src/stm32f0xx_hal_tim_ex.c ****   TIM_CHANNEL_N_STATE_SET(htim, TIM_CHANNEL_2, HAL_TIM_CHANNEL_STATE_BUSY);
 4693              		.loc 1 1682 3 is_stmt 1 view .LVU1265
 4694 0048 0332     		adds	r2, r2, #3
 4695              	.LVL366:
1682:Drivers/STM32F0xx_HAL_Driver/Src/stm32f0xx_hal_tim_ex.c ****   TIM_CHANNEL_N_STATE_SET(htim, TIM_CHANNEL_2, HAL_TIM_CHANNEL_STATE_BUSY);
 4696              		.loc 1 1682 3 is_stmt 0 view .LVU1266
 4697 004a A354     		strb	r3, [r4, r2]
1683:Drivers/STM32F0xx_HAL_Driver/Src/stm32f0xx_hal_tim_ex.c **** 
 4698              		.loc 1 1683 3 is_stmt 1 view .LVU1267
 4699 004c 0132     		adds	r2, r2, #1
 4700              	.LVL367:
1683:Drivers/STM32F0xx_HAL_Driver/Src/stm32f0xx_hal_tim_ex.c **** 
 4701              		.loc 1 1683 3 is_stmt 0 view .LVU1268
 4702 004e A354     		strb	r3, [r4, r2]
1686:Drivers/STM32F0xx_HAL_Driver/Src/stm32f0xx_hal_tim_ex.c **** 
 4703              		.loc 1 1686 3 is_stmt 1 view .LVU1269
 4704 0050 2068     		ldr	r0, [r4]
ARM GAS  C:\Users\fastr\AppData\Local\Temp\ccGFXKp9.s 			page 146


 4705              	.LVL368:
1686:Drivers/STM32F0xx_HAL_Driver/Src/stm32f0xx_hal_tim_ex.c **** 
 4706              		.loc 1 1686 3 is_stmt 0 view .LVU1270
 4707 0052 C268     		ldr	r2, [r0, #12]
 4708              	.LVL369:
1686:Drivers/STM32F0xx_HAL_Driver/Src/stm32f0xx_hal_tim_ex.c **** 
 4709              		.loc 1 1686 3 view .LVU1271
 4710 0054 1343     		orrs	r3, r2
 4711              	.LVL370:
1686:Drivers/STM32F0xx_HAL_Driver/Src/stm32f0xx_hal_tim_ex.c **** 
 4712              		.loc 1 1686 3 view .LVU1272
 4713 0056 C360     		str	r3, [r0, #12]
1689:Drivers/STM32F0xx_HAL_Driver/Src/stm32f0xx_hal_tim_ex.c **** 
 4714              		.loc 1 1689 3 is_stmt 1 view .LVU1273
 4715 0058 2268     		ldr	r2, [r4]
 4716 005a D368     		ldr	r3, [r2, #12]
 4717 005c 0420     		movs	r0, #4
 4718 005e 0343     		orrs	r3, r0
 4719 0060 D360     		str	r3, [r2, #12]
1692:Drivers/STM32F0xx_HAL_Driver/Src/stm32f0xx_hal_tim_ex.c ****   TIM_CCxChannelCmd(htim->Instance, input_channel, TIM_CCx_ENABLE);
 4720              		.loc 1 1692 3 view .LVU1274
 4721 0062 2068     		ldr	r0, [r4]
 4722 0064 0422     		movs	r2, #4
 4723 0066 FFF7FEFF 		bl	TIM_CCxNChannelCmd
 4724              	.LVL371:
1693:Drivers/STM32F0xx_HAL_Driver/Src/stm32f0xx_hal_tim_ex.c **** 
 4725              		.loc 1 1693 3 view .LVU1275
 4726 006a 2068     		ldr	r0, [r4]
 4727 006c 0122     		movs	r2, #1
 4728 006e 3900     		movs	r1, r7
 4729 0070 FFF7FEFF 		bl	TIM_CCxChannelCmd
 4730              	.LVL372:
1696:Drivers/STM32F0xx_HAL_Driver/Src/stm32f0xx_hal_tim_ex.c **** 
 4731              		.loc 1 1696 3 view .LVU1276
 4732 0074 2268     		ldr	r2, [r4]
 4733 0076 516C     		ldr	r1, [r2, #68]
 4734 0078 8023     		movs	r3, #128
 4735 007a 1B02     		lsls	r3, r3, #8
 4736 007c 0B43     		orrs	r3, r1
 4737 007e 5364     		str	r3, [r2, #68]
1699:Drivers/STM32F0xx_HAL_Driver/Src/stm32f0xx_hal_tim_ex.c **** }
 4738              		.loc 1 1699 3 view .LVU1277
1699:Drivers/STM32F0xx_HAL_Driver/Src/stm32f0xx_hal_tim_ex.c **** }
 4739              		.loc 1 1699 10 is_stmt 0 view .LVU1278
 4740 0080 0026     		movs	r6, #0
 4741              	.LVL373:
1699:Drivers/STM32F0xx_HAL_Driver/Src/stm32f0xx_hal_tim_ex.c **** }
 4742              		.loc 1 1699 10 view .LVU1279
 4743 0082 00E0     		b	.L334
 4744              	.LVL374:
 4745              	.L336:
1676:Drivers/STM32F0xx_HAL_Driver/Src/stm32f0xx_hal_tim_ex.c ****   }
 4746              		.loc 1 1676 12 view .LVU1280
 4747 0084 0126     		movs	r6, #1
 4748              	.LVL375:
 4749              	.L334:
1700:Drivers/STM32F0xx_HAL_Driver/Src/stm32f0xx_hal_tim_ex.c **** 
ARM GAS  C:\Users\fastr\AppData\Local\Temp\ccGFXKp9.s 			page 147


 4750              		.loc 1 1700 1 view .LVU1281
 4751 0086 3000     		movs	r0, r6
 4752              		@ sp needed
 4753              	.LVL376:
 4754              	.LVL377:
 4755              	.LVL378:
1700:Drivers/STM32F0xx_HAL_Driver/Src/stm32f0xx_hal_tim_ex.c **** 
 4756              		.loc 1 1700 1 view .LVU1282
 4757 0088 F8BD     		pop	{r3, r4, r5, r6, r7, pc}
 4758              	.LVL379:
 4759              	.L337:
1676:Drivers/STM32F0xx_HAL_Driver/Src/stm32f0xx_hal_tim_ex.c ****   }
 4760              		.loc 1 1676 12 view .LVU1283
 4761 008a 1E00     		movs	r6, r3
 4762              	.LVL380:
1676:Drivers/STM32F0xx_HAL_Driver/Src/stm32f0xx_hal_tim_ex.c ****   }
 4763              		.loc 1 1676 12 view .LVU1284
 4764 008c FBE7     		b	.L334
 4765              		.cfi_endproc
 4766              	.LFE64:
 4768              		.section	.text.HAL_TIMEx_OnePulseN_Stop_IT,"ax",%progbits
 4769              		.align	1
 4770              		.global	HAL_TIMEx_OnePulseN_Stop_IT
 4771              		.syntax unified
 4772              		.code	16
 4773              		.thumb_func
 4775              	HAL_TIMEx_OnePulseN_Stop_IT:
 4776              	.LVL381:
 4777              	.LFB65:
1715:Drivers/STM32F0xx_HAL_Driver/Src/stm32f0xx_hal_tim_ex.c ****   uint32_t input_channel = (OutputChannel == TIM_CHANNEL_1) ? TIM_CHANNEL_2 : TIM_CHANNEL_1;
 4778              		.loc 1 1715 1 is_stmt 1 view -0
 4779              		.cfi_startproc
 4780              		@ args = 0, pretend = 0, frame = 0
 4781              		@ frame_needed = 0, uses_anonymous_args = 0
1715:Drivers/STM32F0xx_HAL_Driver/Src/stm32f0xx_hal_tim_ex.c ****   uint32_t input_channel = (OutputChannel == TIM_CHANNEL_1) ? TIM_CHANNEL_2 : TIM_CHANNEL_1;
 4782              		.loc 1 1715 1 is_stmt 0 view .LVU1286
 4783 0000 70B5     		push	{r4, r5, r6, lr}
 4784              		.cfi_def_cfa_offset 16
 4785              		.cfi_offset 4, -16
 4786              		.cfi_offset 5, -12
 4787              		.cfi_offset 6, -8
 4788              		.cfi_offset 14, -4
 4789 0002 0400     		movs	r4, r0
1716:Drivers/STM32F0xx_HAL_Driver/Src/stm32f0xx_hal_tim_ex.c **** 
 4790              		.loc 1 1716 3 is_stmt 1 view .LVU1287
1716:Drivers/STM32F0xx_HAL_Driver/Src/stm32f0xx_hal_tim_ex.c **** 
 4791              		.loc 1 1716 77 is_stmt 0 view .LVU1288
 4792 0004 0029     		cmp	r1, #0
 4793 0006 39D1     		bne	.L344
1716:Drivers/STM32F0xx_HAL_Driver/Src/stm32f0xx_hal_tim_ex.c **** 
 4794              		.loc 1 1716 12 discriminator 1 view .LVU1289
 4795 0008 0423     		movs	r3, #4
 4796 000a 1D00     		movs	r5, r3
 4797              	.L341:
 4798              	.LVL382:
1719:Drivers/STM32F0xx_HAL_Driver/Src/stm32f0xx_hal_tim_ex.c **** 
 4799              		.loc 1 1719 3 is_stmt 1 view .LVU1290
ARM GAS  C:\Users\fastr\AppData\Local\Temp\ccGFXKp9.s 			page 148


1722:Drivers/STM32F0xx_HAL_Driver/Src/stm32f0xx_hal_tim_ex.c **** 
 4800              		.loc 1 1722 3 view .LVU1291
 4801 000c 2268     		ldr	r2, [r4]
 4802 000e D368     		ldr	r3, [r2, #12]
 4803 0010 0220     		movs	r0, #2
 4804              	.LVL383:
1722:Drivers/STM32F0xx_HAL_Driver/Src/stm32f0xx_hal_tim_ex.c **** 
 4805              		.loc 1 1722 3 is_stmt 0 view .LVU1292
 4806 0012 8343     		bics	r3, r0
 4807 0014 D360     		str	r3, [r2, #12]
1725:Drivers/STM32F0xx_HAL_Driver/Src/stm32f0xx_hal_tim_ex.c **** 
 4808              		.loc 1 1725 3 is_stmt 1 view .LVU1293
 4809 0016 2268     		ldr	r2, [r4]
 4810 0018 D368     		ldr	r3, [r2, #12]
 4811 001a 0230     		adds	r0, r0, #2
 4812 001c 8343     		bics	r3, r0
 4813 001e D360     		str	r3, [r2, #12]
1728:Drivers/STM32F0xx_HAL_Driver/Src/stm32f0xx_hal_tim_ex.c ****   TIM_CCxChannelCmd(htim->Instance, input_channel, TIM_CCx_DISABLE);
 4814              		.loc 1 1728 3 view .LVU1294
 4815 0020 2068     		ldr	r0, [r4]
 4816 0022 0022     		movs	r2, #0
 4817 0024 FFF7FEFF 		bl	TIM_CCxNChannelCmd
 4818              	.LVL384:
1729:Drivers/STM32F0xx_HAL_Driver/Src/stm32f0xx_hal_tim_ex.c **** 
 4819              		.loc 1 1729 3 view .LVU1295
 4820 0028 2068     		ldr	r0, [r4]
 4821 002a 0022     		movs	r2, #0
 4822 002c 2900     		movs	r1, r5
 4823 002e FFF7FEFF 		bl	TIM_CCxChannelCmd
 4824              	.LVL385:
1732:Drivers/STM32F0xx_HAL_Driver/Src/stm32f0xx_hal_tim_ex.c **** 
 4825              		.loc 1 1732 3 view .LVU1296
1732:Drivers/STM32F0xx_HAL_Driver/Src/stm32f0xx_hal_tim_ex.c **** 
 4826              		.loc 1 1732 3 view .LVU1297
 4827 0032 2368     		ldr	r3, [r4]
 4828 0034 196A     		ldr	r1, [r3, #32]
 4829 0036 134A     		ldr	r2, .L345
 4830 0038 1142     		tst	r1, r2
 4831 003a 07D1     		bne	.L342
1732:Drivers/STM32F0xx_HAL_Driver/Src/stm32f0xx_hal_tim_ex.c **** 
 4832              		.loc 1 1732 3 discriminator 1 view .LVU1298
 4833 003c 196A     		ldr	r1, [r3, #32]
 4834 003e 124A     		ldr	r2, .L345+4
 4835 0040 1142     		tst	r1, r2
 4836 0042 03D1     		bne	.L342
1732:Drivers/STM32F0xx_HAL_Driver/Src/stm32f0xx_hal_tim_ex.c **** 
 4837              		.loc 1 1732 3 discriminator 2 view .LVU1299
 4838 0044 5A6C     		ldr	r2, [r3, #68]
 4839 0046 1149     		ldr	r1, .L345+8
 4840 0048 0A40     		ands	r2, r1
 4841 004a 5A64     		str	r2, [r3, #68]
 4842              	.L342:
1732:Drivers/STM32F0xx_HAL_Driver/Src/stm32f0xx_hal_tim_ex.c **** 
 4843              		.loc 1 1732 3 view .LVU1300
1735:Drivers/STM32F0xx_HAL_Driver/Src/stm32f0xx_hal_tim_ex.c **** 
 4844              		.loc 1 1735 3 view .LVU1301
1735:Drivers/STM32F0xx_HAL_Driver/Src/stm32f0xx_hal_tim_ex.c **** 
ARM GAS  C:\Users\fastr\AppData\Local\Temp\ccGFXKp9.s 			page 149


 4845              		.loc 1 1735 3 view .LVU1302
 4846 004c 2368     		ldr	r3, [r4]
 4847 004e 196A     		ldr	r1, [r3, #32]
 4848 0050 0C4A     		ldr	r2, .L345
 4849 0052 1142     		tst	r1, r2
 4850 0054 07D1     		bne	.L343
1735:Drivers/STM32F0xx_HAL_Driver/Src/stm32f0xx_hal_tim_ex.c **** 
 4851              		.loc 1 1735 3 discriminator 1 view .LVU1303
 4852 0056 196A     		ldr	r1, [r3, #32]
 4853 0058 0B4A     		ldr	r2, .L345+4
 4854 005a 1142     		tst	r1, r2
 4855 005c 03D1     		bne	.L343
1735:Drivers/STM32F0xx_HAL_Driver/Src/stm32f0xx_hal_tim_ex.c **** 
 4856              		.loc 1 1735 3 discriminator 2 view .LVU1304
 4857 005e 1A68     		ldr	r2, [r3]
 4858 0060 0121     		movs	r1, #1
 4859 0062 8A43     		bics	r2, r1
 4860 0064 1A60     		str	r2, [r3]
 4861              	.L343:
1735:Drivers/STM32F0xx_HAL_Driver/Src/stm32f0xx_hal_tim_ex.c **** 
 4862              		.loc 1 1735 3 view .LVU1305
1738:Drivers/STM32F0xx_HAL_Driver/Src/stm32f0xx_hal_tim_ex.c ****   TIM_CHANNEL_STATE_SET(htim, TIM_CHANNEL_2, HAL_TIM_CHANNEL_STATE_READY);
 4863              		.loc 1 1738 3 view .LVU1306
 4864 0066 0123     		movs	r3, #1
 4865 0068 3E22     		movs	r2, #62
 4866 006a A354     		strb	r3, [r4, r2]
1739:Drivers/STM32F0xx_HAL_Driver/Src/stm32f0xx_hal_tim_ex.c ****   TIM_CHANNEL_N_STATE_SET(htim, TIM_CHANNEL_1, HAL_TIM_CHANNEL_STATE_READY);
 4867              		.loc 1 1739 3 view .LVU1307
 4868 006c 0132     		adds	r2, r2, #1
 4869 006e A354     		strb	r3, [r4, r2]
1740:Drivers/STM32F0xx_HAL_Driver/Src/stm32f0xx_hal_tim_ex.c ****   TIM_CHANNEL_N_STATE_SET(htim, TIM_CHANNEL_2, HAL_TIM_CHANNEL_STATE_READY);
 4870              		.loc 1 1740 3 view .LVU1308
 4871 0070 0332     		adds	r2, r2, #3
 4872 0072 A354     		strb	r3, [r4, r2]
1741:Drivers/STM32F0xx_HAL_Driver/Src/stm32f0xx_hal_tim_ex.c **** 
 4873              		.loc 1 1741 3 view .LVU1309
 4874 0074 0132     		adds	r2, r2, #1
 4875 0076 A354     		strb	r3, [r4, r2]
1744:Drivers/STM32F0xx_HAL_Driver/Src/stm32f0xx_hal_tim_ex.c **** }
 4876              		.loc 1 1744 3 view .LVU1310
1745:Drivers/STM32F0xx_HAL_Driver/Src/stm32f0xx_hal_tim_ex.c **** 
 4877              		.loc 1 1745 1 is_stmt 0 view .LVU1311
 4878 0078 0020     		movs	r0, #0
 4879              		@ sp needed
 4880              	.LVL386:
 4881              	.LVL387:
1745:Drivers/STM32F0xx_HAL_Driver/Src/stm32f0xx_hal_tim_ex.c **** 
 4882              		.loc 1 1745 1 view .LVU1312
 4883 007a 70BD     		pop	{r4, r5, r6, pc}
 4884              	.LVL388:
 4885              	.L344:
1716:Drivers/STM32F0xx_HAL_Driver/Src/stm32f0xx_hal_tim_ex.c **** 
 4886              		.loc 1 1716 12 discriminator 2 view .LVU1313
 4887 007c 0023     		movs	r3, #0
 4888 007e 1D00     		movs	r5, r3
 4889 0080 C4E7     		b	.L341
 4890              	.L346:
ARM GAS  C:\Users\fastr\AppData\Local\Temp\ccGFXKp9.s 			page 150


 4891 0082 C046     		.align	2
 4892              	.L345:
 4893 0084 11110000 		.word	4369
 4894 0088 44040000 		.word	1092
 4895 008c FF7FFFFF 		.word	-32769
 4896              		.cfi_endproc
 4897              	.LFE65:
 4899              		.section	.text.HAL_TIMEx_ConfigCommutEvent,"ax",%progbits
 4900              		.align	1
 4901              		.global	HAL_TIMEx_ConfigCommutEvent
 4902              		.syntax unified
 4903              		.code	16
 4904              		.thumb_func
 4906              	HAL_TIMEx_ConfigCommutEvent:
 4907              	.LVL389:
 4908              	.LFB66:
1795:Drivers/STM32F0xx_HAL_Driver/Src/stm32f0xx_hal_tim_ex.c ****   /* Check the parameters */
 4909              		.loc 1 1795 1 is_stmt 1 view -0
 4910              		.cfi_startproc
 4911              		@ args = 0, pretend = 0, frame = 0
 4912              		@ frame_needed = 0, uses_anonymous_args = 0
1795:Drivers/STM32F0xx_HAL_Driver/Src/stm32f0xx_hal_tim_ex.c ****   /* Check the parameters */
 4913              		.loc 1 1795 1 is_stmt 0 view .LVU1315
 4914 0000 10B5     		push	{r4, lr}
 4915              		.cfi_def_cfa_offset 8
 4916              		.cfi_offset 4, -8
 4917              		.cfi_offset 14, -4
1797:Drivers/STM32F0xx_HAL_Driver/Src/stm32f0xx_hal_tim_ex.c ****   assert_param(IS_TIM_INTERNAL_TRIGGEREVENT_SELECTION(InputTrigger));
 4918              		.loc 1 1797 3 is_stmt 1 view .LVU1316
1798:Drivers/STM32F0xx_HAL_Driver/Src/stm32f0xx_hal_tim_ex.c **** 
 4919              		.loc 1 1798 3 view .LVU1317
1800:Drivers/STM32F0xx_HAL_Driver/Src/stm32f0xx_hal_tim_ex.c **** 
 4920              		.loc 1 1800 3 view .LVU1318
1800:Drivers/STM32F0xx_HAL_Driver/Src/stm32f0xx_hal_tim_ex.c **** 
 4921              		.loc 1 1800 3 view .LVU1319
 4922 0002 3C23     		movs	r3, #60
 4923 0004 C35C     		ldrb	r3, [r0, r3]
 4924 0006 012B     		cmp	r3, #1
 4925 0008 34D0     		beq	.L351
1800:Drivers/STM32F0xx_HAL_Driver/Src/stm32f0xx_hal_tim_ex.c **** 
 4926              		.loc 1 1800 3 discriminator 2 view .LVU1320
 4927 000a 3C23     		movs	r3, #60
 4928 000c 0124     		movs	r4, #1
 4929 000e C454     		strb	r4, [r0, r3]
1800:Drivers/STM32F0xx_HAL_Driver/Src/stm32f0xx_hal_tim_ex.c **** 
 4930              		.loc 1 1800 3 view .LVU1321
1802:Drivers/STM32F0xx_HAL_Driver/Src/stm32f0xx_hal_tim_ex.c ****       (InputTrigger == TIM_TS_ITR2) || (InputTrigger == TIM_TS_ITR3))
 4931              		.loc 1 1802 3 view .LVU1322
1802:Drivers/STM32F0xx_HAL_Driver/Src/stm32f0xx_hal_tim_ex.c ****       (InputTrigger == TIM_TS_ITR2) || (InputTrigger == TIM_TS_ITR3))
 4932              		.loc 1 1802 6 is_stmt 0 view .LVU1323
 4933 0010 0029     		cmp	r1, #0
 4934 0012 05D0     		beq	.L349
1802:Drivers/STM32F0xx_HAL_Driver/Src/stm32f0xx_hal_tim_ex.c ****       (InputTrigger == TIM_TS_ITR2) || (InputTrigger == TIM_TS_ITR3))
 4935              		.loc 1 1802 37 discriminator 1 view .LVU1324
 4936 0014 1029     		cmp	r1, #16
 4937 0016 03D0     		beq	.L349
1802:Drivers/STM32F0xx_HAL_Driver/Src/stm32f0xx_hal_tim_ex.c ****       (InputTrigger == TIM_TS_ITR2) || (InputTrigger == TIM_TS_ITR3))
ARM GAS  C:\Users\fastr\AppData\Local\Temp\ccGFXKp9.s 			page 151


 4938              		.loc 1 1802 70 discriminator 2 view .LVU1325
 4939 0018 2029     		cmp	r1, #32
 4940 001a 01D0     		beq	.L349
1803:Drivers/STM32F0xx_HAL_Driver/Src/stm32f0xx_hal_tim_ex.c ****   {
 4941              		.loc 1 1803 37 view .LVU1326
 4942 001c 3029     		cmp	r1, #48
 4943 001e 0CD1     		bne	.L350
 4944              	.L349:
1806:Drivers/STM32F0xx_HAL_Driver/Src/stm32f0xx_hal_tim_ex.c ****     htim->Instance->SMCR |= InputTrigger;
 4945              		.loc 1 1806 5 is_stmt 1 view .LVU1327
1806:Drivers/STM32F0xx_HAL_Driver/Src/stm32f0xx_hal_tim_ex.c ****     htim->Instance->SMCR |= InputTrigger;
 4946              		.loc 1 1806 9 is_stmt 0 view .LVU1328
 4947 0020 0368     		ldr	r3, [r0]
 4948 0022 9C46     		mov	ip, r3
1806:Drivers/STM32F0xx_HAL_Driver/Src/stm32f0xx_hal_tim_ex.c ****     htim->Instance->SMCR |= InputTrigger;
 4949              		.loc 1 1806 19 view .LVU1329
 4950 0024 9B68     		ldr	r3, [r3, #8]
1806:Drivers/STM32F0xx_HAL_Driver/Src/stm32f0xx_hal_tim_ex.c ****     htim->Instance->SMCR |= InputTrigger;
 4951              		.loc 1 1806 26 view .LVU1330
 4952 0026 7024     		movs	r4, #112
 4953 0028 A343     		bics	r3, r4
 4954 002a 6446     		mov	r4, ip
 4955 002c A360     		str	r3, [r4, #8]
1807:Drivers/STM32F0xx_HAL_Driver/Src/stm32f0xx_hal_tim_ex.c ****   }
 4956              		.loc 1 1807 5 is_stmt 1 view .LVU1331
1807:Drivers/STM32F0xx_HAL_Driver/Src/stm32f0xx_hal_tim_ex.c ****   }
 4957              		.loc 1 1807 9 is_stmt 0 view .LVU1332
 4958 002e 0368     		ldr	r3, [r0]
 4959 0030 9C46     		mov	ip, r3
1807:Drivers/STM32F0xx_HAL_Driver/Src/stm32f0xx_hal_tim_ex.c ****   }
 4960              		.loc 1 1807 19 view .LVU1333
 4961 0032 9B68     		ldr	r3, [r3, #8]
1807:Drivers/STM32F0xx_HAL_Driver/Src/stm32f0xx_hal_tim_ex.c ****   }
 4962              		.loc 1 1807 26 view .LVU1334
 4963 0034 0B43     		orrs	r3, r1
 4964 0036 6146     		mov	r1, ip
 4965              	.LVL390:
1807:Drivers/STM32F0xx_HAL_Driver/Src/stm32f0xx_hal_tim_ex.c ****   }
 4966              		.loc 1 1807 26 view .LVU1335
 4967 0038 8B60     		str	r3, [r1, #8]
 4968              	.L350:
1811:Drivers/STM32F0xx_HAL_Driver/Src/stm32f0xx_hal_tim_ex.c ****   /* Select the Commutation event source */
 4969              		.loc 1 1811 3 is_stmt 1 view .LVU1336
1811:Drivers/STM32F0xx_HAL_Driver/Src/stm32f0xx_hal_tim_ex.c ****   /* Select the Commutation event source */
 4970              		.loc 1 1811 7 is_stmt 0 view .LVU1337
 4971 003a 0168     		ldr	r1, [r0]
1811:Drivers/STM32F0xx_HAL_Driver/Src/stm32f0xx_hal_tim_ex.c ****   /* Select the Commutation event source */
 4972              		.loc 1 1811 17 view .LVU1338
 4973 003c 4B68     		ldr	r3, [r1, #4]
1811:Drivers/STM32F0xx_HAL_Driver/Src/stm32f0xx_hal_tim_ex.c ****   /* Select the Commutation event source */
 4974              		.loc 1 1811 23 view .LVU1339
 4975 003e 0124     		movs	r4, #1
 4976 0040 2343     		orrs	r3, r4
 4977 0042 4B60     		str	r3, [r1, #4]
1813:Drivers/STM32F0xx_HAL_Driver/Src/stm32f0xx_hal_tim_ex.c ****   htim->Instance->CR2 |= CommutationSource;
 4978              		.loc 1 1813 3 is_stmt 1 view .LVU1340
1813:Drivers/STM32F0xx_HAL_Driver/Src/stm32f0xx_hal_tim_ex.c ****   htim->Instance->CR2 |= CommutationSource;
ARM GAS  C:\Users\fastr\AppData\Local\Temp\ccGFXKp9.s 			page 152


 4979              		.loc 1 1813 7 is_stmt 0 view .LVU1341
 4980 0044 0168     		ldr	r1, [r0]
1813:Drivers/STM32F0xx_HAL_Driver/Src/stm32f0xx_hal_tim_ex.c ****   htim->Instance->CR2 |= CommutationSource;
 4981              		.loc 1 1813 17 view .LVU1342
 4982 0046 4B68     		ldr	r3, [r1, #4]
1813:Drivers/STM32F0xx_HAL_Driver/Src/stm32f0xx_hal_tim_ex.c ****   htim->Instance->CR2 |= CommutationSource;
 4983              		.loc 1 1813 23 view .LVU1343
 4984 0048 0334     		adds	r4, r4, #3
 4985 004a A343     		bics	r3, r4
 4986 004c 4B60     		str	r3, [r1, #4]
1814:Drivers/STM32F0xx_HAL_Driver/Src/stm32f0xx_hal_tim_ex.c **** 
 4987              		.loc 1 1814 3 is_stmt 1 view .LVU1344
1814:Drivers/STM32F0xx_HAL_Driver/Src/stm32f0xx_hal_tim_ex.c **** 
 4988              		.loc 1 1814 7 is_stmt 0 view .LVU1345
 4989 004e 0168     		ldr	r1, [r0]
1814:Drivers/STM32F0xx_HAL_Driver/Src/stm32f0xx_hal_tim_ex.c **** 
 4990              		.loc 1 1814 17 view .LVU1346
 4991 0050 4B68     		ldr	r3, [r1, #4]
1814:Drivers/STM32F0xx_HAL_Driver/Src/stm32f0xx_hal_tim_ex.c **** 
 4992              		.loc 1 1814 23 view .LVU1347
 4993 0052 1343     		orrs	r3, r2
 4994 0054 4B60     		str	r3, [r1, #4]
1817:Drivers/STM32F0xx_HAL_Driver/Src/stm32f0xx_hal_tim_ex.c **** 
 4995              		.loc 1 1817 3 is_stmt 1 view .LVU1348
 4996 0056 0268     		ldr	r2, [r0]
 4997              	.LVL391:
1817:Drivers/STM32F0xx_HAL_Driver/Src/stm32f0xx_hal_tim_ex.c **** 
 4998              		.loc 1 1817 3 is_stmt 0 view .LVU1349
 4999 0058 D368     		ldr	r3, [r2, #12]
 5000 005a 2021     		movs	r1, #32
 5001 005c 8B43     		bics	r3, r1
 5002 005e D360     		str	r3, [r2, #12]
1820:Drivers/STM32F0xx_HAL_Driver/Src/stm32f0xx_hal_tim_ex.c **** 
 5003              		.loc 1 1820 3 is_stmt 1 view .LVU1350
 5004 0060 0268     		ldr	r2, [r0]
 5005 0062 D368     		ldr	r3, [r2, #12]
 5006 0064 0449     		ldr	r1, .L352
 5007 0066 0B40     		ands	r3, r1
 5008 0068 D360     		str	r3, [r2, #12]
1822:Drivers/STM32F0xx_HAL_Driver/Src/stm32f0xx_hal_tim_ex.c **** 
 5009              		.loc 1 1822 3 view .LVU1351
1822:Drivers/STM32F0xx_HAL_Driver/Src/stm32f0xx_hal_tim_ex.c **** 
 5010              		.loc 1 1822 3 view .LVU1352
 5011 006a 3C23     		movs	r3, #60
 5012 006c 0022     		movs	r2, #0
 5013 006e C254     		strb	r2, [r0, r3]
1822:Drivers/STM32F0xx_HAL_Driver/Src/stm32f0xx_hal_tim_ex.c **** 
 5014              		.loc 1 1822 3 view .LVU1353
1824:Drivers/STM32F0xx_HAL_Driver/Src/stm32f0xx_hal_tim_ex.c **** }
 5015              		.loc 1 1824 3 view .LVU1354
1824:Drivers/STM32F0xx_HAL_Driver/Src/stm32f0xx_hal_tim_ex.c **** }
 5016              		.loc 1 1824 10 is_stmt 0 view .LVU1355
 5017 0070 0020     		movs	r0, #0
 5018              	.LVL392:
 5019              	.L348:
1825:Drivers/STM32F0xx_HAL_Driver/Src/stm32f0xx_hal_tim_ex.c **** 
 5020              		.loc 1 1825 1 view .LVU1356
ARM GAS  C:\Users\fastr\AppData\Local\Temp\ccGFXKp9.s 			page 153


 5021              		@ sp needed
 5022 0072 10BD     		pop	{r4, pc}
 5023              	.LVL393:
 5024              	.L351:
1800:Drivers/STM32F0xx_HAL_Driver/Src/stm32f0xx_hal_tim_ex.c **** 
 5025              		.loc 1 1800 3 discriminator 1 view .LVU1357
 5026 0074 0220     		movs	r0, #2
 5027              	.LVL394:
1800:Drivers/STM32F0xx_HAL_Driver/Src/stm32f0xx_hal_tim_ex.c **** 
 5028              		.loc 1 1800 3 discriminator 1 view .LVU1358
 5029 0076 FCE7     		b	.L348
 5030              	.L353:
 5031              		.align	2
 5032              	.L352:
 5033 0078 FFDFFFFF 		.word	-8193
 5034              		.cfi_endproc
 5035              	.LFE66:
 5037              		.section	.text.HAL_TIMEx_ConfigCommutEvent_IT,"ax",%progbits
 5038              		.align	1
 5039              		.global	HAL_TIMEx_ConfigCommutEvent_IT
 5040              		.syntax unified
 5041              		.code	16
 5042              		.thumb_func
 5044              	HAL_TIMEx_ConfigCommutEvent_IT:
 5045              	.LVL395:
 5046              	.LFB67:
1851:Drivers/STM32F0xx_HAL_Driver/Src/stm32f0xx_hal_tim_ex.c ****   /* Check the parameters */
 5047              		.loc 1 1851 1 is_stmt 1 view -0
 5048              		.cfi_startproc
 5049              		@ args = 0, pretend = 0, frame = 0
 5050              		@ frame_needed = 0, uses_anonymous_args = 0
1851:Drivers/STM32F0xx_HAL_Driver/Src/stm32f0xx_hal_tim_ex.c ****   /* Check the parameters */
 5051              		.loc 1 1851 1 is_stmt 0 view .LVU1360
 5052 0000 10B5     		push	{r4, lr}
 5053              		.cfi_def_cfa_offset 8
 5054              		.cfi_offset 4, -8
 5055              		.cfi_offset 14, -4
1853:Drivers/STM32F0xx_HAL_Driver/Src/stm32f0xx_hal_tim_ex.c ****   assert_param(IS_TIM_INTERNAL_TRIGGEREVENT_SELECTION(InputTrigger));
 5056              		.loc 1 1853 3 is_stmt 1 view .LVU1361
1854:Drivers/STM32F0xx_HAL_Driver/Src/stm32f0xx_hal_tim_ex.c **** 
 5057              		.loc 1 1854 3 view .LVU1362
1856:Drivers/STM32F0xx_HAL_Driver/Src/stm32f0xx_hal_tim_ex.c **** 
 5058              		.loc 1 1856 3 view .LVU1363
1856:Drivers/STM32F0xx_HAL_Driver/Src/stm32f0xx_hal_tim_ex.c **** 
 5059              		.loc 1 1856 3 view .LVU1364
 5060 0002 3C23     		movs	r3, #60
 5061 0004 C35C     		ldrb	r3, [r0, r3]
 5062 0006 012B     		cmp	r3, #1
 5063 0008 34D0     		beq	.L358
1856:Drivers/STM32F0xx_HAL_Driver/Src/stm32f0xx_hal_tim_ex.c **** 
 5064              		.loc 1 1856 3 discriminator 2 view .LVU1365
 5065 000a 3C23     		movs	r3, #60
 5066 000c 0124     		movs	r4, #1
 5067 000e C454     		strb	r4, [r0, r3]
1856:Drivers/STM32F0xx_HAL_Driver/Src/stm32f0xx_hal_tim_ex.c **** 
 5068              		.loc 1 1856 3 view .LVU1366
1858:Drivers/STM32F0xx_HAL_Driver/Src/stm32f0xx_hal_tim_ex.c ****       (InputTrigger == TIM_TS_ITR2) || (InputTrigger == TIM_TS_ITR3))
ARM GAS  C:\Users\fastr\AppData\Local\Temp\ccGFXKp9.s 			page 154


 5069              		.loc 1 1858 3 view .LVU1367
1858:Drivers/STM32F0xx_HAL_Driver/Src/stm32f0xx_hal_tim_ex.c ****       (InputTrigger == TIM_TS_ITR2) || (InputTrigger == TIM_TS_ITR3))
 5070              		.loc 1 1858 6 is_stmt 0 view .LVU1368
 5071 0010 0029     		cmp	r1, #0
 5072 0012 05D0     		beq	.L356
1858:Drivers/STM32F0xx_HAL_Driver/Src/stm32f0xx_hal_tim_ex.c ****       (InputTrigger == TIM_TS_ITR2) || (InputTrigger == TIM_TS_ITR3))
 5073              		.loc 1 1858 37 discriminator 1 view .LVU1369
 5074 0014 1029     		cmp	r1, #16
 5075 0016 03D0     		beq	.L356
1858:Drivers/STM32F0xx_HAL_Driver/Src/stm32f0xx_hal_tim_ex.c ****       (InputTrigger == TIM_TS_ITR2) || (InputTrigger == TIM_TS_ITR3))
 5076              		.loc 1 1858 70 discriminator 2 view .LVU1370
 5077 0018 2029     		cmp	r1, #32
 5078 001a 01D0     		beq	.L356
1859:Drivers/STM32F0xx_HAL_Driver/Src/stm32f0xx_hal_tim_ex.c ****   {
 5079              		.loc 1 1859 37 view .LVU1371
 5080 001c 3029     		cmp	r1, #48
 5081 001e 0CD1     		bne	.L357
 5082              	.L356:
1862:Drivers/STM32F0xx_HAL_Driver/Src/stm32f0xx_hal_tim_ex.c ****     htim->Instance->SMCR |= InputTrigger;
 5083              		.loc 1 1862 5 is_stmt 1 view .LVU1372
1862:Drivers/STM32F0xx_HAL_Driver/Src/stm32f0xx_hal_tim_ex.c ****     htim->Instance->SMCR |= InputTrigger;
 5084              		.loc 1 1862 9 is_stmt 0 view .LVU1373
 5085 0020 0368     		ldr	r3, [r0]
 5086 0022 9C46     		mov	ip, r3
1862:Drivers/STM32F0xx_HAL_Driver/Src/stm32f0xx_hal_tim_ex.c ****     htim->Instance->SMCR |= InputTrigger;
 5087              		.loc 1 1862 19 view .LVU1374
 5088 0024 9B68     		ldr	r3, [r3, #8]
1862:Drivers/STM32F0xx_HAL_Driver/Src/stm32f0xx_hal_tim_ex.c ****     htim->Instance->SMCR |= InputTrigger;
 5089              		.loc 1 1862 26 view .LVU1375
 5090 0026 7024     		movs	r4, #112
 5091 0028 A343     		bics	r3, r4
 5092 002a 6446     		mov	r4, ip
 5093 002c A360     		str	r3, [r4, #8]
1863:Drivers/STM32F0xx_HAL_Driver/Src/stm32f0xx_hal_tim_ex.c ****   }
 5094              		.loc 1 1863 5 is_stmt 1 view .LVU1376
1863:Drivers/STM32F0xx_HAL_Driver/Src/stm32f0xx_hal_tim_ex.c ****   }
 5095              		.loc 1 1863 9 is_stmt 0 view .LVU1377
 5096 002e 0368     		ldr	r3, [r0]
 5097 0030 9C46     		mov	ip, r3
1863:Drivers/STM32F0xx_HAL_Driver/Src/stm32f0xx_hal_tim_ex.c ****   }
 5098              		.loc 1 1863 19 view .LVU1378
 5099 0032 9B68     		ldr	r3, [r3, #8]
1863:Drivers/STM32F0xx_HAL_Driver/Src/stm32f0xx_hal_tim_ex.c ****   }
 5100              		.loc 1 1863 26 view .LVU1379
 5101 0034 0B43     		orrs	r3, r1
 5102 0036 6146     		mov	r1, ip
 5103              	.LVL396:
1863:Drivers/STM32F0xx_HAL_Driver/Src/stm32f0xx_hal_tim_ex.c ****   }
 5104              		.loc 1 1863 26 view .LVU1380
 5105 0038 8B60     		str	r3, [r1, #8]
 5106              	.L357:
1867:Drivers/STM32F0xx_HAL_Driver/Src/stm32f0xx_hal_tim_ex.c ****   /* Select the Commutation event source */
 5107              		.loc 1 1867 3 is_stmt 1 view .LVU1381
1867:Drivers/STM32F0xx_HAL_Driver/Src/stm32f0xx_hal_tim_ex.c ****   /* Select the Commutation event source */
 5108              		.loc 1 1867 7 is_stmt 0 view .LVU1382
 5109 003a 0168     		ldr	r1, [r0]
1867:Drivers/STM32F0xx_HAL_Driver/Src/stm32f0xx_hal_tim_ex.c ****   /* Select the Commutation event source */
ARM GAS  C:\Users\fastr\AppData\Local\Temp\ccGFXKp9.s 			page 155


 5110              		.loc 1 1867 17 view .LVU1383
 5111 003c 4B68     		ldr	r3, [r1, #4]
1867:Drivers/STM32F0xx_HAL_Driver/Src/stm32f0xx_hal_tim_ex.c ****   /* Select the Commutation event source */
 5112              		.loc 1 1867 23 view .LVU1384
 5113 003e 0124     		movs	r4, #1
 5114 0040 2343     		orrs	r3, r4
 5115 0042 4B60     		str	r3, [r1, #4]
1869:Drivers/STM32F0xx_HAL_Driver/Src/stm32f0xx_hal_tim_ex.c ****   htim->Instance->CR2 |= CommutationSource;
 5116              		.loc 1 1869 3 is_stmt 1 view .LVU1385
1869:Drivers/STM32F0xx_HAL_Driver/Src/stm32f0xx_hal_tim_ex.c ****   htim->Instance->CR2 |= CommutationSource;
 5117              		.loc 1 1869 7 is_stmt 0 view .LVU1386
 5118 0044 0168     		ldr	r1, [r0]
1869:Drivers/STM32F0xx_HAL_Driver/Src/stm32f0xx_hal_tim_ex.c ****   htim->Instance->CR2 |= CommutationSource;
 5119              		.loc 1 1869 17 view .LVU1387
 5120 0046 4B68     		ldr	r3, [r1, #4]
1869:Drivers/STM32F0xx_HAL_Driver/Src/stm32f0xx_hal_tim_ex.c ****   htim->Instance->CR2 |= CommutationSource;
 5121              		.loc 1 1869 23 view .LVU1388
 5122 0048 0334     		adds	r4, r4, #3
 5123 004a A343     		bics	r3, r4
 5124 004c 4B60     		str	r3, [r1, #4]
1870:Drivers/STM32F0xx_HAL_Driver/Src/stm32f0xx_hal_tim_ex.c **** 
 5125              		.loc 1 1870 3 is_stmt 1 view .LVU1389
1870:Drivers/STM32F0xx_HAL_Driver/Src/stm32f0xx_hal_tim_ex.c **** 
 5126              		.loc 1 1870 7 is_stmt 0 view .LVU1390
 5127 004e 0168     		ldr	r1, [r0]
1870:Drivers/STM32F0xx_HAL_Driver/Src/stm32f0xx_hal_tim_ex.c **** 
 5128              		.loc 1 1870 17 view .LVU1391
 5129 0050 4B68     		ldr	r3, [r1, #4]
1870:Drivers/STM32F0xx_HAL_Driver/Src/stm32f0xx_hal_tim_ex.c **** 
 5130              		.loc 1 1870 23 view .LVU1392
 5131 0052 1343     		orrs	r3, r2
 5132 0054 4B60     		str	r3, [r1, #4]
1873:Drivers/STM32F0xx_HAL_Driver/Src/stm32f0xx_hal_tim_ex.c **** 
 5133              		.loc 1 1873 3 is_stmt 1 view .LVU1393
 5134 0056 0268     		ldr	r2, [r0]
 5135              	.LVL397:
1873:Drivers/STM32F0xx_HAL_Driver/Src/stm32f0xx_hal_tim_ex.c **** 
 5136              		.loc 1 1873 3 is_stmt 0 view .LVU1394
 5137 0058 D368     		ldr	r3, [r2, #12]
 5138 005a 0749     		ldr	r1, .L359
 5139 005c 0B40     		ands	r3, r1
 5140 005e D360     		str	r3, [r2, #12]
1876:Drivers/STM32F0xx_HAL_Driver/Src/stm32f0xx_hal_tim_ex.c **** 
 5141              		.loc 1 1876 3 is_stmt 1 view .LVU1395
 5142 0060 0268     		ldr	r2, [r0]
 5143 0062 D368     		ldr	r3, [r2, #12]
 5144 0064 2021     		movs	r1, #32
 5145 0066 0B43     		orrs	r3, r1
 5146 0068 D360     		str	r3, [r2, #12]
1878:Drivers/STM32F0xx_HAL_Driver/Src/stm32f0xx_hal_tim_ex.c **** 
 5147              		.loc 1 1878 3 view .LVU1396
1878:Drivers/STM32F0xx_HAL_Driver/Src/stm32f0xx_hal_tim_ex.c **** 
 5148              		.loc 1 1878 3 view .LVU1397
 5149 006a 3C23     		movs	r3, #60
 5150 006c 0022     		movs	r2, #0
 5151 006e C254     		strb	r2, [r0, r3]
1878:Drivers/STM32F0xx_HAL_Driver/Src/stm32f0xx_hal_tim_ex.c **** 
ARM GAS  C:\Users\fastr\AppData\Local\Temp\ccGFXKp9.s 			page 156


 5152              		.loc 1 1878 3 view .LVU1398
1880:Drivers/STM32F0xx_HAL_Driver/Src/stm32f0xx_hal_tim_ex.c **** }
 5153              		.loc 1 1880 3 view .LVU1399
1880:Drivers/STM32F0xx_HAL_Driver/Src/stm32f0xx_hal_tim_ex.c **** }
 5154              		.loc 1 1880 10 is_stmt 0 view .LVU1400
 5155 0070 0020     		movs	r0, #0
 5156              	.LVL398:
 5157              	.L355:
1881:Drivers/STM32F0xx_HAL_Driver/Src/stm32f0xx_hal_tim_ex.c **** 
 5158              		.loc 1 1881 1 view .LVU1401
 5159              		@ sp needed
 5160 0072 10BD     		pop	{r4, pc}
 5161              	.LVL399:
 5162              	.L358:
1856:Drivers/STM32F0xx_HAL_Driver/Src/stm32f0xx_hal_tim_ex.c **** 
 5163              		.loc 1 1856 3 discriminator 1 view .LVU1402
 5164 0074 0220     		movs	r0, #2
 5165              	.LVL400:
1856:Drivers/STM32F0xx_HAL_Driver/Src/stm32f0xx_hal_tim_ex.c **** 
 5166              		.loc 1 1856 3 discriminator 1 view .LVU1403
 5167 0076 FCE7     		b	.L355
 5168              	.L360:
 5169              		.align	2
 5170              	.L359:
 5171 0078 FFDFFFFF 		.word	-8193
 5172              		.cfi_endproc
 5173              	.LFE67:
 5175              		.section	.text.HAL_TIMEx_ConfigCommutEvent_DMA,"ax",%progbits
 5176              		.align	1
 5177              		.global	HAL_TIMEx_ConfigCommutEvent_DMA
 5178              		.syntax unified
 5179              		.code	16
 5180              		.thumb_func
 5182              	HAL_TIMEx_ConfigCommutEvent_DMA:
 5183              	.LVL401:
 5184              	.LFB68:
1908:Drivers/STM32F0xx_HAL_Driver/Src/stm32f0xx_hal_tim_ex.c ****   /* Check the parameters */
 5185              		.loc 1 1908 1 is_stmt 1 view -0
 5186              		.cfi_startproc
 5187              		@ args = 0, pretend = 0, frame = 0
 5188              		@ frame_needed = 0, uses_anonymous_args = 0
1908:Drivers/STM32F0xx_HAL_Driver/Src/stm32f0xx_hal_tim_ex.c ****   /* Check the parameters */
 5189              		.loc 1 1908 1 is_stmt 0 view .LVU1405
 5190 0000 10B5     		push	{r4, lr}
 5191              		.cfi_def_cfa_offset 8
 5192              		.cfi_offset 4, -8
 5193              		.cfi_offset 14, -4
1910:Drivers/STM32F0xx_HAL_Driver/Src/stm32f0xx_hal_tim_ex.c ****   assert_param(IS_TIM_INTERNAL_TRIGGEREVENT_SELECTION(InputTrigger));
 5194              		.loc 1 1910 3 is_stmt 1 view .LVU1406
1911:Drivers/STM32F0xx_HAL_Driver/Src/stm32f0xx_hal_tim_ex.c **** 
 5195              		.loc 1 1911 3 view .LVU1407
1913:Drivers/STM32F0xx_HAL_Driver/Src/stm32f0xx_hal_tim_ex.c **** 
 5196              		.loc 1 1913 3 view .LVU1408
1913:Drivers/STM32F0xx_HAL_Driver/Src/stm32f0xx_hal_tim_ex.c **** 
 5197              		.loc 1 1913 3 view .LVU1409
 5198 0002 3C23     		movs	r3, #60
 5199 0004 C35C     		ldrb	r3, [r0, r3]
ARM GAS  C:\Users\fastr\AppData\Local\Temp\ccGFXKp9.s 			page 157


 5200 0006 012B     		cmp	r3, #1
 5201 0008 3ED0     		beq	.L365
1913:Drivers/STM32F0xx_HAL_Driver/Src/stm32f0xx_hal_tim_ex.c **** 
 5202              		.loc 1 1913 3 discriminator 2 view .LVU1410
 5203 000a 3C23     		movs	r3, #60
 5204 000c 0124     		movs	r4, #1
 5205 000e C454     		strb	r4, [r0, r3]
1913:Drivers/STM32F0xx_HAL_Driver/Src/stm32f0xx_hal_tim_ex.c **** 
 5206              		.loc 1 1913 3 view .LVU1411
1915:Drivers/STM32F0xx_HAL_Driver/Src/stm32f0xx_hal_tim_ex.c ****       (InputTrigger == TIM_TS_ITR2) || (InputTrigger == TIM_TS_ITR3))
 5207              		.loc 1 1915 3 view .LVU1412
1915:Drivers/STM32F0xx_HAL_Driver/Src/stm32f0xx_hal_tim_ex.c ****       (InputTrigger == TIM_TS_ITR2) || (InputTrigger == TIM_TS_ITR3))
 5208              		.loc 1 1915 6 is_stmt 0 view .LVU1413
 5209 0010 0029     		cmp	r1, #0
 5210 0012 05D0     		beq	.L363
1915:Drivers/STM32F0xx_HAL_Driver/Src/stm32f0xx_hal_tim_ex.c ****       (InputTrigger == TIM_TS_ITR2) || (InputTrigger == TIM_TS_ITR3))
 5211              		.loc 1 1915 37 discriminator 1 view .LVU1414
 5212 0014 1029     		cmp	r1, #16
 5213 0016 03D0     		beq	.L363
1915:Drivers/STM32F0xx_HAL_Driver/Src/stm32f0xx_hal_tim_ex.c ****       (InputTrigger == TIM_TS_ITR2) || (InputTrigger == TIM_TS_ITR3))
 5214              		.loc 1 1915 70 discriminator 2 view .LVU1415
 5215 0018 2029     		cmp	r1, #32
 5216 001a 01D0     		beq	.L363
1916:Drivers/STM32F0xx_HAL_Driver/Src/stm32f0xx_hal_tim_ex.c ****   {
 5217              		.loc 1 1916 37 view .LVU1416
 5218 001c 3029     		cmp	r1, #48
 5219 001e 0CD1     		bne	.L364
 5220              	.L363:
1919:Drivers/STM32F0xx_HAL_Driver/Src/stm32f0xx_hal_tim_ex.c ****     htim->Instance->SMCR |= InputTrigger;
 5221              		.loc 1 1919 5 is_stmt 1 view .LVU1417
1919:Drivers/STM32F0xx_HAL_Driver/Src/stm32f0xx_hal_tim_ex.c ****     htim->Instance->SMCR |= InputTrigger;
 5222              		.loc 1 1919 9 is_stmt 0 view .LVU1418
 5223 0020 0368     		ldr	r3, [r0]
 5224 0022 9C46     		mov	ip, r3
1919:Drivers/STM32F0xx_HAL_Driver/Src/stm32f0xx_hal_tim_ex.c ****     htim->Instance->SMCR |= InputTrigger;
 5225              		.loc 1 1919 19 view .LVU1419
 5226 0024 9B68     		ldr	r3, [r3, #8]
1919:Drivers/STM32F0xx_HAL_Driver/Src/stm32f0xx_hal_tim_ex.c ****     htim->Instance->SMCR |= InputTrigger;
 5227              		.loc 1 1919 26 view .LVU1420
 5228 0026 7024     		movs	r4, #112
 5229 0028 A343     		bics	r3, r4
 5230 002a 6446     		mov	r4, ip
 5231 002c A360     		str	r3, [r4, #8]
1920:Drivers/STM32F0xx_HAL_Driver/Src/stm32f0xx_hal_tim_ex.c ****   }
 5232              		.loc 1 1920 5 is_stmt 1 view .LVU1421
1920:Drivers/STM32F0xx_HAL_Driver/Src/stm32f0xx_hal_tim_ex.c ****   }
 5233              		.loc 1 1920 9 is_stmt 0 view .LVU1422
 5234 002e 0368     		ldr	r3, [r0]
 5235 0030 9C46     		mov	ip, r3
1920:Drivers/STM32F0xx_HAL_Driver/Src/stm32f0xx_hal_tim_ex.c ****   }
 5236              		.loc 1 1920 19 view .LVU1423
 5237 0032 9B68     		ldr	r3, [r3, #8]
1920:Drivers/STM32F0xx_HAL_Driver/Src/stm32f0xx_hal_tim_ex.c ****   }
 5238              		.loc 1 1920 26 view .LVU1424
 5239 0034 0B43     		orrs	r3, r1
 5240 0036 6146     		mov	r1, ip
 5241              	.LVL402:
ARM GAS  C:\Users\fastr\AppData\Local\Temp\ccGFXKp9.s 			page 158


1920:Drivers/STM32F0xx_HAL_Driver/Src/stm32f0xx_hal_tim_ex.c ****   }
 5242              		.loc 1 1920 26 view .LVU1425
 5243 0038 8B60     		str	r3, [r1, #8]
 5244              	.L364:
1924:Drivers/STM32F0xx_HAL_Driver/Src/stm32f0xx_hal_tim_ex.c ****   /* Select the Commutation event source */
 5245              		.loc 1 1924 3 is_stmt 1 view .LVU1426
1924:Drivers/STM32F0xx_HAL_Driver/Src/stm32f0xx_hal_tim_ex.c ****   /* Select the Commutation event source */
 5246              		.loc 1 1924 7 is_stmt 0 view .LVU1427
 5247 003a 0168     		ldr	r1, [r0]
1924:Drivers/STM32F0xx_HAL_Driver/Src/stm32f0xx_hal_tim_ex.c ****   /* Select the Commutation event source */
 5248              		.loc 1 1924 17 view .LVU1428
 5249 003c 4B68     		ldr	r3, [r1, #4]
1924:Drivers/STM32F0xx_HAL_Driver/Src/stm32f0xx_hal_tim_ex.c ****   /* Select the Commutation event source */
 5250              		.loc 1 1924 23 view .LVU1429
 5251 003e 0124     		movs	r4, #1
 5252 0040 2343     		orrs	r3, r4
 5253 0042 4B60     		str	r3, [r1, #4]
1926:Drivers/STM32F0xx_HAL_Driver/Src/stm32f0xx_hal_tim_ex.c ****   htim->Instance->CR2 |= CommutationSource;
 5254              		.loc 1 1926 3 is_stmt 1 view .LVU1430
1926:Drivers/STM32F0xx_HAL_Driver/Src/stm32f0xx_hal_tim_ex.c ****   htim->Instance->CR2 |= CommutationSource;
 5255              		.loc 1 1926 7 is_stmt 0 view .LVU1431
 5256 0044 0168     		ldr	r1, [r0]
1926:Drivers/STM32F0xx_HAL_Driver/Src/stm32f0xx_hal_tim_ex.c ****   htim->Instance->CR2 |= CommutationSource;
 5257              		.loc 1 1926 17 view .LVU1432
 5258 0046 4B68     		ldr	r3, [r1, #4]
1926:Drivers/STM32F0xx_HAL_Driver/Src/stm32f0xx_hal_tim_ex.c ****   htim->Instance->CR2 |= CommutationSource;
 5259              		.loc 1 1926 23 view .LVU1433
 5260 0048 0334     		adds	r4, r4, #3
 5261 004a A343     		bics	r3, r4
 5262 004c 4B60     		str	r3, [r1, #4]
1927:Drivers/STM32F0xx_HAL_Driver/Src/stm32f0xx_hal_tim_ex.c **** 
 5263              		.loc 1 1927 3 is_stmt 1 view .LVU1434
1927:Drivers/STM32F0xx_HAL_Driver/Src/stm32f0xx_hal_tim_ex.c **** 
 5264              		.loc 1 1927 7 is_stmt 0 view .LVU1435
 5265 004e 0168     		ldr	r1, [r0]
1927:Drivers/STM32F0xx_HAL_Driver/Src/stm32f0xx_hal_tim_ex.c **** 
 5266              		.loc 1 1927 17 view .LVU1436
 5267 0050 4B68     		ldr	r3, [r1, #4]
1927:Drivers/STM32F0xx_HAL_Driver/Src/stm32f0xx_hal_tim_ex.c **** 
 5268              		.loc 1 1927 23 view .LVU1437
 5269 0052 1343     		orrs	r3, r2
 5270 0054 4B60     		str	r3, [r1, #4]
1931:Drivers/STM32F0xx_HAL_Driver/Src/stm32f0xx_hal_tim_ex.c ****   htim->hdma[TIM_DMA_ID_COMMUTATION]->XferHalfCpltCallback = TIMEx_DMACommutationHalfCplt;
 5271              		.loc 1 1931 3 is_stmt 1 view .LVU1438
1931:Drivers/STM32F0xx_HAL_Driver/Src/stm32f0xx_hal_tim_ex.c ****   htim->hdma[TIM_DMA_ID_COMMUTATION]->XferHalfCpltCallback = TIMEx_DMACommutationHalfCplt;
 5272              		.loc 1 1931 13 is_stmt 0 view .LVU1439
 5273 0056 436B     		ldr	r3, [r0, #52]
1931:Drivers/STM32F0xx_HAL_Driver/Src/stm32f0xx_hal_tim_ex.c ****   htim->hdma[TIM_DMA_ID_COMMUTATION]->XferHalfCpltCallback = TIMEx_DMACommutationHalfCplt;
 5274              		.loc 1 1931 56 view .LVU1440
 5275 0058 0C4A     		ldr	r2, .L366
 5276              	.LVL403:
1931:Drivers/STM32F0xx_HAL_Driver/Src/stm32f0xx_hal_tim_ex.c ****   htim->hdma[TIM_DMA_ID_COMMUTATION]->XferHalfCpltCallback = TIMEx_DMACommutationHalfCplt;
 5277              		.loc 1 1931 56 view .LVU1441
 5278 005a 9A62     		str	r2, [r3, #40]
1932:Drivers/STM32F0xx_HAL_Driver/Src/stm32f0xx_hal_tim_ex.c ****   /* Set the DMA error callback */
 5279              		.loc 1 1932 3 is_stmt 1 view .LVU1442
1932:Drivers/STM32F0xx_HAL_Driver/Src/stm32f0xx_hal_tim_ex.c ****   /* Set the DMA error callback */
ARM GAS  C:\Users\fastr\AppData\Local\Temp\ccGFXKp9.s 			page 159


 5280              		.loc 1 1932 13 is_stmt 0 view .LVU1443
 5281 005c 436B     		ldr	r3, [r0, #52]
1932:Drivers/STM32F0xx_HAL_Driver/Src/stm32f0xx_hal_tim_ex.c ****   /* Set the DMA error callback */
 5282              		.loc 1 1932 60 view .LVU1444
 5283 005e 0C4A     		ldr	r2, .L366+4
 5284 0060 DA62     		str	r2, [r3, #44]
1934:Drivers/STM32F0xx_HAL_Driver/Src/stm32f0xx_hal_tim_ex.c **** 
 5285              		.loc 1 1934 3 is_stmt 1 view .LVU1445
1934:Drivers/STM32F0xx_HAL_Driver/Src/stm32f0xx_hal_tim_ex.c **** 
 5286              		.loc 1 1934 13 is_stmt 0 view .LVU1446
 5287 0062 436B     		ldr	r3, [r0, #52]
1934:Drivers/STM32F0xx_HAL_Driver/Src/stm32f0xx_hal_tim_ex.c **** 
 5288              		.loc 1 1934 57 view .LVU1447
 5289 0064 0B4A     		ldr	r2, .L366+8
 5290 0066 1A63     		str	r2, [r3, #48]
1937:Drivers/STM32F0xx_HAL_Driver/Src/stm32f0xx_hal_tim_ex.c **** 
 5291              		.loc 1 1937 3 is_stmt 1 view .LVU1448
 5292 0068 0268     		ldr	r2, [r0]
 5293 006a D368     		ldr	r3, [r2, #12]
 5294 006c 2021     		movs	r1, #32
 5295 006e 8B43     		bics	r3, r1
 5296 0070 D360     		str	r3, [r2, #12]
1940:Drivers/STM32F0xx_HAL_Driver/Src/stm32f0xx_hal_tim_ex.c **** 
 5297              		.loc 1 1940 3 view .LVU1449
 5298 0072 0268     		ldr	r2, [r0]
 5299 0074 D168     		ldr	r1, [r2, #12]
 5300 0076 8023     		movs	r3, #128
 5301 0078 9B01     		lsls	r3, r3, #6
 5302 007a 0B43     		orrs	r3, r1
 5303 007c D360     		str	r3, [r2, #12]
1942:Drivers/STM32F0xx_HAL_Driver/Src/stm32f0xx_hal_tim_ex.c **** 
 5304              		.loc 1 1942 3 view .LVU1450
1942:Drivers/STM32F0xx_HAL_Driver/Src/stm32f0xx_hal_tim_ex.c **** 
 5305              		.loc 1 1942 3 view .LVU1451
 5306 007e 3C23     		movs	r3, #60
 5307 0080 0022     		movs	r2, #0
 5308 0082 C254     		strb	r2, [r0, r3]
1942:Drivers/STM32F0xx_HAL_Driver/Src/stm32f0xx_hal_tim_ex.c **** 
 5309              		.loc 1 1942 3 view .LVU1452
1944:Drivers/STM32F0xx_HAL_Driver/Src/stm32f0xx_hal_tim_ex.c **** }
 5310              		.loc 1 1944 3 view .LVU1453
1944:Drivers/STM32F0xx_HAL_Driver/Src/stm32f0xx_hal_tim_ex.c **** }
 5311              		.loc 1 1944 10 is_stmt 0 view .LVU1454
 5312 0084 0020     		movs	r0, #0
 5313              	.LVL404:
 5314              	.L362:
1945:Drivers/STM32F0xx_HAL_Driver/Src/stm32f0xx_hal_tim_ex.c **** 
 5315              		.loc 1 1945 1 view .LVU1455
 5316              		@ sp needed
 5317 0086 10BD     		pop	{r4, pc}
 5318              	.LVL405:
 5319              	.L365:
1913:Drivers/STM32F0xx_HAL_Driver/Src/stm32f0xx_hal_tim_ex.c **** 
 5320              		.loc 1 1913 3 discriminator 1 view .LVU1456
 5321 0088 0220     		movs	r0, #2
 5322              	.LVL406:
1913:Drivers/STM32F0xx_HAL_Driver/Src/stm32f0xx_hal_tim_ex.c **** 
ARM GAS  C:\Users\fastr\AppData\Local\Temp\ccGFXKp9.s 			page 160


 5323              		.loc 1 1913 3 discriminator 1 view .LVU1457
 5324 008a FCE7     		b	.L362
 5325              	.L367:
 5326              		.align	2
 5327              	.L366:
 5328 008c 00000000 		.word	TIMEx_DMACommutationCplt
 5329 0090 00000000 		.word	TIMEx_DMACommutationHalfCplt
 5330 0094 00000000 		.word	TIM_DMAError
 5331              		.cfi_endproc
 5332              	.LFE68:
 5334              		.section	.text.HAL_TIMEx_MasterConfigSynchronization,"ax",%progbits
 5335              		.align	1
 5336              		.global	HAL_TIMEx_MasterConfigSynchronization
 5337              		.syntax unified
 5338              		.code	16
 5339              		.thumb_func
 5341              	HAL_TIMEx_MasterConfigSynchronization:
 5342              	.LVL407:
 5343              	.LFB69:
1957:Drivers/STM32F0xx_HAL_Driver/Src/stm32f0xx_hal_tim_ex.c ****   uint32_t tmpcr2;
 5344              		.loc 1 1957 1 is_stmt 1 view -0
 5345              		.cfi_startproc
 5346              		@ args = 0, pretend = 0, frame = 0
 5347              		@ frame_needed = 0, uses_anonymous_args = 0
1957:Drivers/STM32F0xx_HAL_Driver/Src/stm32f0xx_hal_tim_ex.c ****   uint32_t tmpcr2;
 5348              		.loc 1 1957 1 is_stmt 0 view .LVU1459
 5349 0000 30B5     		push	{r4, r5, lr}
 5350              		.cfi_def_cfa_offset 12
 5351              		.cfi_offset 4, -12
 5352              		.cfi_offset 5, -8
 5353              		.cfi_offset 14, -4
1958:Drivers/STM32F0xx_HAL_Driver/Src/stm32f0xx_hal_tim_ex.c ****   uint32_t tmpsmcr;
 5354              		.loc 1 1958 3 is_stmt 1 view .LVU1460
1959:Drivers/STM32F0xx_HAL_Driver/Src/stm32f0xx_hal_tim_ex.c **** 
 5355              		.loc 1 1959 3 view .LVU1461
1962:Drivers/STM32F0xx_HAL_Driver/Src/stm32f0xx_hal_tim_ex.c ****   assert_param(IS_TIM_TRGO_SOURCE(sMasterConfig->MasterOutputTrigger));
 5356              		.loc 1 1962 3 view .LVU1462
1963:Drivers/STM32F0xx_HAL_Driver/Src/stm32f0xx_hal_tim_ex.c ****   assert_param(IS_TIM_MSM_STATE(sMasterConfig->MasterSlaveMode));
 5357              		.loc 1 1963 3 view .LVU1463
1964:Drivers/STM32F0xx_HAL_Driver/Src/stm32f0xx_hal_tim_ex.c **** 
 5358              		.loc 1 1964 3 view .LVU1464
1967:Drivers/STM32F0xx_HAL_Driver/Src/stm32f0xx_hal_tim_ex.c **** 
 5359              		.loc 1 1967 3 view .LVU1465
1967:Drivers/STM32F0xx_HAL_Driver/Src/stm32f0xx_hal_tim_ex.c **** 
 5360              		.loc 1 1967 3 view .LVU1466
 5361 0002 3C23     		movs	r3, #60
 5362 0004 C35C     		ldrb	r3, [r0, r3]
 5363 0006 012B     		cmp	r3, #1
 5364 0008 2DD0     		beq	.L372
1967:Drivers/STM32F0xx_HAL_Driver/Src/stm32f0xx_hal_tim_ex.c **** 
 5365              		.loc 1 1967 3 discriminator 2 view .LVU1467
 5366 000a 3C23     		movs	r3, #60
 5367 000c 0122     		movs	r2, #1
 5368 000e C254     		strb	r2, [r0, r3]
1967:Drivers/STM32F0xx_HAL_Driver/Src/stm32f0xx_hal_tim_ex.c **** 
 5369              		.loc 1 1967 3 view .LVU1468
1970:Drivers/STM32F0xx_HAL_Driver/Src/stm32f0xx_hal_tim_ex.c **** 
ARM GAS  C:\Users\fastr\AppData\Local\Temp\ccGFXKp9.s 			page 161


 5370              		.loc 1 1970 3 view .LVU1469
1970:Drivers/STM32F0xx_HAL_Driver/Src/stm32f0xx_hal_tim_ex.c **** 
 5371              		.loc 1 1970 15 is_stmt 0 view .LVU1470
 5372 0010 0133     		adds	r3, r3, #1
 5373 0012 0132     		adds	r2, r2, #1
 5374 0014 C254     		strb	r2, [r0, r3]
1973:Drivers/STM32F0xx_HAL_Driver/Src/stm32f0xx_hal_tim_ex.c **** 
 5375              		.loc 1 1973 3 is_stmt 1 view .LVU1471
1973:Drivers/STM32F0xx_HAL_Driver/Src/stm32f0xx_hal_tim_ex.c **** 
 5376              		.loc 1 1973 16 is_stmt 0 view .LVU1472
 5377 0016 0368     		ldr	r3, [r0]
1973:Drivers/STM32F0xx_HAL_Driver/Src/stm32f0xx_hal_tim_ex.c **** 
 5378              		.loc 1 1973 10 view .LVU1473
 5379 0018 5A68     		ldr	r2, [r3, #4]
 5380              	.LVL408:
1976:Drivers/STM32F0xx_HAL_Driver/Src/stm32f0xx_hal_tim_ex.c **** 
 5381              		.loc 1 1976 3 is_stmt 1 view .LVU1474
1976:Drivers/STM32F0xx_HAL_Driver/Src/stm32f0xx_hal_tim_ex.c **** 
 5382              		.loc 1 1976 11 is_stmt 0 view .LVU1475
 5383 001a 9C68     		ldr	r4, [r3, #8]
 5384 001c 2500     		movs	r5, r4
 5385              	.LVL409:
1979:Drivers/STM32F0xx_HAL_Driver/Src/stm32f0xx_hal_tim_ex.c ****   /* Select the TRGO source */
 5386              		.loc 1 1979 3 is_stmt 1 view .LVU1476
1979:Drivers/STM32F0xx_HAL_Driver/Src/stm32f0xx_hal_tim_ex.c ****   /* Select the TRGO source */
 5387              		.loc 1 1979 10 is_stmt 0 view .LVU1477
 5388 001e 7024     		movs	r4, #112
 5389              	.LVL410:
1979:Drivers/STM32F0xx_HAL_Driver/Src/stm32f0xx_hal_tim_ex.c ****   /* Select the TRGO source */
 5390              		.loc 1 1979 10 view .LVU1478
 5391 0020 A243     		bics	r2, r4
 5392              	.LVL411:
1979:Drivers/STM32F0xx_HAL_Driver/Src/stm32f0xx_hal_tim_ex.c ****   /* Select the TRGO source */
 5393              		.loc 1 1979 10 view .LVU1479
 5394 0022 9446     		mov	ip, r2
 5395              	.LVL412:
1981:Drivers/STM32F0xx_HAL_Driver/Src/stm32f0xx_hal_tim_ex.c **** 
 5396              		.loc 1 1981 3 is_stmt 1 view .LVU1480
1981:Drivers/STM32F0xx_HAL_Driver/Src/stm32f0xx_hal_tim_ex.c **** 
 5397              		.loc 1 1981 27 is_stmt 0 view .LVU1481
 5398 0024 0A68     		ldr	r2, [r1]
 5399              	.LVL413:
1981:Drivers/STM32F0xx_HAL_Driver/Src/stm32f0xx_hal_tim_ex.c **** 
 5400              		.loc 1 1981 10 view .LVU1482
 5401 0026 6446     		mov	r4, ip
 5402 0028 2243     		orrs	r2, r4
 5403              	.LVL414:
1984:Drivers/STM32F0xx_HAL_Driver/Src/stm32f0xx_hal_tim_ex.c **** 
 5404              		.loc 1 1984 3 is_stmt 1 view .LVU1483
1984:Drivers/STM32F0xx_HAL_Driver/Src/stm32f0xx_hal_tim_ex.c **** 
 5405              		.loc 1 1984 23 is_stmt 0 view .LVU1484
 5406 002a 5A60     		str	r2, [r3, #4]
1986:Drivers/STM32F0xx_HAL_Driver/Src/stm32f0xx_hal_tim_ex.c ****   {
 5407              		.loc 1 1986 3 is_stmt 1 view .LVU1485
1986:Drivers/STM32F0xx_HAL_Driver/Src/stm32f0xx_hal_tim_ex.c ****   {
 5408              		.loc 1 1986 7 is_stmt 0 view .LVU1486
 5409 002c 0368     		ldr	r3, [r0]
ARM GAS  C:\Users\fastr\AppData\Local\Temp\ccGFXKp9.s 			page 162


1986:Drivers/STM32F0xx_HAL_Driver/Src/stm32f0xx_hal_tim_ex.c ****   {
 5410              		.loc 1 1986 6 view .LVU1487
 5411 002e 0F4A     		ldr	r2, .L373
 5412              	.LVL415:
1986:Drivers/STM32F0xx_HAL_Driver/Src/stm32f0xx_hal_tim_ex.c ****   {
 5413              		.loc 1 1986 6 view .LVU1488
 5414 0030 9342     		cmp	r3, r2
 5415 0032 09D0     		beq	.L370
1986:Drivers/STM32F0xx_HAL_Driver/Src/stm32f0xx_hal_tim_ex.c ****   {
 5416              		.loc 1 1986 7 discriminator 1 view .LVU1489
 5417 0034 8022     		movs	r2, #128
 5418 0036 D205     		lsls	r2, r2, #23
 5419 0038 9342     		cmp	r3, r2
 5420 003a 05D0     		beq	.L370
1986:Drivers/STM32F0xx_HAL_Driver/Src/stm32f0xx_hal_tim_ex.c ****   {
 5421              		.loc 1 1986 7 discriminator 2 view .LVU1490
 5422 003c 0C4A     		ldr	r2, .L373+4
 5423 003e 9342     		cmp	r3, r2
 5424 0040 02D0     		beq	.L370
1986:Drivers/STM32F0xx_HAL_Driver/Src/stm32f0xx_hal_tim_ex.c ****   {
 5425              		.loc 1 1986 7 discriminator 3 view .LVU1491
 5426 0042 0C4A     		ldr	r2, .L373+8
 5427 0044 9342     		cmp	r3, r2
 5428 0046 06D1     		bne	.L371
 5429              	.L370:
1989:Drivers/STM32F0xx_HAL_Driver/Src/stm32f0xx_hal_tim_ex.c ****     /* Set master mode */
 5430              		.loc 1 1989 5 is_stmt 1 view .LVU1492
1989:Drivers/STM32F0xx_HAL_Driver/Src/stm32f0xx_hal_tim_ex.c ****     /* Set master mode */
 5431              		.loc 1 1989 13 is_stmt 0 view .LVU1493
 5432 0048 8022     		movs	r2, #128
 5433 004a 2C00     		movs	r4, r5
 5434 004c 9443     		bics	r4, r2
 5435 004e 2200     		movs	r2, r4
 5436              	.LVL416:
1991:Drivers/STM32F0xx_HAL_Driver/Src/stm32f0xx_hal_tim_ex.c **** 
 5437              		.loc 1 1991 5 is_stmt 1 view .LVU1494
1991:Drivers/STM32F0xx_HAL_Driver/Src/stm32f0xx_hal_tim_ex.c **** 
 5438              		.loc 1 1991 29 is_stmt 0 view .LVU1495
 5439 0050 4968     		ldr	r1, [r1, #4]
 5440              	.LVL417:
1991:Drivers/STM32F0xx_HAL_Driver/Src/stm32f0xx_hal_tim_ex.c **** 
 5441              		.loc 1 1991 13 view .LVU1496
 5442 0052 0A43     		orrs	r2, r1
 5443              	.LVL418:
1994:Drivers/STM32F0xx_HAL_Driver/Src/stm32f0xx_hal_tim_ex.c ****   }
 5444              		.loc 1 1994 5 is_stmt 1 view .LVU1497
1994:Drivers/STM32F0xx_HAL_Driver/Src/stm32f0xx_hal_tim_ex.c ****   }
 5445              		.loc 1 1994 26 is_stmt 0 view .LVU1498
 5446 0054 9A60     		str	r2, [r3, #8]
 5447              	.LVL419:
 5448              	.L371:
1998:Drivers/STM32F0xx_HAL_Driver/Src/stm32f0xx_hal_tim_ex.c **** 
 5449              		.loc 1 1998 3 is_stmt 1 view .LVU1499
1998:Drivers/STM32F0xx_HAL_Driver/Src/stm32f0xx_hal_tim_ex.c **** 
 5450              		.loc 1 1998 15 is_stmt 0 view .LVU1500
 5451 0056 3D23     		movs	r3, #61
 5452 0058 0122     		movs	r2, #1
ARM GAS  C:\Users\fastr\AppData\Local\Temp\ccGFXKp9.s 			page 163


 5453 005a C254     		strb	r2, [r0, r3]
2000:Drivers/STM32F0xx_HAL_Driver/Src/stm32f0xx_hal_tim_ex.c **** 
 5454              		.loc 1 2000 3 is_stmt 1 view .LVU1501
2000:Drivers/STM32F0xx_HAL_Driver/Src/stm32f0xx_hal_tim_ex.c **** 
 5455              		.loc 1 2000 3 view .LVU1502
 5456 005c 013B     		subs	r3, r3, #1
 5457 005e 0022     		movs	r2, #0
 5458 0060 C254     		strb	r2, [r0, r3]
2000:Drivers/STM32F0xx_HAL_Driver/Src/stm32f0xx_hal_tim_ex.c **** 
 5459              		.loc 1 2000 3 view .LVU1503
2002:Drivers/STM32F0xx_HAL_Driver/Src/stm32f0xx_hal_tim_ex.c **** }
 5460              		.loc 1 2002 3 view .LVU1504
2002:Drivers/STM32F0xx_HAL_Driver/Src/stm32f0xx_hal_tim_ex.c **** }
 5461              		.loc 1 2002 10 is_stmt 0 view .LVU1505
 5462 0062 0020     		movs	r0, #0
 5463              	.LVL420:
 5464              	.L369:
2003:Drivers/STM32F0xx_HAL_Driver/Src/stm32f0xx_hal_tim_ex.c **** 
 5465              		.loc 1 2003 1 view .LVU1506
 5466              		@ sp needed
 5467 0064 30BD     		pop	{r4, r5, pc}
 5468              	.LVL421:
 5469              	.L372:
1967:Drivers/STM32F0xx_HAL_Driver/Src/stm32f0xx_hal_tim_ex.c **** 
 5470              		.loc 1 1967 3 discriminator 1 view .LVU1507
 5471 0066 0220     		movs	r0, #2
 5472              	.LVL422:
1967:Drivers/STM32F0xx_HAL_Driver/Src/stm32f0xx_hal_tim_ex.c **** 
 5473              		.loc 1 1967 3 discriminator 1 view .LVU1508
 5474 0068 FCE7     		b	.L369
 5475              	.L374:
 5476 006a C046     		.align	2
 5477              	.L373:
 5478 006c 002C0140 		.word	1073818624
 5479 0070 00040040 		.word	1073742848
 5480 0074 00400140 		.word	1073823744
 5481              		.cfi_endproc
 5482              	.LFE69:
 5484              		.section	.text.HAL_TIMEx_ConfigBreakDeadTime,"ax",%progbits
 5485              		.align	1
 5486              		.global	HAL_TIMEx_ConfigBreakDeadTime
 5487              		.syntax unified
 5488              		.code	16
 5489              		.thumb_func
 5491              	HAL_TIMEx_ConfigBreakDeadTime:
 5492              	.LVL423:
 5493              	.LFB70:
2018:Drivers/STM32F0xx_HAL_Driver/Src/stm32f0xx_hal_tim_ex.c ****   /* Keep this variable initialized to 0 as it is used to configure BDTR register */
 5494              		.loc 1 2018 1 is_stmt 1 view -0
 5495              		.cfi_startproc
 5496              		@ args = 0, pretend = 0, frame = 0
 5497              		@ frame_needed = 0, uses_anonymous_args = 0
2018:Drivers/STM32F0xx_HAL_Driver/Src/stm32f0xx_hal_tim_ex.c ****   /* Keep this variable initialized to 0 as it is used to configure BDTR register */
 5498              		.loc 1 2018 1 is_stmt 0 view .LVU1510
 5499 0000 10B5     		push	{r4, lr}
 5500              		.cfi_def_cfa_offset 8
 5501              		.cfi_offset 4, -8
ARM GAS  C:\Users\fastr\AppData\Local\Temp\ccGFXKp9.s 			page 164


 5502              		.cfi_offset 14, -4
2020:Drivers/STM32F0xx_HAL_Driver/Src/stm32f0xx_hal_tim_ex.c **** 
 5503              		.loc 1 2020 3 is_stmt 1 view .LVU1511
 5504              	.LVL424:
2023:Drivers/STM32F0xx_HAL_Driver/Src/stm32f0xx_hal_tim_ex.c ****   assert_param(IS_TIM_OSSR_STATE(sBreakDeadTimeConfig->OffStateRunMode));
 5505              		.loc 1 2023 3 view .LVU1512
2024:Drivers/STM32F0xx_HAL_Driver/Src/stm32f0xx_hal_tim_ex.c ****   assert_param(IS_TIM_OSSI_STATE(sBreakDeadTimeConfig->OffStateIDLEMode));
 5506              		.loc 1 2024 3 view .LVU1513
2025:Drivers/STM32F0xx_HAL_Driver/Src/stm32f0xx_hal_tim_ex.c ****   assert_param(IS_TIM_LOCK_LEVEL(sBreakDeadTimeConfig->LockLevel));
 5507              		.loc 1 2025 3 view .LVU1514
2026:Drivers/STM32F0xx_HAL_Driver/Src/stm32f0xx_hal_tim_ex.c ****   assert_param(IS_TIM_DEADTIME(sBreakDeadTimeConfig->DeadTime));
 5508              		.loc 1 2026 3 view .LVU1515
2027:Drivers/STM32F0xx_HAL_Driver/Src/stm32f0xx_hal_tim_ex.c ****   assert_param(IS_TIM_BREAK_STATE(sBreakDeadTimeConfig->BreakState));
 5509              		.loc 1 2027 3 view .LVU1516
2028:Drivers/STM32F0xx_HAL_Driver/Src/stm32f0xx_hal_tim_ex.c ****   assert_param(IS_TIM_BREAK_POLARITY(sBreakDeadTimeConfig->BreakPolarity));
 5510              		.loc 1 2028 3 view .LVU1517
2029:Drivers/STM32F0xx_HAL_Driver/Src/stm32f0xx_hal_tim_ex.c ****   assert_param(IS_TIM_AUTOMATIC_OUTPUT_STATE(sBreakDeadTimeConfig->AutomaticOutput));
 5511              		.loc 1 2029 3 view .LVU1518
2030:Drivers/STM32F0xx_HAL_Driver/Src/stm32f0xx_hal_tim_ex.c **** 
 5512              		.loc 1 2030 3 view .LVU1519
2033:Drivers/STM32F0xx_HAL_Driver/Src/stm32f0xx_hal_tim_ex.c **** 
 5513              		.loc 1 2033 3 view .LVU1520
2033:Drivers/STM32F0xx_HAL_Driver/Src/stm32f0xx_hal_tim_ex.c **** 
 5514              		.loc 1 2033 3 view .LVU1521
 5515 0002 3C23     		movs	r3, #60
 5516 0004 C35C     		ldrb	r3, [r0, r3]
 5517 0006 012B     		cmp	r3, #1
 5518 0008 21D0     		beq	.L377
2033:Drivers/STM32F0xx_HAL_Driver/Src/stm32f0xx_hal_tim_ex.c **** 
 5519              		.loc 1 2033 3 discriminator 2 view .LVU1522
 5520 000a 3C22     		movs	r2, #60
 5521 000c 0123     		movs	r3, #1
 5522 000e 8354     		strb	r3, [r0, r2]
2033:Drivers/STM32F0xx_HAL_Driver/Src/stm32f0xx_hal_tim_ex.c **** 
 5523              		.loc 1 2033 3 view .LVU1523
2039:Drivers/STM32F0xx_HAL_Driver/Src/stm32f0xx_hal_tim_ex.c ****   MODIFY_REG(tmpbdtr, TIM_BDTR_LOCK, sBreakDeadTimeConfig->LockLevel);
 5524              		.loc 1 2039 3 view .LVU1524
 5525 0010 CB68     		ldr	r3, [r1, #12]
 5526              	.LVL425:
2040:Drivers/STM32F0xx_HAL_Driver/Src/stm32f0xx_hal_tim_ex.c ****   MODIFY_REG(tmpbdtr, TIM_BDTR_OSSI, sBreakDeadTimeConfig->OffStateIDLEMode);
 5527              		.loc 1 2040 3 view .LVU1525
 5528 0012 104C     		ldr	r4, .L378
 5529 0014 2340     		ands	r3, r4
 5530              	.LVL426:
2040:Drivers/STM32F0xx_HAL_Driver/Src/stm32f0xx_hal_tim_ex.c ****   MODIFY_REG(tmpbdtr, TIM_BDTR_OSSI, sBreakDeadTimeConfig->OffStateIDLEMode);
 5531              		.loc 1 2040 3 is_stmt 0 view .LVU1526
 5532 0016 8C68     		ldr	r4, [r1, #8]
 5533 0018 2343     		orrs	r3, r4
 5534              	.LVL427:
2041:Drivers/STM32F0xx_HAL_Driver/Src/stm32f0xx_hal_tim_ex.c ****   MODIFY_REG(tmpbdtr, TIM_BDTR_OSSR, sBreakDeadTimeConfig->OffStateRunMode);
 5535              		.loc 1 2041 3 is_stmt 1 view .LVU1527
 5536 001a 0F4C     		ldr	r4, .L378+4
 5537 001c 2340     		ands	r3, r4
 5538              	.LVL428:
2041:Drivers/STM32F0xx_HAL_Driver/Src/stm32f0xx_hal_tim_ex.c ****   MODIFY_REG(tmpbdtr, TIM_BDTR_OSSR, sBreakDeadTimeConfig->OffStateRunMode);
 5539              		.loc 1 2041 3 is_stmt 0 view .LVU1528
 5540 001e 4C68     		ldr	r4, [r1, #4]
ARM GAS  C:\Users\fastr\AppData\Local\Temp\ccGFXKp9.s 			page 165


 5541 0020 2343     		orrs	r3, r4
 5542              	.LVL429:
2042:Drivers/STM32F0xx_HAL_Driver/Src/stm32f0xx_hal_tim_ex.c ****   MODIFY_REG(tmpbdtr, TIM_BDTR_BKE, sBreakDeadTimeConfig->BreakState);
 5543              		.loc 1 2042 3 is_stmt 1 view .LVU1529
 5544 0022 0E4C     		ldr	r4, .L378+8
 5545 0024 2340     		ands	r3, r4
 5546              	.LVL430:
2042:Drivers/STM32F0xx_HAL_Driver/Src/stm32f0xx_hal_tim_ex.c ****   MODIFY_REG(tmpbdtr, TIM_BDTR_BKE, sBreakDeadTimeConfig->BreakState);
 5547              		.loc 1 2042 3 is_stmt 0 view .LVU1530
 5548 0026 0C68     		ldr	r4, [r1]
 5549 0028 2343     		orrs	r3, r4
 5550              	.LVL431:
2043:Drivers/STM32F0xx_HAL_Driver/Src/stm32f0xx_hal_tim_ex.c ****   MODIFY_REG(tmpbdtr, TIM_BDTR_BKP, sBreakDeadTimeConfig->BreakPolarity);
 5551              		.loc 1 2043 3 is_stmt 1 view .LVU1531
 5552 002a 0D4C     		ldr	r4, .L378+12
 5553 002c 2340     		ands	r3, r4
 5554              	.LVL432:
2043:Drivers/STM32F0xx_HAL_Driver/Src/stm32f0xx_hal_tim_ex.c ****   MODIFY_REG(tmpbdtr, TIM_BDTR_BKP, sBreakDeadTimeConfig->BreakPolarity);
 5555              		.loc 1 2043 3 is_stmt 0 view .LVU1532
 5556 002e 0C69     		ldr	r4, [r1, #16]
 5557 0030 2343     		orrs	r3, r4
 5558              	.LVL433:
2044:Drivers/STM32F0xx_HAL_Driver/Src/stm32f0xx_hal_tim_ex.c ****   MODIFY_REG(tmpbdtr, TIM_BDTR_AOE, sBreakDeadTimeConfig->AutomaticOutput);
 5559              		.loc 1 2044 3 is_stmt 1 view .LVU1533
 5560 0032 0C4C     		ldr	r4, .L378+16
 5561 0034 2340     		ands	r3, r4
 5562              	.LVL434:
2044:Drivers/STM32F0xx_HAL_Driver/Src/stm32f0xx_hal_tim_ex.c ****   MODIFY_REG(tmpbdtr, TIM_BDTR_AOE, sBreakDeadTimeConfig->AutomaticOutput);
 5563              		.loc 1 2044 3 is_stmt 0 view .LVU1534
 5564 0036 4C69     		ldr	r4, [r1, #20]
 5565 0038 2343     		orrs	r3, r4
 5566              	.LVL435:
2045:Drivers/STM32F0xx_HAL_Driver/Src/stm32f0xx_hal_tim_ex.c **** 
 5567              		.loc 1 2045 3 is_stmt 1 view .LVU1535
 5568 003a 0B4C     		ldr	r4, .L378+20
 5569 003c 2340     		ands	r3, r4
 5570              	.LVL436:
2045:Drivers/STM32F0xx_HAL_Driver/Src/stm32f0xx_hal_tim_ex.c **** 
 5571              		.loc 1 2045 3 is_stmt 0 view .LVU1536
 5572 003e C969     		ldr	r1, [r1, #28]
 5573              	.LVL437:
2045:Drivers/STM32F0xx_HAL_Driver/Src/stm32f0xx_hal_tim_ex.c **** 
 5574              		.loc 1 2045 3 view .LVU1537
 5575 0040 0B43     		orrs	r3, r1
 5576              	.LVL438:
2049:Drivers/STM32F0xx_HAL_Driver/Src/stm32f0xx_hal_tim_ex.c **** 
 5577              		.loc 1 2049 3 is_stmt 1 view .LVU1538
2049:Drivers/STM32F0xx_HAL_Driver/Src/stm32f0xx_hal_tim_ex.c **** 
 5578              		.loc 1 2049 7 is_stmt 0 view .LVU1539
 5579 0042 0168     		ldr	r1, [r0]
2049:Drivers/STM32F0xx_HAL_Driver/Src/stm32f0xx_hal_tim_ex.c **** 
 5580              		.loc 1 2049 24 view .LVU1540
 5581 0044 4B64     		str	r3, [r1, #68]
2051:Drivers/STM32F0xx_HAL_Driver/Src/stm32f0xx_hal_tim_ex.c **** 
 5582              		.loc 1 2051 3 is_stmt 1 view .LVU1541
2051:Drivers/STM32F0xx_HAL_Driver/Src/stm32f0xx_hal_tim_ex.c **** 
 5583              		.loc 1 2051 3 view .LVU1542
ARM GAS  C:\Users\fastr\AppData\Local\Temp\ccGFXKp9.s 			page 166


 5584 0046 0023     		movs	r3, #0
 5585              	.LVL439:
2051:Drivers/STM32F0xx_HAL_Driver/Src/stm32f0xx_hal_tim_ex.c **** 
 5586              		.loc 1 2051 3 is_stmt 0 view .LVU1543
 5587 0048 8354     		strb	r3, [r0, r2]
 5588              	.LVL440:
2051:Drivers/STM32F0xx_HAL_Driver/Src/stm32f0xx_hal_tim_ex.c **** 
 5589              		.loc 1 2051 3 is_stmt 1 view .LVU1544
2053:Drivers/STM32F0xx_HAL_Driver/Src/stm32f0xx_hal_tim_ex.c **** }
 5590              		.loc 1 2053 3 view .LVU1545
2053:Drivers/STM32F0xx_HAL_Driver/Src/stm32f0xx_hal_tim_ex.c **** }
 5591              		.loc 1 2053 10 is_stmt 0 view .LVU1546
 5592 004a 0020     		movs	r0, #0
 5593              	.LVL441:
 5594              	.L376:
2054:Drivers/STM32F0xx_HAL_Driver/Src/stm32f0xx_hal_tim_ex.c **** 
 5595              		.loc 1 2054 1 view .LVU1547
 5596              		@ sp needed
 5597 004c 10BD     		pop	{r4, pc}
 5598              	.LVL442:
 5599              	.L377:
2033:Drivers/STM32F0xx_HAL_Driver/Src/stm32f0xx_hal_tim_ex.c **** 
 5600              		.loc 1 2033 3 discriminator 1 view .LVU1548
 5601 004e 0220     		movs	r0, #2
 5602              	.LVL443:
2033:Drivers/STM32F0xx_HAL_Driver/Src/stm32f0xx_hal_tim_ex.c **** 
 5603              		.loc 1 2033 3 discriminator 1 view .LVU1549
 5604 0050 FCE7     		b	.L376
 5605              	.L379:
 5606 0052 C046     		.align	2
 5607              	.L378:
 5608 0054 FFFCFFFF 		.word	-769
 5609 0058 FFFBFFFF 		.word	-1025
 5610 005c FFF7FFFF 		.word	-2049
 5611 0060 FFEFFFFF 		.word	-4097
 5612 0064 FFDFFFFF 		.word	-8193
 5613 0068 FFBFFFFF 		.word	-16385
 5614              		.cfi_endproc
 5615              	.LFE70:
 5617              		.section	.text.HAL_TIMEx_RemapConfig,"ax",%progbits
 5618              		.align	1
 5619              		.global	HAL_TIMEx_RemapConfig
 5620              		.syntax unified
 5621              		.code	16
 5622              		.thumb_func
 5624              	HAL_TIMEx_RemapConfig:
 5625              	.LVL444:
 5626              	.LFB71:
2069:Drivers/STM32F0xx_HAL_Driver/Src/stm32f0xx_hal_tim_ex.c **** 
 5627              		.loc 1 2069 1 is_stmt 1 view -0
 5628              		.cfi_startproc
 5629              		@ args = 0, pretend = 0, frame = 0
 5630              		@ frame_needed = 0, uses_anonymous_args = 0
 5631              		@ link register save eliminated.
2072:Drivers/STM32F0xx_HAL_Driver/Src/stm32f0xx_hal_tim_ex.c **** 
 5632              		.loc 1 2072 3 view .LVU1551
2074:Drivers/STM32F0xx_HAL_Driver/Src/stm32f0xx_hal_tim_ex.c **** 
ARM GAS  C:\Users\fastr\AppData\Local\Temp\ccGFXKp9.s 			page 167


 5633              		.loc 1 2074 3 view .LVU1552
2074:Drivers/STM32F0xx_HAL_Driver/Src/stm32f0xx_hal_tim_ex.c **** 
 5634              		.loc 1 2074 3 view .LVU1553
 5635 0000 3C23     		movs	r3, #60
 5636 0002 C35C     		ldrb	r3, [r0, r3]
 5637 0004 012B     		cmp	r3, #1
 5638 0006 08D0     		beq	.L382
2074:Drivers/STM32F0xx_HAL_Driver/Src/stm32f0xx_hal_tim_ex.c **** 
 5639              		.loc 1 2074 3 discriminator 2 view .LVU1554
 5640 0008 3C23     		movs	r3, #60
 5641 000a 0122     		movs	r2, #1
 5642 000c C254     		strb	r2, [r0, r3]
2074:Drivers/STM32F0xx_HAL_Driver/Src/stm32f0xx_hal_tim_ex.c **** 
 5643              		.loc 1 2074 3 view .LVU1555
2077:Drivers/STM32F0xx_HAL_Driver/Src/stm32f0xx_hal_tim_ex.c **** 
 5644              		.loc 1 2077 3 view .LVU1556
 5645 000e 0268     		ldr	r2, [r0]
 5646 0010 1165     		str	r1, [r2, #80]
2079:Drivers/STM32F0xx_HAL_Driver/Src/stm32f0xx_hal_tim_ex.c **** 
 5647              		.loc 1 2079 3 view .LVU1557
2079:Drivers/STM32F0xx_HAL_Driver/Src/stm32f0xx_hal_tim_ex.c **** 
 5648              		.loc 1 2079 3 view .LVU1558
 5649 0012 0022     		movs	r2, #0
 5650 0014 C254     		strb	r2, [r0, r3]
2079:Drivers/STM32F0xx_HAL_Driver/Src/stm32f0xx_hal_tim_ex.c **** 
 5651              		.loc 1 2079 3 view .LVU1559
2081:Drivers/STM32F0xx_HAL_Driver/Src/stm32f0xx_hal_tim_ex.c **** }
 5652              		.loc 1 2081 3 view .LVU1560
2081:Drivers/STM32F0xx_HAL_Driver/Src/stm32f0xx_hal_tim_ex.c **** }
 5653              		.loc 1 2081 10 is_stmt 0 view .LVU1561
 5654 0016 0020     		movs	r0, #0
 5655              	.LVL445:
 5656              	.L381:
2082:Drivers/STM32F0xx_HAL_Driver/Src/stm32f0xx_hal_tim_ex.c **** 
 5657              		.loc 1 2082 1 view .LVU1562
 5658              		@ sp needed
 5659 0018 7047     		bx	lr
 5660              	.LVL446:
 5661              	.L382:
2074:Drivers/STM32F0xx_HAL_Driver/Src/stm32f0xx_hal_tim_ex.c **** 
 5662              		.loc 1 2074 3 discriminator 1 view .LVU1563
 5663 001a 0220     		movs	r0, #2
 5664              	.LVL447:
2074:Drivers/STM32F0xx_HAL_Driver/Src/stm32f0xx_hal_tim_ex.c **** 
 5665              		.loc 1 2074 3 discriminator 1 view .LVU1564
 5666 001c FCE7     		b	.L381
 5667              		.cfi_endproc
 5668              	.LFE71:
 5670              		.section	.text.HAL_TIMEx_CommutCallback,"ax",%progbits
 5671              		.align	1
 5672              		.weak	HAL_TIMEx_CommutCallback
 5673              		.syntax unified
 5674              		.code	16
 5675              		.thumb_func
 5677              	HAL_TIMEx_CommutCallback:
 5678              	.LVL448:
 5679              	.LFB72:
ARM GAS  C:\Users\fastr\AppData\Local\Temp\ccGFXKp9.s 			page 168


2110:Drivers/STM32F0xx_HAL_Driver/Src/stm32f0xx_hal_tim_ex.c ****   /* Prevent unused argument(s) compilation warning */
 5680              		.loc 1 2110 1 is_stmt 1 view -0
 5681              		.cfi_startproc
 5682              		@ args = 0, pretend = 0, frame = 0
 5683              		@ frame_needed = 0, uses_anonymous_args = 0
 5684              		@ link register save eliminated.
2112:Drivers/STM32F0xx_HAL_Driver/Src/stm32f0xx_hal_tim_ex.c **** 
 5685              		.loc 1 2112 3 view .LVU1566
2117:Drivers/STM32F0xx_HAL_Driver/Src/stm32f0xx_hal_tim_ex.c **** /**
 5686              		.loc 1 2117 1 is_stmt 0 view .LVU1567
 5687              		@ sp needed
 5688 0000 7047     		bx	lr
 5689              		.cfi_endproc
 5690              	.LFE72:
 5692              		.section	.text.TIMEx_DMACommutationCplt,"ax",%progbits
 5693              		.align	1
 5694              		.global	TIMEx_DMACommutationCplt
 5695              		.syntax unified
 5696              		.code	16
 5697              		.thumb_func
 5699              	TIMEx_DMACommutationCplt:
 5700              	.LVL449:
 5701              	.LFB77:
2216:Drivers/STM32F0xx_HAL_Driver/Src/stm32f0xx_hal_tim_ex.c ****   TIM_HandleTypeDef *htim = (TIM_HandleTypeDef *)((DMA_HandleTypeDef *)hdma)->Parent;
 5702              		.loc 1 2216 1 is_stmt 1 view -0
 5703              		.cfi_startproc
 5704              		@ args = 0, pretend = 0, frame = 0
 5705              		@ frame_needed = 0, uses_anonymous_args = 0
2216:Drivers/STM32F0xx_HAL_Driver/Src/stm32f0xx_hal_tim_ex.c ****   TIM_HandleTypeDef *htim = (TIM_HandleTypeDef *)((DMA_HandleTypeDef *)hdma)->Parent;
 5706              		.loc 1 2216 1 is_stmt 0 view .LVU1569
 5707 0000 10B5     		push	{r4, lr}
 5708              		.cfi_def_cfa_offset 8
 5709              		.cfi_offset 4, -8
 5710              		.cfi_offset 14, -4
2217:Drivers/STM32F0xx_HAL_Driver/Src/stm32f0xx_hal_tim_ex.c **** 
 5711              		.loc 1 2217 3 is_stmt 1 view .LVU1570
2217:Drivers/STM32F0xx_HAL_Driver/Src/stm32f0xx_hal_tim_ex.c **** 
 5712              		.loc 1 2217 22 is_stmt 0 view .LVU1571
 5713 0002 406A     		ldr	r0, [r0, #36]
 5714              	.LVL450:
2220:Drivers/STM32F0xx_HAL_Driver/Src/stm32f0xx_hal_tim_ex.c **** 
 5715              		.loc 1 2220 3 is_stmt 1 view .LVU1572
2220:Drivers/STM32F0xx_HAL_Driver/Src/stm32f0xx_hal_tim_ex.c **** 
 5716              		.loc 1 2220 15 is_stmt 0 view .LVU1573
 5717 0004 3D23     		movs	r3, #61
 5718 0006 0122     		movs	r2, #1
 5719 0008 C254     		strb	r2, [r0, r3]
2225:Drivers/STM32F0xx_HAL_Driver/Src/stm32f0xx_hal_tim_ex.c **** #endif /* USE_HAL_TIM_REGISTER_CALLBACKS */
 5720              		.loc 1 2225 3 is_stmt 1 view .LVU1574
 5721 000a FFF7FEFF 		bl	HAL_TIMEx_CommutCallback
 5722              	.LVL451:
2227:Drivers/STM32F0xx_HAL_Driver/Src/stm32f0xx_hal_tim_ex.c **** 
 5723              		.loc 1 2227 1 is_stmt 0 view .LVU1575
 5724              		@ sp needed
 5725 000e 10BD     		pop	{r4, pc}
 5726              		.cfi_endproc
 5727              	.LFE77:
ARM GAS  C:\Users\fastr\AppData\Local\Temp\ccGFXKp9.s 			page 169


 5729              		.section	.text.HAL_TIMEx_CommutHalfCpltCallback,"ax",%progbits
 5730              		.align	1
 5731              		.weak	HAL_TIMEx_CommutHalfCpltCallback
 5732              		.syntax unified
 5733              		.code	16
 5734              		.thumb_func
 5736              	HAL_TIMEx_CommutHalfCpltCallback:
 5737              	.LVL452:
 5738              	.LFB73:
2124:Drivers/STM32F0xx_HAL_Driver/Src/stm32f0xx_hal_tim_ex.c ****   /* Prevent unused argument(s) compilation warning */
 5739              		.loc 1 2124 1 is_stmt 1 view -0
 5740              		.cfi_startproc
 5741              		@ args = 0, pretend = 0, frame = 0
 5742              		@ frame_needed = 0, uses_anonymous_args = 0
 5743              		@ link register save eliminated.
2126:Drivers/STM32F0xx_HAL_Driver/Src/stm32f0xx_hal_tim_ex.c **** 
 5744              		.loc 1 2126 3 view .LVU1577
2131:Drivers/STM32F0xx_HAL_Driver/Src/stm32f0xx_hal_tim_ex.c **** 
 5745              		.loc 1 2131 1 is_stmt 0 view .LVU1578
 5746              		@ sp needed
 5747 0000 7047     		bx	lr
 5748              		.cfi_endproc
 5749              	.LFE73:
 5751              		.section	.text.TIMEx_DMACommutationHalfCplt,"ax",%progbits
 5752              		.align	1
 5753              		.global	TIMEx_DMACommutationHalfCplt
 5754              		.syntax unified
 5755              		.code	16
 5756              		.thumb_func
 5758              	TIMEx_DMACommutationHalfCplt:
 5759              	.LVL453:
 5760              	.LFB78:
2235:Drivers/STM32F0xx_HAL_Driver/Src/stm32f0xx_hal_tim_ex.c ****   TIM_HandleTypeDef *htim = (TIM_HandleTypeDef *)((DMA_HandleTypeDef *)hdma)->Parent;
 5761              		.loc 1 2235 1 is_stmt 1 view -0
 5762              		.cfi_startproc
 5763              		@ args = 0, pretend = 0, frame = 0
 5764              		@ frame_needed = 0, uses_anonymous_args = 0
2235:Drivers/STM32F0xx_HAL_Driver/Src/stm32f0xx_hal_tim_ex.c ****   TIM_HandleTypeDef *htim = (TIM_HandleTypeDef *)((DMA_HandleTypeDef *)hdma)->Parent;
 5765              		.loc 1 2235 1 is_stmt 0 view .LVU1580
 5766 0000 10B5     		push	{r4, lr}
 5767              		.cfi_def_cfa_offset 8
 5768              		.cfi_offset 4, -8
 5769              		.cfi_offset 14, -4
2236:Drivers/STM32F0xx_HAL_Driver/Src/stm32f0xx_hal_tim_ex.c **** 
 5770              		.loc 1 2236 3 is_stmt 1 view .LVU1581
2236:Drivers/STM32F0xx_HAL_Driver/Src/stm32f0xx_hal_tim_ex.c **** 
 5771              		.loc 1 2236 22 is_stmt 0 view .LVU1582
 5772 0002 406A     		ldr	r0, [r0, #36]
 5773              	.LVL454:
2239:Drivers/STM32F0xx_HAL_Driver/Src/stm32f0xx_hal_tim_ex.c **** 
 5774              		.loc 1 2239 3 is_stmt 1 view .LVU1583
2239:Drivers/STM32F0xx_HAL_Driver/Src/stm32f0xx_hal_tim_ex.c **** 
 5775              		.loc 1 2239 15 is_stmt 0 view .LVU1584
 5776 0004 3D23     		movs	r3, #61
 5777 0006 0122     		movs	r2, #1
 5778 0008 C254     		strb	r2, [r0, r3]
2244:Drivers/STM32F0xx_HAL_Driver/Src/stm32f0xx_hal_tim_ex.c **** #endif /* USE_HAL_TIM_REGISTER_CALLBACKS */
ARM GAS  C:\Users\fastr\AppData\Local\Temp\ccGFXKp9.s 			page 170


 5779              		.loc 1 2244 3 is_stmt 1 view .LVU1585
 5780 000a FFF7FEFF 		bl	HAL_TIMEx_CommutHalfCpltCallback
 5781              	.LVL455:
2246:Drivers/STM32F0xx_HAL_Driver/Src/stm32f0xx_hal_tim_ex.c **** 
 5782              		.loc 1 2246 1 is_stmt 0 view .LVU1586
 5783              		@ sp needed
 5784 000e 10BD     		pop	{r4, pc}
 5785              		.cfi_endproc
 5786              	.LFE78:
 5788              		.section	.text.HAL_TIMEx_BreakCallback,"ax",%progbits
 5789              		.align	1
 5790              		.weak	HAL_TIMEx_BreakCallback
 5791              		.syntax unified
 5792              		.code	16
 5793              		.thumb_func
 5795              	HAL_TIMEx_BreakCallback:
 5796              	.LVL456:
 5797              	.LFB74:
2139:Drivers/STM32F0xx_HAL_Driver/Src/stm32f0xx_hal_tim_ex.c ****   /* Prevent unused argument(s) compilation warning */
 5798              		.loc 1 2139 1 is_stmt 1 view -0
 5799              		.cfi_startproc
 5800              		@ args = 0, pretend = 0, frame = 0
 5801              		@ frame_needed = 0, uses_anonymous_args = 0
 5802              		@ link register save eliminated.
2141:Drivers/STM32F0xx_HAL_Driver/Src/stm32f0xx_hal_tim_ex.c **** 
 5803              		.loc 1 2141 3 view .LVU1588
2146:Drivers/STM32F0xx_HAL_Driver/Src/stm32f0xx_hal_tim_ex.c **** /**
 5804              		.loc 1 2146 1 is_stmt 0 view .LVU1589
 5805              		@ sp needed
 5806 0000 7047     		bx	lr
 5807              		.cfi_endproc
 5808              	.LFE74:
 5810              		.section	.text.HAL_TIMEx_HallSensor_GetState,"ax",%progbits
 5811              		.align	1
 5812              		.global	HAL_TIMEx_HallSensor_GetState
 5813              		.syntax unified
 5814              		.code	16
 5815              		.thumb_func
 5817              	HAL_TIMEx_HallSensor_GetState:
 5818              	.LVL457:
 5819              	.LFB75:
2172:Drivers/STM32F0xx_HAL_Driver/Src/stm32f0xx_hal_tim_ex.c ****   return htim->State;
 5820              		.loc 1 2172 1 is_stmt 1 view -0
 5821              		.cfi_startproc
 5822              		@ args = 0, pretend = 0, frame = 0
 5823              		@ frame_needed = 0, uses_anonymous_args = 0
 5824              		@ link register save eliminated.
2173:Drivers/STM32F0xx_HAL_Driver/Src/stm32f0xx_hal_tim_ex.c **** }
 5825              		.loc 1 2173 3 view .LVU1591
2173:Drivers/STM32F0xx_HAL_Driver/Src/stm32f0xx_hal_tim_ex.c **** }
 5826              		.loc 1 2173 14 is_stmt 0 view .LVU1592
 5827 0000 3D23     		movs	r3, #61
 5828 0002 C05C     		ldrb	r0, [r0, r3]
 5829              	.LVL458:
2173:Drivers/STM32F0xx_HAL_Driver/Src/stm32f0xx_hal_tim_ex.c **** }
 5830              		.loc 1 2173 14 view .LVU1593
 5831 0004 C0B2     		uxtb	r0, r0
ARM GAS  C:\Users\fastr\AppData\Local\Temp\ccGFXKp9.s 			page 171


2174:Drivers/STM32F0xx_HAL_Driver/Src/stm32f0xx_hal_tim_ex.c **** 
 5832              		.loc 1 2174 1 view .LVU1594
 5833              		@ sp needed
 5834 0006 7047     		bx	lr
 5835              		.cfi_endproc
 5836              	.LFE75:
 5838              		.section	.text.HAL_TIMEx_GetChannelNState,"ax",%progbits
 5839              		.align	1
 5840              		.global	HAL_TIMEx_GetChannelNState
 5841              		.syntax unified
 5842              		.code	16
 5843              		.thumb_func
 5845              	HAL_TIMEx_GetChannelNState:
 5846              	.LVL459:
 5847              	.LFB76:
2187:Drivers/STM32F0xx_HAL_Driver/Src/stm32f0xx_hal_tim_ex.c ****   HAL_TIM_ChannelStateTypeDef channel_state;
 5848              		.loc 1 2187 1 is_stmt 1 view -0
 5849              		.cfi_startproc
 5850              		@ args = 0, pretend = 0, frame = 0
 5851              		@ frame_needed = 0, uses_anonymous_args = 0
 5852              		@ link register save eliminated.
2188:Drivers/STM32F0xx_HAL_Driver/Src/stm32f0xx_hal_tim_ex.c **** 
 5853              		.loc 1 2188 3 view .LVU1596
2191:Drivers/STM32F0xx_HAL_Driver/Src/stm32f0xx_hal_tim_ex.c **** 
 5854              		.loc 1 2191 3 view .LVU1597
2193:Drivers/STM32F0xx_HAL_Driver/Src/stm32f0xx_hal_tim_ex.c **** 
 5855              		.loc 1 2193 3 view .LVU1598
2193:Drivers/STM32F0xx_HAL_Driver/Src/stm32f0xx_hal_tim_ex.c **** 
 5856              		.loc 1 2193 19 is_stmt 0 view .LVU1599
 5857 0000 0029     		cmp	r1, #0
 5858 0002 03D1     		bne	.L390
2193:Drivers/STM32F0xx_HAL_Driver/Src/stm32f0xx_hal_tim_ex.c **** 
 5859              		.loc 1 2193 17 discriminator 1 view .LVU1600
 5860 0004 4223     		movs	r3, #66
 5861 0006 C05C     		ldrb	r0, [r0, r3]
 5862              	.LVL460:
2193:Drivers/STM32F0xx_HAL_Driver/Src/stm32f0xx_hal_tim_ex.c **** 
 5863              		.loc 1 2193 17 discriminator 1 view .LVU1601
 5864 0008 C0B2     		uxtb	r0, r0
 5865              	.LVL461:
 5866              	.L391:
2195:Drivers/STM32F0xx_HAL_Driver/Src/stm32f0xx_hal_tim_ex.c **** }
 5867              		.loc 1 2195 3 is_stmt 1 view .LVU1602
2196:Drivers/STM32F0xx_HAL_Driver/Src/stm32f0xx_hal_tim_ex.c **** /**
 5868              		.loc 1 2196 1 is_stmt 0 view .LVU1603
 5869              		@ sp needed
 5870 000a 7047     		bx	lr
 5871              	.LVL462:
 5872              	.L390:
2193:Drivers/STM32F0xx_HAL_Driver/Src/stm32f0xx_hal_tim_ex.c **** 
 5873              		.loc 1 2193 19 discriminator 2 view .LVU1604
 5874 000c 0429     		cmp	r1, #4
 5875 000e 05D0     		beq	.L394
2193:Drivers/STM32F0xx_HAL_Driver/Src/stm32f0xx_hal_tim_ex.c **** 
 5876              		.loc 1 2193 19 discriminator 4 view .LVU1605
 5877 0010 0829     		cmp	r1, #8
 5878 0012 07D0     		beq	.L395
ARM GAS  C:\Users\fastr\AppData\Local\Temp\ccGFXKp9.s 			page 172


2193:Drivers/STM32F0xx_HAL_Driver/Src/stm32f0xx_hal_tim_ex.c **** 
 5879              		.loc 1 2193 17 discriminator 6 view .LVU1606
 5880 0014 4523     		movs	r3, #69
 5881 0016 C05C     		ldrb	r0, [r0, r3]
 5882              	.LVL463:
2193:Drivers/STM32F0xx_HAL_Driver/Src/stm32f0xx_hal_tim_ex.c **** 
 5883              		.loc 1 2193 17 discriminator 6 view .LVU1607
 5884 0018 C0B2     		uxtb	r0, r0
 5885 001a F6E7     		b	.L391
 5886              	.LVL464:
 5887              	.L394:
2193:Drivers/STM32F0xx_HAL_Driver/Src/stm32f0xx_hal_tim_ex.c **** 
 5888              		.loc 1 2193 17 discriminator 3 view .LVU1608
 5889 001c 4323     		movs	r3, #67
 5890 001e C05C     		ldrb	r0, [r0, r3]
 5891              	.LVL465:
2193:Drivers/STM32F0xx_HAL_Driver/Src/stm32f0xx_hal_tim_ex.c **** 
 5892              		.loc 1 2193 17 discriminator 3 view .LVU1609
 5893 0020 C0B2     		uxtb	r0, r0
 5894              	.LVL466:
2193:Drivers/STM32F0xx_HAL_Driver/Src/stm32f0xx_hal_tim_ex.c **** 
 5895              		.loc 1 2193 17 discriminator 3 view .LVU1610
 5896 0022 F2E7     		b	.L391
 5897              	.LVL467:
 5898              	.L395:
2193:Drivers/STM32F0xx_HAL_Driver/Src/stm32f0xx_hal_tim_ex.c **** 
 5899              		.loc 1 2193 17 discriminator 5 view .LVU1611
 5900 0024 4423     		movs	r3, #68
 5901 0026 C05C     		ldrb	r0, [r0, r3]
 5902              	.LVL468:
2193:Drivers/STM32F0xx_HAL_Driver/Src/stm32f0xx_hal_tim_ex.c **** 
 5903              		.loc 1 2193 17 discriminator 5 view .LVU1612
 5904 0028 C0B2     		uxtb	r0, r0
 5905              	.LVL469:
2193:Drivers/STM32F0xx_HAL_Driver/Src/stm32f0xx_hal_tim_ex.c **** 
 5906              		.loc 1 2193 17 discriminator 5 view .LVU1613
 5907 002a EEE7     		b	.L391
 5908              		.cfi_endproc
 5909              	.LFE76:
 5911              		.text
 5912              	.Letext0:
 5913              		.file 2 "C:/Users/fastr/AppData/Roaming/Code/User/globalStorage/bmd.stm32-for-vscode/@xpack-dev-to
 5914              		.file 3 "C:/Users/fastr/AppData/Roaming/Code/User/globalStorage/bmd.stm32-for-vscode/@xpack-dev-to
 5915              		.file 4 "Drivers/CMSIS/Device/ST/STM32F0xx/Include/stm32f051x8.h"
 5916              		.file 5 "Drivers/CMSIS/Device/ST/STM32F0xx/Include/stm32f0xx.h"
 5917              		.file 6 "Drivers/STM32F0xx_HAL_Driver/Inc/stm32f0xx_hal_def.h"
 5918              		.file 7 "Drivers/STM32F0xx_HAL_Driver/Inc/stm32f0xx_hal_dma.h"
 5919              		.file 8 "Drivers/STM32F0xx_HAL_Driver/Inc/stm32f0xx_hal_tim.h"
 5920              		.file 9 "Drivers/STM32F0xx_HAL_Driver/Inc/stm32f0xx_hal_tim_ex.h"
ARM GAS  C:\Users\fastr\AppData\Local\Temp\ccGFXKp9.s 			page 173


DEFINED SYMBOLS
                            *ABS*:00000000 stm32f0xx_hal_tim_ex.c
C:\Users\fastr\AppData\Local\Temp\ccGFXKp9.s:19     .text.TIM_CCxNChannelCmd:00000000 $t
C:\Users\fastr\AppData\Local\Temp\ccGFXKp9.s:24     .text.TIM_CCxNChannelCmd:00000000 TIM_CCxNChannelCmd
C:\Users\fastr\AppData\Local\Temp\ccGFXKp9.s:71     .text.TIM_DMAErrorCCxN:00000000 $t
C:\Users\fastr\AppData\Local\Temp\ccGFXKp9.s:76     .text.TIM_DMAErrorCCxN:00000000 TIM_DMAErrorCCxN
C:\Users\fastr\AppData\Local\Temp\ccGFXKp9.s:161    .text.TIM_DMADelayPulseNCplt:00000000 $t
C:\Users\fastr\AppData\Local\Temp\ccGFXKp9.s:166    .text.TIM_DMADelayPulseNCplt:00000000 TIM_DMADelayPulseNCplt
C:\Users\fastr\AppData\Local\Temp\ccGFXKp9.s:270    .text.HAL_TIMEx_HallSensor_MspInit:00000000 $t
C:\Users\fastr\AppData\Local\Temp\ccGFXKp9.s:276    .text.HAL_TIMEx_HallSensor_MspInit:00000000 HAL_TIMEx_HallSensor_MspInit
C:\Users\fastr\AppData\Local\Temp\ccGFXKp9.s:292    .text.HAL_TIMEx_HallSensor_Init:00000000 $t
C:\Users\fastr\AppData\Local\Temp\ccGFXKp9.s:298    .text.HAL_TIMEx_HallSensor_Init:00000000 HAL_TIMEx_HallSensor_Init
C:\Users\fastr\AppData\Local\Temp\ccGFXKp9.s:525    .text.HAL_TIMEx_HallSensor_MspDeInit:00000000 $t
C:\Users\fastr\AppData\Local\Temp\ccGFXKp9.s:531    .text.HAL_TIMEx_HallSensor_MspDeInit:00000000 HAL_TIMEx_HallSensor_MspDeInit
C:\Users\fastr\AppData\Local\Temp\ccGFXKp9.s:547    .text.HAL_TIMEx_HallSensor_DeInit:00000000 $t
C:\Users\fastr\AppData\Local\Temp\ccGFXKp9.s:553    .text.HAL_TIMEx_HallSensor_DeInit:00000000 HAL_TIMEx_HallSensor_DeInit
C:\Users\fastr\AppData\Local\Temp\ccGFXKp9.s:633    .text.HAL_TIMEx_HallSensor_DeInit:0000004c $d
C:\Users\fastr\AppData\Local\Temp\ccGFXKp9.s:639    .text.HAL_TIMEx_HallSensor_Start:00000000 $t
C:\Users\fastr\AppData\Local\Temp\ccGFXKp9.s:645    .text.HAL_TIMEx_HallSensor_Start:00000000 HAL_TIMEx_HallSensor_Start
C:\Users\fastr\AppData\Local\Temp\ccGFXKp9.s:825    .text.HAL_TIMEx_HallSensor_Start:000000a4 $d
C:\Users\fastr\AppData\Local\Temp\ccGFXKp9.s:832    .text.HAL_TIMEx_HallSensor_Stop:00000000 $t
C:\Users\fastr\AppData\Local\Temp\ccGFXKp9.s:838    .text.HAL_TIMEx_HallSensor_Stop:00000000 HAL_TIMEx_HallSensor_Stop
C:\Users\fastr\AppData\Local\Temp\ccGFXKp9.s:902    .text.HAL_TIMEx_HallSensor_Stop:00000040 $d
C:\Users\fastr\AppData\Local\Temp\ccGFXKp9.s:908    .text.HAL_TIMEx_HallSensor_Start_IT:00000000 $t
C:\Users\fastr\AppData\Local\Temp\ccGFXKp9.s:914    .text.HAL_TIMEx_HallSensor_Start_IT:00000000 HAL_TIMEx_HallSensor_Start_IT
C:\Users\fastr\AppData\Local\Temp\ccGFXKp9.s:1101   .text.HAL_TIMEx_HallSensor_Start_IT:000000ac $d
C:\Users\fastr\AppData\Local\Temp\ccGFXKp9.s:1108   .text.HAL_TIMEx_HallSensor_Stop_IT:00000000 $t
C:\Users\fastr\AppData\Local\Temp\ccGFXKp9.s:1114   .text.HAL_TIMEx_HallSensor_Stop_IT:00000000 HAL_TIMEx_HallSensor_Stop_IT
C:\Users\fastr\AppData\Local\Temp\ccGFXKp9.s:1184   .text.HAL_TIMEx_HallSensor_Stop_IT:00000048 $d
C:\Users\fastr\AppData\Local\Temp\ccGFXKp9.s:1190   .text.HAL_TIMEx_HallSensor_Start_DMA:00000000 $t
C:\Users\fastr\AppData\Local\Temp\ccGFXKp9.s:1196   .text.HAL_TIMEx_HallSensor_Start_DMA:00000000 HAL_TIMEx_HallSensor_Start_DMA
C:\Users\fastr\AppData\Local\Temp\ccGFXKp9.s:1399   .text.HAL_TIMEx_HallSensor_Start_DMA:000000c0 $d
C:\Users\fastr\AppData\Local\Temp\ccGFXKp9.s:1409   .text.HAL_TIMEx_HallSensor_Stop_DMA:00000000 $t
C:\Users\fastr\AppData\Local\Temp\ccGFXKp9.s:1415   .text.HAL_TIMEx_HallSensor_Stop_DMA:00000000 HAL_TIMEx_HallSensor_Stop_DMA
C:\Users\fastr\AppData\Local\Temp\ccGFXKp9.s:1484   .text.HAL_TIMEx_HallSensor_Stop_DMA:00000048 $d
C:\Users\fastr\AppData\Local\Temp\ccGFXKp9.s:1491   .text.HAL_TIMEx_OCN_Start:00000000 $t
C:\Users\fastr\AppData\Local\Temp\ccGFXKp9.s:1497   .text.HAL_TIMEx_OCN_Start:00000000 HAL_TIMEx_OCN_Start
C:\Users\fastr\AppData\Local\Temp\ccGFXKp9.s:1683   .text.HAL_TIMEx_OCN_Start:000000d0 $d
C:\Users\fastr\AppData\Local\Temp\ccGFXKp9.s:1690   .text.HAL_TIMEx_OCN_Stop:00000000 $t
C:\Users\fastr\AppData\Local\Temp\ccGFXKp9.s:1696   .text.HAL_TIMEx_OCN_Stop:00000000 HAL_TIMEx_OCN_Stop
C:\Users\fastr\AppData\Local\Temp\ccGFXKp9.s:1802   .text.HAL_TIMEx_OCN_Stop:00000070 $d
C:\Users\fastr\AppData\Local\Temp\ccGFXKp9.s:1809   .text.HAL_TIMEx_OCN_Start_IT:00000000 $t
C:\Users\fastr\AppData\Local\Temp\ccGFXKp9.s:1815   .text.HAL_TIMEx_OCN_Start_IT:00000000 HAL_TIMEx_OCN_Start_IT
C:\Users\fastr\AppData\Local\Temp\ccGFXKp9.s:2053   .text.HAL_TIMEx_OCN_Start_IT:00000104 $d
C:\Users\fastr\AppData\Local\Temp\ccGFXKp9.s:2060   .text.HAL_TIMEx_OCN_Stop_IT:00000000 $t
C:\Users\fastr\AppData\Local\Temp\ccGFXKp9.s:2066   .text.HAL_TIMEx_OCN_Stop_IT:00000000 HAL_TIMEx_OCN_Stop_IT
C:\Users\fastr\AppData\Local\Temp\ccGFXKp9.s:2251   .text.HAL_TIMEx_OCN_Stop_IT:000000bc $d
C:\Users\fastr\AppData\Local\Temp\ccGFXKp9.s:2258   .text.HAL_TIMEx_OCN_Start_DMA:00000000 $t
C:\Users\fastr\AppData\Local\Temp\ccGFXKp9.s:2264   .text.HAL_TIMEx_OCN_Start_DMA:00000000 HAL_TIMEx_OCN_Start_DMA
C:\Users\fastr\AppData\Local\Temp\ccGFXKp9.s:2695   .text.HAL_TIMEx_OCN_Start_DMA:000001dc $d
C:\Users\fastr\AppData\Local\Temp\ccGFXKp9.s:2705   .text.HAL_TIMEx_OCN_Stop_DMA:00000000 $t
C:\Users\fastr\AppData\Local\Temp\ccGFXKp9.s:2711   .text.HAL_TIMEx_OCN_Stop_DMA:00000000 HAL_TIMEx_OCN_Stop_DMA
C:\Users\fastr\AppData\Local\Temp\ccGFXKp9.s:2893   .text.HAL_TIMEx_OCN_Stop_DMA:000000bc $d
C:\Users\fastr\AppData\Local\Temp\ccGFXKp9.s:2903   .text.HAL_TIMEx_PWMN_Start:00000000 $t
C:\Users\fastr\AppData\Local\Temp\ccGFXKp9.s:2909   .text.HAL_TIMEx_PWMN_Start:00000000 HAL_TIMEx_PWMN_Start
C:\Users\fastr\AppData\Local\Temp\ccGFXKp9.s:3095   .text.HAL_TIMEx_PWMN_Start:000000d0 $d
C:\Users\fastr\AppData\Local\Temp\ccGFXKp9.s:3102   .text.HAL_TIMEx_PWMN_Stop:00000000 $t
ARM GAS  C:\Users\fastr\AppData\Local\Temp\ccGFXKp9.s 			page 174


C:\Users\fastr\AppData\Local\Temp\ccGFXKp9.s:3108   .text.HAL_TIMEx_PWMN_Stop:00000000 HAL_TIMEx_PWMN_Stop
C:\Users\fastr\AppData\Local\Temp\ccGFXKp9.s:3214   .text.HAL_TIMEx_PWMN_Stop:00000070 $d
C:\Users\fastr\AppData\Local\Temp\ccGFXKp9.s:3221   .text.HAL_TIMEx_PWMN_Start_IT:00000000 $t
C:\Users\fastr\AppData\Local\Temp\ccGFXKp9.s:3227   .text.HAL_TIMEx_PWMN_Start_IT:00000000 HAL_TIMEx_PWMN_Start_IT
C:\Users\fastr\AppData\Local\Temp\ccGFXKp9.s:3465   .text.HAL_TIMEx_PWMN_Start_IT:00000104 $d
C:\Users\fastr\AppData\Local\Temp\ccGFXKp9.s:3472   .text.HAL_TIMEx_PWMN_Stop_IT:00000000 $t
C:\Users\fastr\AppData\Local\Temp\ccGFXKp9.s:3478   .text.HAL_TIMEx_PWMN_Stop_IT:00000000 HAL_TIMEx_PWMN_Stop_IT
C:\Users\fastr\AppData\Local\Temp\ccGFXKp9.s:3663   .text.HAL_TIMEx_PWMN_Stop_IT:000000bc $d
C:\Users\fastr\AppData\Local\Temp\ccGFXKp9.s:3670   .text.HAL_TIMEx_PWMN_Start_DMA:00000000 $t
C:\Users\fastr\AppData\Local\Temp\ccGFXKp9.s:3676   .text.HAL_TIMEx_PWMN_Start_DMA:00000000 HAL_TIMEx_PWMN_Start_DMA
C:\Users\fastr\AppData\Local\Temp\ccGFXKp9.s:4107   .text.HAL_TIMEx_PWMN_Start_DMA:000001dc $d
C:\Users\fastr\AppData\Local\Temp\ccGFXKp9.s:4117   .text.HAL_TIMEx_PWMN_Stop_DMA:00000000 $t
C:\Users\fastr\AppData\Local\Temp\ccGFXKp9.s:4123   .text.HAL_TIMEx_PWMN_Stop_DMA:00000000 HAL_TIMEx_PWMN_Stop_DMA
C:\Users\fastr\AppData\Local\Temp\ccGFXKp9.s:4305   .text.HAL_TIMEx_PWMN_Stop_DMA:000000bc $d
C:\Users\fastr\AppData\Local\Temp\ccGFXKp9.s:4315   .text.HAL_TIMEx_OnePulseN_Start:00000000 $t
C:\Users\fastr\AppData\Local\Temp\ccGFXKp9.s:4321   .text.HAL_TIMEx_OnePulseN_Start:00000000 HAL_TIMEx_OnePulseN_Start
C:\Users\fastr\AppData\Local\Temp\ccGFXKp9.s:4476   .text.HAL_TIMEx_OnePulseN_Stop:00000000 $t
C:\Users\fastr\AppData\Local\Temp\ccGFXKp9.s:4482   .text.HAL_TIMEx_OnePulseN_Stop:00000000 HAL_TIMEx_OnePulseN_Stop
C:\Users\fastr\AppData\Local\Temp\ccGFXKp9.s:4588   .text.HAL_TIMEx_OnePulseN_Stop:00000070 $d
C:\Users\fastr\AppData\Local\Temp\ccGFXKp9.s:4595   .text.HAL_TIMEx_OnePulseN_Start_IT:00000000 $t
C:\Users\fastr\AppData\Local\Temp\ccGFXKp9.s:4601   .text.HAL_TIMEx_OnePulseN_Start_IT:00000000 HAL_TIMEx_OnePulseN_Start_IT
C:\Users\fastr\AppData\Local\Temp\ccGFXKp9.s:4769   .text.HAL_TIMEx_OnePulseN_Stop_IT:00000000 $t
C:\Users\fastr\AppData\Local\Temp\ccGFXKp9.s:4775   .text.HAL_TIMEx_OnePulseN_Stop_IT:00000000 HAL_TIMEx_OnePulseN_Stop_IT
C:\Users\fastr\AppData\Local\Temp\ccGFXKp9.s:4893   .text.HAL_TIMEx_OnePulseN_Stop_IT:00000084 $d
C:\Users\fastr\AppData\Local\Temp\ccGFXKp9.s:4900   .text.HAL_TIMEx_ConfigCommutEvent:00000000 $t
C:\Users\fastr\AppData\Local\Temp\ccGFXKp9.s:4906   .text.HAL_TIMEx_ConfigCommutEvent:00000000 HAL_TIMEx_ConfigCommutEvent
C:\Users\fastr\AppData\Local\Temp\ccGFXKp9.s:5033   .text.HAL_TIMEx_ConfigCommutEvent:00000078 $d
C:\Users\fastr\AppData\Local\Temp\ccGFXKp9.s:5038   .text.HAL_TIMEx_ConfigCommutEvent_IT:00000000 $t
C:\Users\fastr\AppData\Local\Temp\ccGFXKp9.s:5044   .text.HAL_TIMEx_ConfigCommutEvent_IT:00000000 HAL_TIMEx_ConfigCommutEvent_IT
C:\Users\fastr\AppData\Local\Temp\ccGFXKp9.s:5171   .text.HAL_TIMEx_ConfigCommutEvent_IT:00000078 $d
C:\Users\fastr\AppData\Local\Temp\ccGFXKp9.s:5176   .text.HAL_TIMEx_ConfigCommutEvent_DMA:00000000 $t
C:\Users\fastr\AppData\Local\Temp\ccGFXKp9.s:5182   .text.HAL_TIMEx_ConfigCommutEvent_DMA:00000000 HAL_TIMEx_ConfigCommutEvent_DMA
C:\Users\fastr\AppData\Local\Temp\ccGFXKp9.s:5328   .text.HAL_TIMEx_ConfigCommutEvent_DMA:0000008c $d
C:\Users\fastr\AppData\Local\Temp\ccGFXKp9.s:5699   .text.TIMEx_DMACommutationCplt:00000000 TIMEx_DMACommutationCplt
C:\Users\fastr\AppData\Local\Temp\ccGFXKp9.s:5758   .text.TIMEx_DMACommutationHalfCplt:00000000 TIMEx_DMACommutationHalfCplt
C:\Users\fastr\AppData\Local\Temp\ccGFXKp9.s:5335   .text.HAL_TIMEx_MasterConfigSynchronization:00000000 $t
C:\Users\fastr\AppData\Local\Temp\ccGFXKp9.s:5341   .text.HAL_TIMEx_MasterConfigSynchronization:00000000 HAL_TIMEx_MasterConfigSynchronization
C:\Users\fastr\AppData\Local\Temp\ccGFXKp9.s:5478   .text.HAL_TIMEx_MasterConfigSynchronization:0000006c $d
C:\Users\fastr\AppData\Local\Temp\ccGFXKp9.s:5485   .text.HAL_TIMEx_ConfigBreakDeadTime:00000000 $t
C:\Users\fastr\AppData\Local\Temp\ccGFXKp9.s:5491   .text.HAL_TIMEx_ConfigBreakDeadTime:00000000 HAL_TIMEx_ConfigBreakDeadTime
C:\Users\fastr\AppData\Local\Temp\ccGFXKp9.s:5608   .text.HAL_TIMEx_ConfigBreakDeadTime:00000054 $d
C:\Users\fastr\AppData\Local\Temp\ccGFXKp9.s:5618   .text.HAL_TIMEx_RemapConfig:00000000 $t
C:\Users\fastr\AppData\Local\Temp\ccGFXKp9.s:5624   .text.HAL_TIMEx_RemapConfig:00000000 HAL_TIMEx_RemapConfig
C:\Users\fastr\AppData\Local\Temp\ccGFXKp9.s:5671   .text.HAL_TIMEx_CommutCallback:00000000 $t
C:\Users\fastr\AppData\Local\Temp\ccGFXKp9.s:5677   .text.HAL_TIMEx_CommutCallback:00000000 HAL_TIMEx_CommutCallback
C:\Users\fastr\AppData\Local\Temp\ccGFXKp9.s:5693   .text.TIMEx_DMACommutationCplt:00000000 $t
C:\Users\fastr\AppData\Local\Temp\ccGFXKp9.s:5730   .text.HAL_TIMEx_CommutHalfCpltCallback:00000000 $t
C:\Users\fastr\AppData\Local\Temp\ccGFXKp9.s:5736   .text.HAL_TIMEx_CommutHalfCpltCallback:00000000 HAL_TIMEx_CommutHalfCpltCallback
C:\Users\fastr\AppData\Local\Temp\ccGFXKp9.s:5752   .text.TIMEx_DMACommutationHalfCplt:00000000 $t
C:\Users\fastr\AppData\Local\Temp\ccGFXKp9.s:5789   .text.HAL_TIMEx_BreakCallback:00000000 $t
C:\Users\fastr\AppData\Local\Temp\ccGFXKp9.s:5795   .text.HAL_TIMEx_BreakCallback:00000000 HAL_TIMEx_BreakCallback
C:\Users\fastr\AppData\Local\Temp\ccGFXKp9.s:5811   .text.HAL_TIMEx_HallSensor_GetState:00000000 $t
C:\Users\fastr\AppData\Local\Temp\ccGFXKp9.s:5817   .text.HAL_TIMEx_HallSensor_GetState:00000000 HAL_TIMEx_HallSensor_GetState
C:\Users\fastr\AppData\Local\Temp\ccGFXKp9.s:5839   .text.HAL_TIMEx_GetChannelNState:00000000 $t
C:\Users\fastr\AppData\Local\Temp\ccGFXKp9.s:5845   .text.HAL_TIMEx_GetChannelNState:00000000 HAL_TIMEx_GetChannelNState

UNDEFINED SYMBOLS
ARM GAS  C:\Users\fastr\AppData\Local\Temp\ccGFXKp9.s 			page 175


HAL_TIM_ErrorCallback
HAL_TIM_PWM_PulseFinishedCallback
TIM_Base_SetConfig
TIM_TI1_SetConfig
TIM_OC2_SetConfig
TIM_CCxChannelCmd
HAL_DMA_Start_IT
TIM_DMACaptureCplt
TIM_DMACaptureHalfCplt
TIM_DMAError
HAL_DMA_Abort_IT
TIM_DMADelayPulseHalfCplt
