ARM GAS  C:\Users\fastr\AppData\Local\Temp\ccghrJ8b.s 			page 1


   1              		.cpu cortex-m0
   2              		.arch armv6s-m
   3              		.fpu softvfp
   4              		.eabi_attribute 20, 1
   5              		.eabi_attribute 21, 1
   6              		.eabi_attribute 23, 3
   7              		.eabi_attribute 24, 1
   8              		.eabi_attribute 25, 1
   9              		.eabi_attribute 26, 1
  10              		.eabi_attribute 30, 1
  11              		.eabi_attribute 34, 0
  12              		.eabi_attribute 18, 4
  13              		.file	"stm32f0xx_hal_dma.c"
  14              		.text
  15              	.Ltext0:
  16              		.cfi_sections	.debug_frame
  17              		.file 1 "Drivers/STM32F0xx_HAL_Driver/Src/stm32f0xx_hal_dma.c"
  18              		.section	.text.DMA_SetConfig,"ax",%progbits
  19              		.align	1
  20              		.syntax unified
  21              		.code	16
  22              		.thumb_func
  24              	DMA_SetConfig:
  25              	.LVL0:
  26              	.LFB52:
   1:Drivers/STM32F0xx_HAL_Driver/Src/stm32f0xx_hal_dma.c **** /**
   2:Drivers/STM32F0xx_HAL_Driver/Src/stm32f0xx_hal_dma.c ****   ******************************************************************************
   3:Drivers/STM32F0xx_HAL_Driver/Src/stm32f0xx_hal_dma.c ****   * @file    stm32f0xx_hal_dma.c
   4:Drivers/STM32F0xx_HAL_Driver/Src/stm32f0xx_hal_dma.c ****   * @author  MCD Application Team
   5:Drivers/STM32F0xx_HAL_Driver/Src/stm32f0xx_hal_dma.c ****   * @brief   DMA HAL module driver.
   6:Drivers/STM32F0xx_HAL_Driver/Src/stm32f0xx_hal_dma.c ****   *
   7:Drivers/STM32F0xx_HAL_Driver/Src/stm32f0xx_hal_dma.c ****   *         This file provides firmware functions to manage the following
   8:Drivers/STM32F0xx_HAL_Driver/Src/stm32f0xx_hal_dma.c ****   *         functionalities of the Direct Memory Access (DMA) peripheral:
   9:Drivers/STM32F0xx_HAL_Driver/Src/stm32f0xx_hal_dma.c ****   *           + Initialization and de-initialization functions
  10:Drivers/STM32F0xx_HAL_Driver/Src/stm32f0xx_hal_dma.c ****   *           + IO operation functions
  11:Drivers/STM32F0xx_HAL_Driver/Src/stm32f0xx_hal_dma.c ****   *           + Peripheral State and errors functions
  12:Drivers/STM32F0xx_HAL_Driver/Src/stm32f0xx_hal_dma.c ****   @verbatim
  13:Drivers/STM32F0xx_HAL_Driver/Src/stm32f0xx_hal_dma.c ****   ==============================================================================
  14:Drivers/STM32F0xx_HAL_Driver/Src/stm32f0xx_hal_dma.c ****                         ##### How to use this driver #####
  15:Drivers/STM32F0xx_HAL_Driver/Src/stm32f0xx_hal_dma.c ****   ==============================================================================
  16:Drivers/STM32F0xx_HAL_Driver/Src/stm32f0xx_hal_dma.c ****   [..]
  17:Drivers/STM32F0xx_HAL_Driver/Src/stm32f0xx_hal_dma.c ****    (#) Enable and configure the peripheral to be connected to the DMA Channel
  18:Drivers/STM32F0xx_HAL_Driver/Src/stm32f0xx_hal_dma.c ****        (except for internal SRAM / FLASH memories: no initialization is
  19:Drivers/STM32F0xx_HAL_Driver/Src/stm32f0xx_hal_dma.c ****        necessary). Please refer to Reference manual for connection between peripherals
  20:Drivers/STM32F0xx_HAL_Driver/Src/stm32f0xx_hal_dma.c ****        and DMA requests .
  21:Drivers/STM32F0xx_HAL_Driver/Src/stm32f0xx_hal_dma.c **** 
  22:Drivers/STM32F0xx_HAL_Driver/Src/stm32f0xx_hal_dma.c ****    (#) For a given Channel, program the required configuration through the following parameters:
  23:Drivers/STM32F0xx_HAL_Driver/Src/stm32f0xx_hal_dma.c ****        Transfer Direction, Source and Destination data formats,
  24:Drivers/STM32F0xx_HAL_Driver/Src/stm32f0xx_hal_dma.c ****        Circular or Normal mode, Channel Priority level, Source and Destination Increment mode,
  25:Drivers/STM32F0xx_HAL_Driver/Src/stm32f0xx_hal_dma.c ****        using HAL_DMA_Init() function.
  26:Drivers/STM32F0xx_HAL_Driver/Src/stm32f0xx_hal_dma.c **** 
  27:Drivers/STM32F0xx_HAL_Driver/Src/stm32f0xx_hal_dma.c ****    (#) Use HAL_DMA_GetState() function to return the DMA state and HAL_DMA_GetError() in case of er
  28:Drivers/STM32F0xx_HAL_Driver/Src/stm32f0xx_hal_dma.c ****        detection.
  29:Drivers/STM32F0xx_HAL_Driver/Src/stm32f0xx_hal_dma.c **** 
  30:Drivers/STM32F0xx_HAL_Driver/Src/stm32f0xx_hal_dma.c ****    (#) Use HAL_DMA_Abort() function to abort the current transfer
  31:Drivers/STM32F0xx_HAL_Driver/Src/stm32f0xx_hal_dma.c **** 
  32:Drivers/STM32F0xx_HAL_Driver/Src/stm32f0xx_hal_dma.c ****      -@-   In Memory-to-Memory transfer mode, Circular mode is not allowed.
ARM GAS  C:\Users\fastr\AppData\Local\Temp\ccghrJ8b.s 			page 2


  33:Drivers/STM32F0xx_HAL_Driver/Src/stm32f0xx_hal_dma.c ****      *** Polling mode IO operation ***
  34:Drivers/STM32F0xx_HAL_Driver/Src/stm32f0xx_hal_dma.c ****      =================================
  35:Drivers/STM32F0xx_HAL_Driver/Src/stm32f0xx_hal_dma.c ****     [..]
  36:Drivers/STM32F0xx_HAL_Driver/Src/stm32f0xx_hal_dma.c ****       (+) Use HAL_DMA_Start() to start DMA transfer after the configuration of Source
  37:Drivers/STM32F0xx_HAL_Driver/Src/stm32f0xx_hal_dma.c ****           address and destination address and the Length of data to be transferred
  38:Drivers/STM32F0xx_HAL_Driver/Src/stm32f0xx_hal_dma.c ****       (+) Use HAL_DMA_PollForTransfer() to poll for the end of current transfer, in this
  39:Drivers/STM32F0xx_HAL_Driver/Src/stm32f0xx_hal_dma.c ****           case a fixed Timeout can be configured by User depending from his application.
  40:Drivers/STM32F0xx_HAL_Driver/Src/stm32f0xx_hal_dma.c **** 
  41:Drivers/STM32F0xx_HAL_Driver/Src/stm32f0xx_hal_dma.c ****      *** Interrupt mode IO operation ***
  42:Drivers/STM32F0xx_HAL_Driver/Src/stm32f0xx_hal_dma.c ****      ===================================
  43:Drivers/STM32F0xx_HAL_Driver/Src/stm32f0xx_hal_dma.c ****     [..]
  44:Drivers/STM32F0xx_HAL_Driver/Src/stm32f0xx_hal_dma.c ****       (+) Configure the DMA interrupt priority using HAL_NVIC_SetPriority()
  45:Drivers/STM32F0xx_HAL_Driver/Src/stm32f0xx_hal_dma.c ****       (+) Enable the DMA IRQ handler using HAL_NVIC_EnableIRQ()
  46:Drivers/STM32F0xx_HAL_Driver/Src/stm32f0xx_hal_dma.c ****       (+) Use HAL_DMA_Start_IT() to start DMA transfer after the configuration of
  47:Drivers/STM32F0xx_HAL_Driver/Src/stm32f0xx_hal_dma.c ****           Source address and destination address and the Length of data to be transferred.
  48:Drivers/STM32F0xx_HAL_Driver/Src/stm32f0xx_hal_dma.c ****           In this case the DMA interrupt is configured
  49:Drivers/STM32F0xx_HAL_Driver/Src/stm32f0xx_hal_dma.c ****       (+) Use HAL_DMA_Channel_IRQHandler() called under DMA_IRQHandler() Interrupt subroutine
  50:Drivers/STM32F0xx_HAL_Driver/Src/stm32f0xx_hal_dma.c ****       (+) At the end of data transfer HAL_DMA_IRQHandler() function is executed and user can
  51:Drivers/STM32F0xx_HAL_Driver/Src/stm32f0xx_hal_dma.c ****           add his own function by customization of function pointer XferCpltCallback and
  52:Drivers/STM32F0xx_HAL_Driver/Src/stm32f0xx_hal_dma.c ****           XferErrorCallback (i.e a member of DMA handle structure).
  53:Drivers/STM32F0xx_HAL_Driver/Src/stm32f0xx_hal_dma.c **** 
  54:Drivers/STM32F0xx_HAL_Driver/Src/stm32f0xx_hal_dma.c ****      *** DMA HAL driver macros list ***
  55:Drivers/STM32F0xx_HAL_Driver/Src/stm32f0xx_hal_dma.c ****      =============================================
  56:Drivers/STM32F0xx_HAL_Driver/Src/stm32f0xx_hal_dma.c ****      [..]
  57:Drivers/STM32F0xx_HAL_Driver/Src/stm32f0xx_hal_dma.c ****        Below the list of most used macros in DMA HAL driver.
  58:Drivers/STM32F0xx_HAL_Driver/Src/stm32f0xx_hal_dma.c **** 
  59:Drivers/STM32F0xx_HAL_Driver/Src/stm32f0xx_hal_dma.c ****      [..]
  60:Drivers/STM32F0xx_HAL_Driver/Src/stm32f0xx_hal_dma.c ****       (@) You can refer to the DMA HAL driver header file for more useful macros
  61:Drivers/STM32F0xx_HAL_Driver/Src/stm32f0xx_hal_dma.c **** 
  62:Drivers/STM32F0xx_HAL_Driver/Src/stm32f0xx_hal_dma.c ****   @endverbatim
  63:Drivers/STM32F0xx_HAL_Driver/Src/stm32f0xx_hal_dma.c ****   ******************************************************************************
  64:Drivers/STM32F0xx_HAL_Driver/Src/stm32f0xx_hal_dma.c ****   * @attention
  65:Drivers/STM32F0xx_HAL_Driver/Src/stm32f0xx_hal_dma.c ****   *
  66:Drivers/STM32F0xx_HAL_Driver/Src/stm32f0xx_hal_dma.c ****   * Copyright (c) 2016 STMicroelectronics.
  67:Drivers/STM32F0xx_HAL_Driver/Src/stm32f0xx_hal_dma.c ****   * All rights reserved.
  68:Drivers/STM32F0xx_HAL_Driver/Src/stm32f0xx_hal_dma.c ****   *
  69:Drivers/STM32F0xx_HAL_Driver/Src/stm32f0xx_hal_dma.c ****   * This software is licensed under terms that can be found in the LICENSE file in
  70:Drivers/STM32F0xx_HAL_Driver/Src/stm32f0xx_hal_dma.c ****   * the root directory of this software component.
  71:Drivers/STM32F0xx_HAL_Driver/Src/stm32f0xx_hal_dma.c ****   * If no LICENSE file comes with this software, it is provided AS-IS.
  72:Drivers/STM32F0xx_HAL_Driver/Src/stm32f0xx_hal_dma.c ****   *
  73:Drivers/STM32F0xx_HAL_Driver/Src/stm32f0xx_hal_dma.c ****   ******************************************************************************
  74:Drivers/STM32F0xx_HAL_Driver/Src/stm32f0xx_hal_dma.c ****   */
  75:Drivers/STM32F0xx_HAL_Driver/Src/stm32f0xx_hal_dma.c **** 
  76:Drivers/STM32F0xx_HAL_Driver/Src/stm32f0xx_hal_dma.c **** /* Includes ------------------------------------------------------------------*/
  77:Drivers/STM32F0xx_HAL_Driver/Src/stm32f0xx_hal_dma.c **** #include "stm32f0xx_hal.h"
  78:Drivers/STM32F0xx_HAL_Driver/Src/stm32f0xx_hal_dma.c **** 
  79:Drivers/STM32F0xx_HAL_Driver/Src/stm32f0xx_hal_dma.c **** /** @addtogroup STM32F0xx_HAL_Driver
  80:Drivers/STM32F0xx_HAL_Driver/Src/stm32f0xx_hal_dma.c ****   * @{
  81:Drivers/STM32F0xx_HAL_Driver/Src/stm32f0xx_hal_dma.c ****   */
  82:Drivers/STM32F0xx_HAL_Driver/Src/stm32f0xx_hal_dma.c **** 
  83:Drivers/STM32F0xx_HAL_Driver/Src/stm32f0xx_hal_dma.c **** 
  84:Drivers/STM32F0xx_HAL_Driver/Src/stm32f0xx_hal_dma.c **** /** @defgroup DMA DMA
  85:Drivers/STM32F0xx_HAL_Driver/Src/stm32f0xx_hal_dma.c ****   * @brief DMA HAL module driver
  86:Drivers/STM32F0xx_HAL_Driver/Src/stm32f0xx_hal_dma.c ****   * @{
  87:Drivers/STM32F0xx_HAL_Driver/Src/stm32f0xx_hal_dma.c ****   */
  88:Drivers/STM32F0xx_HAL_Driver/Src/stm32f0xx_hal_dma.c **** 
  89:Drivers/STM32F0xx_HAL_Driver/Src/stm32f0xx_hal_dma.c **** #ifdef HAL_DMA_MODULE_ENABLED
ARM GAS  C:\Users\fastr\AppData\Local\Temp\ccghrJ8b.s 			page 3


  90:Drivers/STM32F0xx_HAL_Driver/Src/stm32f0xx_hal_dma.c **** 
  91:Drivers/STM32F0xx_HAL_Driver/Src/stm32f0xx_hal_dma.c **** /* Private typedef -----------------------------------------------------------*/
  92:Drivers/STM32F0xx_HAL_Driver/Src/stm32f0xx_hal_dma.c **** /* Private define ------------------------------------------------------------*/
  93:Drivers/STM32F0xx_HAL_Driver/Src/stm32f0xx_hal_dma.c **** /* Private macro -------------------------------------------------------------*/
  94:Drivers/STM32F0xx_HAL_Driver/Src/stm32f0xx_hal_dma.c **** /* Private variables ---------------------------------------------------------*/
  95:Drivers/STM32F0xx_HAL_Driver/Src/stm32f0xx_hal_dma.c **** /* Private function prototypes -----------------------------------------------*/
  96:Drivers/STM32F0xx_HAL_Driver/Src/stm32f0xx_hal_dma.c **** /** @defgroup DMA_Private_Functions DMA Private Functions
  97:Drivers/STM32F0xx_HAL_Driver/Src/stm32f0xx_hal_dma.c ****   * @{
  98:Drivers/STM32F0xx_HAL_Driver/Src/stm32f0xx_hal_dma.c ****   */
  99:Drivers/STM32F0xx_HAL_Driver/Src/stm32f0xx_hal_dma.c **** static void DMA_SetConfig(DMA_HandleTypeDef *hdma, uint32_t SrcAddress, uint32_t DstAddress, uint32
 100:Drivers/STM32F0xx_HAL_Driver/Src/stm32f0xx_hal_dma.c **** static void DMA_CalcBaseAndBitshift(DMA_HandleTypeDef *hdma);
 101:Drivers/STM32F0xx_HAL_Driver/Src/stm32f0xx_hal_dma.c **** /**
 102:Drivers/STM32F0xx_HAL_Driver/Src/stm32f0xx_hal_dma.c ****   * @}
 103:Drivers/STM32F0xx_HAL_Driver/Src/stm32f0xx_hal_dma.c ****   */
 104:Drivers/STM32F0xx_HAL_Driver/Src/stm32f0xx_hal_dma.c **** 
 105:Drivers/STM32F0xx_HAL_Driver/Src/stm32f0xx_hal_dma.c **** /* Exported functions ---------------------------------------------------------*/
 106:Drivers/STM32F0xx_HAL_Driver/Src/stm32f0xx_hal_dma.c **** 
 107:Drivers/STM32F0xx_HAL_Driver/Src/stm32f0xx_hal_dma.c **** /** @defgroup DMA_Exported_Functions DMA Exported Functions
 108:Drivers/STM32F0xx_HAL_Driver/Src/stm32f0xx_hal_dma.c ****   * @{
 109:Drivers/STM32F0xx_HAL_Driver/Src/stm32f0xx_hal_dma.c ****   */
 110:Drivers/STM32F0xx_HAL_Driver/Src/stm32f0xx_hal_dma.c **** 
 111:Drivers/STM32F0xx_HAL_Driver/Src/stm32f0xx_hal_dma.c **** /** @defgroup DMA_Exported_Functions_Group1 Initialization and de-initialization functions
 112:Drivers/STM32F0xx_HAL_Driver/Src/stm32f0xx_hal_dma.c ****  *  @brief   Initialization and de-initialization functions
 113:Drivers/STM32F0xx_HAL_Driver/Src/stm32f0xx_hal_dma.c ****  *
 114:Drivers/STM32F0xx_HAL_Driver/Src/stm32f0xx_hal_dma.c **** @verbatim
 115:Drivers/STM32F0xx_HAL_Driver/Src/stm32f0xx_hal_dma.c ****  ===============================================================================
 116:Drivers/STM32F0xx_HAL_Driver/Src/stm32f0xx_hal_dma.c ****              ##### Initialization and de-initialization functions  #####
 117:Drivers/STM32F0xx_HAL_Driver/Src/stm32f0xx_hal_dma.c ****  ===============================================================================
 118:Drivers/STM32F0xx_HAL_Driver/Src/stm32f0xx_hal_dma.c ****     [..]
 119:Drivers/STM32F0xx_HAL_Driver/Src/stm32f0xx_hal_dma.c ****     This section provides functions allowing to initialize the DMA Channel source
 120:Drivers/STM32F0xx_HAL_Driver/Src/stm32f0xx_hal_dma.c ****     and destination addresses, incrementation and data sizes, transfer direction,
 121:Drivers/STM32F0xx_HAL_Driver/Src/stm32f0xx_hal_dma.c ****     circular/normal mode selection, memory-to-memory mode selection and Channel priority value.
 122:Drivers/STM32F0xx_HAL_Driver/Src/stm32f0xx_hal_dma.c ****     [..]
 123:Drivers/STM32F0xx_HAL_Driver/Src/stm32f0xx_hal_dma.c ****     The HAL_DMA_Init() function follows the DMA configuration procedures as described in
 124:Drivers/STM32F0xx_HAL_Driver/Src/stm32f0xx_hal_dma.c ****     reference manual.
 125:Drivers/STM32F0xx_HAL_Driver/Src/stm32f0xx_hal_dma.c **** 
 126:Drivers/STM32F0xx_HAL_Driver/Src/stm32f0xx_hal_dma.c **** @endverbatim
 127:Drivers/STM32F0xx_HAL_Driver/Src/stm32f0xx_hal_dma.c ****   * @{
 128:Drivers/STM32F0xx_HAL_Driver/Src/stm32f0xx_hal_dma.c ****   */
 129:Drivers/STM32F0xx_HAL_Driver/Src/stm32f0xx_hal_dma.c **** 
 130:Drivers/STM32F0xx_HAL_Driver/Src/stm32f0xx_hal_dma.c **** /**
 131:Drivers/STM32F0xx_HAL_Driver/Src/stm32f0xx_hal_dma.c ****   * @brief  Initialize the DMA according to the specified
 132:Drivers/STM32F0xx_HAL_Driver/Src/stm32f0xx_hal_dma.c ****   *         parameters in the DMA_InitTypeDef and initialize the associated handle.
 133:Drivers/STM32F0xx_HAL_Driver/Src/stm32f0xx_hal_dma.c ****   * @param  hdma Pointer to a DMA_HandleTypeDef structure that contains
 134:Drivers/STM32F0xx_HAL_Driver/Src/stm32f0xx_hal_dma.c ****   *               the configuration information for the specified DMA Channel.
 135:Drivers/STM32F0xx_HAL_Driver/Src/stm32f0xx_hal_dma.c ****   * @retval HAL status
 136:Drivers/STM32F0xx_HAL_Driver/Src/stm32f0xx_hal_dma.c ****   */
 137:Drivers/STM32F0xx_HAL_Driver/Src/stm32f0xx_hal_dma.c **** HAL_StatusTypeDef HAL_DMA_Init(DMA_HandleTypeDef *hdma)
 138:Drivers/STM32F0xx_HAL_Driver/Src/stm32f0xx_hal_dma.c **** {
 139:Drivers/STM32F0xx_HAL_Driver/Src/stm32f0xx_hal_dma.c ****   uint32_t tmp = 0U;
 140:Drivers/STM32F0xx_HAL_Driver/Src/stm32f0xx_hal_dma.c **** 
 141:Drivers/STM32F0xx_HAL_Driver/Src/stm32f0xx_hal_dma.c ****   /* Check the DMA handle allocation */
 142:Drivers/STM32F0xx_HAL_Driver/Src/stm32f0xx_hal_dma.c ****   if (NULL == hdma)
 143:Drivers/STM32F0xx_HAL_Driver/Src/stm32f0xx_hal_dma.c ****   {
 144:Drivers/STM32F0xx_HAL_Driver/Src/stm32f0xx_hal_dma.c ****     return HAL_ERROR;
 145:Drivers/STM32F0xx_HAL_Driver/Src/stm32f0xx_hal_dma.c ****   }
 146:Drivers/STM32F0xx_HAL_Driver/Src/stm32f0xx_hal_dma.c **** 
ARM GAS  C:\Users\fastr\AppData\Local\Temp\ccghrJ8b.s 			page 4


 147:Drivers/STM32F0xx_HAL_Driver/Src/stm32f0xx_hal_dma.c ****   /* Check the parameters */
 148:Drivers/STM32F0xx_HAL_Driver/Src/stm32f0xx_hal_dma.c ****   assert_param(IS_DMA_ALL_INSTANCE(hdma->Instance));
 149:Drivers/STM32F0xx_HAL_Driver/Src/stm32f0xx_hal_dma.c ****   assert_param(IS_DMA_DIRECTION(hdma->Init.Direction));
 150:Drivers/STM32F0xx_HAL_Driver/Src/stm32f0xx_hal_dma.c ****   assert_param(IS_DMA_PERIPHERAL_INC_STATE(hdma->Init.PeriphInc));
 151:Drivers/STM32F0xx_HAL_Driver/Src/stm32f0xx_hal_dma.c ****   assert_param(IS_DMA_MEMORY_INC_STATE(hdma->Init.MemInc));
 152:Drivers/STM32F0xx_HAL_Driver/Src/stm32f0xx_hal_dma.c ****   assert_param(IS_DMA_PERIPHERAL_DATA_SIZE(hdma->Init.PeriphDataAlignment));
 153:Drivers/STM32F0xx_HAL_Driver/Src/stm32f0xx_hal_dma.c ****   assert_param(IS_DMA_MEMORY_DATA_SIZE(hdma->Init.MemDataAlignment));
 154:Drivers/STM32F0xx_HAL_Driver/Src/stm32f0xx_hal_dma.c ****   assert_param(IS_DMA_MODE(hdma->Init.Mode));
 155:Drivers/STM32F0xx_HAL_Driver/Src/stm32f0xx_hal_dma.c ****   assert_param(IS_DMA_PRIORITY(hdma->Init.Priority));
 156:Drivers/STM32F0xx_HAL_Driver/Src/stm32f0xx_hal_dma.c **** 
 157:Drivers/STM32F0xx_HAL_Driver/Src/stm32f0xx_hal_dma.c ****   /* Change DMA peripheral state */
 158:Drivers/STM32F0xx_HAL_Driver/Src/stm32f0xx_hal_dma.c ****   hdma->State = HAL_DMA_STATE_BUSY;
 159:Drivers/STM32F0xx_HAL_Driver/Src/stm32f0xx_hal_dma.c **** 
 160:Drivers/STM32F0xx_HAL_Driver/Src/stm32f0xx_hal_dma.c ****   /* Get the CR register value */
 161:Drivers/STM32F0xx_HAL_Driver/Src/stm32f0xx_hal_dma.c ****   tmp = hdma->Instance->CCR;
 162:Drivers/STM32F0xx_HAL_Driver/Src/stm32f0xx_hal_dma.c **** 
 163:Drivers/STM32F0xx_HAL_Driver/Src/stm32f0xx_hal_dma.c ****   /* Clear PL, MSIZE, PSIZE, MINC, PINC, CIRC, DIR bits */
 164:Drivers/STM32F0xx_HAL_Driver/Src/stm32f0xx_hal_dma.c ****   tmp &= ((uint32_t)~(DMA_CCR_PL    | DMA_CCR_MSIZE  | DMA_CCR_PSIZE  | \
 165:Drivers/STM32F0xx_HAL_Driver/Src/stm32f0xx_hal_dma.c ****                       DMA_CCR_MINC  | DMA_CCR_PINC   | DMA_CCR_CIRC   | \
 166:Drivers/STM32F0xx_HAL_Driver/Src/stm32f0xx_hal_dma.c ****                       DMA_CCR_DIR));
 167:Drivers/STM32F0xx_HAL_Driver/Src/stm32f0xx_hal_dma.c **** 
 168:Drivers/STM32F0xx_HAL_Driver/Src/stm32f0xx_hal_dma.c ****   /* Prepare the DMA Channel configuration */
 169:Drivers/STM32F0xx_HAL_Driver/Src/stm32f0xx_hal_dma.c ****   tmp |=  hdma->Init.Direction        |
 170:Drivers/STM32F0xx_HAL_Driver/Src/stm32f0xx_hal_dma.c ****           hdma->Init.PeriphInc           | hdma->Init.MemInc           |
 171:Drivers/STM32F0xx_HAL_Driver/Src/stm32f0xx_hal_dma.c ****           hdma->Init.PeriphDataAlignment | hdma->Init.MemDataAlignment |
 172:Drivers/STM32F0xx_HAL_Driver/Src/stm32f0xx_hal_dma.c ****           hdma->Init.Mode                | hdma->Init.Priority;
 173:Drivers/STM32F0xx_HAL_Driver/Src/stm32f0xx_hal_dma.c **** 
 174:Drivers/STM32F0xx_HAL_Driver/Src/stm32f0xx_hal_dma.c ****   /* Write to DMA Channel CR register */
 175:Drivers/STM32F0xx_HAL_Driver/Src/stm32f0xx_hal_dma.c ****   hdma->Instance->CCR = tmp;
 176:Drivers/STM32F0xx_HAL_Driver/Src/stm32f0xx_hal_dma.c **** 
 177:Drivers/STM32F0xx_HAL_Driver/Src/stm32f0xx_hal_dma.c ****   /* Initialize DmaBaseAddress and ChannelIndex parameters used
 178:Drivers/STM32F0xx_HAL_Driver/Src/stm32f0xx_hal_dma.c ****      by HAL_DMA_IRQHandler() and HAL_DMA_PollForTransfer() */
 179:Drivers/STM32F0xx_HAL_Driver/Src/stm32f0xx_hal_dma.c ****   DMA_CalcBaseAndBitshift(hdma);
 180:Drivers/STM32F0xx_HAL_Driver/Src/stm32f0xx_hal_dma.c **** 
 181:Drivers/STM32F0xx_HAL_Driver/Src/stm32f0xx_hal_dma.c ****   /* Initialise the error code */
 182:Drivers/STM32F0xx_HAL_Driver/Src/stm32f0xx_hal_dma.c ****   hdma->ErrorCode = HAL_DMA_ERROR_NONE;
 183:Drivers/STM32F0xx_HAL_Driver/Src/stm32f0xx_hal_dma.c **** 
 184:Drivers/STM32F0xx_HAL_Driver/Src/stm32f0xx_hal_dma.c ****   /* Initialize the DMA state*/
 185:Drivers/STM32F0xx_HAL_Driver/Src/stm32f0xx_hal_dma.c ****   hdma->State = HAL_DMA_STATE_READY;
 186:Drivers/STM32F0xx_HAL_Driver/Src/stm32f0xx_hal_dma.c **** 
 187:Drivers/STM32F0xx_HAL_Driver/Src/stm32f0xx_hal_dma.c ****   /* Allocate lock resource and initialize it */
 188:Drivers/STM32F0xx_HAL_Driver/Src/stm32f0xx_hal_dma.c ****   hdma->Lock = HAL_UNLOCKED;
 189:Drivers/STM32F0xx_HAL_Driver/Src/stm32f0xx_hal_dma.c **** 
 190:Drivers/STM32F0xx_HAL_Driver/Src/stm32f0xx_hal_dma.c ****   return HAL_OK;
 191:Drivers/STM32F0xx_HAL_Driver/Src/stm32f0xx_hal_dma.c **** }
 192:Drivers/STM32F0xx_HAL_Driver/Src/stm32f0xx_hal_dma.c **** 
 193:Drivers/STM32F0xx_HAL_Driver/Src/stm32f0xx_hal_dma.c **** /**
 194:Drivers/STM32F0xx_HAL_Driver/Src/stm32f0xx_hal_dma.c ****   * @brief  DeInitialize the DMA peripheral
 195:Drivers/STM32F0xx_HAL_Driver/Src/stm32f0xx_hal_dma.c ****   * @param  hdma pointer to a DMA_HandleTypeDef structure that contains
 196:Drivers/STM32F0xx_HAL_Driver/Src/stm32f0xx_hal_dma.c ****   *               the configuration information for the specified DMA Channel.
 197:Drivers/STM32F0xx_HAL_Driver/Src/stm32f0xx_hal_dma.c ****   * @retval HAL status
 198:Drivers/STM32F0xx_HAL_Driver/Src/stm32f0xx_hal_dma.c ****   */
 199:Drivers/STM32F0xx_HAL_Driver/Src/stm32f0xx_hal_dma.c **** HAL_StatusTypeDef HAL_DMA_DeInit(DMA_HandleTypeDef *hdma)
 200:Drivers/STM32F0xx_HAL_Driver/Src/stm32f0xx_hal_dma.c **** {
 201:Drivers/STM32F0xx_HAL_Driver/Src/stm32f0xx_hal_dma.c ****   /* Check the DMA handle allocation */
 202:Drivers/STM32F0xx_HAL_Driver/Src/stm32f0xx_hal_dma.c ****   if (NULL == hdma)
 203:Drivers/STM32F0xx_HAL_Driver/Src/stm32f0xx_hal_dma.c ****   {
ARM GAS  C:\Users\fastr\AppData\Local\Temp\ccghrJ8b.s 			page 5


 204:Drivers/STM32F0xx_HAL_Driver/Src/stm32f0xx_hal_dma.c ****     return HAL_ERROR;
 205:Drivers/STM32F0xx_HAL_Driver/Src/stm32f0xx_hal_dma.c ****   }
 206:Drivers/STM32F0xx_HAL_Driver/Src/stm32f0xx_hal_dma.c **** 
 207:Drivers/STM32F0xx_HAL_Driver/Src/stm32f0xx_hal_dma.c ****   /* Check the parameters */
 208:Drivers/STM32F0xx_HAL_Driver/Src/stm32f0xx_hal_dma.c ****   assert_param(IS_DMA_ALL_INSTANCE(hdma->Instance));
 209:Drivers/STM32F0xx_HAL_Driver/Src/stm32f0xx_hal_dma.c **** 
 210:Drivers/STM32F0xx_HAL_Driver/Src/stm32f0xx_hal_dma.c ****   /* Disable the selected DMA Channelx */
 211:Drivers/STM32F0xx_HAL_Driver/Src/stm32f0xx_hal_dma.c ****   hdma->Instance->CCR &= ~DMA_CCR_EN;
 212:Drivers/STM32F0xx_HAL_Driver/Src/stm32f0xx_hal_dma.c **** 
 213:Drivers/STM32F0xx_HAL_Driver/Src/stm32f0xx_hal_dma.c ****   /* Reset DMA Channel control register */
 214:Drivers/STM32F0xx_HAL_Driver/Src/stm32f0xx_hal_dma.c ****   hdma->Instance->CCR  = 0U;
 215:Drivers/STM32F0xx_HAL_Driver/Src/stm32f0xx_hal_dma.c **** 
 216:Drivers/STM32F0xx_HAL_Driver/Src/stm32f0xx_hal_dma.c ****   /* Reset DMA Channel Number of Data to Transfer register */
 217:Drivers/STM32F0xx_HAL_Driver/Src/stm32f0xx_hal_dma.c ****   hdma->Instance->CNDTR = 0U;
 218:Drivers/STM32F0xx_HAL_Driver/Src/stm32f0xx_hal_dma.c **** 
 219:Drivers/STM32F0xx_HAL_Driver/Src/stm32f0xx_hal_dma.c ****   /* Reset DMA Channel peripheral address register */
 220:Drivers/STM32F0xx_HAL_Driver/Src/stm32f0xx_hal_dma.c ****   hdma->Instance->CPAR  = 0U;
 221:Drivers/STM32F0xx_HAL_Driver/Src/stm32f0xx_hal_dma.c **** 
 222:Drivers/STM32F0xx_HAL_Driver/Src/stm32f0xx_hal_dma.c ****   /* Reset DMA Channel memory address register */
 223:Drivers/STM32F0xx_HAL_Driver/Src/stm32f0xx_hal_dma.c ****   hdma->Instance->CMAR = 0U;
 224:Drivers/STM32F0xx_HAL_Driver/Src/stm32f0xx_hal_dma.c **** 
 225:Drivers/STM32F0xx_HAL_Driver/Src/stm32f0xx_hal_dma.c ****   /* Get DMA Base Address */
 226:Drivers/STM32F0xx_HAL_Driver/Src/stm32f0xx_hal_dma.c ****   DMA_CalcBaseAndBitshift(hdma);
 227:Drivers/STM32F0xx_HAL_Driver/Src/stm32f0xx_hal_dma.c **** 
 228:Drivers/STM32F0xx_HAL_Driver/Src/stm32f0xx_hal_dma.c ****   /* Clear all flags */
 229:Drivers/STM32F0xx_HAL_Driver/Src/stm32f0xx_hal_dma.c ****   hdma->DmaBaseAddress->IFCR = DMA_FLAG_GL1 << hdma->ChannelIndex;
 230:Drivers/STM32F0xx_HAL_Driver/Src/stm32f0xx_hal_dma.c **** 
 231:Drivers/STM32F0xx_HAL_Driver/Src/stm32f0xx_hal_dma.c ****   /* Clean callbacks */
 232:Drivers/STM32F0xx_HAL_Driver/Src/stm32f0xx_hal_dma.c ****   hdma->XferCpltCallback = NULL;
 233:Drivers/STM32F0xx_HAL_Driver/Src/stm32f0xx_hal_dma.c ****   hdma->XferHalfCpltCallback = NULL;
 234:Drivers/STM32F0xx_HAL_Driver/Src/stm32f0xx_hal_dma.c ****   hdma->XferErrorCallback = NULL;
 235:Drivers/STM32F0xx_HAL_Driver/Src/stm32f0xx_hal_dma.c ****   hdma->XferAbortCallback = NULL;
 236:Drivers/STM32F0xx_HAL_Driver/Src/stm32f0xx_hal_dma.c **** 
 237:Drivers/STM32F0xx_HAL_Driver/Src/stm32f0xx_hal_dma.c ****   /* Reset the error code */
 238:Drivers/STM32F0xx_HAL_Driver/Src/stm32f0xx_hal_dma.c ****   hdma->ErrorCode = HAL_DMA_ERROR_NONE;
 239:Drivers/STM32F0xx_HAL_Driver/Src/stm32f0xx_hal_dma.c **** 
 240:Drivers/STM32F0xx_HAL_Driver/Src/stm32f0xx_hal_dma.c ****   /* Reset the DMA state */
 241:Drivers/STM32F0xx_HAL_Driver/Src/stm32f0xx_hal_dma.c ****   hdma->State = HAL_DMA_STATE_RESET;
 242:Drivers/STM32F0xx_HAL_Driver/Src/stm32f0xx_hal_dma.c **** 
 243:Drivers/STM32F0xx_HAL_Driver/Src/stm32f0xx_hal_dma.c ****   /* Release Lock */
 244:Drivers/STM32F0xx_HAL_Driver/Src/stm32f0xx_hal_dma.c ****   __HAL_UNLOCK(hdma);
 245:Drivers/STM32F0xx_HAL_Driver/Src/stm32f0xx_hal_dma.c **** 
 246:Drivers/STM32F0xx_HAL_Driver/Src/stm32f0xx_hal_dma.c ****   return HAL_OK;
 247:Drivers/STM32F0xx_HAL_Driver/Src/stm32f0xx_hal_dma.c **** }
 248:Drivers/STM32F0xx_HAL_Driver/Src/stm32f0xx_hal_dma.c **** 
 249:Drivers/STM32F0xx_HAL_Driver/Src/stm32f0xx_hal_dma.c **** /**
 250:Drivers/STM32F0xx_HAL_Driver/Src/stm32f0xx_hal_dma.c ****   * @}
 251:Drivers/STM32F0xx_HAL_Driver/Src/stm32f0xx_hal_dma.c ****   */
 252:Drivers/STM32F0xx_HAL_Driver/Src/stm32f0xx_hal_dma.c **** 
 253:Drivers/STM32F0xx_HAL_Driver/Src/stm32f0xx_hal_dma.c **** /** @defgroup DMA_Exported_Functions_Group2 Input and Output operation functions
 254:Drivers/STM32F0xx_HAL_Driver/Src/stm32f0xx_hal_dma.c ****  *  @brief   I/O operation functions
 255:Drivers/STM32F0xx_HAL_Driver/Src/stm32f0xx_hal_dma.c ****  *
 256:Drivers/STM32F0xx_HAL_Driver/Src/stm32f0xx_hal_dma.c **** @verbatim
 257:Drivers/STM32F0xx_HAL_Driver/Src/stm32f0xx_hal_dma.c ****  ===============================================================================
 258:Drivers/STM32F0xx_HAL_Driver/Src/stm32f0xx_hal_dma.c ****                       #####  IO operation functions  #####
 259:Drivers/STM32F0xx_HAL_Driver/Src/stm32f0xx_hal_dma.c ****  ===============================================================================
 260:Drivers/STM32F0xx_HAL_Driver/Src/stm32f0xx_hal_dma.c ****     [..]  This section provides functions allowing to:
ARM GAS  C:\Users\fastr\AppData\Local\Temp\ccghrJ8b.s 			page 6


 261:Drivers/STM32F0xx_HAL_Driver/Src/stm32f0xx_hal_dma.c ****       (+) Configure the source, destination address and data length and Start DMA transfer
 262:Drivers/STM32F0xx_HAL_Driver/Src/stm32f0xx_hal_dma.c ****       (+) Configure the source, destination address and data length and
 263:Drivers/STM32F0xx_HAL_Driver/Src/stm32f0xx_hal_dma.c ****           Start DMA transfer with interrupt
 264:Drivers/STM32F0xx_HAL_Driver/Src/stm32f0xx_hal_dma.c ****       (+) Abort DMA transfer
 265:Drivers/STM32F0xx_HAL_Driver/Src/stm32f0xx_hal_dma.c ****       (+) Poll for transfer complete
 266:Drivers/STM32F0xx_HAL_Driver/Src/stm32f0xx_hal_dma.c ****       (+) Handle DMA interrupt request
 267:Drivers/STM32F0xx_HAL_Driver/Src/stm32f0xx_hal_dma.c **** 
 268:Drivers/STM32F0xx_HAL_Driver/Src/stm32f0xx_hal_dma.c **** @endverbatim
 269:Drivers/STM32F0xx_HAL_Driver/Src/stm32f0xx_hal_dma.c ****   * @{
 270:Drivers/STM32F0xx_HAL_Driver/Src/stm32f0xx_hal_dma.c ****   */
 271:Drivers/STM32F0xx_HAL_Driver/Src/stm32f0xx_hal_dma.c **** 
 272:Drivers/STM32F0xx_HAL_Driver/Src/stm32f0xx_hal_dma.c **** /**
 273:Drivers/STM32F0xx_HAL_Driver/Src/stm32f0xx_hal_dma.c ****   * @brief  Start the DMA Transfer.
 274:Drivers/STM32F0xx_HAL_Driver/Src/stm32f0xx_hal_dma.c ****   * @param  hdma pointer to a DMA_HandleTypeDef structure that contains
 275:Drivers/STM32F0xx_HAL_Driver/Src/stm32f0xx_hal_dma.c ****   *              the configuration information for the specified DMA Channel.
 276:Drivers/STM32F0xx_HAL_Driver/Src/stm32f0xx_hal_dma.c ****   * @param  SrcAddress The source memory Buffer address
 277:Drivers/STM32F0xx_HAL_Driver/Src/stm32f0xx_hal_dma.c ****   * @param  DstAddress The destination memory Buffer address
 278:Drivers/STM32F0xx_HAL_Driver/Src/stm32f0xx_hal_dma.c ****   * @param  DataLength The length of data to be transferred from source to destination
 279:Drivers/STM32F0xx_HAL_Driver/Src/stm32f0xx_hal_dma.c ****   * @retval HAL status
 280:Drivers/STM32F0xx_HAL_Driver/Src/stm32f0xx_hal_dma.c ****   */
 281:Drivers/STM32F0xx_HAL_Driver/Src/stm32f0xx_hal_dma.c **** HAL_StatusTypeDef HAL_DMA_Start(DMA_HandleTypeDef *hdma, uint32_t SrcAddress, uint32_t DstAddress, 
 282:Drivers/STM32F0xx_HAL_Driver/Src/stm32f0xx_hal_dma.c **** {
 283:Drivers/STM32F0xx_HAL_Driver/Src/stm32f0xx_hal_dma.c ****   HAL_StatusTypeDef status = HAL_OK;
 284:Drivers/STM32F0xx_HAL_Driver/Src/stm32f0xx_hal_dma.c **** 
 285:Drivers/STM32F0xx_HAL_Driver/Src/stm32f0xx_hal_dma.c ****   /* Check the parameters */
 286:Drivers/STM32F0xx_HAL_Driver/Src/stm32f0xx_hal_dma.c ****   assert_param(IS_DMA_BUFFER_SIZE(DataLength));
 287:Drivers/STM32F0xx_HAL_Driver/Src/stm32f0xx_hal_dma.c **** 
 288:Drivers/STM32F0xx_HAL_Driver/Src/stm32f0xx_hal_dma.c ****   /* Process locked */
 289:Drivers/STM32F0xx_HAL_Driver/Src/stm32f0xx_hal_dma.c ****   __HAL_LOCK(hdma);
 290:Drivers/STM32F0xx_HAL_Driver/Src/stm32f0xx_hal_dma.c **** 
 291:Drivers/STM32F0xx_HAL_Driver/Src/stm32f0xx_hal_dma.c ****   if (HAL_DMA_STATE_READY == hdma->State)
 292:Drivers/STM32F0xx_HAL_Driver/Src/stm32f0xx_hal_dma.c ****   {
 293:Drivers/STM32F0xx_HAL_Driver/Src/stm32f0xx_hal_dma.c ****     /* Change DMA peripheral state */
 294:Drivers/STM32F0xx_HAL_Driver/Src/stm32f0xx_hal_dma.c ****     hdma->State = HAL_DMA_STATE_BUSY;
 295:Drivers/STM32F0xx_HAL_Driver/Src/stm32f0xx_hal_dma.c **** 
 296:Drivers/STM32F0xx_HAL_Driver/Src/stm32f0xx_hal_dma.c ****     hdma->ErrorCode = HAL_DMA_ERROR_NONE;
 297:Drivers/STM32F0xx_HAL_Driver/Src/stm32f0xx_hal_dma.c **** 
 298:Drivers/STM32F0xx_HAL_Driver/Src/stm32f0xx_hal_dma.c ****     /* Disable the peripheral */
 299:Drivers/STM32F0xx_HAL_Driver/Src/stm32f0xx_hal_dma.c ****     hdma->Instance->CCR &= ~DMA_CCR_EN;
 300:Drivers/STM32F0xx_HAL_Driver/Src/stm32f0xx_hal_dma.c **** 
 301:Drivers/STM32F0xx_HAL_Driver/Src/stm32f0xx_hal_dma.c ****     /* Configure the source, destination address and the data length */
 302:Drivers/STM32F0xx_HAL_Driver/Src/stm32f0xx_hal_dma.c ****     DMA_SetConfig(hdma, SrcAddress, DstAddress, DataLength);
 303:Drivers/STM32F0xx_HAL_Driver/Src/stm32f0xx_hal_dma.c **** 
 304:Drivers/STM32F0xx_HAL_Driver/Src/stm32f0xx_hal_dma.c ****     /* Enable the Peripheral */
 305:Drivers/STM32F0xx_HAL_Driver/Src/stm32f0xx_hal_dma.c ****     hdma->Instance->CCR |= DMA_CCR_EN;
 306:Drivers/STM32F0xx_HAL_Driver/Src/stm32f0xx_hal_dma.c ****   }
 307:Drivers/STM32F0xx_HAL_Driver/Src/stm32f0xx_hal_dma.c ****   else
 308:Drivers/STM32F0xx_HAL_Driver/Src/stm32f0xx_hal_dma.c ****   {
 309:Drivers/STM32F0xx_HAL_Driver/Src/stm32f0xx_hal_dma.c ****     /* Process Unlocked */
 310:Drivers/STM32F0xx_HAL_Driver/Src/stm32f0xx_hal_dma.c ****     __HAL_UNLOCK(hdma);
 311:Drivers/STM32F0xx_HAL_Driver/Src/stm32f0xx_hal_dma.c **** 
 312:Drivers/STM32F0xx_HAL_Driver/Src/stm32f0xx_hal_dma.c ****     /* Remain BUSY */
 313:Drivers/STM32F0xx_HAL_Driver/Src/stm32f0xx_hal_dma.c ****     status = HAL_BUSY;
 314:Drivers/STM32F0xx_HAL_Driver/Src/stm32f0xx_hal_dma.c ****   }
 315:Drivers/STM32F0xx_HAL_Driver/Src/stm32f0xx_hal_dma.c **** 
 316:Drivers/STM32F0xx_HAL_Driver/Src/stm32f0xx_hal_dma.c ****   return status;
 317:Drivers/STM32F0xx_HAL_Driver/Src/stm32f0xx_hal_dma.c **** }
ARM GAS  C:\Users\fastr\AppData\Local\Temp\ccghrJ8b.s 			page 7


 318:Drivers/STM32F0xx_HAL_Driver/Src/stm32f0xx_hal_dma.c **** 
 319:Drivers/STM32F0xx_HAL_Driver/Src/stm32f0xx_hal_dma.c **** /**
 320:Drivers/STM32F0xx_HAL_Driver/Src/stm32f0xx_hal_dma.c ****   * @brief  Start the DMA Transfer with interrupt enabled.
 321:Drivers/STM32F0xx_HAL_Driver/Src/stm32f0xx_hal_dma.c ****   * @param  hdma       pointer to a DMA_HandleTypeDef structure that contains
 322:Drivers/STM32F0xx_HAL_Driver/Src/stm32f0xx_hal_dma.c ****   *                     the configuration information for the specified DMA Channel.
 323:Drivers/STM32F0xx_HAL_Driver/Src/stm32f0xx_hal_dma.c ****   * @param  SrcAddress The source memory Buffer address
 324:Drivers/STM32F0xx_HAL_Driver/Src/stm32f0xx_hal_dma.c ****   * @param  DstAddress The destination memory Buffer address
 325:Drivers/STM32F0xx_HAL_Driver/Src/stm32f0xx_hal_dma.c ****   * @param  DataLength The length of data to be transferred from source to destination
 326:Drivers/STM32F0xx_HAL_Driver/Src/stm32f0xx_hal_dma.c ****   * @retval HAL status
 327:Drivers/STM32F0xx_HAL_Driver/Src/stm32f0xx_hal_dma.c ****   */
 328:Drivers/STM32F0xx_HAL_Driver/Src/stm32f0xx_hal_dma.c **** HAL_StatusTypeDef HAL_DMA_Start_IT(DMA_HandleTypeDef *hdma, uint32_t SrcAddress, uint32_t DstAddres
 329:Drivers/STM32F0xx_HAL_Driver/Src/stm32f0xx_hal_dma.c **** {
 330:Drivers/STM32F0xx_HAL_Driver/Src/stm32f0xx_hal_dma.c ****   HAL_StatusTypeDef status = HAL_OK;
 331:Drivers/STM32F0xx_HAL_Driver/Src/stm32f0xx_hal_dma.c **** 
 332:Drivers/STM32F0xx_HAL_Driver/Src/stm32f0xx_hal_dma.c ****   /* Check the parameters */
 333:Drivers/STM32F0xx_HAL_Driver/Src/stm32f0xx_hal_dma.c ****   assert_param(IS_DMA_BUFFER_SIZE(DataLength));
 334:Drivers/STM32F0xx_HAL_Driver/Src/stm32f0xx_hal_dma.c **** 
 335:Drivers/STM32F0xx_HAL_Driver/Src/stm32f0xx_hal_dma.c ****   /* Process locked */
 336:Drivers/STM32F0xx_HAL_Driver/Src/stm32f0xx_hal_dma.c ****   __HAL_LOCK(hdma);
 337:Drivers/STM32F0xx_HAL_Driver/Src/stm32f0xx_hal_dma.c **** 
 338:Drivers/STM32F0xx_HAL_Driver/Src/stm32f0xx_hal_dma.c ****   if (HAL_DMA_STATE_READY == hdma->State)
 339:Drivers/STM32F0xx_HAL_Driver/Src/stm32f0xx_hal_dma.c ****   {
 340:Drivers/STM32F0xx_HAL_Driver/Src/stm32f0xx_hal_dma.c ****     /* Change DMA peripheral state */
 341:Drivers/STM32F0xx_HAL_Driver/Src/stm32f0xx_hal_dma.c ****     hdma->State = HAL_DMA_STATE_BUSY;
 342:Drivers/STM32F0xx_HAL_Driver/Src/stm32f0xx_hal_dma.c **** 
 343:Drivers/STM32F0xx_HAL_Driver/Src/stm32f0xx_hal_dma.c ****     hdma->ErrorCode = HAL_DMA_ERROR_NONE;
 344:Drivers/STM32F0xx_HAL_Driver/Src/stm32f0xx_hal_dma.c **** 
 345:Drivers/STM32F0xx_HAL_Driver/Src/stm32f0xx_hal_dma.c ****     /* Disable the peripheral */
 346:Drivers/STM32F0xx_HAL_Driver/Src/stm32f0xx_hal_dma.c ****     hdma->Instance->CCR &= ~DMA_CCR_EN;
 347:Drivers/STM32F0xx_HAL_Driver/Src/stm32f0xx_hal_dma.c **** 
 348:Drivers/STM32F0xx_HAL_Driver/Src/stm32f0xx_hal_dma.c ****     /* Configure the source, destination address and the data length */
 349:Drivers/STM32F0xx_HAL_Driver/Src/stm32f0xx_hal_dma.c ****     DMA_SetConfig(hdma, SrcAddress, DstAddress, DataLength);
 350:Drivers/STM32F0xx_HAL_Driver/Src/stm32f0xx_hal_dma.c **** 
 351:Drivers/STM32F0xx_HAL_Driver/Src/stm32f0xx_hal_dma.c ****     /* Enable the transfer complete, & transfer error interrupts */
 352:Drivers/STM32F0xx_HAL_Driver/Src/stm32f0xx_hal_dma.c ****     /* Half transfer interrupt is optional: enable it only if associated callback is available */
 353:Drivers/STM32F0xx_HAL_Driver/Src/stm32f0xx_hal_dma.c ****     if (NULL != hdma->XferHalfCpltCallback)
 354:Drivers/STM32F0xx_HAL_Driver/Src/stm32f0xx_hal_dma.c ****     {
 355:Drivers/STM32F0xx_HAL_Driver/Src/stm32f0xx_hal_dma.c ****       hdma->Instance->CCR |= (DMA_IT_TC | DMA_IT_HT | DMA_IT_TE);
 356:Drivers/STM32F0xx_HAL_Driver/Src/stm32f0xx_hal_dma.c ****     }
 357:Drivers/STM32F0xx_HAL_Driver/Src/stm32f0xx_hal_dma.c ****     else
 358:Drivers/STM32F0xx_HAL_Driver/Src/stm32f0xx_hal_dma.c ****     {
 359:Drivers/STM32F0xx_HAL_Driver/Src/stm32f0xx_hal_dma.c ****       hdma->Instance->CCR |= (DMA_IT_TC | DMA_IT_TE);
 360:Drivers/STM32F0xx_HAL_Driver/Src/stm32f0xx_hal_dma.c ****       hdma->Instance->CCR &= ~DMA_IT_HT;
 361:Drivers/STM32F0xx_HAL_Driver/Src/stm32f0xx_hal_dma.c ****     }
 362:Drivers/STM32F0xx_HAL_Driver/Src/stm32f0xx_hal_dma.c **** 
 363:Drivers/STM32F0xx_HAL_Driver/Src/stm32f0xx_hal_dma.c ****     /* Enable the Peripheral */
 364:Drivers/STM32F0xx_HAL_Driver/Src/stm32f0xx_hal_dma.c ****     hdma->Instance->CCR |= DMA_CCR_EN;
 365:Drivers/STM32F0xx_HAL_Driver/Src/stm32f0xx_hal_dma.c ****   }
 366:Drivers/STM32F0xx_HAL_Driver/Src/stm32f0xx_hal_dma.c ****   else
 367:Drivers/STM32F0xx_HAL_Driver/Src/stm32f0xx_hal_dma.c ****   {
 368:Drivers/STM32F0xx_HAL_Driver/Src/stm32f0xx_hal_dma.c ****     /* Process Unlocked */
 369:Drivers/STM32F0xx_HAL_Driver/Src/stm32f0xx_hal_dma.c ****     __HAL_UNLOCK(hdma);
 370:Drivers/STM32F0xx_HAL_Driver/Src/stm32f0xx_hal_dma.c **** 
 371:Drivers/STM32F0xx_HAL_Driver/Src/stm32f0xx_hal_dma.c ****     /* Remain BUSY */
 372:Drivers/STM32F0xx_HAL_Driver/Src/stm32f0xx_hal_dma.c ****     status = HAL_BUSY;
 373:Drivers/STM32F0xx_HAL_Driver/Src/stm32f0xx_hal_dma.c ****   }
 374:Drivers/STM32F0xx_HAL_Driver/Src/stm32f0xx_hal_dma.c **** 
ARM GAS  C:\Users\fastr\AppData\Local\Temp\ccghrJ8b.s 			page 8


 375:Drivers/STM32F0xx_HAL_Driver/Src/stm32f0xx_hal_dma.c ****   return status;
 376:Drivers/STM32F0xx_HAL_Driver/Src/stm32f0xx_hal_dma.c **** }
 377:Drivers/STM32F0xx_HAL_Driver/Src/stm32f0xx_hal_dma.c **** 
 378:Drivers/STM32F0xx_HAL_Driver/Src/stm32f0xx_hal_dma.c **** /**
 379:Drivers/STM32F0xx_HAL_Driver/Src/stm32f0xx_hal_dma.c ****   * @brief  Abort the DMA Transfer.
 380:Drivers/STM32F0xx_HAL_Driver/Src/stm32f0xx_hal_dma.c ****   * @param  hdma  pointer to a DMA_HandleTypeDef structure that contains
 381:Drivers/STM32F0xx_HAL_Driver/Src/stm32f0xx_hal_dma.c ****   *               the configuration information for the specified DMA Channel.
 382:Drivers/STM32F0xx_HAL_Driver/Src/stm32f0xx_hal_dma.c ****   * @retval HAL status
 383:Drivers/STM32F0xx_HAL_Driver/Src/stm32f0xx_hal_dma.c ****   */
 384:Drivers/STM32F0xx_HAL_Driver/Src/stm32f0xx_hal_dma.c **** HAL_StatusTypeDef HAL_DMA_Abort(DMA_HandleTypeDef *hdma)
 385:Drivers/STM32F0xx_HAL_Driver/Src/stm32f0xx_hal_dma.c **** {
 386:Drivers/STM32F0xx_HAL_Driver/Src/stm32f0xx_hal_dma.c ****   if (hdma->State != HAL_DMA_STATE_BUSY)
 387:Drivers/STM32F0xx_HAL_Driver/Src/stm32f0xx_hal_dma.c ****   {
 388:Drivers/STM32F0xx_HAL_Driver/Src/stm32f0xx_hal_dma.c ****     /* no transfer ongoing */
 389:Drivers/STM32F0xx_HAL_Driver/Src/stm32f0xx_hal_dma.c ****     hdma->ErrorCode = HAL_DMA_ERROR_NO_XFER;
 390:Drivers/STM32F0xx_HAL_Driver/Src/stm32f0xx_hal_dma.c **** 
 391:Drivers/STM32F0xx_HAL_Driver/Src/stm32f0xx_hal_dma.c ****     /* Process Unlocked */
 392:Drivers/STM32F0xx_HAL_Driver/Src/stm32f0xx_hal_dma.c ****     __HAL_UNLOCK(hdma);
 393:Drivers/STM32F0xx_HAL_Driver/Src/stm32f0xx_hal_dma.c **** 
 394:Drivers/STM32F0xx_HAL_Driver/Src/stm32f0xx_hal_dma.c ****     return HAL_ERROR;
 395:Drivers/STM32F0xx_HAL_Driver/Src/stm32f0xx_hal_dma.c ****   }
 396:Drivers/STM32F0xx_HAL_Driver/Src/stm32f0xx_hal_dma.c ****   else
 397:Drivers/STM32F0xx_HAL_Driver/Src/stm32f0xx_hal_dma.c ****   {
 398:Drivers/STM32F0xx_HAL_Driver/Src/stm32f0xx_hal_dma.c ****     /* Disable DMA IT */
 399:Drivers/STM32F0xx_HAL_Driver/Src/stm32f0xx_hal_dma.c ****     hdma->Instance->CCR &= ~(DMA_IT_TC | DMA_IT_HT | DMA_IT_TE);
 400:Drivers/STM32F0xx_HAL_Driver/Src/stm32f0xx_hal_dma.c **** 
 401:Drivers/STM32F0xx_HAL_Driver/Src/stm32f0xx_hal_dma.c ****     /* Disable the channel */
 402:Drivers/STM32F0xx_HAL_Driver/Src/stm32f0xx_hal_dma.c ****     hdma->Instance->CCR &= ~DMA_CCR_EN;
 403:Drivers/STM32F0xx_HAL_Driver/Src/stm32f0xx_hal_dma.c **** 
 404:Drivers/STM32F0xx_HAL_Driver/Src/stm32f0xx_hal_dma.c ****     /* Clear all flags */
 405:Drivers/STM32F0xx_HAL_Driver/Src/stm32f0xx_hal_dma.c ****     hdma->DmaBaseAddress->IFCR = (DMA_FLAG_GL1 << hdma->ChannelIndex);
 406:Drivers/STM32F0xx_HAL_Driver/Src/stm32f0xx_hal_dma.c ****   }
 407:Drivers/STM32F0xx_HAL_Driver/Src/stm32f0xx_hal_dma.c ****   /* Change the DMA state*/
 408:Drivers/STM32F0xx_HAL_Driver/Src/stm32f0xx_hal_dma.c ****   hdma->State = HAL_DMA_STATE_READY;
 409:Drivers/STM32F0xx_HAL_Driver/Src/stm32f0xx_hal_dma.c **** 
 410:Drivers/STM32F0xx_HAL_Driver/Src/stm32f0xx_hal_dma.c ****   /* Process Unlocked */
 411:Drivers/STM32F0xx_HAL_Driver/Src/stm32f0xx_hal_dma.c ****   __HAL_UNLOCK(hdma);
 412:Drivers/STM32F0xx_HAL_Driver/Src/stm32f0xx_hal_dma.c **** 
 413:Drivers/STM32F0xx_HAL_Driver/Src/stm32f0xx_hal_dma.c ****   return HAL_OK;
 414:Drivers/STM32F0xx_HAL_Driver/Src/stm32f0xx_hal_dma.c **** }
 415:Drivers/STM32F0xx_HAL_Driver/Src/stm32f0xx_hal_dma.c **** 
 416:Drivers/STM32F0xx_HAL_Driver/Src/stm32f0xx_hal_dma.c **** /**
 417:Drivers/STM32F0xx_HAL_Driver/Src/stm32f0xx_hal_dma.c ****   * @brief  Abort the DMA Transfer in Interrupt mode.
 418:Drivers/STM32F0xx_HAL_Driver/Src/stm32f0xx_hal_dma.c ****   * @param  hdma  pointer to a DMA_HandleTypeDef structure that contains
 419:Drivers/STM32F0xx_HAL_Driver/Src/stm32f0xx_hal_dma.c ****   *               the configuration information for the specified DMA Stream.
 420:Drivers/STM32F0xx_HAL_Driver/Src/stm32f0xx_hal_dma.c ****   * @retval HAL status
 421:Drivers/STM32F0xx_HAL_Driver/Src/stm32f0xx_hal_dma.c ****   */
 422:Drivers/STM32F0xx_HAL_Driver/Src/stm32f0xx_hal_dma.c **** HAL_StatusTypeDef HAL_DMA_Abort_IT(DMA_HandleTypeDef *hdma)
 423:Drivers/STM32F0xx_HAL_Driver/Src/stm32f0xx_hal_dma.c **** {
 424:Drivers/STM32F0xx_HAL_Driver/Src/stm32f0xx_hal_dma.c ****   HAL_StatusTypeDef status = HAL_OK;
 425:Drivers/STM32F0xx_HAL_Driver/Src/stm32f0xx_hal_dma.c **** 
 426:Drivers/STM32F0xx_HAL_Driver/Src/stm32f0xx_hal_dma.c ****   if (HAL_DMA_STATE_BUSY != hdma->State)
 427:Drivers/STM32F0xx_HAL_Driver/Src/stm32f0xx_hal_dma.c ****   {
 428:Drivers/STM32F0xx_HAL_Driver/Src/stm32f0xx_hal_dma.c ****     /* no transfer ongoing */
 429:Drivers/STM32F0xx_HAL_Driver/Src/stm32f0xx_hal_dma.c ****     hdma->ErrorCode = HAL_DMA_ERROR_NO_XFER;
 430:Drivers/STM32F0xx_HAL_Driver/Src/stm32f0xx_hal_dma.c **** 
 431:Drivers/STM32F0xx_HAL_Driver/Src/stm32f0xx_hal_dma.c ****     status = HAL_ERROR;
ARM GAS  C:\Users\fastr\AppData\Local\Temp\ccghrJ8b.s 			page 9


 432:Drivers/STM32F0xx_HAL_Driver/Src/stm32f0xx_hal_dma.c ****   }
 433:Drivers/STM32F0xx_HAL_Driver/Src/stm32f0xx_hal_dma.c ****   else
 434:Drivers/STM32F0xx_HAL_Driver/Src/stm32f0xx_hal_dma.c ****   {
 435:Drivers/STM32F0xx_HAL_Driver/Src/stm32f0xx_hal_dma.c **** 
 436:Drivers/STM32F0xx_HAL_Driver/Src/stm32f0xx_hal_dma.c ****     /* Disable DMA IT */
 437:Drivers/STM32F0xx_HAL_Driver/Src/stm32f0xx_hal_dma.c ****     hdma->Instance->CCR &= ~(DMA_IT_TC | DMA_IT_HT | DMA_IT_TE);
 438:Drivers/STM32F0xx_HAL_Driver/Src/stm32f0xx_hal_dma.c **** 
 439:Drivers/STM32F0xx_HAL_Driver/Src/stm32f0xx_hal_dma.c ****     /* Disable the channel */
 440:Drivers/STM32F0xx_HAL_Driver/Src/stm32f0xx_hal_dma.c ****     hdma->Instance->CCR &= ~DMA_CCR_EN;
 441:Drivers/STM32F0xx_HAL_Driver/Src/stm32f0xx_hal_dma.c **** 
 442:Drivers/STM32F0xx_HAL_Driver/Src/stm32f0xx_hal_dma.c ****     /* Clear all flags */
 443:Drivers/STM32F0xx_HAL_Driver/Src/stm32f0xx_hal_dma.c ****     hdma->DmaBaseAddress->IFCR = DMA_FLAG_GL1 << hdma->ChannelIndex;
 444:Drivers/STM32F0xx_HAL_Driver/Src/stm32f0xx_hal_dma.c **** 
 445:Drivers/STM32F0xx_HAL_Driver/Src/stm32f0xx_hal_dma.c ****     /* Change the DMA state */
 446:Drivers/STM32F0xx_HAL_Driver/Src/stm32f0xx_hal_dma.c ****     hdma->State = HAL_DMA_STATE_READY;
 447:Drivers/STM32F0xx_HAL_Driver/Src/stm32f0xx_hal_dma.c **** 
 448:Drivers/STM32F0xx_HAL_Driver/Src/stm32f0xx_hal_dma.c ****     /* Process Unlocked */
 449:Drivers/STM32F0xx_HAL_Driver/Src/stm32f0xx_hal_dma.c ****     __HAL_UNLOCK(hdma);
 450:Drivers/STM32F0xx_HAL_Driver/Src/stm32f0xx_hal_dma.c **** 
 451:Drivers/STM32F0xx_HAL_Driver/Src/stm32f0xx_hal_dma.c ****     /* Call User Abort callback */
 452:Drivers/STM32F0xx_HAL_Driver/Src/stm32f0xx_hal_dma.c ****     if (hdma->XferAbortCallback != NULL)
 453:Drivers/STM32F0xx_HAL_Driver/Src/stm32f0xx_hal_dma.c ****     {
 454:Drivers/STM32F0xx_HAL_Driver/Src/stm32f0xx_hal_dma.c ****       hdma->XferAbortCallback(hdma);
 455:Drivers/STM32F0xx_HAL_Driver/Src/stm32f0xx_hal_dma.c ****     }
 456:Drivers/STM32F0xx_HAL_Driver/Src/stm32f0xx_hal_dma.c ****   }
 457:Drivers/STM32F0xx_HAL_Driver/Src/stm32f0xx_hal_dma.c ****   return status;
 458:Drivers/STM32F0xx_HAL_Driver/Src/stm32f0xx_hal_dma.c **** }
 459:Drivers/STM32F0xx_HAL_Driver/Src/stm32f0xx_hal_dma.c **** 
 460:Drivers/STM32F0xx_HAL_Driver/Src/stm32f0xx_hal_dma.c **** /**
 461:Drivers/STM32F0xx_HAL_Driver/Src/stm32f0xx_hal_dma.c ****   * @brief  Polling for transfer complete.
 462:Drivers/STM32F0xx_HAL_Driver/Src/stm32f0xx_hal_dma.c ****   * @param  hdma    pointer to a DMA_HandleTypeDef structure that contains
 463:Drivers/STM32F0xx_HAL_Driver/Src/stm32f0xx_hal_dma.c ****   *                  the configuration information for the specified DMA Channel.
 464:Drivers/STM32F0xx_HAL_Driver/Src/stm32f0xx_hal_dma.c ****   * @param  CompleteLevel Specifies the DMA level complete.
 465:Drivers/STM32F0xx_HAL_Driver/Src/stm32f0xx_hal_dma.c ****   * @param  Timeout       Timeout duration.
 466:Drivers/STM32F0xx_HAL_Driver/Src/stm32f0xx_hal_dma.c ****   * @retval HAL status
 467:Drivers/STM32F0xx_HAL_Driver/Src/stm32f0xx_hal_dma.c ****   */
 468:Drivers/STM32F0xx_HAL_Driver/Src/stm32f0xx_hal_dma.c **** HAL_StatusTypeDef HAL_DMA_PollForTransfer(DMA_HandleTypeDef *hdma, uint32_t CompleteLevel, uint32_t
 469:Drivers/STM32F0xx_HAL_Driver/Src/stm32f0xx_hal_dma.c **** {
 470:Drivers/STM32F0xx_HAL_Driver/Src/stm32f0xx_hal_dma.c ****   uint32_t temp;
 471:Drivers/STM32F0xx_HAL_Driver/Src/stm32f0xx_hal_dma.c ****   uint32_t tickstart = 0U;
 472:Drivers/STM32F0xx_HAL_Driver/Src/stm32f0xx_hal_dma.c **** 
 473:Drivers/STM32F0xx_HAL_Driver/Src/stm32f0xx_hal_dma.c ****   if (HAL_DMA_STATE_BUSY != hdma->State)
 474:Drivers/STM32F0xx_HAL_Driver/Src/stm32f0xx_hal_dma.c ****   {
 475:Drivers/STM32F0xx_HAL_Driver/Src/stm32f0xx_hal_dma.c ****     /* no transfer ongoing */
 476:Drivers/STM32F0xx_HAL_Driver/Src/stm32f0xx_hal_dma.c ****     hdma->ErrorCode = HAL_DMA_ERROR_NO_XFER;
 477:Drivers/STM32F0xx_HAL_Driver/Src/stm32f0xx_hal_dma.c ****     __HAL_UNLOCK(hdma);
 478:Drivers/STM32F0xx_HAL_Driver/Src/stm32f0xx_hal_dma.c ****     return HAL_ERROR;
 479:Drivers/STM32F0xx_HAL_Driver/Src/stm32f0xx_hal_dma.c ****   }
 480:Drivers/STM32F0xx_HAL_Driver/Src/stm32f0xx_hal_dma.c **** 
 481:Drivers/STM32F0xx_HAL_Driver/Src/stm32f0xx_hal_dma.c ****   /* Polling mode not supported in circular mode */
 482:Drivers/STM32F0xx_HAL_Driver/Src/stm32f0xx_hal_dma.c ****   if (RESET != (hdma->Instance->CCR & DMA_CCR_CIRC))
 483:Drivers/STM32F0xx_HAL_Driver/Src/stm32f0xx_hal_dma.c ****   {
 484:Drivers/STM32F0xx_HAL_Driver/Src/stm32f0xx_hal_dma.c ****     hdma->ErrorCode = HAL_DMA_ERROR_NOT_SUPPORTED;
 485:Drivers/STM32F0xx_HAL_Driver/Src/stm32f0xx_hal_dma.c ****     return HAL_ERROR;
 486:Drivers/STM32F0xx_HAL_Driver/Src/stm32f0xx_hal_dma.c ****   }
 487:Drivers/STM32F0xx_HAL_Driver/Src/stm32f0xx_hal_dma.c **** 
 488:Drivers/STM32F0xx_HAL_Driver/Src/stm32f0xx_hal_dma.c ****   /* Get the level transfer complete flag */
ARM GAS  C:\Users\fastr\AppData\Local\Temp\ccghrJ8b.s 			page 10


 489:Drivers/STM32F0xx_HAL_Driver/Src/stm32f0xx_hal_dma.c ****   if (HAL_DMA_FULL_TRANSFER == CompleteLevel)
 490:Drivers/STM32F0xx_HAL_Driver/Src/stm32f0xx_hal_dma.c ****   {
 491:Drivers/STM32F0xx_HAL_Driver/Src/stm32f0xx_hal_dma.c ****     /* Transfer Complete flag */
 492:Drivers/STM32F0xx_HAL_Driver/Src/stm32f0xx_hal_dma.c ****     temp = DMA_FLAG_TC1 << hdma->ChannelIndex;
 493:Drivers/STM32F0xx_HAL_Driver/Src/stm32f0xx_hal_dma.c ****   }
 494:Drivers/STM32F0xx_HAL_Driver/Src/stm32f0xx_hal_dma.c ****   else
 495:Drivers/STM32F0xx_HAL_Driver/Src/stm32f0xx_hal_dma.c ****   {
 496:Drivers/STM32F0xx_HAL_Driver/Src/stm32f0xx_hal_dma.c ****     /* Half Transfer Complete flag */
 497:Drivers/STM32F0xx_HAL_Driver/Src/stm32f0xx_hal_dma.c ****     temp = DMA_FLAG_HT1 << hdma->ChannelIndex;
 498:Drivers/STM32F0xx_HAL_Driver/Src/stm32f0xx_hal_dma.c ****   }
 499:Drivers/STM32F0xx_HAL_Driver/Src/stm32f0xx_hal_dma.c **** 
 500:Drivers/STM32F0xx_HAL_Driver/Src/stm32f0xx_hal_dma.c ****   /* Get tick */
 501:Drivers/STM32F0xx_HAL_Driver/Src/stm32f0xx_hal_dma.c ****   tickstart = HAL_GetTick();
 502:Drivers/STM32F0xx_HAL_Driver/Src/stm32f0xx_hal_dma.c **** 
 503:Drivers/STM32F0xx_HAL_Driver/Src/stm32f0xx_hal_dma.c ****   while (RESET == (hdma->DmaBaseAddress->ISR & temp))
 504:Drivers/STM32F0xx_HAL_Driver/Src/stm32f0xx_hal_dma.c ****   {
 505:Drivers/STM32F0xx_HAL_Driver/Src/stm32f0xx_hal_dma.c ****     if (RESET != (hdma->DmaBaseAddress->ISR & (DMA_FLAG_TE1 << hdma->ChannelIndex)))
 506:Drivers/STM32F0xx_HAL_Driver/Src/stm32f0xx_hal_dma.c ****     {
 507:Drivers/STM32F0xx_HAL_Driver/Src/stm32f0xx_hal_dma.c ****       /* When a DMA transfer error occurs */
 508:Drivers/STM32F0xx_HAL_Driver/Src/stm32f0xx_hal_dma.c ****       /* A hardware clear of its EN bits is performed */
 509:Drivers/STM32F0xx_HAL_Driver/Src/stm32f0xx_hal_dma.c ****       /* Clear all flags */
 510:Drivers/STM32F0xx_HAL_Driver/Src/stm32f0xx_hal_dma.c ****       hdma->DmaBaseAddress->IFCR = DMA_FLAG_GL1 << hdma->ChannelIndex;
 511:Drivers/STM32F0xx_HAL_Driver/Src/stm32f0xx_hal_dma.c **** 
 512:Drivers/STM32F0xx_HAL_Driver/Src/stm32f0xx_hal_dma.c ****       /* Update error code */
 513:Drivers/STM32F0xx_HAL_Driver/Src/stm32f0xx_hal_dma.c ****       hdma->ErrorCode = HAL_DMA_ERROR_TE;
 514:Drivers/STM32F0xx_HAL_Driver/Src/stm32f0xx_hal_dma.c **** 
 515:Drivers/STM32F0xx_HAL_Driver/Src/stm32f0xx_hal_dma.c ****       /* Change the DMA state */
 516:Drivers/STM32F0xx_HAL_Driver/Src/stm32f0xx_hal_dma.c ****       hdma->State = HAL_DMA_STATE_READY;
 517:Drivers/STM32F0xx_HAL_Driver/Src/stm32f0xx_hal_dma.c **** 
 518:Drivers/STM32F0xx_HAL_Driver/Src/stm32f0xx_hal_dma.c ****       /* Process Unlocked */
 519:Drivers/STM32F0xx_HAL_Driver/Src/stm32f0xx_hal_dma.c ****       __HAL_UNLOCK(hdma);
 520:Drivers/STM32F0xx_HAL_Driver/Src/stm32f0xx_hal_dma.c **** 
 521:Drivers/STM32F0xx_HAL_Driver/Src/stm32f0xx_hal_dma.c ****       return HAL_ERROR;
 522:Drivers/STM32F0xx_HAL_Driver/Src/stm32f0xx_hal_dma.c ****     }
 523:Drivers/STM32F0xx_HAL_Driver/Src/stm32f0xx_hal_dma.c ****     /* Check for the Timeout */
 524:Drivers/STM32F0xx_HAL_Driver/Src/stm32f0xx_hal_dma.c ****     if (Timeout != HAL_MAX_DELAY)
 525:Drivers/STM32F0xx_HAL_Driver/Src/stm32f0xx_hal_dma.c ****     {
 526:Drivers/STM32F0xx_HAL_Driver/Src/stm32f0xx_hal_dma.c ****       if ((Timeout == 0U) || ((HAL_GetTick() - tickstart) > Timeout))
 527:Drivers/STM32F0xx_HAL_Driver/Src/stm32f0xx_hal_dma.c ****       {
 528:Drivers/STM32F0xx_HAL_Driver/Src/stm32f0xx_hal_dma.c ****         /* Update error code */
 529:Drivers/STM32F0xx_HAL_Driver/Src/stm32f0xx_hal_dma.c ****         hdma->ErrorCode = HAL_DMA_ERROR_TIMEOUT;
 530:Drivers/STM32F0xx_HAL_Driver/Src/stm32f0xx_hal_dma.c **** 
 531:Drivers/STM32F0xx_HAL_Driver/Src/stm32f0xx_hal_dma.c ****         /* Change the DMA state */
 532:Drivers/STM32F0xx_HAL_Driver/Src/stm32f0xx_hal_dma.c ****         hdma->State = HAL_DMA_STATE_READY;
 533:Drivers/STM32F0xx_HAL_Driver/Src/stm32f0xx_hal_dma.c **** 
 534:Drivers/STM32F0xx_HAL_Driver/Src/stm32f0xx_hal_dma.c ****         /* Process Unlocked */
 535:Drivers/STM32F0xx_HAL_Driver/Src/stm32f0xx_hal_dma.c ****         __HAL_UNLOCK(hdma);
 536:Drivers/STM32F0xx_HAL_Driver/Src/stm32f0xx_hal_dma.c **** 
 537:Drivers/STM32F0xx_HAL_Driver/Src/stm32f0xx_hal_dma.c ****         return HAL_ERROR;
 538:Drivers/STM32F0xx_HAL_Driver/Src/stm32f0xx_hal_dma.c ****       }
 539:Drivers/STM32F0xx_HAL_Driver/Src/stm32f0xx_hal_dma.c ****     }
 540:Drivers/STM32F0xx_HAL_Driver/Src/stm32f0xx_hal_dma.c ****   }
 541:Drivers/STM32F0xx_HAL_Driver/Src/stm32f0xx_hal_dma.c **** 
 542:Drivers/STM32F0xx_HAL_Driver/Src/stm32f0xx_hal_dma.c ****   if (HAL_DMA_FULL_TRANSFER == CompleteLevel)
 543:Drivers/STM32F0xx_HAL_Driver/Src/stm32f0xx_hal_dma.c ****   {
 544:Drivers/STM32F0xx_HAL_Driver/Src/stm32f0xx_hal_dma.c ****     /* Clear the transfer complete flag */
 545:Drivers/STM32F0xx_HAL_Driver/Src/stm32f0xx_hal_dma.c ****     hdma->DmaBaseAddress->IFCR = DMA_FLAG_TC1 << hdma->ChannelIndex;
ARM GAS  C:\Users\fastr\AppData\Local\Temp\ccghrJ8b.s 			page 11


 546:Drivers/STM32F0xx_HAL_Driver/Src/stm32f0xx_hal_dma.c **** 
 547:Drivers/STM32F0xx_HAL_Driver/Src/stm32f0xx_hal_dma.c ****     /* The selected Channelx EN bit is cleared (DMA is disabled and
 548:Drivers/STM32F0xx_HAL_Driver/Src/stm32f0xx_hal_dma.c ****     all transfers are complete) */
 549:Drivers/STM32F0xx_HAL_Driver/Src/stm32f0xx_hal_dma.c ****     hdma->State = HAL_DMA_STATE_READY;
 550:Drivers/STM32F0xx_HAL_Driver/Src/stm32f0xx_hal_dma.c ****   }
 551:Drivers/STM32F0xx_HAL_Driver/Src/stm32f0xx_hal_dma.c ****   else
 552:Drivers/STM32F0xx_HAL_Driver/Src/stm32f0xx_hal_dma.c ****   {
 553:Drivers/STM32F0xx_HAL_Driver/Src/stm32f0xx_hal_dma.c ****     /* Clear the half transfer complete flag */
 554:Drivers/STM32F0xx_HAL_Driver/Src/stm32f0xx_hal_dma.c ****     hdma->DmaBaseAddress->IFCR = DMA_FLAG_HT1 << hdma->ChannelIndex;
 555:Drivers/STM32F0xx_HAL_Driver/Src/stm32f0xx_hal_dma.c ****   }
 556:Drivers/STM32F0xx_HAL_Driver/Src/stm32f0xx_hal_dma.c **** 
 557:Drivers/STM32F0xx_HAL_Driver/Src/stm32f0xx_hal_dma.c ****   /* Process unlocked */
 558:Drivers/STM32F0xx_HAL_Driver/Src/stm32f0xx_hal_dma.c ****   __HAL_UNLOCK(hdma);
 559:Drivers/STM32F0xx_HAL_Driver/Src/stm32f0xx_hal_dma.c **** 
 560:Drivers/STM32F0xx_HAL_Driver/Src/stm32f0xx_hal_dma.c ****   return HAL_OK;
 561:Drivers/STM32F0xx_HAL_Driver/Src/stm32f0xx_hal_dma.c **** }
 562:Drivers/STM32F0xx_HAL_Driver/Src/stm32f0xx_hal_dma.c **** 
 563:Drivers/STM32F0xx_HAL_Driver/Src/stm32f0xx_hal_dma.c **** /**
 564:Drivers/STM32F0xx_HAL_Driver/Src/stm32f0xx_hal_dma.c ****   * @brief  Handle DMA interrupt request.
 565:Drivers/STM32F0xx_HAL_Driver/Src/stm32f0xx_hal_dma.c ****   * @param  hdma pointer to a DMA_HandleTypeDef structure that contains
 566:Drivers/STM32F0xx_HAL_Driver/Src/stm32f0xx_hal_dma.c ****   *               the configuration information for the specified DMA Channel.
 567:Drivers/STM32F0xx_HAL_Driver/Src/stm32f0xx_hal_dma.c ****   * @retval None
 568:Drivers/STM32F0xx_HAL_Driver/Src/stm32f0xx_hal_dma.c ****   */
 569:Drivers/STM32F0xx_HAL_Driver/Src/stm32f0xx_hal_dma.c **** void HAL_DMA_IRQHandler(DMA_HandleTypeDef *hdma)
 570:Drivers/STM32F0xx_HAL_Driver/Src/stm32f0xx_hal_dma.c **** {
 571:Drivers/STM32F0xx_HAL_Driver/Src/stm32f0xx_hal_dma.c ****   uint32_t flag_it = hdma->DmaBaseAddress->ISR;
 572:Drivers/STM32F0xx_HAL_Driver/Src/stm32f0xx_hal_dma.c ****   uint32_t source_it = hdma->Instance->CCR;
 573:Drivers/STM32F0xx_HAL_Driver/Src/stm32f0xx_hal_dma.c **** 
 574:Drivers/STM32F0xx_HAL_Driver/Src/stm32f0xx_hal_dma.c ****   /* Half Transfer Complete Interrupt management ******************************/
 575:Drivers/STM32F0xx_HAL_Driver/Src/stm32f0xx_hal_dma.c ****   if ((RESET != (flag_it & (DMA_FLAG_HT1 << hdma->ChannelIndex))) && (RESET != (source_it & DMA_IT_
 576:Drivers/STM32F0xx_HAL_Driver/Src/stm32f0xx_hal_dma.c ****   {
 577:Drivers/STM32F0xx_HAL_Driver/Src/stm32f0xx_hal_dma.c ****     /* Disable the half transfer interrupt if the DMA mode is not CIRCULAR */
 578:Drivers/STM32F0xx_HAL_Driver/Src/stm32f0xx_hal_dma.c ****     if ((hdma->Instance->CCR & DMA_CCR_CIRC) == 0U)
 579:Drivers/STM32F0xx_HAL_Driver/Src/stm32f0xx_hal_dma.c ****     {
 580:Drivers/STM32F0xx_HAL_Driver/Src/stm32f0xx_hal_dma.c ****       /* Disable the half transfer interrupt */
 581:Drivers/STM32F0xx_HAL_Driver/Src/stm32f0xx_hal_dma.c ****       hdma->Instance->CCR &= ~DMA_IT_HT;
 582:Drivers/STM32F0xx_HAL_Driver/Src/stm32f0xx_hal_dma.c ****     }
 583:Drivers/STM32F0xx_HAL_Driver/Src/stm32f0xx_hal_dma.c **** 
 584:Drivers/STM32F0xx_HAL_Driver/Src/stm32f0xx_hal_dma.c ****     /* Clear the half transfer complete flag */
 585:Drivers/STM32F0xx_HAL_Driver/Src/stm32f0xx_hal_dma.c ****     hdma->DmaBaseAddress->IFCR = DMA_FLAG_HT1 << hdma->ChannelIndex;
 586:Drivers/STM32F0xx_HAL_Driver/Src/stm32f0xx_hal_dma.c **** 
 587:Drivers/STM32F0xx_HAL_Driver/Src/stm32f0xx_hal_dma.c ****     /* DMA peripheral state is not updated in Half Transfer */
 588:Drivers/STM32F0xx_HAL_Driver/Src/stm32f0xx_hal_dma.c ****     /* State is updated only in Transfer Complete case */
 589:Drivers/STM32F0xx_HAL_Driver/Src/stm32f0xx_hal_dma.c **** 
 590:Drivers/STM32F0xx_HAL_Driver/Src/stm32f0xx_hal_dma.c ****     if (hdma->XferHalfCpltCallback != NULL)
 591:Drivers/STM32F0xx_HAL_Driver/Src/stm32f0xx_hal_dma.c ****     {
 592:Drivers/STM32F0xx_HAL_Driver/Src/stm32f0xx_hal_dma.c ****       /* Half transfer callback */
 593:Drivers/STM32F0xx_HAL_Driver/Src/stm32f0xx_hal_dma.c ****       hdma->XferHalfCpltCallback(hdma);
 594:Drivers/STM32F0xx_HAL_Driver/Src/stm32f0xx_hal_dma.c ****     }
 595:Drivers/STM32F0xx_HAL_Driver/Src/stm32f0xx_hal_dma.c ****   }
 596:Drivers/STM32F0xx_HAL_Driver/Src/stm32f0xx_hal_dma.c **** 
 597:Drivers/STM32F0xx_HAL_Driver/Src/stm32f0xx_hal_dma.c ****   /* Transfer Complete Interrupt management ***********************************/
 598:Drivers/STM32F0xx_HAL_Driver/Src/stm32f0xx_hal_dma.c ****   else if ((RESET != (flag_it & (DMA_FLAG_TC1 << hdma->ChannelIndex))) && (RESET != (source_it & DM
 599:Drivers/STM32F0xx_HAL_Driver/Src/stm32f0xx_hal_dma.c ****   {
 600:Drivers/STM32F0xx_HAL_Driver/Src/stm32f0xx_hal_dma.c ****     if ((hdma->Instance->CCR & DMA_CCR_CIRC) == 0U)
 601:Drivers/STM32F0xx_HAL_Driver/Src/stm32f0xx_hal_dma.c ****     {
 602:Drivers/STM32F0xx_HAL_Driver/Src/stm32f0xx_hal_dma.c ****       /* Disable the transfer complete  & transfer error interrupts */
ARM GAS  C:\Users\fastr\AppData\Local\Temp\ccghrJ8b.s 			page 12


 603:Drivers/STM32F0xx_HAL_Driver/Src/stm32f0xx_hal_dma.c ****       /* if the DMA mode is not CIRCULAR */
 604:Drivers/STM32F0xx_HAL_Driver/Src/stm32f0xx_hal_dma.c ****       hdma->Instance->CCR &= ~(DMA_IT_TC | DMA_IT_TE);
 605:Drivers/STM32F0xx_HAL_Driver/Src/stm32f0xx_hal_dma.c **** 
 606:Drivers/STM32F0xx_HAL_Driver/Src/stm32f0xx_hal_dma.c ****       /* Change the DMA state */
 607:Drivers/STM32F0xx_HAL_Driver/Src/stm32f0xx_hal_dma.c ****       hdma->State = HAL_DMA_STATE_READY;
 608:Drivers/STM32F0xx_HAL_Driver/Src/stm32f0xx_hal_dma.c ****     }
 609:Drivers/STM32F0xx_HAL_Driver/Src/stm32f0xx_hal_dma.c **** 
 610:Drivers/STM32F0xx_HAL_Driver/Src/stm32f0xx_hal_dma.c ****     /* Clear the transfer complete flag */
 611:Drivers/STM32F0xx_HAL_Driver/Src/stm32f0xx_hal_dma.c ****     hdma->DmaBaseAddress->IFCR = DMA_FLAG_TC1 << hdma->ChannelIndex;
 612:Drivers/STM32F0xx_HAL_Driver/Src/stm32f0xx_hal_dma.c **** 
 613:Drivers/STM32F0xx_HAL_Driver/Src/stm32f0xx_hal_dma.c ****     /* Process Unlocked */
 614:Drivers/STM32F0xx_HAL_Driver/Src/stm32f0xx_hal_dma.c ****     __HAL_UNLOCK(hdma);
 615:Drivers/STM32F0xx_HAL_Driver/Src/stm32f0xx_hal_dma.c **** 
 616:Drivers/STM32F0xx_HAL_Driver/Src/stm32f0xx_hal_dma.c ****     if (hdma->XferCpltCallback != NULL)
 617:Drivers/STM32F0xx_HAL_Driver/Src/stm32f0xx_hal_dma.c ****     {
 618:Drivers/STM32F0xx_HAL_Driver/Src/stm32f0xx_hal_dma.c ****       /* Transfer complete callback */
 619:Drivers/STM32F0xx_HAL_Driver/Src/stm32f0xx_hal_dma.c ****       hdma->XferCpltCallback(hdma);
 620:Drivers/STM32F0xx_HAL_Driver/Src/stm32f0xx_hal_dma.c ****     }
 621:Drivers/STM32F0xx_HAL_Driver/Src/stm32f0xx_hal_dma.c ****   }
 622:Drivers/STM32F0xx_HAL_Driver/Src/stm32f0xx_hal_dma.c **** 
 623:Drivers/STM32F0xx_HAL_Driver/Src/stm32f0xx_hal_dma.c ****   /* Transfer Error Interrupt management ***************************************/
 624:Drivers/STM32F0xx_HAL_Driver/Src/stm32f0xx_hal_dma.c ****   else if ((RESET != (flag_it & (DMA_FLAG_TE1 << hdma->ChannelIndex))) && (RESET != (source_it & DM
 625:Drivers/STM32F0xx_HAL_Driver/Src/stm32f0xx_hal_dma.c ****   {
 626:Drivers/STM32F0xx_HAL_Driver/Src/stm32f0xx_hal_dma.c ****     /* When a DMA transfer error occurs */
 627:Drivers/STM32F0xx_HAL_Driver/Src/stm32f0xx_hal_dma.c ****     /* A hardware clear of its EN bits is performed */
 628:Drivers/STM32F0xx_HAL_Driver/Src/stm32f0xx_hal_dma.c ****     /* Then, disable all DMA interrupts */
 629:Drivers/STM32F0xx_HAL_Driver/Src/stm32f0xx_hal_dma.c ****     hdma->Instance->CCR &= ~(DMA_IT_TC | DMA_IT_HT | DMA_IT_TE);
 630:Drivers/STM32F0xx_HAL_Driver/Src/stm32f0xx_hal_dma.c **** 
 631:Drivers/STM32F0xx_HAL_Driver/Src/stm32f0xx_hal_dma.c ****     /* Clear all flags */
 632:Drivers/STM32F0xx_HAL_Driver/Src/stm32f0xx_hal_dma.c ****     hdma->DmaBaseAddress->IFCR = DMA_FLAG_GL1 << hdma->ChannelIndex;
 633:Drivers/STM32F0xx_HAL_Driver/Src/stm32f0xx_hal_dma.c **** 
 634:Drivers/STM32F0xx_HAL_Driver/Src/stm32f0xx_hal_dma.c ****     /* Update error code */
 635:Drivers/STM32F0xx_HAL_Driver/Src/stm32f0xx_hal_dma.c ****     hdma->ErrorCode = HAL_DMA_ERROR_TE;
 636:Drivers/STM32F0xx_HAL_Driver/Src/stm32f0xx_hal_dma.c **** 
 637:Drivers/STM32F0xx_HAL_Driver/Src/stm32f0xx_hal_dma.c ****     /* Change the DMA state */
 638:Drivers/STM32F0xx_HAL_Driver/Src/stm32f0xx_hal_dma.c ****     hdma->State = HAL_DMA_STATE_READY;
 639:Drivers/STM32F0xx_HAL_Driver/Src/stm32f0xx_hal_dma.c **** 
 640:Drivers/STM32F0xx_HAL_Driver/Src/stm32f0xx_hal_dma.c ****     /* Process Unlocked */
 641:Drivers/STM32F0xx_HAL_Driver/Src/stm32f0xx_hal_dma.c ****     __HAL_UNLOCK(hdma);
 642:Drivers/STM32F0xx_HAL_Driver/Src/stm32f0xx_hal_dma.c **** 
 643:Drivers/STM32F0xx_HAL_Driver/Src/stm32f0xx_hal_dma.c ****     if (hdma->XferErrorCallback != NULL)
 644:Drivers/STM32F0xx_HAL_Driver/Src/stm32f0xx_hal_dma.c ****     {
 645:Drivers/STM32F0xx_HAL_Driver/Src/stm32f0xx_hal_dma.c ****       /* Transfer error callback */
 646:Drivers/STM32F0xx_HAL_Driver/Src/stm32f0xx_hal_dma.c ****       hdma->XferErrorCallback(hdma);
 647:Drivers/STM32F0xx_HAL_Driver/Src/stm32f0xx_hal_dma.c ****     }
 648:Drivers/STM32F0xx_HAL_Driver/Src/stm32f0xx_hal_dma.c ****   }
 649:Drivers/STM32F0xx_HAL_Driver/Src/stm32f0xx_hal_dma.c **** }
 650:Drivers/STM32F0xx_HAL_Driver/Src/stm32f0xx_hal_dma.c **** 
 651:Drivers/STM32F0xx_HAL_Driver/Src/stm32f0xx_hal_dma.c **** /**
 652:Drivers/STM32F0xx_HAL_Driver/Src/stm32f0xx_hal_dma.c ****   * @brief  Register callbacks
 653:Drivers/STM32F0xx_HAL_Driver/Src/stm32f0xx_hal_dma.c ****   * @param  hdma                 pointer to a DMA_HandleTypeDef structure that contains
 654:Drivers/STM32F0xx_HAL_Driver/Src/stm32f0xx_hal_dma.c ****   *                               the configuration information for the specified DMA Stream.
 655:Drivers/STM32F0xx_HAL_Driver/Src/stm32f0xx_hal_dma.c ****   * @param  CallbackID           User Callback identifier
 656:Drivers/STM32F0xx_HAL_Driver/Src/stm32f0xx_hal_dma.c ****   *                               a HAL_DMA_CallbackIDTypeDef ENUM as parameter.
 657:Drivers/STM32F0xx_HAL_Driver/Src/stm32f0xx_hal_dma.c ****   * @param  pCallback            pointer to private callback function which has pointer to
 658:Drivers/STM32F0xx_HAL_Driver/Src/stm32f0xx_hal_dma.c ****   *                               a DMA_HandleTypeDef structure as parameter.
 659:Drivers/STM32F0xx_HAL_Driver/Src/stm32f0xx_hal_dma.c ****   * @retval HAL status
ARM GAS  C:\Users\fastr\AppData\Local\Temp\ccghrJ8b.s 			page 13


 660:Drivers/STM32F0xx_HAL_Driver/Src/stm32f0xx_hal_dma.c ****   */
 661:Drivers/STM32F0xx_HAL_Driver/Src/stm32f0xx_hal_dma.c **** HAL_StatusTypeDef HAL_DMA_RegisterCallback(DMA_HandleTypeDef *hdma, HAL_DMA_CallbackIDTypeDef Callb
 662:Drivers/STM32F0xx_HAL_Driver/Src/stm32f0xx_hal_dma.c **** {
 663:Drivers/STM32F0xx_HAL_Driver/Src/stm32f0xx_hal_dma.c ****   HAL_StatusTypeDef status = HAL_OK;
 664:Drivers/STM32F0xx_HAL_Driver/Src/stm32f0xx_hal_dma.c **** 
 665:Drivers/STM32F0xx_HAL_Driver/Src/stm32f0xx_hal_dma.c ****   /* Process locked */
 666:Drivers/STM32F0xx_HAL_Driver/Src/stm32f0xx_hal_dma.c ****   __HAL_LOCK(hdma);
 667:Drivers/STM32F0xx_HAL_Driver/Src/stm32f0xx_hal_dma.c **** 
 668:Drivers/STM32F0xx_HAL_Driver/Src/stm32f0xx_hal_dma.c ****   if (HAL_DMA_STATE_READY == hdma->State)
 669:Drivers/STM32F0xx_HAL_Driver/Src/stm32f0xx_hal_dma.c ****   {
 670:Drivers/STM32F0xx_HAL_Driver/Src/stm32f0xx_hal_dma.c ****     switch (CallbackID)
 671:Drivers/STM32F0xx_HAL_Driver/Src/stm32f0xx_hal_dma.c ****     {
 672:Drivers/STM32F0xx_HAL_Driver/Src/stm32f0xx_hal_dma.c ****       case  HAL_DMA_XFER_CPLT_CB_ID:
 673:Drivers/STM32F0xx_HAL_Driver/Src/stm32f0xx_hal_dma.c ****         hdma->XferCpltCallback = pCallback;
 674:Drivers/STM32F0xx_HAL_Driver/Src/stm32f0xx_hal_dma.c ****         break;
 675:Drivers/STM32F0xx_HAL_Driver/Src/stm32f0xx_hal_dma.c **** 
 676:Drivers/STM32F0xx_HAL_Driver/Src/stm32f0xx_hal_dma.c ****       case  HAL_DMA_XFER_HALFCPLT_CB_ID:
 677:Drivers/STM32F0xx_HAL_Driver/Src/stm32f0xx_hal_dma.c ****         hdma->XferHalfCpltCallback = pCallback;
 678:Drivers/STM32F0xx_HAL_Driver/Src/stm32f0xx_hal_dma.c ****         break;
 679:Drivers/STM32F0xx_HAL_Driver/Src/stm32f0xx_hal_dma.c **** 
 680:Drivers/STM32F0xx_HAL_Driver/Src/stm32f0xx_hal_dma.c ****       case  HAL_DMA_XFER_ERROR_CB_ID:
 681:Drivers/STM32F0xx_HAL_Driver/Src/stm32f0xx_hal_dma.c ****         hdma->XferErrorCallback = pCallback;
 682:Drivers/STM32F0xx_HAL_Driver/Src/stm32f0xx_hal_dma.c ****         break;
 683:Drivers/STM32F0xx_HAL_Driver/Src/stm32f0xx_hal_dma.c **** 
 684:Drivers/STM32F0xx_HAL_Driver/Src/stm32f0xx_hal_dma.c ****       case  HAL_DMA_XFER_ABORT_CB_ID:
 685:Drivers/STM32F0xx_HAL_Driver/Src/stm32f0xx_hal_dma.c ****         hdma->XferAbortCallback = pCallback;
 686:Drivers/STM32F0xx_HAL_Driver/Src/stm32f0xx_hal_dma.c ****         break;
 687:Drivers/STM32F0xx_HAL_Driver/Src/stm32f0xx_hal_dma.c **** 
 688:Drivers/STM32F0xx_HAL_Driver/Src/stm32f0xx_hal_dma.c ****       default:
 689:Drivers/STM32F0xx_HAL_Driver/Src/stm32f0xx_hal_dma.c ****         status = HAL_ERROR;
 690:Drivers/STM32F0xx_HAL_Driver/Src/stm32f0xx_hal_dma.c ****         break;
 691:Drivers/STM32F0xx_HAL_Driver/Src/stm32f0xx_hal_dma.c ****     }
 692:Drivers/STM32F0xx_HAL_Driver/Src/stm32f0xx_hal_dma.c ****   }
 693:Drivers/STM32F0xx_HAL_Driver/Src/stm32f0xx_hal_dma.c ****   else
 694:Drivers/STM32F0xx_HAL_Driver/Src/stm32f0xx_hal_dma.c ****   {
 695:Drivers/STM32F0xx_HAL_Driver/Src/stm32f0xx_hal_dma.c ****     status = HAL_ERROR;
 696:Drivers/STM32F0xx_HAL_Driver/Src/stm32f0xx_hal_dma.c ****   }
 697:Drivers/STM32F0xx_HAL_Driver/Src/stm32f0xx_hal_dma.c **** 
 698:Drivers/STM32F0xx_HAL_Driver/Src/stm32f0xx_hal_dma.c ****   /* Release Lock */
 699:Drivers/STM32F0xx_HAL_Driver/Src/stm32f0xx_hal_dma.c ****   __HAL_UNLOCK(hdma);
 700:Drivers/STM32F0xx_HAL_Driver/Src/stm32f0xx_hal_dma.c **** 
 701:Drivers/STM32F0xx_HAL_Driver/Src/stm32f0xx_hal_dma.c ****   return status;
 702:Drivers/STM32F0xx_HAL_Driver/Src/stm32f0xx_hal_dma.c **** }
 703:Drivers/STM32F0xx_HAL_Driver/Src/stm32f0xx_hal_dma.c **** 
 704:Drivers/STM32F0xx_HAL_Driver/Src/stm32f0xx_hal_dma.c **** /**
 705:Drivers/STM32F0xx_HAL_Driver/Src/stm32f0xx_hal_dma.c ****   * @brief  UnRegister callbacks
 706:Drivers/STM32F0xx_HAL_Driver/Src/stm32f0xx_hal_dma.c ****   * @param  hdma                 pointer to a DMA_HandleTypeDef structure that contains
 707:Drivers/STM32F0xx_HAL_Driver/Src/stm32f0xx_hal_dma.c ****   *                               the configuration information for the specified DMA Stream.
 708:Drivers/STM32F0xx_HAL_Driver/Src/stm32f0xx_hal_dma.c ****   * @param  CallbackID           User Callback identifier
 709:Drivers/STM32F0xx_HAL_Driver/Src/stm32f0xx_hal_dma.c ****   *                               a HAL_DMA_CallbackIDTypeDef ENUM as parameter.
 710:Drivers/STM32F0xx_HAL_Driver/Src/stm32f0xx_hal_dma.c ****   * @retval HAL status
 711:Drivers/STM32F0xx_HAL_Driver/Src/stm32f0xx_hal_dma.c ****   */
 712:Drivers/STM32F0xx_HAL_Driver/Src/stm32f0xx_hal_dma.c **** HAL_StatusTypeDef HAL_DMA_UnRegisterCallback(DMA_HandleTypeDef *hdma, HAL_DMA_CallbackIDTypeDef Cal
 713:Drivers/STM32F0xx_HAL_Driver/Src/stm32f0xx_hal_dma.c **** {
 714:Drivers/STM32F0xx_HAL_Driver/Src/stm32f0xx_hal_dma.c ****   HAL_StatusTypeDef status = HAL_OK;
 715:Drivers/STM32F0xx_HAL_Driver/Src/stm32f0xx_hal_dma.c **** 
 716:Drivers/STM32F0xx_HAL_Driver/Src/stm32f0xx_hal_dma.c ****   /* Process locked */
ARM GAS  C:\Users\fastr\AppData\Local\Temp\ccghrJ8b.s 			page 14


 717:Drivers/STM32F0xx_HAL_Driver/Src/stm32f0xx_hal_dma.c ****   __HAL_LOCK(hdma);
 718:Drivers/STM32F0xx_HAL_Driver/Src/stm32f0xx_hal_dma.c **** 
 719:Drivers/STM32F0xx_HAL_Driver/Src/stm32f0xx_hal_dma.c ****   if (HAL_DMA_STATE_READY == hdma->State)
 720:Drivers/STM32F0xx_HAL_Driver/Src/stm32f0xx_hal_dma.c ****   {
 721:Drivers/STM32F0xx_HAL_Driver/Src/stm32f0xx_hal_dma.c ****     switch (CallbackID)
 722:Drivers/STM32F0xx_HAL_Driver/Src/stm32f0xx_hal_dma.c ****     {
 723:Drivers/STM32F0xx_HAL_Driver/Src/stm32f0xx_hal_dma.c ****       case  HAL_DMA_XFER_CPLT_CB_ID:
 724:Drivers/STM32F0xx_HAL_Driver/Src/stm32f0xx_hal_dma.c ****         hdma->XferCpltCallback = NULL;
 725:Drivers/STM32F0xx_HAL_Driver/Src/stm32f0xx_hal_dma.c ****         break;
 726:Drivers/STM32F0xx_HAL_Driver/Src/stm32f0xx_hal_dma.c **** 
 727:Drivers/STM32F0xx_HAL_Driver/Src/stm32f0xx_hal_dma.c ****       case  HAL_DMA_XFER_HALFCPLT_CB_ID:
 728:Drivers/STM32F0xx_HAL_Driver/Src/stm32f0xx_hal_dma.c ****         hdma->XferHalfCpltCallback = NULL;
 729:Drivers/STM32F0xx_HAL_Driver/Src/stm32f0xx_hal_dma.c ****         break;
 730:Drivers/STM32F0xx_HAL_Driver/Src/stm32f0xx_hal_dma.c **** 
 731:Drivers/STM32F0xx_HAL_Driver/Src/stm32f0xx_hal_dma.c ****       case  HAL_DMA_XFER_ERROR_CB_ID:
 732:Drivers/STM32F0xx_HAL_Driver/Src/stm32f0xx_hal_dma.c ****         hdma->XferErrorCallback = NULL;
 733:Drivers/STM32F0xx_HAL_Driver/Src/stm32f0xx_hal_dma.c ****         break;
 734:Drivers/STM32F0xx_HAL_Driver/Src/stm32f0xx_hal_dma.c **** 
 735:Drivers/STM32F0xx_HAL_Driver/Src/stm32f0xx_hal_dma.c ****       case  HAL_DMA_XFER_ABORT_CB_ID:
 736:Drivers/STM32F0xx_HAL_Driver/Src/stm32f0xx_hal_dma.c ****         hdma->XferAbortCallback = NULL;
 737:Drivers/STM32F0xx_HAL_Driver/Src/stm32f0xx_hal_dma.c ****         break;
 738:Drivers/STM32F0xx_HAL_Driver/Src/stm32f0xx_hal_dma.c **** 
 739:Drivers/STM32F0xx_HAL_Driver/Src/stm32f0xx_hal_dma.c ****       case   HAL_DMA_XFER_ALL_CB_ID:
 740:Drivers/STM32F0xx_HAL_Driver/Src/stm32f0xx_hal_dma.c ****         hdma->XferCpltCallback = NULL;
 741:Drivers/STM32F0xx_HAL_Driver/Src/stm32f0xx_hal_dma.c ****         hdma->XferHalfCpltCallback = NULL;
 742:Drivers/STM32F0xx_HAL_Driver/Src/stm32f0xx_hal_dma.c ****         hdma->XferErrorCallback = NULL;
 743:Drivers/STM32F0xx_HAL_Driver/Src/stm32f0xx_hal_dma.c ****         hdma->XferAbortCallback = NULL;
 744:Drivers/STM32F0xx_HAL_Driver/Src/stm32f0xx_hal_dma.c ****         break;
 745:Drivers/STM32F0xx_HAL_Driver/Src/stm32f0xx_hal_dma.c **** 
 746:Drivers/STM32F0xx_HAL_Driver/Src/stm32f0xx_hal_dma.c ****       default:
 747:Drivers/STM32F0xx_HAL_Driver/Src/stm32f0xx_hal_dma.c ****         status = HAL_ERROR;
 748:Drivers/STM32F0xx_HAL_Driver/Src/stm32f0xx_hal_dma.c ****         break;
 749:Drivers/STM32F0xx_HAL_Driver/Src/stm32f0xx_hal_dma.c ****     }
 750:Drivers/STM32F0xx_HAL_Driver/Src/stm32f0xx_hal_dma.c ****   }
 751:Drivers/STM32F0xx_HAL_Driver/Src/stm32f0xx_hal_dma.c ****   else
 752:Drivers/STM32F0xx_HAL_Driver/Src/stm32f0xx_hal_dma.c ****   {
 753:Drivers/STM32F0xx_HAL_Driver/Src/stm32f0xx_hal_dma.c ****     status = HAL_ERROR;
 754:Drivers/STM32F0xx_HAL_Driver/Src/stm32f0xx_hal_dma.c ****   }
 755:Drivers/STM32F0xx_HAL_Driver/Src/stm32f0xx_hal_dma.c **** 
 756:Drivers/STM32F0xx_HAL_Driver/Src/stm32f0xx_hal_dma.c ****   /* Release Lock */
 757:Drivers/STM32F0xx_HAL_Driver/Src/stm32f0xx_hal_dma.c ****   __HAL_UNLOCK(hdma);
 758:Drivers/STM32F0xx_HAL_Driver/Src/stm32f0xx_hal_dma.c **** 
 759:Drivers/STM32F0xx_HAL_Driver/Src/stm32f0xx_hal_dma.c ****   return status;
 760:Drivers/STM32F0xx_HAL_Driver/Src/stm32f0xx_hal_dma.c **** }
 761:Drivers/STM32F0xx_HAL_Driver/Src/stm32f0xx_hal_dma.c **** 
 762:Drivers/STM32F0xx_HAL_Driver/Src/stm32f0xx_hal_dma.c **** /**
 763:Drivers/STM32F0xx_HAL_Driver/Src/stm32f0xx_hal_dma.c ****   * @}
 764:Drivers/STM32F0xx_HAL_Driver/Src/stm32f0xx_hal_dma.c ****   */
 765:Drivers/STM32F0xx_HAL_Driver/Src/stm32f0xx_hal_dma.c **** 
 766:Drivers/STM32F0xx_HAL_Driver/Src/stm32f0xx_hal_dma.c **** /** @defgroup DMA_Exported_Functions_Group3 Peripheral State functions
 767:Drivers/STM32F0xx_HAL_Driver/Src/stm32f0xx_hal_dma.c ****  *  @brief    Peripheral State functions
 768:Drivers/STM32F0xx_HAL_Driver/Src/stm32f0xx_hal_dma.c ****  *
 769:Drivers/STM32F0xx_HAL_Driver/Src/stm32f0xx_hal_dma.c **** @verbatim
 770:Drivers/STM32F0xx_HAL_Driver/Src/stm32f0xx_hal_dma.c ****  ===============================================================================
 771:Drivers/STM32F0xx_HAL_Driver/Src/stm32f0xx_hal_dma.c ****                     ##### State and Errors functions #####
 772:Drivers/STM32F0xx_HAL_Driver/Src/stm32f0xx_hal_dma.c ****  ===============================================================================
 773:Drivers/STM32F0xx_HAL_Driver/Src/stm32f0xx_hal_dma.c ****     [..]
ARM GAS  C:\Users\fastr\AppData\Local\Temp\ccghrJ8b.s 			page 15


 774:Drivers/STM32F0xx_HAL_Driver/Src/stm32f0xx_hal_dma.c ****     This subsection provides functions allowing to
 775:Drivers/STM32F0xx_HAL_Driver/Src/stm32f0xx_hal_dma.c ****       (+) Check the DMA state
 776:Drivers/STM32F0xx_HAL_Driver/Src/stm32f0xx_hal_dma.c ****       (+) Get error code
 777:Drivers/STM32F0xx_HAL_Driver/Src/stm32f0xx_hal_dma.c **** 
 778:Drivers/STM32F0xx_HAL_Driver/Src/stm32f0xx_hal_dma.c **** @endverbatim
 779:Drivers/STM32F0xx_HAL_Driver/Src/stm32f0xx_hal_dma.c ****   * @{
 780:Drivers/STM32F0xx_HAL_Driver/Src/stm32f0xx_hal_dma.c ****   */
 781:Drivers/STM32F0xx_HAL_Driver/Src/stm32f0xx_hal_dma.c **** 
 782:Drivers/STM32F0xx_HAL_Driver/Src/stm32f0xx_hal_dma.c **** /**
 783:Drivers/STM32F0xx_HAL_Driver/Src/stm32f0xx_hal_dma.c ****   * @brief  Returns the DMA state.
 784:Drivers/STM32F0xx_HAL_Driver/Src/stm32f0xx_hal_dma.c ****   * @param  hdma pointer to a DMA_HandleTypeDef structure that contains
 785:Drivers/STM32F0xx_HAL_Driver/Src/stm32f0xx_hal_dma.c ****   *               the configuration information for the specified DMA Channel.
 786:Drivers/STM32F0xx_HAL_Driver/Src/stm32f0xx_hal_dma.c ****   * @retval HAL state
 787:Drivers/STM32F0xx_HAL_Driver/Src/stm32f0xx_hal_dma.c ****   */
 788:Drivers/STM32F0xx_HAL_Driver/Src/stm32f0xx_hal_dma.c **** HAL_DMA_StateTypeDef HAL_DMA_GetState(DMA_HandleTypeDef *hdma)
 789:Drivers/STM32F0xx_HAL_Driver/Src/stm32f0xx_hal_dma.c **** {
 790:Drivers/STM32F0xx_HAL_Driver/Src/stm32f0xx_hal_dma.c ****   return hdma->State;
 791:Drivers/STM32F0xx_HAL_Driver/Src/stm32f0xx_hal_dma.c **** }
 792:Drivers/STM32F0xx_HAL_Driver/Src/stm32f0xx_hal_dma.c **** 
 793:Drivers/STM32F0xx_HAL_Driver/Src/stm32f0xx_hal_dma.c **** /**
 794:Drivers/STM32F0xx_HAL_Driver/Src/stm32f0xx_hal_dma.c ****   * @brief  Return the DMA error code
 795:Drivers/STM32F0xx_HAL_Driver/Src/stm32f0xx_hal_dma.c ****   * @param  hdma pointer to a DMA_HandleTypeDef structure that contains
 796:Drivers/STM32F0xx_HAL_Driver/Src/stm32f0xx_hal_dma.c ****   *              the configuration information for the specified DMA Channel.
 797:Drivers/STM32F0xx_HAL_Driver/Src/stm32f0xx_hal_dma.c ****   * @retval DMA Error Code
 798:Drivers/STM32F0xx_HAL_Driver/Src/stm32f0xx_hal_dma.c ****   */
 799:Drivers/STM32F0xx_HAL_Driver/Src/stm32f0xx_hal_dma.c **** uint32_t HAL_DMA_GetError(DMA_HandleTypeDef *hdma)
 800:Drivers/STM32F0xx_HAL_Driver/Src/stm32f0xx_hal_dma.c **** {
 801:Drivers/STM32F0xx_HAL_Driver/Src/stm32f0xx_hal_dma.c ****   return hdma->ErrorCode;
 802:Drivers/STM32F0xx_HAL_Driver/Src/stm32f0xx_hal_dma.c **** }
 803:Drivers/STM32F0xx_HAL_Driver/Src/stm32f0xx_hal_dma.c **** 
 804:Drivers/STM32F0xx_HAL_Driver/Src/stm32f0xx_hal_dma.c **** /**
 805:Drivers/STM32F0xx_HAL_Driver/Src/stm32f0xx_hal_dma.c ****   * @}
 806:Drivers/STM32F0xx_HAL_Driver/Src/stm32f0xx_hal_dma.c ****   */
 807:Drivers/STM32F0xx_HAL_Driver/Src/stm32f0xx_hal_dma.c **** 
 808:Drivers/STM32F0xx_HAL_Driver/Src/stm32f0xx_hal_dma.c **** /**
 809:Drivers/STM32F0xx_HAL_Driver/Src/stm32f0xx_hal_dma.c ****   * @}
 810:Drivers/STM32F0xx_HAL_Driver/Src/stm32f0xx_hal_dma.c ****   */
 811:Drivers/STM32F0xx_HAL_Driver/Src/stm32f0xx_hal_dma.c **** 
 812:Drivers/STM32F0xx_HAL_Driver/Src/stm32f0xx_hal_dma.c **** /** @addtogroup DMA_Private_Functions
 813:Drivers/STM32F0xx_HAL_Driver/Src/stm32f0xx_hal_dma.c ****   * @{
 814:Drivers/STM32F0xx_HAL_Driver/Src/stm32f0xx_hal_dma.c ****   */
 815:Drivers/STM32F0xx_HAL_Driver/Src/stm32f0xx_hal_dma.c **** 
 816:Drivers/STM32F0xx_HAL_Driver/Src/stm32f0xx_hal_dma.c **** /**
 817:Drivers/STM32F0xx_HAL_Driver/Src/stm32f0xx_hal_dma.c ****   * @brief  Set the DMA Transfer parameters.
 818:Drivers/STM32F0xx_HAL_Driver/Src/stm32f0xx_hal_dma.c ****   * @param  hdma       pointer to a DMA_HandleTypeDef structure that contains
 819:Drivers/STM32F0xx_HAL_Driver/Src/stm32f0xx_hal_dma.c ****   *                     the configuration information for the specified DMA Channel.
 820:Drivers/STM32F0xx_HAL_Driver/Src/stm32f0xx_hal_dma.c ****   * @param  SrcAddress The source memory Buffer address
 821:Drivers/STM32F0xx_HAL_Driver/Src/stm32f0xx_hal_dma.c ****   * @param  DstAddress The destination memory Buffer address
 822:Drivers/STM32F0xx_HAL_Driver/Src/stm32f0xx_hal_dma.c ****   * @param  DataLength The length of data to be transferred from source to destination
 823:Drivers/STM32F0xx_HAL_Driver/Src/stm32f0xx_hal_dma.c ****   * @retval HAL status
 824:Drivers/STM32F0xx_HAL_Driver/Src/stm32f0xx_hal_dma.c ****   */
 825:Drivers/STM32F0xx_HAL_Driver/Src/stm32f0xx_hal_dma.c **** static void DMA_SetConfig(DMA_HandleTypeDef *hdma, uint32_t SrcAddress, uint32_t DstAddress, uint32
 826:Drivers/STM32F0xx_HAL_Driver/Src/stm32f0xx_hal_dma.c **** {
  27              		.loc 1 826 1 view -0
  28              		.cfi_startproc
  29              		@ args = 0, pretend = 0, frame = 0
  30              		@ frame_needed = 0, uses_anonymous_args = 0
ARM GAS  C:\Users\fastr\AppData\Local\Temp\ccghrJ8b.s 			page 16


  31              		.loc 1 826 1 is_stmt 0 view .LVU1
  32 0000 70B5     		push	{r4, r5, r6, lr}
  33              		.cfi_def_cfa_offset 16
  34              		.cfi_offset 4, -16
  35              		.cfi_offset 5, -12
  36              		.cfi_offset 6, -8
  37              		.cfi_offset 14, -4
 827:Drivers/STM32F0xx_HAL_Driver/Src/stm32f0xx_hal_dma.c ****   /* Clear all flags */
 828:Drivers/STM32F0xx_HAL_Driver/Src/stm32f0xx_hal_dma.c ****   hdma->DmaBaseAddress->IFCR  = (DMA_FLAG_GL1 << hdma->ChannelIndex);
  38              		.loc 1 828 3 is_stmt 1 view .LVU2
  39              		.loc 1 828 54 is_stmt 0 view .LVU3
  40 0002 056C     		ldr	r5, [r0, #64]
  41              		.loc 1 828 7 view .LVU4
  42 0004 C46B     		ldr	r4, [r0, #60]
  43              		.loc 1 828 47 view .LVU5
  44 0006 0126     		movs	r6, #1
  45 0008 AE40     		lsls	r6, r6, r5
  46              		.loc 1 828 31 view .LVU6
  47 000a 6660     		str	r6, [r4, #4]
 829:Drivers/STM32F0xx_HAL_Driver/Src/stm32f0xx_hal_dma.c **** 
 830:Drivers/STM32F0xx_HAL_Driver/Src/stm32f0xx_hal_dma.c ****   /* Configure DMA Channel data length */
 831:Drivers/STM32F0xx_HAL_Driver/Src/stm32f0xx_hal_dma.c ****   hdma->Instance->CNDTR = DataLength;
  48              		.loc 1 831 3 is_stmt 1 view .LVU7
  49              		.loc 1 831 7 is_stmt 0 view .LVU8
  50 000c 0468     		ldr	r4, [r0]
  51              		.loc 1 831 25 view .LVU9
  52 000e 6360     		str	r3, [r4, #4]
 832:Drivers/STM32F0xx_HAL_Driver/Src/stm32f0xx_hal_dma.c **** 
 833:Drivers/STM32F0xx_HAL_Driver/Src/stm32f0xx_hal_dma.c ****   /* Memory to Peripheral */
 834:Drivers/STM32F0xx_HAL_Driver/Src/stm32f0xx_hal_dma.c ****   if ((hdma->Init.Direction) == DMA_MEMORY_TO_PERIPH)
  53              		.loc 1 834 3 is_stmt 1 view .LVU10
  54              		.loc 1 834 18 is_stmt 0 view .LVU11
  55 0010 4368     		ldr	r3, [r0, #4]
  56              	.LVL1:
  57              		.loc 1 834 6 view .LVU12
  58 0012 102B     		cmp	r3, #16
  59 0014 04D0     		beq	.L4
 835:Drivers/STM32F0xx_HAL_Driver/Src/stm32f0xx_hal_dma.c ****   {
 836:Drivers/STM32F0xx_HAL_Driver/Src/stm32f0xx_hal_dma.c ****     /* Configure DMA Channel destination address */
 837:Drivers/STM32F0xx_HAL_Driver/Src/stm32f0xx_hal_dma.c ****     hdma->Instance->CPAR = DstAddress;
 838:Drivers/STM32F0xx_HAL_Driver/Src/stm32f0xx_hal_dma.c **** 
 839:Drivers/STM32F0xx_HAL_Driver/Src/stm32f0xx_hal_dma.c ****     /* Configure DMA Channel source address */
 840:Drivers/STM32F0xx_HAL_Driver/Src/stm32f0xx_hal_dma.c ****     hdma->Instance->CMAR = SrcAddress;
 841:Drivers/STM32F0xx_HAL_Driver/Src/stm32f0xx_hal_dma.c ****   }
 842:Drivers/STM32F0xx_HAL_Driver/Src/stm32f0xx_hal_dma.c ****   /* Peripheral to Memory */
 843:Drivers/STM32F0xx_HAL_Driver/Src/stm32f0xx_hal_dma.c ****   else
 844:Drivers/STM32F0xx_HAL_Driver/Src/stm32f0xx_hal_dma.c ****   {
 845:Drivers/STM32F0xx_HAL_Driver/Src/stm32f0xx_hal_dma.c ****     /* Configure DMA Channel source address */
 846:Drivers/STM32F0xx_HAL_Driver/Src/stm32f0xx_hal_dma.c ****     hdma->Instance->CPAR = SrcAddress;
  60              		.loc 1 846 5 is_stmt 1 view .LVU13
  61              		.loc 1 846 9 is_stmt 0 view .LVU14
  62 0016 0368     		ldr	r3, [r0]
  63              		.loc 1 846 26 view .LVU15
  64 0018 9960     		str	r1, [r3, #8]
  65              	.LVL2:
 847:Drivers/STM32F0xx_HAL_Driver/Src/stm32f0xx_hal_dma.c **** 
 848:Drivers/STM32F0xx_HAL_Driver/Src/stm32f0xx_hal_dma.c ****     /* Configure DMA Channel destination address */
ARM GAS  C:\Users\fastr\AppData\Local\Temp\ccghrJ8b.s 			page 17


 849:Drivers/STM32F0xx_HAL_Driver/Src/stm32f0xx_hal_dma.c ****     hdma->Instance->CMAR = DstAddress;
  66              		.loc 1 849 5 is_stmt 1 view .LVU16
  67              		.loc 1 849 9 is_stmt 0 view .LVU17
  68 001a 0368     		ldr	r3, [r0]
  69              		.loc 1 849 26 view .LVU18
  70 001c DA60     		str	r2, [r3, #12]
  71              	.L1:
 850:Drivers/STM32F0xx_HAL_Driver/Src/stm32f0xx_hal_dma.c ****   }
 851:Drivers/STM32F0xx_HAL_Driver/Src/stm32f0xx_hal_dma.c **** }
  72              		.loc 1 851 1 view .LVU19
  73              		@ sp needed
  74 001e 70BD     		pop	{r4, r5, r6, pc}
  75              	.LVL3:
  76              	.L4:
 837:Drivers/STM32F0xx_HAL_Driver/Src/stm32f0xx_hal_dma.c **** 
  77              		.loc 1 837 5 is_stmt 1 view .LVU20
 837:Drivers/STM32F0xx_HAL_Driver/Src/stm32f0xx_hal_dma.c **** 
  78              		.loc 1 837 9 is_stmt 0 view .LVU21
  79 0020 0368     		ldr	r3, [r0]
 837:Drivers/STM32F0xx_HAL_Driver/Src/stm32f0xx_hal_dma.c **** 
  80              		.loc 1 837 26 view .LVU22
  81 0022 9A60     		str	r2, [r3, #8]
  82              	.LVL4:
 840:Drivers/STM32F0xx_HAL_Driver/Src/stm32f0xx_hal_dma.c ****   }
  83              		.loc 1 840 5 is_stmt 1 view .LVU23
 840:Drivers/STM32F0xx_HAL_Driver/Src/stm32f0xx_hal_dma.c ****   }
  84              		.loc 1 840 9 is_stmt 0 view .LVU24
  85 0024 0368     		ldr	r3, [r0]
 840:Drivers/STM32F0xx_HAL_Driver/Src/stm32f0xx_hal_dma.c ****   }
  86              		.loc 1 840 26 view .LVU25
  87 0026 D960     		str	r1, [r3, #12]
  88 0028 F9E7     		b	.L1
  89              		.cfi_endproc
  90              	.LFE52:
  92              		.section	.text.DMA_CalcBaseAndBitshift,"ax",%progbits
  93              		.align	1
  94              		.syntax unified
  95              		.code	16
  96              		.thumb_func
  98              	DMA_CalcBaseAndBitshift:
  99              	.LVL5:
 100              	.LFB53:
 852:Drivers/STM32F0xx_HAL_Driver/Src/stm32f0xx_hal_dma.c **** 
 853:Drivers/STM32F0xx_HAL_Driver/Src/stm32f0xx_hal_dma.c **** /**
 854:Drivers/STM32F0xx_HAL_Driver/Src/stm32f0xx_hal_dma.c ****   * @brief  set the DMA base address and channel index depending on DMA instance
 855:Drivers/STM32F0xx_HAL_Driver/Src/stm32f0xx_hal_dma.c ****   * @param  hdma       pointer to a DMA_HandleTypeDef structure that contains
 856:Drivers/STM32F0xx_HAL_Driver/Src/stm32f0xx_hal_dma.c ****   *                     the configuration information for the specified DMA Stream.
 857:Drivers/STM32F0xx_HAL_Driver/Src/stm32f0xx_hal_dma.c ****   * @retval None
 858:Drivers/STM32F0xx_HAL_Driver/Src/stm32f0xx_hal_dma.c ****   */
 859:Drivers/STM32F0xx_HAL_Driver/Src/stm32f0xx_hal_dma.c **** static void DMA_CalcBaseAndBitshift(DMA_HandleTypeDef *hdma)
 860:Drivers/STM32F0xx_HAL_Driver/Src/stm32f0xx_hal_dma.c **** {
 101              		.loc 1 860 1 is_stmt 1 view -0
 102              		.cfi_startproc
 103              		@ args = 0, pretend = 0, frame = 0
 104              		@ frame_needed = 0, uses_anonymous_args = 0
 105              		.loc 1 860 1 is_stmt 0 view .LVU27
 106 0000 10B5     		push	{r4, lr}
ARM GAS  C:\Users\fastr\AppData\Local\Temp\ccghrJ8b.s 			page 18


 107              		.cfi_def_cfa_offset 8
 108              		.cfi_offset 4, -8
 109              		.cfi_offset 14, -4
 110 0002 0400     		movs	r4, r0
 861:Drivers/STM32F0xx_HAL_Driver/Src/stm32f0xx_hal_dma.c **** #if defined (DMA2)
 862:Drivers/STM32F0xx_HAL_Driver/Src/stm32f0xx_hal_dma.c ****   /* calculation of the channel index */
 863:Drivers/STM32F0xx_HAL_Driver/Src/stm32f0xx_hal_dma.c ****   if ((uint32_t)(hdma->Instance) < (uint32_t)(DMA2_Channel1))
 864:Drivers/STM32F0xx_HAL_Driver/Src/stm32f0xx_hal_dma.c ****   {
 865:Drivers/STM32F0xx_HAL_Driver/Src/stm32f0xx_hal_dma.c ****     /* DMA1 */
 866:Drivers/STM32F0xx_HAL_Driver/Src/stm32f0xx_hal_dma.c ****     hdma->ChannelIndex = (((uint32_t)hdma->Instance - (uint32_t)DMA1_Channel1) / ((uint32_t)DMA1_Ch
 867:Drivers/STM32F0xx_HAL_Driver/Src/stm32f0xx_hal_dma.c ****     hdma->DmaBaseAddress = DMA1;
 868:Drivers/STM32F0xx_HAL_Driver/Src/stm32f0xx_hal_dma.c ****   }
 869:Drivers/STM32F0xx_HAL_Driver/Src/stm32f0xx_hal_dma.c ****   else
 870:Drivers/STM32F0xx_HAL_Driver/Src/stm32f0xx_hal_dma.c ****   {
 871:Drivers/STM32F0xx_HAL_Driver/Src/stm32f0xx_hal_dma.c ****     /* DMA2 */
 872:Drivers/STM32F0xx_HAL_Driver/Src/stm32f0xx_hal_dma.c ****     hdma->ChannelIndex = (((uint32_t)hdma->Instance - (uint32_t)DMA2_Channel1) / ((uint32_t)DMA2_Ch
 873:Drivers/STM32F0xx_HAL_Driver/Src/stm32f0xx_hal_dma.c ****     hdma->DmaBaseAddress = DMA2;
 874:Drivers/STM32F0xx_HAL_Driver/Src/stm32f0xx_hal_dma.c ****   }
 875:Drivers/STM32F0xx_HAL_Driver/Src/stm32f0xx_hal_dma.c **** #else
 876:Drivers/STM32F0xx_HAL_Driver/Src/stm32f0xx_hal_dma.c ****   /* calculation of the channel index */
 877:Drivers/STM32F0xx_HAL_Driver/Src/stm32f0xx_hal_dma.c ****   /* DMA1 */
 878:Drivers/STM32F0xx_HAL_Driver/Src/stm32f0xx_hal_dma.c ****   hdma->ChannelIndex = (((uint32_t)hdma->Instance - (uint32_t)DMA1_Channel1) / ((uint32_t)DMA1_Chan
 111              		.loc 1 878 3 is_stmt 1 view .LVU28
 112              		.loc 1 878 40 is_stmt 0 view .LVU29
 113 0004 0068     		ldr	r0, [r0]
 114              	.LVL6:
 115              		.loc 1 878 51 view .LVU30
 116 0006 054B     		ldr	r3, .L6
 117 0008 9C46     		mov	ip, r3
 118 000a 6044     		add	r0, r0, ip
 119              		.loc 1 878 78 view .LVU31
 120 000c 1421     		movs	r1, #20
 121 000e FFF7FEFF 		bl	__aeabi_uidiv
 122              	.LVL7:
 123              		.loc 1 878 133 view .LVU32
 124 0012 8000     		lsls	r0, r0, #2
 125              		.loc 1 878 22 view .LVU33
 126 0014 2064     		str	r0, [r4, #64]
 879:Drivers/STM32F0xx_HAL_Driver/Src/stm32f0xx_hal_dma.c ****   hdma->DmaBaseAddress = DMA1;
 127              		.loc 1 879 3 is_stmt 1 view .LVU34
 128              		.loc 1 879 24 is_stmt 0 view .LVU35
 129 0016 024B     		ldr	r3, .L6+4
 130 0018 E363     		str	r3, [r4, #60]
 880:Drivers/STM32F0xx_HAL_Driver/Src/stm32f0xx_hal_dma.c **** #endif
 881:Drivers/STM32F0xx_HAL_Driver/Src/stm32f0xx_hal_dma.c **** }
 131              		.loc 1 881 1 view .LVU36
 132              		@ sp needed
 133              	.LVL8:
 134              		.loc 1 881 1 view .LVU37
 135 001a 10BD     		pop	{r4, pc}
 136              	.L7:
 137              		.align	2
 138              	.L6:
 139 001c F8FFFDBF 		.word	-1073872904
 140 0020 00000240 		.word	1073872896
 141              		.cfi_endproc
 142              	.LFE53:
ARM GAS  C:\Users\fastr\AppData\Local\Temp\ccghrJ8b.s 			page 19


 144              		.section	.text.HAL_DMA_Init,"ax",%progbits
 145              		.align	1
 146              		.global	HAL_DMA_Init
 147              		.syntax unified
 148              		.code	16
 149              		.thumb_func
 151              	HAL_DMA_Init:
 152              	.LVL9:
 153              	.LFB40:
 138:Drivers/STM32F0xx_HAL_Driver/Src/stm32f0xx_hal_dma.c ****   uint32_t tmp = 0U;
 154              		.loc 1 138 1 is_stmt 1 view -0
 155              		.cfi_startproc
 156              		@ args = 0, pretend = 0, frame = 0
 157              		@ frame_needed = 0, uses_anonymous_args = 0
 138:Drivers/STM32F0xx_HAL_Driver/Src/stm32f0xx_hal_dma.c ****   uint32_t tmp = 0U;
 158              		.loc 1 138 1 is_stmt 0 view .LVU39
 159 0000 70B5     		push	{r4, r5, r6, lr}
 160              		.cfi_def_cfa_offset 16
 161              		.cfi_offset 4, -16
 162              		.cfi_offset 5, -12
 163              		.cfi_offset 6, -8
 164              		.cfi_offset 14, -4
 165 0002 041E     		subs	r4, r0, #0
 139:Drivers/STM32F0xx_HAL_Driver/Src/stm32f0xx_hal_dma.c **** 
 166              		.loc 1 139 3 is_stmt 1 view .LVU40
 167              	.LVL10:
 142:Drivers/STM32F0xx_HAL_Driver/Src/stm32f0xx_hal_dma.c ****   {
 168              		.loc 1 142 3 view .LVU41
 142:Drivers/STM32F0xx_HAL_Driver/Src/stm32f0xx_hal_dma.c ****   {
 169              		.loc 1 142 6 is_stmt 0 view .LVU42
 170 0004 20D0     		beq	.L10
 148:Drivers/STM32F0xx_HAL_Driver/Src/stm32f0xx_hal_dma.c ****   assert_param(IS_DMA_DIRECTION(hdma->Init.Direction));
 171              		.loc 1 148 3 is_stmt 1 view .LVU43
 149:Drivers/STM32F0xx_HAL_Driver/Src/stm32f0xx_hal_dma.c ****   assert_param(IS_DMA_PERIPHERAL_INC_STATE(hdma->Init.PeriphInc));
 172              		.loc 1 149 3 view .LVU44
 150:Drivers/STM32F0xx_HAL_Driver/Src/stm32f0xx_hal_dma.c ****   assert_param(IS_DMA_MEMORY_INC_STATE(hdma->Init.MemInc));
 173              		.loc 1 150 3 view .LVU45
 151:Drivers/STM32F0xx_HAL_Driver/Src/stm32f0xx_hal_dma.c ****   assert_param(IS_DMA_PERIPHERAL_DATA_SIZE(hdma->Init.PeriphDataAlignment));
 174              		.loc 1 151 3 view .LVU46
 152:Drivers/STM32F0xx_HAL_Driver/Src/stm32f0xx_hal_dma.c ****   assert_param(IS_DMA_MEMORY_DATA_SIZE(hdma->Init.MemDataAlignment));
 175              		.loc 1 152 3 view .LVU47
 153:Drivers/STM32F0xx_HAL_Driver/Src/stm32f0xx_hal_dma.c ****   assert_param(IS_DMA_MODE(hdma->Init.Mode));
 176              		.loc 1 153 3 view .LVU48
 154:Drivers/STM32F0xx_HAL_Driver/Src/stm32f0xx_hal_dma.c ****   assert_param(IS_DMA_PRIORITY(hdma->Init.Priority));
 177              		.loc 1 154 3 view .LVU49
 155:Drivers/STM32F0xx_HAL_Driver/Src/stm32f0xx_hal_dma.c **** 
 178              		.loc 1 155 3 view .LVU50
 158:Drivers/STM32F0xx_HAL_Driver/Src/stm32f0xx_hal_dma.c **** 
 179              		.loc 1 158 3 view .LVU51
 158:Drivers/STM32F0xx_HAL_Driver/Src/stm32f0xx_hal_dma.c **** 
 180              		.loc 1 158 15 is_stmt 0 view .LVU52
 181 0006 0223     		movs	r3, #2
 182 0008 2125     		movs	r5, #33
 183 000a 4355     		strb	r3, [r0, r5]
 161:Drivers/STM32F0xx_HAL_Driver/Src/stm32f0xx_hal_dma.c **** 
 184              		.loc 1 161 3 is_stmt 1 view .LVU53
 161:Drivers/STM32F0xx_HAL_Driver/Src/stm32f0xx_hal_dma.c **** 
ARM GAS  C:\Users\fastr\AppData\Local\Temp\ccghrJ8b.s 			page 20


 185              		.loc 1 161 13 is_stmt 0 view .LVU54
 186 000c 0168     		ldr	r1, [r0]
 161:Drivers/STM32F0xx_HAL_Driver/Src/stm32f0xx_hal_dma.c **** 
 187              		.loc 1 161 7 view .LVU55
 188 000e 0A68     		ldr	r2, [r1]
 189              	.LVL11:
 164:Drivers/STM32F0xx_HAL_Driver/Src/stm32f0xx_hal_dma.c ****                       DMA_CCR_MINC  | DMA_CCR_PINC   | DMA_CCR_CIRC   | \
 190              		.loc 1 164 3 is_stmt 1 view .LVU56
 164:Drivers/STM32F0xx_HAL_Driver/Src/stm32f0xx_hal_dma.c ****                       DMA_CCR_MINC  | DMA_CCR_PINC   | DMA_CCR_CIRC   | \
 191              		.loc 1 164 7 is_stmt 0 view .LVU57
 192 0010 0E4B     		ldr	r3, .L11
 193 0012 1A40     		ands	r2, r3
 194              	.LVL12:
 169:Drivers/STM32F0xx_HAL_Driver/Src/stm32f0xx_hal_dma.c ****           hdma->Init.PeriphInc           | hdma->Init.MemInc           |
 195              		.loc 1 169 3 is_stmt 1 view .LVU58
 169:Drivers/STM32F0xx_HAL_Driver/Src/stm32f0xx_hal_dma.c ****           hdma->Init.PeriphInc           | hdma->Init.MemInc           |
 196              		.loc 1 169 21 is_stmt 0 view .LVU59
 197 0014 4368     		ldr	r3, [r0, #4]
 170:Drivers/STM32F0xx_HAL_Driver/Src/stm32f0xx_hal_dma.c ****           hdma->Init.PeriphDataAlignment | hdma->Init.MemDataAlignment |
 198              		.loc 1 170 21 view .LVU60
 199 0016 8068     		ldr	r0, [r0, #8]
 200              	.LVL13:
 169:Drivers/STM32F0xx_HAL_Driver/Src/stm32f0xx_hal_dma.c ****           hdma->Init.PeriphInc           | hdma->Init.MemInc           |
 201              		.loc 1 169 39 view .LVU61
 202 0018 0343     		orrs	r3, r0
 170:Drivers/STM32F0xx_HAL_Driver/Src/stm32f0xx_hal_dma.c ****           hdma->Init.PeriphDataAlignment | hdma->Init.MemDataAlignment |
 203              		.loc 1 170 54 view .LVU62
 204 001a E068     		ldr	r0, [r4, #12]
 170:Drivers/STM32F0xx_HAL_Driver/Src/stm32f0xx_hal_dma.c ****           hdma->Init.PeriphDataAlignment | hdma->Init.MemDataAlignment |
 205              		.loc 1 170 42 view .LVU63
 206 001c 0343     		orrs	r3, r0
 171:Drivers/STM32F0xx_HAL_Driver/Src/stm32f0xx_hal_dma.c ****           hdma->Init.Mode                | hdma->Init.Priority;
 207              		.loc 1 171 21 view .LVU64
 208 001e 2069     		ldr	r0, [r4, #16]
 170:Drivers/STM32F0xx_HAL_Driver/Src/stm32f0xx_hal_dma.c ****           hdma->Init.PeriphDataAlignment | hdma->Init.MemDataAlignment |
 209              		.loc 1 170 72 view .LVU65
 210 0020 0343     		orrs	r3, r0
 171:Drivers/STM32F0xx_HAL_Driver/Src/stm32f0xx_hal_dma.c ****           hdma->Init.Mode                | hdma->Init.Priority;
 211              		.loc 1 171 54 view .LVU66
 212 0022 6069     		ldr	r0, [r4, #20]
 171:Drivers/STM32F0xx_HAL_Driver/Src/stm32f0xx_hal_dma.c ****           hdma->Init.Mode                | hdma->Init.Priority;
 213              		.loc 1 171 42 view .LVU67
 214 0024 0343     		orrs	r3, r0
 172:Drivers/STM32F0xx_HAL_Driver/Src/stm32f0xx_hal_dma.c **** 
 215              		.loc 1 172 21 view .LVU68
 216 0026 A069     		ldr	r0, [r4, #24]
 171:Drivers/STM32F0xx_HAL_Driver/Src/stm32f0xx_hal_dma.c ****           hdma->Init.Mode                | hdma->Init.Priority;
 217              		.loc 1 171 72 view .LVU69
 218 0028 0343     		orrs	r3, r0
 172:Drivers/STM32F0xx_HAL_Driver/Src/stm32f0xx_hal_dma.c **** 
 219              		.loc 1 172 54 view .LVU70
 220 002a E069     		ldr	r0, [r4, #28]
 172:Drivers/STM32F0xx_HAL_Driver/Src/stm32f0xx_hal_dma.c **** 
 221              		.loc 1 172 42 view .LVU71
 222 002c 0343     		orrs	r3, r0
 169:Drivers/STM32F0xx_HAL_Driver/Src/stm32f0xx_hal_dma.c ****           hdma->Init.PeriphInc           | hdma->Init.MemInc           |
 223              		.loc 1 169 7 view .LVU72
ARM GAS  C:\Users\fastr\AppData\Local\Temp\ccghrJ8b.s 			page 21


 224 002e 1343     		orrs	r3, r2
 225              	.LVL14:
 175:Drivers/STM32F0xx_HAL_Driver/Src/stm32f0xx_hal_dma.c **** 
 226              		.loc 1 175 3 is_stmt 1 view .LVU73
 175:Drivers/STM32F0xx_HAL_Driver/Src/stm32f0xx_hal_dma.c **** 
 227              		.loc 1 175 23 is_stmt 0 view .LVU74
 228 0030 0B60     		str	r3, [r1]
 179:Drivers/STM32F0xx_HAL_Driver/Src/stm32f0xx_hal_dma.c **** 
 229              		.loc 1 179 3 is_stmt 1 view .LVU75
 230 0032 2000     		movs	r0, r4
 231 0034 FFF7FEFF 		bl	DMA_CalcBaseAndBitshift
 232              	.LVL15:
 182:Drivers/STM32F0xx_HAL_Driver/Src/stm32f0xx_hal_dma.c **** 
 233              		.loc 1 182 3 view .LVU76
 182:Drivers/STM32F0xx_HAL_Driver/Src/stm32f0xx_hal_dma.c **** 
 234              		.loc 1 182 19 is_stmt 0 view .LVU77
 235 0038 0023     		movs	r3, #0
 236 003a A363     		str	r3, [r4, #56]
 185:Drivers/STM32F0xx_HAL_Driver/Src/stm32f0xx_hal_dma.c **** 
 237              		.loc 1 185 3 is_stmt 1 view .LVU78
 185:Drivers/STM32F0xx_HAL_Driver/Src/stm32f0xx_hal_dma.c **** 
 238              		.loc 1 185 15 is_stmt 0 view .LVU79
 239 003c 0122     		movs	r2, #1
 240 003e 6255     		strb	r2, [r4, r5]
 188:Drivers/STM32F0xx_HAL_Driver/Src/stm32f0xx_hal_dma.c **** 
 241              		.loc 1 188 3 is_stmt 1 view .LVU80
 188:Drivers/STM32F0xx_HAL_Driver/Src/stm32f0xx_hal_dma.c **** 
 242              		.loc 1 188 14 is_stmt 0 view .LVU81
 243 0040 1F32     		adds	r2, r2, #31
 244 0042 A354     		strb	r3, [r4, r2]
 190:Drivers/STM32F0xx_HAL_Driver/Src/stm32f0xx_hal_dma.c **** }
 245              		.loc 1 190 3 is_stmt 1 view .LVU82
 190:Drivers/STM32F0xx_HAL_Driver/Src/stm32f0xx_hal_dma.c **** }
 246              		.loc 1 190 10 is_stmt 0 view .LVU83
 247 0044 0020     		movs	r0, #0
 248              	.LVL16:
 249              	.L9:
 191:Drivers/STM32F0xx_HAL_Driver/Src/stm32f0xx_hal_dma.c **** 
 250              		.loc 1 191 1 view .LVU84
 251              		@ sp needed
 252              	.LVL17:
 191:Drivers/STM32F0xx_HAL_Driver/Src/stm32f0xx_hal_dma.c **** 
 253              		.loc 1 191 1 view .LVU85
 254 0046 70BD     		pop	{r4, r5, r6, pc}
 255              	.LVL18:
 256              	.L10:
 144:Drivers/STM32F0xx_HAL_Driver/Src/stm32f0xx_hal_dma.c ****   }
 257              		.loc 1 144 12 view .LVU86
 258 0048 0120     		movs	r0, #1
 259              	.LVL19:
 144:Drivers/STM32F0xx_HAL_Driver/Src/stm32f0xx_hal_dma.c ****   }
 260              		.loc 1 144 12 view .LVU87
 261 004a FCE7     		b	.L9
 262              	.L12:
 263              		.align	2
 264              	.L11:
 265 004c 0FC0FFFF 		.word	-16369
ARM GAS  C:\Users\fastr\AppData\Local\Temp\ccghrJ8b.s 			page 22


 266              		.cfi_endproc
 267              	.LFE40:
 269              		.section	.text.HAL_DMA_DeInit,"ax",%progbits
 270              		.align	1
 271              		.global	HAL_DMA_DeInit
 272              		.syntax unified
 273              		.code	16
 274              		.thumb_func
 276              	HAL_DMA_DeInit:
 277              	.LVL20:
 278              	.LFB41:
 200:Drivers/STM32F0xx_HAL_Driver/Src/stm32f0xx_hal_dma.c ****   /* Check the DMA handle allocation */
 279              		.loc 1 200 1 is_stmt 1 view -0
 280              		.cfi_startproc
 281              		@ args = 0, pretend = 0, frame = 0
 282              		@ frame_needed = 0, uses_anonymous_args = 0
 200:Drivers/STM32F0xx_HAL_Driver/Src/stm32f0xx_hal_dma.c ****   /* Check the DMA handle allocation */
 283              		.loc 1 200 1 is_stmt 0 view .LVU89
 284 0000 70B5     		push	{r4, r5, r6, lr}
 285              		.cfi_def_cfa_offset 16
 286              		.cfi_offset 4, -16
 287              		.cfi_offset 5, -12
 288              		.cfi_offset 6, -8
 289              		.cfi_offset 14, -4
 290 0002 041E     		subs	r4, r0, #0
 202:Drivers/STM32F0xx_HAL_Driver/Src/stm32f0xx_hal_dma.c ****   {
 291              		.loc 1 202 3 is_stmt 1 view .LVU90
 202:Drivers/STM32F0xx_HAL_Driver/Src/stm32f0xx_hal_dma.c ****   {
 292              		.loc 1 202 6 is_stmt 0 view .LVU91
 293 0004 1FD0     		beq	.L15
 208:Drivers/STM32F0xx_HAL_Driver/Src/stm32f0xx_hal_dma.c **** 
 294              		.loc 1 208 3 is_stmt 1 view .LVU92
 211:Drivers/STM32F0xx_HAL_Driver/Src/stm32f0xx_hal_dma.c **** 
 295              		.loc 1 211 3 view .LVU93
 211:Drivers/STM32F0xx_HAL_Driver/Src/stm32f0xx_hal_dma.c **** 
 296              		.loc 1 211 7 is_stmt 0 view .LVU94
 297 0006 0268     		ldr	r2, [r0]
 211:Drivers/STM32F0xx_HAL_Driver/Src/stm32f0xx_hal_dma.c **** 
 298              		.loc 1 211 17 view .LVU95
 299 0008 1368     		ldr	r3, [r2]
 211:Drivers/STM32F0xx_HAL_Driver/Src/stm32f0xx_hal_dma.c **** 
 300              		.loc 1 211 23 view .LVU96
 301 000a 0121     		movs	r1, #1
 302 000c 8B43     		bics	r3, r1
 303 000e 1360     		str	r3, [r2]
 214:Drivers/STM32F0xx_HAL_Driver/Src/stm32f0xx_hal_dma.c **** 
 304              		.loc 1 214 3 is_stmt 1 view .LVU97
 214:Drivers/STM32F0xx_HAL_Driver/Src/stm32f0xx_hal_dma.c **** 
 305              		.loc 1 214 7 is_stmt 0 view .LVU98
 306 0010 0368     		ldr	r3, [r0]
 214:Drivers/STM32F0xx_HAL_Driver/Src/stm32f0xx_hal_dma.c **** 
 307              		.loc 1 214 24 view .LVU99
 308 0012 0025     		movs	r5, #0
 309 0014 1D60     		str	r5, [r3]
 217:Drivers/STM32F0xx_HAL_Driver/Src/stm32f0xx_hal_dma.c **** 
 310              		.loc 1 217 3 is_stmt 1 view .LVU100
 217:Drivers/STM32F0xx_HAL_Driver/Src/stm32f0xx_hal_dma.c **** 
ARM GAS  C:\Users\fastr\AppData\Local\Temp\ccghrJ8b.s 			page 23


 311              		.loc 1 217 7 is_stmt 0 view .LVU101
 312 0016 0368     		ldr	r3, [r0]
 217:Drivers/STM32F0xx_HAL_Driver/Src/stm32f0xx_hal_dma.c **** 
 313              		.loc 1 217 25 view .LVU102
 314 0018 5D60     		str	r5, [r3, #4]
 220:Drivers/STM32F0xx_HAL_Driver/Src/stm32f0xx_hal_dma.c **** 
 315              		.loc 1 220 3 is_stmt 1 view .LVU103
 220:Drivers/STM32F0xx_HAL_Driver/Src/stm32f0xx_hal_dma.c **** 
 316              		.loc 1 220 7 is_stmt 0 view .LVU104
 317 001a 0368     		ldr	r3, [r0]
 220:Drivers/STM32F0xx_HAL_Driver/Src/stm32f0xx_hal_dma.c **** 
 318              		.loc 1 220 25 view .LVU105
 319 001c 9D60     		str	r5, [r3, #8]
 223:Drivers/STM32F0xx_HAL_Driver/Src/stm32f0xx_hal_dma.c **** 
 320              		.loc 1 223 3 is_stmt 1 view .LVU106
 223:Drivers/STM32F0xx_HAL_Driver/Src/stm32f0xx_hal_dma.c **** 
 321              		.loc 1 223 7 is_stmt 0 view .LVU107
 322 001e 0368     		ldr	r3, [r0]
 223:Drivers/STM32F0xx_HAL_Driver/Src/stm32f0xx_hal_dma.c **** 
 323              		.loc 1 223 24 view .LVU108
 324 0020 DD60     		str	r5, [r3, #12]
 226:Drivers/STM32F0xx_HAL_Driver/Src/stm32f0xx_hal_dma.c **** 
 325              		.loc 1 226 3 is_stmt 1 view .LVU109
 326 0022 FFF7FEFF 		bl	DMA_CalcBaseAndBitshift
 327              	.LVL21:
 229:Drivers/STM32F0xx_HAL_Driver/Src/stm32f0xx_hal_dma.c **** 
 328              		.loc 1 229 3 view .LVU110
 229:Drivers/STM32F0xx_HAL_Driver/Src/stm32f0xx_hal_dma.c **** 
 329              		.loc 1 229 52 is_stmt 0 view .LVU111
 330 0026 236C     		ldr	r3, [r4, #64]
 229:Drivers/STM32F0xx_HAL_Driver/Src/stm32f0xx_hal_dma.c **** 
 331              		.loc 1 229 7 view .LVU112
 332 0028 E26B     		ldr	r2, [r4, #60]
 229:Drivers/STM32F0xx_HAL_Driver/Src/stm32f0xx_hal_dma.c **** 
 333              		.loc 1 229 45 view .LVU113
 334 002a 0121     		movs	r1, #1
 335 002c 9940     		lsls	r1, r1, r3
 229:Drivers/STM32F0xx_HAL_Driver/Src/stm32f0xx_hal_dma.c **** 
 336              		.loc 1 229 30 view .LVU114
 337 002e 5160     		str	r1, [r2, #4]
 232:Drivers/STM32F0xx_HAL_Driver/Src/stm32f0xx_hal_dma.c ****   hdma->XferHalfCpltCallback = NULL;
 338              		.loc 1 232 3 is_stmt 1 view .LVU115
 232:Drivers/STM32F0xx_HAL_Driver/Src/stm32f0xx_hal_dma.c ****   hdma->XferHalfCpltCallback = NULL;
 339              		.loc 1 232 26 is_stmt 0 view .LVU116
 340 0030 A562     		str	r5, [r4, #40]
 233:Drivers/STM32F0xx_HAL_Driver/Src/stm32f0xx_hal_dma.c ****   hdma->XferErrorCallback = NULL;
 341              		.loc 1 233 3 is_stmt 1 view .LVU117
 233:Drivers/STM32F0xx_HAL_Driver/Src/stm32f0xx_hal_dma.c ****   hdma->XferErrorCallback = NULL;
 342              		.loc 1 233 30 is_stmt 0 view .LVU118
 343 0032 E562     		str	r5, [r4, #44]
 234:Drivers/STM32F0xx_HAL_Driver/Src/stm32f0xx_hal_dma.c ****   hdma->XferAbortCallback = NULL;
 344              		.loc 1 234 3 is_stmt 1 view .LVU119
 234:Drivers/STM32F0xx_HAL_Driver/Src/stm32f0xx_hal_dma.c ****   hdma->XferAbortCallback = NULL;
 345              		.loc 1 234 27 is_stmt 0 view .LVU120
 346 0034 2563     		str	r5, [r4, #48]
 235:Drivers/STM32F0xx_HAL_Driver/Src/stm32f0xx_hal_dma.c **** 
 347              		.loc 1 235 3 is_stmt 1 view .LVU121
ARM GAS  C:\Users\fastr\AppData\Local\Temp\ccghrJ8b.s 			page 24


 235:Drivers/STM32F0xx_HAL_Driver/Src/stm32f0xx_hal_dma.c **** 
 348              		.loc 1 235 27 is_stmt 0 view .LVU122
 349 0036 6563     		str	r5, [r4, #52]
 238:Drivers/STM32F0xx_HAL_Driver/Src/stm32f0xx_hal_dma.c **** 
 350              		.loc 1 238 3 is_stmt 1 view .LVU123
 238:Drivers/STM32F0xx_HAL_Driver/Src/stm32f0xx_hal_dma.c **** 
 351              		.loc 1 238 19 is_stmt 0 view .LVU124
 352 0038 A563     		str	r5, [r4, #56]
 241:Drivers/STM32F0xx_HAL_Driver/Src/stm32f0xx_hal_dma.c **** 
 353              		.loc 1 241 3 is_stmt 1 view .LVU125
 241:Drivers/STM32F0xx_HAL_Driver/Src/stm32f0xx_hal_dma.c **** 
 354              		.loc 1 241 15 is_stmt 0 view .LVU126
 355 003a 2123     		movs	r3, #33
 356 003c E554     		strb	r5, [r4, r3]
 244:Drivers/STM32F0xx_HAL_Driver/Src/stm32f0xx_hal_dma.c **** 
 357              		.loc 1 244 3 is_stmt 1 view .LVU127
 244:Drivers/STM32F0xx_HAL_Driver/Src/stm32f0xx_hal_dma.c **** 
 358              		.loc 1 244 3 view .LVU128
 359 003e 013B     		subs	r3, r3, #1
 360 0040 E554     		strb	r5, [r4, r3]
 244:Drivers/STM32F0xx_HAL_Driver/Src/stm32f0xx_hal_dma.c **** 
 361              		.loc 1 244 3 view .LVU129
 246:Drivers/STM32F0xx_HAL_Driver/Src/stm32f0xx_hal_dma.c **** }
 362              		.loc 1 246 3 view .LVU130
 246:Drivers/STM32F0xx_HAL_Driver/Src/stm32f0xx_hal_dma.c **** }
 363              		.loc 1 246 10 is_stmt 0 view .LVU131
 364 0042 0020     		movs	r0, #0
 365              	.L14:
 247:Drivers/STM32F0xx_HAL_Driver/Src/stm32f0xx_hal_dma.c **** 
 366              		.loc 1 247 1 view .LVU132
 367              		@ sp needed
 368              	.LVL22:
 247:Drivers/STM32F0xx_HAL_Driver/Src/stm32f0xx_hal_dma.c **** 
 369              		.loc 1 247 1 view .LVU133
 370 0044 70BD     		pop	{r4, r5, r6, pc}
 371              	.LVL23:
 372              	.L15:
 204:Drivers/STM32F0xx_HAL_Driver/Src/stm32f0xx_hal_dma.c ****   }
 373              		.loc 1 204 12 view .LVU134
 374 0046 0120     		movs	r0, #1
 375              	.LVL24:
 204:Drivers/STM32F0xx_HAL_Driver/Src/stm32f0xx_hal_dma.c ****   }
 376              		.loc 1 204 12 view .LVU135
 377 0048 FCE7     		b	.L14
 378              		.cfi_endproc
 379              	.LFE41:
 381              		.section	.text.HAL_DMA_Start,"ax",%progbits
 382              		.align	1
 383              		.global	HAL_DMA_Start
 384              		.syntax unified
 385              		.code	16
 386              		.thumb_func
 388              	HAL_DMA_Start:
 389              	.LVL25:
 390              	.LFB42:
 282:Drivers/STM32F0xx_HAL_Driver/Src/stm32f0xx_hal_dma.c ****   HAL_StatusTypeDef status = HAL_OK;
 391              		.loc 1 282 1 is_stmt 1 view -0
ARM GAS  C:\Users\fastr\AppData\Local\Temp\ccghrJ8b.s 			page 25


 392              		.cfi_startproc
 393              		@ args = 0, pretend = 0, frame = 0
 394              		@ frame_needed = 0, uses_anonymous_args = 0
 282:Drivers/STM32F0xx_HAL_Driver/Src/stm32f0xx_hal_dma.c ****   HAL_StatusTypeDef status = HAL_OK;
 395              		.loc 1 282 1 is_stmt 0 view .LVU137
 396 0000 70B5     		push	{r4, r5, r6, lr}
 397              		.cfi_def_cfa_offset 16
 398              		.cfi_offset 4, -16
 399              		.cfi_offset 5, -12
 400              		.cfi_offset 6, -8
 401              		.cfi_offset 14, -4
 402 0002 0400     		movs	r4, r0
 403 0004 1E00     		movs	r6, r3
 283:Drivers/STM32F0xx_HAL_Driver/Src/stm32f0xx_hal_dma.c **** 
 404              		.loc 1 283 3 is_stmt 1 view .LVU138
 405              	.LVL26:
 286:Drivers/STM32F0xx_HAL_Driver/Src/stm32f0xx_hal_dma.c **** 
 406              		.loc 1 286 3 view .LVU139
 289:Drivers/STM32F0xx_HAL_Driver/Src/stm32f0xx_hal_dma.c **** 
 407              		.loc 1 289 3 view .LVU140
 289:Drivers/STM32F0xx_HAL_Driver/Src/stm32f0xx_hal_dma.c **** 
 408              		.loc 1 289 3 view .LVU141
 409 0006 2020     		movs	r0, #32
 410              	.LVL27:
 289:Drivers/STM32F0xx_HAL_Driver/Src/stm32f0xx_hal_dma.c **** 
 411              		.loc 1 289 3 is_stmt 0 view .LVU142
 412 0008 205C     		ldrb	r0, [r4, r0]
 413 000a 0128     		cmp	r0, #1
 414 000c 1FD0     		beq	.L19
 289:Drivers/STM32F0xx_HAL_Driver/Src/stm32f0xx_hal_dma.c **** 
 415              		.loc 1 289 3 is_stmt 1 discriminator 2 view .LVU143
 416 000e 2020     		movs	r0, #32
 417 0010 0123     		movs	r3, #1
 418              	.LVL28:
 289:Drivers/STM32F0xx_HAL_Driver/Src/stm32f0xx_hal_dma.c **** 
 419              		.loc 1 289 3 is_stmt 0 discriminator 2 view .LVU144
 420 0012 2354     		strb	r3, [r4, r0]
 289:Drivers/STM32F0xx_HAL_Driver/Src/stm32f0xx_hal_dma.c **** 
 421              		.loc 1 289 3 is_stmt 1 view .LVU145
 291:Drivers/STM32F0xx_HAL_Driver/Src/stm32f0xx_hal_dma.c ****   {
 422              		.loc 1 291 3 view .LVU146
 291:Drivers/STM32F0xx_HAL_Driver/Src/stm32f0xx_hal_dma.c ****   {
 423              		.loc 1 291 34 is_stmt 0 view .LVU147
 424 0014 0130     		adds	r0, r0, #1
 425 0016 205C     		ldrb	r0, [r4, r0]
 291:Drivers/STM32F0xx_HAL_Driver/Src/stm32f0xx_hal_dma.c ****   {
 426              		.loc 1 291 6 view .LVU148
 427 0018 0128     		cmp	r0, #1
 428 001a 04D0     		beq	.L20
 310:Drivers/STM32F0xx_HAL_Driver/Src/stm32f0xx_hal_dma.c **** 
 429              		.loc 1 310 5 is_stmt 1 view .LVU149
 310:Drivers/STM32F0xx_HAL_Driver/Src/stm32f0xx_hal_dma.c **** 
 430              		.loc 1 310 5 view .LVU150
 431 001c 2023     		movs	r3, #32
 432 001e 0022     		movs	r2, #0
 433              	.LVL29:
 310:Drivers/STM32F0xx_HAL_Driver/Src/stm32f0xx_hal_dma.c **** 
ARM GAS  C:\Users\fastr\AppData\Local\Temp\ccghrJ8b.s 			page 26


 434              		.loc 1 310 5 is_stmt 0 view .LVU151
 435 0020 E254     		strb	r2, [r4, r3]
 310:Drivers/STM32F0xx_HAL_Driver/Src/stm32f0xx_hal_dma.c **** 
 436              		.loc 1 310 5 is_stmt 1 view .LVU152
 313:Drivers/STM32F0xx_HAL_Driver/Src/stm32f0xx_hal_dma.c ****   }
 437              		.loc 1 313 5 view .LVU153
 438              	.LVL30:
 313:Drivers/STM32F0xx_HAL_Driver/Src/stm32f0xx_hal_dma.c ****   }
 439              		.loc 1 313 12 is_stmt 0 view .LVU154
 440 0022 0220     		movs	r0, #2
 441              	.LVL31:
 442              	.L17:
 317:Drivers/STM32F0xx_HAL_Driver/Src/stm32f0xx_hal_dma.c **** 
 443              		.loc 1 317 1 view .LVU155
 444              		@ sp needed
 445              	.LVL32:
 446              	.LVL33:
 317:Drivers/STM32F0xx_HAL_Driver/Src/stm32f0xx_hal_dma.c **** 
 447              		.loc 1 317 1 view .LVU156
 448 0024 70BD     		pop	{r4, r5, r6, pc}
 449              	.LVL34:
 450              	.L20:
 294:Drivers/STM32F0xx_HAL_Driver/Src/stm32f0xx_hal_dma.c **** 
 451              		.loc 1 294 5 is_stmt 1 view .LVU157
 294:Drivers/STM32F0xx_HAL_Driver/Src/stm32f0xx_hal_dma.c **** 
 452              		.loc 1 294 17 is_stmt 0 view .LVU158
 453 0026 2030     		adds	r0, r0, #32
 454 0028 0133     		adds	r3, r3, #1
 455 002a 2354     		strb	r3, [r4, r0]
 296:Drivers/STM32F0xx_HAL_Driver/Src/stm32f0xx_hal_dma.c **** 
 456              		.loc 1 296 5 is_stmt 1 view .LVU159
 296:Drivers/STM32F0xx_HAL_Driver/Src/stm32f0xx_hal_dma.c **** 
 457              		.loc 1 296 21 is_stmt 0 view .LVU160
 458 002c 0020     		movs	r0, #0
 459 002e A063     		str	r0, [r4, #56]
 299:Drivers/STM32F0xx_HAL_Driver/Src/stm32f0xx_hal_dma.c **** 
 460              		.loc 1 299 5 is_stmt 1 view .LVU161
 299:Drivers/STM32F0xx_HAL_Driver/Src/stm32f0xx_hal_dma.c **** 
 461              		.loc 1 299 9 is_stmt 0 view .LVU162
 462 0030 2368     		ldr	r3, [r4]
 299:Drivers/STM32F0xx_HAL_Driver/Src/stm32f0xx_hal_dma.c **** 
 463              		.loc 1 299 19 view .LVU163
 464 0032 1868     		ldr	r0, [r3]
 299:Drivers/STM32F0xx_HAL_Driver/Src/stm32f0xx_hal_dma.c **** 
 465              		.loc 1 299 25 view .LVU164
 466 0034 0125     		movs	r5, #1
 467 0036 A843     		bics	r0, r5
 468 0038 1860     		str	r0, [r3]
 302:Drivers/STM32F0xx_HAL_Driver/Src/stm32f0xx_hal_dma.c **** 
 469              		.loc 1 302 5 is_stmt 1 view .LVU165
 470 003a 3300     		movs	r3, r6
 471 003c 2000     		movs	r0, r4
 472 003e FFF7FEFF 		bl	DMA_SetConfig
 473              	.LVL35:
 305:Drivers/STM32F0xx_HAL_Driver/Src/stm32f0xx_hal_dma.c ****   }
 474              		.loc 1 305 5 view .LVU166
 305:Drivers/STM32F0xx_HAL_Driver/Src/stm32f0xx_hal_dma.c ****   }
ARM GAS  C:\Users\fastr\AppData\Local\Temp\ccghrJ8b.s 			page 27


 475              		.loc 1 305 9 is_stmt 0 view .LVU167
 476 0042 2268     		ldr	r2, [r4]
 305:Drivers/STM32F0xx_HAL_Driver/Src/stm32f0xx_hal_dma.c ****   }
 477              		.loc 1 305 19 view .LVU168
 478 0044 1368     		ldr	r3, [r2]
 305:Drivers/STM32F0xx_HAL_Driver/Src/stm32f0xx_hal_dma.c ****   }
 479              		.loc 1 305 25 view .LVU169
 480 0046 2B43     		orrs	r3, r5
 481 0048 1360     		str	r3, [r2]
 283:Drivers/STM32F0xx_HAL_Driver/Src/stm32f0xx_hal_dma.c **** 
 482              		.loc 1 283 21 view .LVU170
 483 004a 0020     		movs	r0, #0
 484 004c EAE7     		b	.L17
 485              	.LVL36:
 486              	.L19:
 289:Drivers/STM32F0xx_HAL_Driver/Src/stm32f0xx_hal_dma.c **** 
 487              		.loc 1 289 3 discriminator 1 view .LVU171
 488 004e 0220     		movs	r0, #2
 489 0050 E8E7     		b	.L17
 490              		.cfi_endproc
 491              	.LFE42:
 493              		.section	.text.HAL_DMA_Start_IT,"ax",%progbits
 494              		.align	1
 495              		.global	HAL_DMA_Start_IT
 496              		.syntax unified
 497              		.code	16
 498              		.thumb_func
 500              	HAL_DMA_Start_IT:
 501              	.LVL37:
 502              	.LFB43:
 329:Drivers/STM32F0xx_HAL_Driver/Src/stm32f0xx_hal_dma.c ****   HAL_StatusTypeDef status = HAL_OK;
 503              		.loc 1 329 1 is_stmt 1 view -0
 504              		.cfi_startproc
 505              		@ args = 0, pretend = 0, frame = 0
 506              		@ frame_needed = 0, uses_anonymous_args = 0
 329:Drivers/STM32F0xx_HAL_Driver/Src/stm32f0xx_hal_dma.c ****   HAL_StatusTypeDef status = HAL_OK;
 507              		.loc 1 329 1 is_stmt 0 view .LVU173
 508 0000 70B5     		push	{r4, r5, r6, lr}
 509              		.cfi_def_cfa_offset 16
 510              		.cfi_offset 4, -16
 511              		.cfi_offset 5, -12
 512              		.cfi_offset 6, -8
 513              		.cfi_offset 14, -4
 514 0002 0400     		movs	r4, r0
 515 0004 1D00     		movs	r5, r3
 330:Drivers/STM32F0xx_HAL_Driver/Src/stm32f0xx_hal_dma.c **** 
 516              		.loc 1 330 3 is_stmt 1 view .LVU174
 517              	.LVL38:
 333:Drivers/STM32F0xx_HAL_Driver/Src/stm32f0xx_hal_dma.c **** 
 518              		.loc 1 333 3 view .LVU175
 336:Drivers/STM32F0xx_HAL_Driver/Src/stm32f0xx_hal_dma.c **** 
 519              		.loc 1 336 3 view .LVU176
 336:Drivers/STM32F0xx_HAL_Driver/Src/stm32f0xx_hal_dma.c **** 
 520              		.loc 1 336 3 view .LVU177
 521 0006 2020     		movs	r0, #32
 522              	.LVL39:
 336:Drivers/STM32F0xx_HAL_Driver/Src/stm32f0xx_hal_dma.c **** 
ARM GAS  C:\Users\fastr\AppData\Local\Temp\ccghrJ8b.s 			page 28


 523              		.loc 1 336 3 is_stmt 0 view .LVU178
 524 0008 205C     		ldrb	r0, [r4, r0]
 525 000a 0128     		cmp	r0, #1
 526 000c 35D0     		beq	.L26
 336:Drivers/STM32F0xx_HAL_Driver/Src/stm32f0xx_hal_dma.c **** 
 527              		.loc 1 336 3 is_stmt 1 discriminator 2 view .LVU179
 528 000e 2020     		movs	r0, #32
 529 0010 0123     		movs	r3, #1
 530              	.LVL40:
 336:Drivers/STM32F0xx_HAL_Driver/Src/stm32f0xx_hal_dma.c **** 
 531              		.loc 1 336 3 is_stmt 0 discriminator 2 view .LVU180
 532 0012 2354     		strb	r3, [r4, r0]
 336:Drivers/STM32F0xx_HAL_Driver/Src/stm32f0xx_hal_dma.c **** 
 533              		.loc 1 336 3 is_stmt 1 view .LVU181
 338:Drivers/STM32F0xx_HAL_Driver/Src/stm32f0xx_hal_dma.c ****   {
 534              		.loc 1 338 3 view .LVU182
 338:Drivers/STM32F0xx_HAL_Driver/Src/stm32f0xx_hal_dma.c ****   {
 535              		.loc 1 338 34 is_stmt 0 view .LVU183
 536 0014 0130     		adds	r0, r0, #1
 537 0016 205C     		ldrb	r0, [r4, r0]
 338:Drivers/STM32F0xx_HAL_Driver/Src/stm32f0xx_hal_dma.c ****   {
 538              		.loc 1 338 6 view .LVU184
 539 0018 0128     		cmp	r0, #1
 540 001a 04D0     		beq	.L27
 369:Drivers/STM32F0xx_HAL_Driver/Src/stm32f0xx_hal_dma.c **** 
 541              		.loc 1 369 5 is_stmt 1 view .LVU185
 369:Drivers/STM32F0xx_HAL_Driver/Src/stm32f0xx_hal_dma.c **** 
 542              		.loc 1 369 5 view .LVU186
 543 001c 2023     		movs	r3, #32
 544 001e 0022     		movs	r2, #0
 545              	.LVL41:
 369:Drivers/STM32F0xx_HAL_Driver/Src/stm32f0xx_hal_dma.c **** 
 546              		.loc 1 369 5 is_stmt 0 view .LVU187
 547 0020 E254     		strb	r2, [r4, r3]
 369:Drivers/STM32F0xx_HAL_Driver/Src/stm32f0xx_hal_dma.c **** 
 548              		.loc 1 369 5 is_stmt 1 view .LVU188
 372:Drivers/STM32F0xx_HAL_Driver/Src/stm32f0xx_hal_dma.c ****   }
 549              		.loc 1 372 5 view .LVU189
 550              	.LVL42:
 372:Drivers/STM32F0xx_HAL_Driver/Src/stm32f0xx_hal_dma.c ****   }
 551              		.loc 1 372 12 is_stmt 0 view .LVU190
 552 0022 0220     		movs	r0, #2
 553              	.LVL43:
 554              	.L22:
 376:Drivers/STM32F0xx_HAL_Driver/Src/stm32f0xx_hal_dma.c **** 
 555              		.loc 1 376 1 view .LVU191
 556              		@ sp needed
 557              	.LVL44:
 558              	.LVL45:
 376:Drivers/STM32F0xx_HAL_Driver/Src/stm32f0xx_hal_dma.c **** 
 559              		.loc 1 376 1 view .LVU192
 560 0024 70BD     		pop	{r4, r5, r6, pc}
 561              	.LVL46:
 562              	.L27:
 341:Drivers/STM32F0xx_HAL_Driver/Src/stm32f0xx_hal_dma.c **** 
 563              		.loc 1 341 5 is_stmt 1 view .LVU193
 341:Drivers/STM32F0xx_HAL_Driver/Src/stm32f0xx_hal_dma.c **** 
ARM GAS  C:\Users\fastr\AppData\Local\Temp\ccghrJ8b.s 			page 29


 564              		.loc 1 341 17 is_stmt 0 view .LVU194
 565 0026 2030     		adds	r0, r0, #32
 566 0028 0133     		adds	r3, r3, #1
 567 002a 2354     		strb	r3, [r4, r0]
 343:Drivers/STM32F0xx_HAL_Driver/Src/stm32f0xx_hal_dma.c **** 
 568              		.loc 1 343 5 is_stmt 1 view .LVU195
 343:Drivers/STM32F0xx_HAL_Driver/Src/stm32f0xx_hal_dma.c **** 
 569              		.loc 1 343 21 is_stmt 0 view .LVU196
 570 002c 0020     		movs	r0, #0
 571 002e A063     		str	r0, [r4, #56]
 346:Drivers/STM32F0xx_HAL_Driver/Src/stm32f0xx_hal_dma.c **** 
 572              		.loc 1 346 5 is_stmt 1 view .LVU197
 346:Drivers/STM32F0xx_HAL_Driver/Src/stm32f0xx_hal_dma.c **** 
 573              		.loc 1 346 9 is_stmt 0 view .LVU198
 574 0030 2368     		ldr	r3, [r4]
 575 0032 9C46     		mov	ip, r3
 346:Drivers/STM32F0xx_HAL_Driver/Src/stm32f0xx_hal_dma.c **** 
 576              		.loc 1 346 19 view .LVU199
 577 0034 1868     		ldr	r0, [r3]
 346:Drivers/STM32F0xx_HAL_Driver/Src/stm32f0xx_hal_dma.c **** 
 578              		.loc 1 346 25 view .LVU200
 579 0036 0123     		movs	r3, #1
 580 0038 9843     		bics	r0, r3
 581 003a 6346     		mov	r3, ip
 582 003c 1860     		str	r0, [r3]
 349:Drivers/STM32F0xx_HAL_Driver/Src/stm32f0xx_hal_dma.c **** 
 583              		.loc 1 349 5 is_stmt 1 view .LVU201
 584 003e 2B00     		movs	r3, r5
 585 0040 2000     		movs	r0, r4
 586 0042 FFF7FEFF 		bl	DMA_SetConfig
 587              	.LVL47:
 353:Drivers/STM32F0xx_HAL_Driver/Src/stm32f0xx_hal_dma.c ****     {
 588              		.loc 1 353 5 view .LVU202
 353:Drivers/STM32F0xx_HAL_Driver/Src/stm32f0xx_hal_dma.c ****     {
 589              		.loc 1 353 21 is_stmt 0 view .LVU203
 590 0046 E36A     		ldr	r3, [r4, #44]
 353:Drivers/STM32F0xx_HAL_Driver/Src/stm32f0xx_hal_dma.c ****     {
 591              		.loc 1 353 8 view .LVU204
 592 0048 002B     		cmp	r3, #0
 593 004a 0BD0     		beq	.L24
 355:Drivers/STM32F0xx_HAL_Driver/Src/stm32f0xx_hal_dma.c ****     }
 594              		.loc 1 355 7 is_stmt 1 view .LVU205
 355:Drivers/STM32F0xx_HAL_Driver/Src/stm32f0xx_hal_dma.c ****     }
 595              		.loc 1 355 11 is_stmt 0 view .LVU206
 596 004c 2268     		ldr	r2, [r4]
 355:Drivers/STM32F0xx_HAL_Driver/Src/stm32f0xx_hal_dma.c ****     }
 597              		.loc 1 355 21 view .LVU207
 598 004e 1368     		ldr	r3, [r2]
 355:Drivers/STM32F0xx_HAL_Driver/Src/stm32f0xx_hal_dma.c ****     }
 599              		.loc 1 355 27 view .LVU208
 600 0050 0E21     		movs	r1, #14
 601 0052 0B43     		orrs	r3, r1
 602 0054 1360     		str	r3, [r2]
 603              	.L25:
 364:Drivers/STM32F0xx_HAL_Driver/Src/stm32f0xx_hal_dma.c ****   }
 604              		.loc 1 364 5 is_stmt 1 view .LVU209
 364:Drivers/STM32F0xx_HAL_Driver/Src/stm32f0xx_hal_dma.c ****   }
ARM GAS  C:\Users\fastr\AppData\Local\Temp\ccghrJ8b.s 			page 30


 605              		.loc 1 364 9 is_stmt 0 view .LVU210
 606 0056 2268     		ldr	r2, [r4]
 364:Drivers/STM32F0xx_HAL_Driver/Src/stm32f0xx_hal_dma.c ****   }
 607              		.loc 1 364 19 view .LVU211
 608 0058 1368     		ldr	r3, [r2]
 364:Drivers/STM32F0xx_HAL_Driver/Src/stm32f0xx_hal_dma.c ****   }
 609              		.loc 1 364 25 view .LVU212
 610 005a 0121     		movs	r1, #1
 611 005c 0B43     		orrs	r3, r1
 612 005e 1360     		str	r3, [r2]
 330:Drivers/STM32F0xx_HAL_Driver/Src/stm32f0xx_hal_dma.c **** 
 613              		.loc 1 330 21 view .LVU213
 614 0060 0020     		movs	r0, #0
 615 0062 DFE7     		b	.L22
 616              	.L24:
 359:Drivers/STM32F0xx_HAL_Driver/Src/stm32f0xx_hal_dma.c ****       hdma->Instance->CCR &= ~DMA_IT_HT;
 617              		.loc 1 359 7 is_stmt 1 view .LVU214
 359:Drivers/STM32F0xx_HAL_Driver/Src/stm32f0xx_hal_dma.c ****       hdma->Instance->CCR &= ~DMA_IT_HT;
 618              		.loc 1 359 11 is_stmt 0 view .LVU215
 619 0064 2268     		ldr	r2, [r4]
 359:Drivers/STM32F0xx_HAL_Driver/Src/stm32f0xx_hal_dma.c ****       hdma->Instance->CCR &= ~DMA_IT_HT;
 620              		.loc 1 359 21 view .LVU216
 621 0066 1368     		ldr	r3, [r2]
 359:Drivers/STM32F0xx_HAL_Driver/Src/stm32f0xx_hal_dma.c ****       hdma->Instance->CCR &= ~DMA_IT_HT;
 622              		.loc 1 359 27 view .LVU217
 623 0068 0A21     		movs	r1, #10
 624 006a 0B43     		orrs	r3, r1
 625 006c 1360     		str	r3, [r2]
 360:Drivers/STM32F0xx_HAL_Driver/Src/stm32f0xx_hal_dma.c ****     }
 626              		.loc 1 360 7 is_stmt 1 view .LVU218
 360:Drivers/STM32F0xx_HAL_Driver/Src/stm32f0xx_hal_dma.c ****     }
 627              		.loc 1 360 11 is_stmt 0 view .LVU219
 628 006e 2268     		ldr	r2, [r4]
 360:Drivers/STM32F0xx_HAL_Driver/Src/stm32f0xx_hal_dma.c ****     }
 629              		.loc 1 360 21 view .LVU220
 630 0070 1368     		ldr	r3, [r2]
 360:Drivers/STM32F0xx_HAL_Driver/Src/stm32f0xx_hal_dma.c ****     }
 631              		.loc 1 360 27 view .LVU221
 632 0072 0639     		subs	r1, r1, #6
 633 0074 8B43     		bics	r3, r1
 634 0076 1360     		str	r3, [r2]
 635 0078 EDE7     		b	.L25
 636              	.LVL48:
 637              	.L26:
 336:Drivers/STM32F0xx_HAL_Driver/Src/stm32f0xx_hal_dma.c **** 
 638              		.loc 1 336 3 discriminator 1 view .LVU222
 639 007a 0220     		movs	r0, #2
 640 007c D2E7     		b	.L22
 641              		.cfi_endproc
 642              	.LFE43:
 644              		.section	.text.HAL_DMA_Abort,"ax",%progbits
 645              		.align	1
 646              		.global	HAL_DMA_Abort
 647              		.syntax unified
 648              		.code	16
 649              		.thumb_func
 651              	HAL_DMA_Abort:
ARM GAS  C:\Users\fastr\AppData\Local\Temp\ccghrJ8b.s 			page 31


 652              	.LVL49:
 653              	.LFB44:
 385:Drivers/STM32F0xx_HAL_Driver/Src/stm32f0xx_hal_dma.c ****   if (hdma->State != HAL_DMA_STATE_BUSY)
 654              		.loc 1 385 1 is_stmt 1 view -0
 655              		.cfi_startproc
 656              		@ args = 0, pretend = 0, frame = 0
 657              		@ frame_needed = 0, uses_anonymous_args = 0
 385:Drivers/STM32F0xx_HAL_Driver/Src/stm32f0xx_hal_dma.c ****   if (hdma->State != HAL_DMA_STATE_BUSY)
 658              		.loc 1 385 1 is_stmt 0 view .LVU224
 659 0000 10B5     		push	{r4, lr}
 660              		.cfi_def_cfa_offset 8
 661              		.cfi_offset 4, -8
 662              		.cfi_offset 14, -4
 386:Drivers/STM32F0xx_HAL_Driver/Src/stm32f0xx_hal_dma.c ****   {
 663              		.loc 1 386 3 is_stmt 1 view .LVU225
 386:Drivers/STM32F0xx_HAL_Driver/Src/stm32f0xx_hal_dma.c ****   {
 664              		.loc 1 386 11 is_stmt 0 view .LVU226
 665 0002 2123     		movs	r3, #33
 666 0004 C35C     		ldrb	r3, [r0, r3]
 386:Drivers/STM32F0xx_HAL_Driver/Src/stm32f0xx_hal_dma.c ****   {
 667              		.loc 1 386 6 view .LVU227
 668 0006 022B     		cmp	r3, #2
 669 0008 06D0     		beq	.L29
 389:Drivers/STM32F0xx_HAL_Driver/Src/stm32f0xx_hal_dma.c **** 
 670              		.loc 1 389 5 is_stmt 1 view .LVU228
 389:Drivers/STM32F0xx_HAL_Driver/Src/stm32f0xx_hal_dma.c **** 
 671              		.loc 1 389 21 is_stmt 0 view .LVU229
 672 000a 0423     		movs	r3, #4
 673 000c 8363     		str	r3, [r0, #56]
 392:Drivers/STM32F0xx_HAL_Driver/Src/stm32f0xx_hal_dma.c **** 
 674              		.loc 1 392 5 is_stmt 1 view .LVU230
 392:Drivers/STM32F0xx_HAL_Driver/Src/stm32f0xx_hal_dma.c **** 
 675              		.loc 1 392 5 view .LVU231
 676 000e 1C33     		adds	r3, r3, #28
 677 0010 0022     		movs	r2, #0
 678 0012 C254     		strb	r2, [r0, r3]
 392:Drivers/STM32F0xx_HAL_Driver/Src/stm32f0xx_hal_dma.c **** 
 679              		.loc 1 392 5 view .LVU232
 394:Drivers/STM32F0xx_HAL_Driver/Src/stm32f0xx_hal_dma.c ****   }
 680              		.loc 1 394 5 view .LVU233
 394:Drivers/STM32F0xx_HAL_Driver/Src/stm32f0xx_hal_dma.c ****   }
 681              		.loc 1 394 12 is_stmt 0 view .LVU234
 682 0014 0120     		movs	r0, #1
 683              	.LVL50:
 684              	.L30:
 414:Drivers/STM32F0xx_HAL_Driver/Src/stm32f0xx_hal_dma.c **** 
 685              		.loc 1 414 1 view .LVU235
 686              		@ sp needed
 687 0016 10BD     		pop	{r4, pc}
 688              	.LVL51:
 689              	.L29:
 399:Drivers/STM32F0xx_HAL_Driver/Src/stm32f0xx_hal_dma.c **** 
 690              		.loc 1 399 5 is_stmt 1 view .LVU236
 399:Drivers/STM32F0xx_HAL_Driver/Src/stm32f0xx_hal_dma.c **** 
 691              		.loc 1 399 9 is_stmt 0 view .LVU237
 692 0018 0268     		ldr	r2, [r0]
 399:Drivers/STM32F0xx_HAL_Driver/Src/stm32f0xx_hal_dma.c **** 
ARM GAS  C:\Users\fastr\AppData\Local\Temp\ccghrJ8b.s 			page 32


 693              		.loc 1 399 19 view .LVU238
 694 001a 1368     		ldr	r3, [r2]
 399:Drivers/STM32F0xx_HAL_Driver/Src/stm32f0xx_hal_dma.c **** 
 695              		.loc 1 399 25 view .LVU239
 696 001c 0E21     		movs	r1, #14
 697 001e 8B43     		bics	r3, r1
 698 0020 1360     		str	r3, [r2]
 402:Drivers/STM32F0xx_HAL_Driver/Src/stm32f0xx_hal_dma.c **** 
 699              		.loc 1 402 5 is_stmt 1 view .LVU240
 402:Drivers/STM32F0xx_HAL_Driver/Src/stm32f0xx_hal_dma.c **** 
 700              		.loc 1 402 9 is_stmt 0 view .LVU241
 701 0022 0168     		ldr	r1, [r0]
 402:Drivers/STM32F0xx_HAL_Driver/Src/stm32f0xx_hal_dma.c **** 
 702              		.loc 1 402 19 view .LVU242
 703 0024 0A68     		ldr	r2, [r1]
 402:Drivers/STM32F0xx_HAL_Driver/Src/stm32f0xx_hal_dma.c **** 
 704              		.loc 1 402 25 view .LVU243
 705 0026 0123     		movs	r3, #1
 706 0028 9A43     		bics	r2, r3
 707 002a 0A60     		str	r2, [r1]
 405:Drivers/STM32F0xx_HAL_Driver/Src/stm32f0xx_hal_dma.c ****   }
 708              		.loc 1 405 5 is_stmt 1 view .LVU244
 405:Drivers/STM32F0xx_HAL_Driver/Src/stm32f0xx_hal_dma.c ****   }
 709              		.loc 1 405 55 is_stmt 0 view .LVU245
 710 002c 016C     		ldr	r1, [r0, #64]
 405:Drivers/STM32F0xx_HAL_Driver/Src/stm32f0xx_hal_dma.c ****   }
 711              		.loc 1 405 9 view .LVU246
 712 002e C26B     		ldr	r2, [r0, #60]
 405:Drivers/STM32F0xx_HAL_Driver/Src/stm32f0xx_hal_dma.c ****   }
 713              		.loc 1 405 48 view .LVU247
 714 0030 1C00     		movs	r4, r3
 715 0032 8C40     		lsls	r4, r4, r1
 405:Drivers/STM32F0xx_HAL_Driver/Src/stm32f0xx_hal_dma.c ****   }
 716              		.loc 1 405 32 view .LVU248
 717 0034 5460     		str	r4, [r2, #4]
 408:Drivers/STM32F0xx_HAL_Driver/Src/stm32f0xx_hal_dma.c **** 
 718              		.loc 1 408 3 is_stmt 1 view .LVU249
 408:Drivers/STM32F0xx_HAL_Driver/Src/stm32f0xx_hal_dma.c **** 
 719              		.loc 1 408 15 is_stmt 0 view .LVU250
 720 0036 2122     		movs	r2, #33
 721 0038 8354     		strb	r3, [r0, r2]
 411:Drivers/STM32F0xx_HAL_Driver/Src/stm32f0xx_hal_dma.c **** 
 722              		.loc 1 411 3 is_stmt 1 view .LVU251
 411:Drivers/STM32F0xx_HAL_Driver/Src/stm32f0xx_hal_dma.c **** 
 723              		.loc 1 411 3 view .LVU252
 724 003a 1F33     		adds	r3, r3, #31
 725 003c 0022     		movs	r2, #0
 726 003e C254     		strb	r2, [r0, r3]
 411:Drivers/STM32F0xx_HAL_Driver/Src/stm32f0xx_hal_dma.c **** 
 727              		.loc 1 411 3 view .LVU253
 413:Drivers/STM32F0xx_HAL_Driver/Src/stm32f0xx_hal_dma.c **** }
 728              		.loc 1 413 3 view .LVU254
 413:Drivers/STM32F0xx_HAL_Driver/Src/stm32f0xx_hal_dma.c **** }
 729              		.loc 1 413 10 is_stmt 0 view .LVU255
 730 0040 0020     		movs	r0, #0
 731              	.LVL52:
 413:Drivers/STM32F0xx_HAL_Driver/Src/stm32f0xx_hal_dma.c **** }
ARM GAS  C:\Users\fastr\AppData\Local\Temp\ccghrJ8b.s 			page 33


 732              		.loc 1 413 10 view .LVU256
 733 0042 E8E7     		b	.L30
 734              		.cfi_endproc
 735              	.LFE44:
 737              		.section	.text.HAL_DMA_Abort_IT,"ax",%progbits
 738              		.align	1
 739              		.global	HAL_DMA_Abort_IT
 740              		.syntax unified
 741              		.code	16
 742              		.thumb_func
 744              	HAL_DMA_Abort_IT:
 745              	.LVL53:
 746              	.LFB45:
 423:Drivers/STM32F0xx_HAL_Driver/Src/stm32f0xx_hal_dma.c ****   HAL_StatusTypeDef status = HAL_OK;
 747              		.loc 1 423 1 is_stmt 1 view -0
 748              		.cfi_startproc
 749              		@ args = 0, pretend = 0, frame = 0
 750              		@ frame_needed = 0, uses_anonymous_args = 0
 423:Drivers/STM32F0xx_HAL_Driver/Src/stm32f0xx_hal_dma.c ****   HAL_StatusTypeDef status = HAL_OK;
 751              		.loc 1 423 1 is_stmt 0 view .LVU258
 752 0000 10B5     		push	{r4, lr}
 753              		.cfi_def_cfa_offset 8
 754              		.cfi_offset 4, -8
 755              		.cfi_offset 14, -4
 424:Drivers/STM32F0xx_HAL_Driver/Src/stm32f0xx_hal_dma.c **** 
 756              		.loc 1 424 3 is_stmt 1 view .LVU259
 757              	.LVL54:
 426:Drivers/STM32F0xx_HAL_Driver/Src/stm32f0xx_hal_dma.c ****   {
 758              		.loc 1 426 3 view .LVU260
 426:Drivers/STM32F0xx_HAL_Driver/Src/stm32f0xx_hal_dma.c ****   {
 759              		.loc 1 426 33 is_stmt 0 view .LVU261
 760 0002 2123     		movs	r3, #33
 761 0004 C35C     		ldrb	r3, [r0, r3]
 426:Drivers/STM32F0xx_HAL_Driver/Src/stm32f0xx_hal_dma.c ****   {
 762              		.loc 1 426 6 view .LVU262
 763 0006 022B     		cmp	r3, #2
 764 0008 03D0     		beq	.L32
 429:Drivers/STM32F0xx_HAL_Driver/Src/stm32f0xx_hal_dma.c **** 
 765              		.loc 1 429 5 is_stmt 1 view .LVU263
 429:Drivers/STM32F0xx_HAL_Driver/Src/stm32f0xx_hal_dma.c **** 
 766              		.loc 1 429 21 is_stmt 0 view .LVU264
 767 000a 0423     		movs	r3, #4
 768 000c 8363     		str	r3, [r0, #56]
 431:Drivers/STM32F0xx_HAL_Driver/Src/stm32f0xx_hal_dma.c ****   }
 769              		.loc 1 431 5 is_stmt 1 view .LVU265
 770              	.LVL55:
 431:Drivers/STM32F0xx_HAL_Driver/Src/stm32f0xx_hal_dma.c ****   }
 771              		.loc 1 431 12 is_stmt 0 view .LVU266
 772 000e 0120     		movs	r0, #1
 773              	.LVL56:
 774              	.L33:
 457:Drivers/STM32F0xx_HAL_Driver/Src/stm32f0xx_hal_dma.c **** }
 775              		.loc 1 457 3 is_stmt 1 view .LVU267
 458:Drivers/STM32F0xx_HAL_Driver/Src/stm32f0xx_hal_dma.c **** 
 776              		.loc 1 458 1 is_stmt 0 view .LVU268
 777              		@ sp needed
 778 0010 10BD     		pop	{r4, pc}
ARM GAS  C:\Users\fastr\AppData\Local\Temp\ccghrJ8b.s 			page 34


 779              	.LVL57:
 780              	.L32:
 437:Drivers/STM32F0xx_HAL_Driver/Src/stm32f0xx_hal_dma.c **** 
 781              		.loc 1 437 5 is_stmt 1 view .LVU269
 437:Drivers/STM32F0xx_HAL_Driver/Src/stm32f0xx_hal_dma.c **** 
 782              		.loc 1 437 9 is_stmt 0 view .LVU270
 783 0012 0268     		ldr	r2, [r0]
 437:Drivers/STM32F0xx_HAL_Driver/Src/stm32f0xx_hal_dma.c **** 
 784              		.loc 1 437 19 view .LVU271
 785 0014 1368     		ldr	r3, [r2]
 437:Drivers/STM32F0xx_HAL_Driver/Src/stm32f0xx_hal_dma.c **** 
 786              		.loc 1 437 25 view .LVU272
 787 0016 0E21     		movs	r1, #14
 788 0018 8B43     		bics	r3, r1
 789 001a 1360     		str	r3, [r2]
 440:Drivers/STM32F0xx_HAL_Driver/Src/stm32f0xx_hal_dma.c **** 
 790              		.loc 1 440 5 is_stmt 1 view .LVU273
 440:Drivers/STM32F0xx_HAL_Driver/Src/stm32f0xx_hal_dma.c **** 
 791              		.loc 1 440 9 is_stmt 0 view .LVU274
 792 001c 0168     		ldr	r1, [r0]
 440:Drivers/STM32F0xx_HAL_Driver/Src/stm32f0xx_hal_dma.c **** 
 793              		.loc 1 440 19 view .LVU275
 794 001e 0A68     		ldr	r2, [r1]
 440:Drivers/STM32F0xx_HAL_Driver/Src/stm32f0xx_hal_dma.c **** 
 795              		.loc 1 440 25 view .LVU276
 796 0020 0123     		movs	r3, #1
 797 0022 9A43     		bics	r2, r3
 798 0024 0A60     		str	r2, [r1]
 443:Drivers/STM32F0xx_HAL_Driver/Src/stm32f0xx_hal_dma.c **** 
 799              		.loc 1 443 5 is_stmt 1 view .LVU277
 443:Drivers/STM32F0xx_HAL_Driver/Src/stm32f0xx_hal_dma.c **** 
 800              		.loc 1 443 54 is_stmt 0 view .LVU278
 801 0026 016C     		ldr	r1, [r0, #64]
 443:Drivers/STM32F0xx_HAL_Driver/Src/stm32f0xx_hal_dma.c **** 
 802              		.loc 1 443 9 view .LVU279
 803 0028 C26B     		ldr	r2, [r0, #60]
 443:Drivers/STM32F0xx_HAL_Driver/Src/stm32f0xx_hal_dma.c **** 
 804              		.loc 1 443 47 view .LVU280
 805 002a 1C00     		movs	r4, r3
 806 002c 8C40     		lsls	r4, r4, r1
 443:Drivers/STM32F0xx_HAL_Driver/Src/stm32f0xx_hal_dma.c **** 
 807              		.loc 1 443 32 view .LVU281
 808 002e 5460     		str	r4, [r2, #4]
 446:Drivers/STM32F0xx_HAL_Driver/Src/stm32f0xx_hal_dma.c **** 
 809              		.loc 1 446 5 is_stmt 1 view .LVU282
 446:Drivers/STM32F0xx_HAL_Driver/Src/stm32f0xx_hal_dma.c **** 
 810              		.loc 1 446 17 is_stmt 0 view .LVU283
 811 0030 2122     		movs	r2, #33
 812 0032 8354     		strb	r3, [r0, r2]
 449:Drivers/STM32F0xx_HAL_Driver/Src/stm32f0xx_hal_dma.c **** 
 813              		.loc 1 449 5 is_stmt 1 view .LVU284
 449:Drivers/STM32F0xx_HAL_Driver/Src/stm32f0xx_hal_dma.c **** 
 814              		.loc 1 449 5 view .LVU285
 815 0034 1F33     		adds	r3, r3, #31
 816 0036 0022     		movs	r2, #0
 817 0038 C254     		strb	r2, [r0, r3]
 449:Drivers/STM32F0xx_HAL_Driver/Src/stm32f0xx_hal_dma.c **** 
ARM GAS  C:\Users\fastr\AppData\Local\Temp\ccghrJ8b.s 			page 35


 818              		.loc 1 449 5 view .LVU286
 452:Drivers/STM32F0xx_HAL_Driver/Src/stm32f0xx_hal_dma.c ****     {
 819              		.loc 1 452 5 view .LVU287
 452:Drivers/STM32F0xx_HAL_Driver/Src/stm32f0xx_hal_dma.c ****     {
 820              		.loc 1 452 13 is_stmt 0 view .LVU288
 821 003a 436B     		ldr	r3, [r0, #52]
 452:Drivers/STM32F0xx_HAL_Driver/Src/stm32f0xx_hal_dma.c ****     {
 822              		.loc 1 452 8 view .LVU289
 823 003c 002B     		cmp	r3, #0
 824 003e 02D0     		beq	.L34
 454:Drivers/STM32F0xx_HAL_Driver/Src/stm32f0xx_hal_dma.c ****     }
 825              		.loc 1 454 7 is_stmt 1 view .LVU290
 826 0040 9847     		blx	r3
 827              	.LVL58:
 424:Drivers/STM32F0xx_HAL_Driver/Src/stm32f0xx_hal_dma.c **** 
 828              		.loc 1 424 21 is_stmt 0 view .LVU291
 829 0042 0020     		movs	r0, #0
 830 0044 E4E7     		b	.L33
 831              	.LVL59:
 832              	.L34:
 424:Drivers/STM32F0xx_HAL_Driver/Src/stm32f0xx_hal_dma.c **** 
 833              		.loc 1 424 21 view .LVU292
 834 0046 0020     		movs	r0, #0
 835              	.LVL60:
 424:Drivers/STM32F0xx_HAL_Driver/Src/stm32f0xx_hal_dma.c **** 
 836              		.loc 1 424 21 view .LVU293
 837 0048 E2E7     		b	.L33
 838              		.cfi_endproc
 839              	.LFE45:
 841              		.section	.text.HAL_DMA_PollForTransfer,"ax",%progbits
 842              		.align	1
 843              		.global	HAL_DMA_PollForTransfer
 844              		.syntax unified
 845              		.code	16
 846              		.thumb_func
 848              	HAL_DMA_PollForTransfer:
 849              	.LVL61:
 850              	.LFB46:
 469:Drivers/STM32F0xx_HAL_Driver/Src/stm32f0xx_hal_dma.c ****   uint32_t temp;
 851              		.loc 1 469 1 is_stmt 1 view -0
 852              		.cfi_startproc
 853              		@ args = 0, pretend = 0, frame = 8
 854              		@ frame_needed = 0, uses_anonymous_args = 0
 469:Drivers/STM32F0xx_HAL_Driver/Src/stm32f0xx_hal_dma.c ****   uint32_t temp;
 855              		.loc 1 469 1 is_stmt 0 view .LVU295
 856 0000 F0B5     		push	{r4, r5, r6, r7, lr}
 857              		.cfi_def_cfa_offset 20
 858              		.cfi_offset 4, -20
 859              		.cfi_offset 5, -16
 860              		.cfi_offset 6, -12
 861              		.cfi_offset 7, -8
 862              		.cfi_offset 14, -4
 863 0002 83B0     		sub	sp, sp, #12
 864              		.cfi_def_cfa_offset 32
 865 0004 0400     		movs	r4, r0
 866 0006 0F00     		movs	r7, r1
 867 0008 1500     		movs	r5, r2
ARM GAS  C:\Users\fastr\AppData\Local\Temp\ccghrJ8b.s 			page 36


 470:Drivers/STM32F0xx_HAL_Driver/Src/stm32f0xx_hal_dma.c ****   uint32_t tickstart = 0U;
 868              		.loc 1 470 3 is_stmt 1 view .LVU296
 471:Drivers/STM32F0xx_HAL_Driver/Src/stm32f0xx_hal_dma.c **** 
 869              		.loc 1 471 3 view .LVU297
 870              	.LVL62:
 473:Drivers/STM32F0xx_HAL_Driver/Src/stm32f0xx_hal_dma.c ****   {
 871              		.loc 1 473 3 view .LVU298
 473:Drivers/STM32F0xx_HAL_Driver/Src/stm32f0xx_hal_dma.c ****   {
 872              		.loc 1 473 33 is_stmt 0 view .LVU299
 873 000a 2123     		movs	r3, #33
 874 000c C35C     		ldrb	r3, [r0, r3]
 473:Drivers/STM32F0xx_HAL_Driver/Src/stm32f0xx_hal_dma.c ****   {
 875              		.loc 1 473 6 view .LVU300
 876 000e 022B     		cmp	r3, #2
 877 0010 07D0     		beq	.L36
 476:Drivers/STM32F0xx_HAL_Driver/Src/stm32f0xx_hal_dma.c ****     __HAL_UNLOCK(hdma);
 878              		.loc 1 476 5 is_stmt 1 view .LVU301
 476:Drivers/STM32F0xx_HAL_Driver/Src/stm32f0xx_hal_dma.c ****     __HAL_UNLOCK(hdma);
 879              		.loc 1 476 21 is_stmt 0 view .LVU302
 880 0012 0423     		movs	r3, #4
 881 0014 8363     		str	r3, [r0, #56]
 477:Drivers/STM32F0xx_HAL_Driver/Src/stm32f0xx_hal_dma.c ****     return HAL_ERROR;
 882              		.loc 1 477 5 is_stmt 1 view .LVU303
 477:Drivers/STM32F0xx_HAL_Driver/Src/stm32f0xx_hal_dma.c ****     return HAL_ERROR;
 883              		.loc 1 477 5 view .LVU304
 884 0016 1C33     		adds	r3, r3, #28
 885 0018 0022     		movs	r2, #0
 886              	.LVL63:
 477:Drivers/STM32F0xx_HAL_Driver/Src/stm32f0xx_hal_dma.c ****     return HAL_ERROR;
 887              		.loc 1 477 5 is_stmt 0 view .LVU305
 888 001a C254     		strb	r2, [r0, r3]
 477:Drivers/STM32F0xx_HAL_Driver/Src/stm32f0xx_hal_dma.c ****     return HAL_ERROR;
 889              		.loc 1 477 5 is_stmt 1 view .LVU306
 478:Drivers/STM32F0xx_HAL_Driver/Src/stm32f0xx_hal_dma.c ****   }
 890              		.loc 1 478 5 view .LVU307
 478:Drivers/STM32F0xx_HAL_Driver/Src/stm32f0xx_hal_dma.c ****   }
 891              		.loc 1 478 12 is_stmt 0 view .LVU308
 892 001c 0120     		movs	r0, #1
 893              	.LVL64:
 894              	.L37:
 561:Drivers/STM32F0xx_HAL_Driver/Src/stm32f0xx_hal_dma.c **** 
 895              		.loc 1 561 1 view .LVU309
 896 001e 03B0     		add	sp, sp, #12
 897              		@ sp needed
 898              	.LVL65:
 899              	.LVL66:
 900              	.LVL67:
 561:Drivers/STM32F0xx_HAL_Driver/Src/stm32f0xx_hal_dma.c **** 
 901              		.loc 1 561 1 view .LVU310
 902 0020 F0BD     		pop	{r4, r5, r6, r7, pc}
 903              	.LVL68:
 904              	.L36:
 482:Drivers/STM32F0xx_HAL_Driver/Src/stm32f0xx_hal_dma.c ****   {
 905              		.loc 1 482 3 is_stmt 1 view .LVU311
 482:Drivers/STM32F0xx_HAL_Driver/Src/stm32f0xx_hal_dma.c ****   {
 906              		.loc 1 482 21 is_stmt 0 view .LVU312
 907 0022 0368     		ldr	r3, [r0]
ARM GAS  C:\Users\fastr\AppData\Local\Temp\ccghrJ8b.s 			page 37


 482:Drivers/STM32F0xx_HAL_Driver/Src/stm32f0xx_hal_dma.c ****   {
 908              		.loc 1 482 31 view .LVU313
 909 0024 1B68     		ldr	r3, [r3]
 482:Drivers/STM32F0xx_HAL_Driver/Src/stm32f0xx_hal_dma.c ****   {
 910              		.loc 1 482 6 view .LVU314
 911 0026 9B06     		lsls	r3, r3, #26
 912 0028 24D4     		bmi	.L49
 489:Drivers/STM32F0xx_HAL_Driver/Src/stm32f0xx_hal_dma.c ****   {
 913              		.loc 1 489 3 is_stmt 1 view .LVU315
 489:Drivers/STM32F0xx_HAL_Driver/Src/stm32f0xx_hal_dma.c ****   {
 914              		.loc 1 489 6 is_stmt 0 view .LVU316
 915 002a 0029     		cmp	r1, #0
 916 002c 27D1     		bne	.L39
 492:Drivers/STM32F0xx_HAL_Driver/Src/stm32f0xx_hal_dma.c ****   }
 917              		.loc 1 492 5 is_stmt 1 view .LVU317
 492:Drivers/STM32F0xx_HAL_Driver/Src/stm32f0xx_hal_dma.c ****   }
 918              		.loc 1 492 32 is_stmt 0 view .LVU318
 919 002e 036C     		ldr	r3, [r0, #64]
 492:Drivers/STM32F0xx_HAL_Driver/Src/stm32f0xx_hal_dma.c ****   }
 920              		.loc 1 492 10 view .LVU319
 921 0030 0226     		movs	r6, #2
 922 0032 9E40     		lsls	r6, r6, r3
 923              	.LVL69:
 924              	.L40:
 501:Drivers/STM32F0xx_HAL_Driver/Src/stm32f0xx_hal_dma.c **** 
 925              		.loc 1 501 3 is_stmt 1 view .LVU320
 501:Drivers/STM32F0xx_HAL_Driver/Src/stm32f0xx_hal_dma.c **** 
 926              		.loc 1 501 15 is_stmt 0 view .LVU321
 927 0034 FFF7FEFF 		bl	HAL_GetTick
 928              	.LVL70:
 501:Drivers/STM32F0xx_HAL_Driver/Src/stm32f0xx_hal_dma.c **** 
 929              		.loc 1 501 15 view .LVU322
 930 0038 0190     		str	r0, [sp, #4]
 931              	.LVL71:
 503:Drivers/STM32F0xx_HAL_Driver/Src/stm32f0xx_hal_dma.c ****   {
 932              		.loc 1 503 3 is_stmt 1 view .LVU323
 933              	.L43:
 503:Drivers/STM32F0xx_HAL_Driver/Src/stm32f0xx_hal_dma.c ****   {
 934              		.loc 1 503 16 view .LVU324
 503:Drivers/STM32F0xx_HAL_Driver/Src/stm32f0xx_hal_dma.c ****   {
 935              		.loc 1 503 24 is_stmt 0 view .LVU325
 936 003a E16B     		ldr	r1, [r4, #60]
 503:Drivers/STM32F0xx_HAL_Driver/Src/stm32f0xx_hal_dma.c ****   {
 937              		.loc 1 503 40 view .LVU326
 938 003c 0B68     		ldr	r3, [r1]
 503:Drivers/STM32F0xx_HAL_Driver/Src/stm32f0xx_hal_dma.c ****   {
 939              		.loc 1 503 16 view .LVU327
 940 003e 1E42     		tst	r6, r3
 941 0040 2DD1     		bne	.L50
 505:Drivers/STM32F0xx_HAL_Driver/Src/stm32f0xx_hal_dma.c ****     {
 942              		.loc 1 505 5 is_stmt 1 view .LVU328
 505:Drivers/STM32F0xx_HAL_Driver/Src/stm32f0xx_hal_dma.c ****     {
 943              		.loc 1 505 39 is_stmt 0 view .LVU329
 944 0042 0868     		ldr	r0, [r1]
 505:Drivers/STM32F0xx_HAL_Driver/Src/stm32f0xx_hal_dma.c ****     {
 945              		.loc 1 505 68 view .LVU330
 946 0044 226C     		ldr	r2, [r4, #64]
ARM GAS  C:\Users\fastr\AppData\Local\Temp\ccghrJ8b.s 			page 38


 505:Drivers/STM32F0xx_HAL_Driver/Src/stm32f0xx_hal_dma.c ****     {
 947              		.loc 1 505 61 view .LVU331
 948 0046 0823     		movs	r3, #8
 949 0048 9340     		lsls	r3, r3, r2
 505:Drivers/STM32F0xx_HAL_Driver/Src/stm32f0xx_hal_dma.c ****     {
 950              		.loc 1 505 8 view .LVU332
 951 004a 0342     		tst	r3, r0
 952 004c 1BD1     		bne	.L51
 524:Drivers/STM32F0xx_HAL_Driver/Src/stm32f0xx_hal_dma.c ****     {
 953              		.loc 1 524 5 is_stmt 1 view .LVU333
 524:Drivers/STM32F0xx_HAL_Driver/Src/stm32f0xx_hal_dma.c ****     {
 954              		.loc 1 524 8 is_stmt 0 view .LVU334
 955 004e 6B1C     		adds	r3, r5, #1
 956 0050 F3D0     		beq	.L43
 526:Drivers/STM32F0xx_HAL_Driver/Src/stm32f0xx_hal_dma.c ****       {
 957              		.loc 1 526 7 is_stmt 1 view .LVU335
 526:Drivers/STM32F0xx_HAL_Driver/Src/stm32f0xx_hal_dma.c ****       {
 958              		.loc 1 526 10 is_stmt 0 view .LVU336
 959 0052 002D     		cmp	r5, #0
 960 0054 05D0     		beq	.L44
 526:Drivers/STM32F0xx_HAL_Driver/Src/stm32f0xx_hal_dma.c ****       {
 961              		.loc 1 526 32 discriminator 1 view .LVU337
 962 0056 FFF7FEFF 		bl	HAL_GetTick
 963              	.LVL72:
 526:Drivers/STM32F0xx_HAL_Driver/Src/stm32f0xx_hal_dma.c ****       {
 964              		.loc 1 526 46 discriminator 2 view .LVU338
 965 005a 019B     		ldr	r3, [sp, #4]
 966 005c C01A     		subs	r0, r0, r3
 526:Drivers/STM32F0xx_HAL_Driver/Src/stm32f0xx_hal_dma.c ****       {
 967              		.loc 1 526 27 discriminator 2 view .LVU339
 968 005e A842     		cmp	r0, r5
 969 0060 EBD9     		bls	.L43
 970              	.L44:
 529:Drivers/STM32F0xx_HAL_Driver/Src/stm32f0xx_hal_dma.c **** 
 971              		.loc 1 529 9 is_stmt 1 view .LVU340
 529:Drivers/STM32F0xx_HAL_Driver/Src/stm32f0xx_hal_dma.c **** 
 972              		.loc 1 529 25 is_stmt 0 view .LVU341
 973 0062 2023     		movs	r3, #32
 974 0064 A363     		str	r3, [r4, #56]
 532:Drivers/STM32F0xx_HAL_Driver/Src/stm32f0xx_hal_dma.c **** 
 975              		.loc 1 532 9 is_stmt 1 view .LVU342
 532:Drivers/STM32F0xx_HAL_Driver/Src/stm32f0xx_hal_dma.c **** 
 976              		.loc 1 532 21 is_stmt 0 view .LVU343
 977 0066 2122     		movs	r2, #33
 978 0068 0121     		movs	r1, #1
 979 006a A154     		strb	r1, [r4, r2]
 535:Drivers/STM32F0xx_HAL_Driver/Src/stm32f0xx_hal_dma.c **** 
 980              		.loc 1 535 9 is_stmt 1 view .LVU344
 535:Drivers/STM32F0xx_HAL_Driver/Src/stm32f0xx_hal_dma.c **** 
 981              		.loc 1 535 9 view .LVU345
 982 006c 0022     		movs	r2, #0
 983 006e E254     		strb	r2, [r4, r3]
 535:Drivers/STM32F0xx_HAL_Driver/Src/stm32f0xx_hal_dma.c **** 
 984              		.loc 1 535 9 view .LVU346
 537:Drivers/STM32F0xx_HAL_Driver/Src/stm32f0xx_hal_dma.c ****       }
 985              		.loc 1 537 9 view .LVU347
 537:Drivers/STM32F0xx_HAL_Driver/Src/stm32f0xx_hal_dma.c ****       }
ARM GAS  C:\Users\fastr\AppData\Local\Temp\ccghrJ8b.s 			page 39


 986              		.loc 1 537 16 is_stmt 0 view .LVU348
 987 0070 0120     		movs	r0, #1
 988 0072 D4E7     		b	.L37
 989              	.LVL73:
 990              	.L49:
 484:Drivers/STM32F0xx_HAL_Driver/Src/stm32f0xx_hal_dma.c ****     return HAL_ERROR;
 991              		.loc 1 484 5 is_stmt 1 view .LVU349
 484:Drivers/STM32F0xx_HAL_Driver/Src/stm32f0xx_hal_dma.c ****     return HAL_ERROR;
 992              		.loc 1 484 21 is_stmt 0 view .LVU350
 993 0074 8023     		movs	r3, #128
 994 0076 5B00     		lsls	r3, r3, #1
 995 0078 8363     		str	r3, [r0, #56]
 485:Drivers/STM32F0xx_HAL_Driver/Src/stm32f0xx_hal_dma.c ****   }
 996              		.loc 1 485 5 is_stmt 1 view .LVU351
 485:Drivers/STM32F0xx_HAL_Driver/Src/stm32f0xx_hal_dma.c ****   }
 997              		.loc 1 485 12 is_stmt 0 view .LVU352
 998 007a 0120     		movs	r0, #1
 999              	.LVL74:
 485:Drivers/STM32F0xx_HAL_Driver/Src/stm32f0xx_hal_dma.c ****   }
 1000              		.loc 1 485 12 view .LVU353
 1001 007c CFE7     		b	.L37
 1002              	.LVL75:
 1003              	.L39:
 497:Drivers/STM32F0xx_HAL_Driver/Src/stm32f0xx_hal_dma.c ****   }
 1004              		.loc 1 497 5 is_stmt 1 view .LVU354
 497:Drivers/STM32F0xx_HAL_Driver/Src/stm32f0xx_hal_dma.c ****   }
 1005              		.loc 1 497 32 is_stmt 0 view .LVU355
 1006 007e 036C     		ldr	r3, [r0, #64]
 497:Drivers/STM32F0xx_HAL_Driver/Src/stm32f0xx_hal_dma.c ****   }
 1007              		.loc 1 497 10 view .LVU356
 1008 0080 0426     		movs	r6, #4
 1009 0082 9E40     		lsls	r6, r6, r3
 1010 0084 D6E7     		b	.L40
 1011              	.LVL76:
 1012              	.L51:
 510:Drivers/STM32F0xx_HAL_Driver/Src/stm32f0xx_hal_dma.c **** 
 1013              		.loc 1 510 7 is_stmt 1 view .LVU357
 510:Drivers/STM32F0xx_HAL_Driver/Src/stm32f0xx_hal_dma.c **** 
 1014              		.loc 1 510 49 is_stmt 0 view .LVU358
 1015 0086 0123     		movs	r3, #1
 1016 0088 1800     		movs	r0, r3
 1017 008a 9040     		lsls	r0, r0, r2
 510:Drivers/STM32F0xx_HAL_Driver/Src/stm32f0xx_hal_dma.c **** 
 1018              		.loc 1 510 34 view .LVU359
 1019 008c 4860     		str	r0, [r1, #4]
 513:Drivers/STM32F0xx_HAL_Driver/Src/stm32f0xx_hal_dma.c **** 
 1020              		.loc 1 513 7 is_stmt 1 view .LVU360
 513:Drivers/STM32F0xx_HAL_Driver/Src/stm32f0xx_hal_dma.c **** 
 1021              		.loc 1 513 23 is_stmt 0 view .LVU361
 1022 008e A363     		str	r3, [r4, #56]
 516:Drivers/STM32F0xx_HAL_Driver/Src/stm32f0xx_hal_dma.c **** 
 1023              		.loc 1 516 7 is_stmt 1 view .LVU362
 516:Drivers/STM32F0xx_HAL_Driver/Src/stm32f0xx_hal_dma.c **** 
 1024              		.loc 1 516 19 is_stmt 0 view .LVU363
 1025 0090 2122     		movs	r2, #33
 1026 0092 A354     		strb	r3, [r4, r2]
 519:Drivers/STM32F0xx_HAL_Driver/Src/stm32f0xx_hal_dma.c **** 
ARM GAS  C:\Users\fastr\AppData\Local\Temp\ccghrJ8b.s 			page 40


 1027              		.loc 1 519 7 is_stmt 1 view .LVU364
 519:Drivers/STM32F0xx_HAL_Driver/Src/stm32f0xx_hal_dma.c **** 
 1028              		.loc 1 519 7 view .LVU365
 1029 0094 1F33     		adds	r3, r3, #31
 1030 0096 0022     		movs	r2, #0
 1031 0098 E254     		strb	r2, [r4, r3]
 519:Drivers/STM32F0xx_HAL_Driver/Src/stm32f0xx_hal_dma.c **** 
 1032              		.loc 1 519 7 view .LVU366
 521:Drivers/STM32F0xx_HAL_Driver/Src/stm32f0xx_hal_dma.c ****     }
 1033              		.loc 1 521 7 view .LVU367
 521:Drivers/STM32F0xx_HAL_Driver/Src/stm32f0xx_hal_dma.c ****     }
 1034              		.loc 1 521 14 is_stmt 0 view .LVU368
 1035 009a 0120     		movs	r0, #1
 1036 009c BFE7     		b	.L37
 1037              	.L50:
 542:Drivers/STM32F0xx_HAL_Driver/Src/stm32f0xx_hal_dma.c ****   {
 1038              		.loc 1 542 3 is_stmt 1 view .LVU369
 542:Drivers/STM32F0xx_HAL_Driver/Src/stm32f0xx_hal_dma.c ****   {
 1039              		.loc 1 542 6 is_stmt 0 view .LVU370
 1040 009e 3B1E     		subs	r3, r7, #0
 1041 00a0 0BD1     		bne	.L46
 1042              	.LVL77:
 545:Drivers/STM32F0xx_HAL_Driver/Src/stm32f0xx_hal_dma.c **** 
 1043              		.loc 1 545 5 is_stmt 1 view .LVU371
 545:Drivers/STM32F0xx_HAL_Driver/Src/stm32f0xx_hal_dma.c **** 
 1044              		.loc 1 545 54 is_stmt 0 view .LVU372
 1045 00a2 226C     		ldr	r2, [r4, #64]
 545:Drivers/STM32F0xx_HAL_Driver/Src/stm32f0xx_hal_dma.c **** 
 1046              		.loc 1 545 47 view .LVU373
 1047 00a4 0233     		adds	r3, r3, #2
 1048              	.LVL78:
 545:Drivers/STM32F0xx_HAL_Driver/Src/stm32f0xx_hal_dma.c **** 
 1049              		.loc 1 545 47 view .LVU374
 1050 00a6 9340     		lsls	r3, r3, r2
 545:Drivers/STM32F0xx_HAL_Driver/Src/stm32f0xx_hal_dma.c **** 
 1051              		.loc 1 545 32 view .LVU375
 1052 00a8 4B60     		str	r3, [r1, #4]
 549:Drivers/STM32F0xx_HAL_Driver/Src/stm32f0xx_hal_dma.c ****   }
 1053              		.loc 1 549 5 is_stmt 1 view .LVU376
 549:Drivers/STM32F0xx_HAL_Driver/Src/stm32f0xx_hal_dma.c ****   }
 1054              		.loc 1 549 17 is_stmt 0 view .LVU377
 1055 00aa 2123     		movs	r3, #33
 1056 00ac 0122     		movs	r2, #1
 1057 00ae E254     		strb	r2, [r4, r3]
 1058              	.L47:
 558:Drivers/STM32F0xx_HAL_Driver/Src/stm32f0xx_hal_dma.c **** 
 1059              		.loc 1 558 3 is_stmt 1 view .LVU378
 558:Drivers/STM32F0xx_HAL_Driver/Src/stm32f0xx_hal_dma.c **** 
 1060              		.loc 1 558 3 view .LVU379
 1061 00b0 2023     		movs	r3, #32
 1062 00b2 0022     		movs	r2, #0
 1063 00b4 E254     		strb	r2, [r4, r3]
 558:Drivers/STM32F0xx_HAL_Driver/Src/stm32f0xx_hal_dma.c **** 
 1064              		.loc 1 558 3 view .LVU380
 560:Drivers/STM32F0xx_HAL_Driver/Src/stm32f0xx_hal_dma.c **** }
 1065              		.loc 1 560 3 view .LVU381
 560:Drivers/STM32F0xx_HAL_Driver/Src/stm32f0xx_hal_dma.c **** }
ARM GAS  C:\Users\fastr\AppData\Local\Temp\ccghrJ8b.s 			page 41


 1066              		.loc 1 560 10 is_stmt 0 view .LVU382
 1067 00b6 0020     		movs	r0, #0
 1068 00b8 B1E7     		b	.L37
 1069              	.LVL79:
 1070              	.L46:
 554:Drivers/STM32F0xx_HAL_Driver/Src/stm32f0xx_hal_dma.c ****   }
 1071              		.loc 1 554 5 is_stmt 1 view .LVU383
 554:Drivers/STM32F0xx_HAL_Driver/Src/stm32f0xx_hal_dma.c ****   }
 1072              		.loc 1 554 54 is_stmt 0 view .LVU384
 1073 00ba 226C     		ldr	r2, [r4, #64]
 554:Drivers/STM32F0xx_HAL_Driver/Src/stm32f0xx_hal_dma.c ****   }
 1074              		.loc 1 554 47 view .LVU385
 1075 00bc 0423     		movs	r3, #4
 1076              	.LVL80:
 554:Drivers/STM32F0xx_HAL_Driver/Src/stm32f0xx_hal_dma.c ****   }
 1077              		.loc 1 554 47 view .LVU386
 1078 00be 9340     		lsls	r3, r3, r2
 554:Drivers/STM32F0xx_HAL_Driver/Src/stm32f0xx_hal_dma.c ****   }
 1079              		.loc 1 554 32 view .LVU387
 1080 00c0 4B60     		str	r3, [r1, #4]
 1081 00c2 F5E7     		b	.L47
 1082              		.cfi_endproc
 1083              	.LFE46:
 1085              		.section	.text.HAL_DMA_IRQHandler,"ax",%progbits
 1086              		.align	1
 1087              		.global	HAL_DMA_IRQHandler
 1088              		.syntax unified
 1089              		.code	16
 1090              		.thumb_func
 1092              	HAL_DMA_IRQHandler:
 1093              	.LVL81:
 1094              	.LFB47:
 570:Drivers/STM32F0xx_HAL_Driver/Src/stm32f0xx_hal_dma.c ****   uint32_t flag_it = hdma->DmaBaseAddress->ISR;
 1095              		.loc 1 570 1 is_stmt 1 view -0
 1096              		.cfi_startproc
 1097              		@ args = 0, pretend = 0, frame = 0
 1098              		@ frame_needed = 0, uses_anonymous_args = 0
 570:Drivers/STM32F0xx_HAL_Driver/Src/stm32f0xx_hal_dma.c ****   uint32_t flag_it = hdma->DmaBaseAddress->ISR;
 1099              		.loc 1 570 1 is_stmt 0 view .LVU389
 1100 0000 10B5     		push	{r4, lr}
 1101              		.cfi_def_cfa_offset 8
 1102              		.cfi_offset 4, -8
 1103              		.cfi_offset 14, -4
 571:Drivers/STM32F0xx_HAL_Driver/Src/stm32f0xx_hal_dma.c ****   uint32_t source_it = hdma->Instance->CCR;
 1104              		.loc 1 571 3 is_stmt 1 view .LVU390
 571:Drivers/STM32F0xx_HAL_Driver/Src/stm32f0xx_hal_dma.c ****   uint32_t source_it = hdma->Instance->CCR;
 1105              		.loc 1 571 26 is_stmt 0 view .LVU391
 1106 0002 C36B     		ldr	r3, [r0, #60]
 571:Drivers/STM32F0xx_HAL_Driver/Src/stm32f0xx_hal_dma.c ****   uint32_t source_it = hdma->Instance->CCR;
 1107              		.loc 1 571 12 view .LVU392
 1108 0004 1A68     		ldr	r2, [r3]
 1109              	.LVL82:
 572:Drivers/STM32F0xx_HAL_Driver/Src/stm32f0xx_hal_dma.c **** 
 1110              		.loc 1 572 3 is_stmt 1 view .LVU393
 572:Drivers/STM32F0xx_HAL_Driver/Src/stm32f0xx_hal_dma.c **** 
 1111              		.loc 1 572 28 is_stmt 0 view .LVU394
 1112 0006 0368     		ldr	r3, [r0]
ARM GAS  C:\Users\fastr\AppData\Local\Temp\ccghrJ8b.s 			page 42


 1113 0008 9C46     		mov	ip, r3
 572:Drivers/STM32F0xx_HAL_Driver/Src/stm32f0xx_hal_dma.c **** 
 1114              		.loc 1 572 12 view .LVU395
 1115 000a 1C68     		ldr	r4, [r3]
 1116              	.LVL83:
 575:Drivers/STM32F0xx_HAL_Driver/Src/stm32f0xx_hal_dma.c ****   {
 1117              		.loc 1 575 3 is_stmt 1 view .LVU396
 575:Drivers/STM32F0xx_HAL_Driver/Src/stm32f0xx_hal_dma.c ****   {
 1118              		.loc 1 575 49 is_stmt 0 view .LVU397
 1119 000c 016C     		ldr	r1, [r0, #64]
 575:Drivers/STM32F0xx_HAL_Driver/Src/stm32f0xx_hal_dma.c ****   {
 1120              		.loc 1 575 42 view .LVU398
 1121 000e 0423     		movs	r3, #4
 1122 0010 8B40     		lsls	r3, r3, r1
 575:Drivers/STM32F0xx_HAL_Driver/Src/stm32f0xx_hal_dma.c ****   {
 1123              		.loc 1 575 6 view .LVU399
 1124 0012 1A42     		tst	r2, r3
 1125 0014 15D0     		beq	.L53
 575:Drivers/STM32F0xx_HAL_Driver/Src/stm32f0xx_hal_dma.c ****   {
 1126              		.loc 1 575 67 discriminator 1 view .LVU400
 1127 0016 6307     		lsls	r3, r4, #29
 1128 0018 13D5     		bpl	.L53
 578:Drivers/STM32F0xx_HAL_Driver/Src/stm32f0xx_hal_dma.c ****     {
 1129              		.loc 1 578 5 is_stmt 1 view .LVU401
 578:Drivers/STM32F0xx_HAL_Driver/Src/stm32f0xx_hal_dma.c ****     {
 1130              		.loc 1 578 24 is_stmt 0 view .LVU402
 1131 001a 6346     		mov	r3, ip
 1132 001c 1B68     		ldr	r3, [r3]
 578:Drivers/STM32F0xx_HAL_Driver/Src/stm32f0xx_hal_dma.c ****     {
 1133              		.loc 1 578 8 view .LVU403
 1134 001e 9B06     		lsls	r3, r3, #26
 1135 0020 05D4     		bmi	.L54
 581:Drivers/STM32F0xx_HAL_Driver/Src/stm32f0xx_hal_dma.c ****     }
 1136              		.loc 1 581 7 is_stmt 1 view .LVU404
 581:Drivers/STM32F0xx_HAL_Driver/Src/stm32f0xx_hal_dma.c ****     }
 1137              		.loc 1 581 21 is_stmt 0 view .LVU405
 1138 0022 6346     		mov	r3, ip
 1139 0024 1B68     		ldr	r3, [r3]
 581:Drivers/STM32F0xx_HAL_Driver/Src/stm32f0xx_hal_dma.c ****     }
 1140              		.loc 1 581 27 view .LVU406
 1141 0026 0422     		movs	r2, #4
 1142              	.LVL84:
 581:Drivers/STM32F0xx_HAL_Driver/Src/stm32f0xx_hal_dma.c ****     }
 1143              		.loc 1 581 27 view .LVU407
 1144 0028 9343     		bics	r3, r2
 1145 002a 6246     		mov	r2, ip
 1146 002c 1360     		str	r3, [r2]
 1147              	.L54:
 585:Drivers/STM32F0xx_HAL_Driver/Src/stm32f0xx_hal_dma.c **** 
 1148              		.loc 1 585 5 is_stmt 1 view .LVU408
 585:Drivers/STM32F0xx_HAL_Driver/Src/stm32f0xx_hal_dma.c **** 
 1149              		.loc 1 585 54 is_stmt 0 view .LVU409
 1150 002e 016C     		ldr	r1, [r0, #64]
 585:Drivers/STM32F0xx_HAL_Driver/Src/stm32f0xx_hal_dma.c **** 
 1151              		.loc 1 585 9 view .LVU410
 1152 0030 C26B     		ldr	r2, [r0, #60]
 585:Drivers/STM32F0xx_HAL_Driver/Src/stm32f0xx_hal_dma.c **** 
ARM GAS  C:\Users\fastr\AppData\Local\Temp\ccghrJ8b.s 			page 43


 1153              		.loc 1 585 47 view .LVU411
 1154 0032 0423     		movs	r3, #4
 1155 0034 8B40     		lsls	r3, r3, r1
 585:Drivers/STM32F0xx_HAL_Driver/Src/stm32f0xx_hal_dma.c **** 
 1156              		.loc 1 585 32 view .LVU412
 1157 0036 5360     		str	r3, [r2, #4]
 590:Drivers/STM32F0xx_HAL_Driver/Src/stm32f0xx_hal_dma.c ****     {
 1158              		.loc 1 590 5 is_stmt 1 view .LVU413
 590:Drivers/STM32F0xx_HAL_Driver/Src/stm32f0xx_hal_dma.c ****     {
 1159              		.loc 1 590 13 is_stmt 0 view .LVU414
 1160 0038 C36A     		ldr	r3, [r0, #44]
 590:Drivers/STM32F0xx_HAL_Driver/Src/stm32f0xx_hal_dma.c ****     {
 1161              		.loc 1 590 8 view .LVU415
 1162 003a 002B     		cmp	r3, #0
 1163 003c 00D0     		beq	.L52
 593:Drivers/STM32F0xx_HAL_Driver/Src/stm32f0xx_hal_dma.c ****     }
 1164              		.loc 1 593 7 is_stmt 1 view .LVU416
 1165 003e 9847     		blx	r3
 1166              	.LVL85:
 1167              	.L52:
 649:Drivers/STM32F0xx_HAL_Driver/Src/stm32f0xx_hal_dma.c **** 
 1168              		.loc 1 649 1 is_stmt 0 view .LVU417
 1169              		@ sp needed
 1170 0040 10BD     		pop	{r4, pc}
 1171              	.LVL86:
 1172              	.L53:
 598:Drivers/STM32F0xx_HAL_Driver/Src/stm32f0xx_hal_dma.c ****   {
 1173              		.loc 1 598 8 is_stmt 1 view .LVU418
 598:Drivers/STM32F0xx_HAL_Driver/Src/stm32f0xx_hal_dma.c ****   {
 1174              		.loc 1 598 47 is_stmt 0 view .LVU419
 1175 0042 0223     		movs	r3, #2
 1176 0044 8B40     		lsls	r3, r3, r1
 598:Drivers/STM32F0xx_HAL_Driver/Src/stm32f0xx_hal_dma.c ****   {
 1177              		.loc 1 598 11 view .LVU420
 1178 0046 1A42     		tst	r2, r3
 1179 0048 1BD0     		beq	.L56
 598:Drivers/STM32F0xx_HAL_Driver/Src/stm32f0xx_hal_dma.c ****   {
 1180              		.loc 1 598 72 discriminator 1 view .LVU421
 1181 004a A307     		lsls	r3, r4, #30
 1182 004c 19D5     		bpl	.L56
 600:Drivers/STM32F0xx_HAL_Driver/Src/stm32f0xx_hal_dma.c ****     {
 1183              		.loc 1 600 5 is_stmt 1 view .LVU422
 600:Drivers/STM32F0xx_HAL_Driver/Src/stm32f0xx_hal_dma.c ****     {
 1184              		.loc 1 600 24 is_stmt 0 view .LVU423
 1185 004e 6346     		mov	r3, ip
 1186 0050 1B68     		ldr	r3, [r3]
 600:Drivers/STM32F0xx_HAL_Driver/Src/stm32f0xx_hal_dma.c ****     {
 1187              		.loc 1 600 8 view .LVU424
 1188 0052 9B06     		lsls	r3, r3, #26
 1189 0054 08D4     		bmi	.L57
 604:Drivers/STM32F0xx_HAL_Driver/Src/stm32f0xx_hal_dma.c **** 
 1190              		.loc 1 604 7 is_stmt 1 view .LVU425
 604:Drivers/STM32F0xx_HAL_Driver/Src/stm32f0xx_hal_dma.c **** 
 1191              		.loc 1 604 21 is_stmt 0 view .LVU426
 1192 0056 6346     		mov	r3, ip
 1193 0058 1B68     		ldr	r3, [r3]
 604:Drivers/STM32F0xx_HAL_Driver/Src/stm32f0xx_hal_dma.c **** 
ARM GAS  C:\Users\fastr\AppData\Local\Temp\ccghrJ8b.s 			page 44


 1194              		.loc 1 604 27 view .LVU427
 1195 005a 0A22     		movs	r2, #10
 1196              	.LVL87:
 604:Drivers/STM32F0xx_HAL_Driver/Src/stm32f0xx_hal_dma.c **** 
 1197              		.loc 1 604 27 view .LVU428
 1198 005c 9343     		bics	r3, r2
 1199 005e 6246     		mov	r2, ip
 1200 0060 1360     		str	r3, [r2]
 607:Drivers/STM32F0xx_HAL_Driver/Src/stm32f0xx_hal_dma.c ****     }
 1201              		.loc 1 607 7 is_stmt 1 view .LVU429
 607:Drivers/STM32F0xx_HAL_Driver/Src/stm32f0xx_hal_dma.c ****     }
 1202              		.loc 1 607 19 is_stmt 0 view .LVU430
 1203 0062 2123     		movs	r3, #33
 1204 0064 0122     		movs	r2, #1
 1205 0066 C254     		strb	r2, [r0, r3]
 1206              	.L57:
 611:Drivers/STM32F0xx_HAL_Driver/Src/stm32f0xx_hal_dma.c **** 
 1207              		.loc 1 611 5 is_stmt 1 view .LVU431
 611:Drivers/STM32F0xx_HAL_Driver/Src/stm32f0xx_hal_dma.c **** 
 1208              		.loc 1 611 54 is_stmt 0 view .LVU432
 1209 0068 016C     		ldr	r1, [r0, #64]
 611:Drivers/STM32F0xx_HAL_Driver/Src/stm32f0xx_hal_dma.c **** 
 1210              		.loc 1 611 9 view .LVU433
 1211 006a C26B     		ldr	r2, [r0, #60]
 611:Drivers/STM32F0xx_HAL_Driver/Src/stm32f0xx_hal_dma.c **** 
 1212              		.loc 1 611 47 view .LVU434
 1213 006c 0223     		movs	r3, #2
 1214 006e 8B40     		lsls	r3, r3, r1
 611:Drivers/STM32F0xx_HAL_Driver/Src/stm32f0xx_hal_dma.c **** 
 1215              		.loc 1 611 32 view .LVU435
 1216 0070 5360     		str	r3, [r2, #4]
 614:Drivers/STM32F0xx_HAL_Driver/Src/stm32f0xx_hal_dma.c **** 
 1217              		.loc 1 614 5 is_stmt 1 view .LVU436
 614:Drivers/STM32F0xx_HAL_Driver/Src/stm32f0xx_hal_dma.c **** 
 1218              		.loc 1 614 5 view .LVU437
 1219 0072 2023     		movs	r3, #32
 1220 0074 0022     		movs	r2, #0
 1221 0076 C254     		strb	r2, [r0, r3]
 614:Drivers/STM32F0xx_HAL_Driver/Src/stm32f0xx_hal_dma.c **** 
 1222              		.loc 1 614 5 view .LVU438
 616:Drivers/STM32F0xx_HAL_Driver/Src/stm32f0xx_hal_dma.c ****     {
 1223              		.loc 1 616 5 view .LVU439
 616:Drivers/STM32F0xx_HAL_Driver/Src/stm32f0xx_hal_dma.c ****     {
 1224              		.loc 1 616 13 is_stmt 0 view .LVU440
 1225 0078 836A     		ldr	r3, [r0, #40]
 616:Drivers/STM32F0xx_HAL_Driver/Src/stm32f0xx_hal_dma.c ****     {
 1226              		.loc 1 616 8 view .LVU441
 1227 007a 002B     		cmp	r3, #0
 1228 007c E0D0     		beq	.L52
 619:Drivers/STM32F0xx_HAL_Driver/Src/stm32f0xx_hal_dma.c ****     }
 1229              		.loc 1 619 7 is_stmt 1 view .LVU442
 1230 007e 9847     		blx	r3
 1231              	.LVL88:
 619:Drivers/STM32F0xx_HAL_Driver/Src/stm32f0xx_hal_dma.c ****     }
 1232              		.loc 1 619 7 is_stmt 0 view .LVU443
 1233 0080 DEE7     		b	.L52
 1234              	.LVL89:
ARM GAS  C:\Users\fastr\AppData\Local\Temp\ccghrJ8b.s 			page 45


 1235              	.L56:
 624:Drivers/STM32F0xx_HAL_Driver/Src/stm32f0xx_hal_dma.c ****   {
 1236              		.loc 1 624 8 is_stmt 1 view .LVU444
 624:Drivers/STM32F0xx_HAL_Driver/Src/stm32f0xx_hal_dma.c ****   {
 1237              		.loc 1 624 47 is_stmt 0 view .LVU445
 1238 0082 0823     		movs	r3, #8
 1239 0084 8B40     		lsls	r3, r3, r1
 624:Drivers/STM32F0xx_HAL_Driver/Src/stm32f0xx_hal_dma.c ****   {
 1240              		.loc 1 624 11 view .LVU446
 1241 0086 1A42     		tst	r2, r3
 1242 0088 DAD0     		beq	.L52
 624:Drivers/STM32F0xx_HAL_Driver/Src/stm32f0xx_hal_dma.c ****   {
 1243              		.loc 1 624 72 discriminator 1 view .LVU447
 1244 008a 2407     		lsls	r4, r4, #28
 1245 008c D8D5     		bpl	.L52
 1246              	.LVL90:
 629:Drivers/STM32F0xx_HAL_Driver/Src/stm32f0xx_hal_dma.c **** 
 1247              		.loc 1 629 5 is_stmt 1 view .LVU448
 629:Drivers/STM32F0xx_HAL_Driver/Src/stm32f0xx_hal_dma.c **** 
 1248              		.loc 1 629 19 is_stmt 0 view .LVU449
 1249 008e 6346     		mov	r3, ip
 1250 0090 1B68     		ldr	r3, [r3]
 629:Drivers/STM32F0xx_HAL_Driver/Src/stm32f0xx_hal_dma.c **** 
 1251              		.loc 1 629 25 view .LVU450
 1252 0092 0E22     		movs	r2, #14
 1253              	.LVL91:
 629:Drivers/STM32F0xx_HAL_Driver/Src/stm32f0xx_hal_dma.c **** 
 1254              		.loc 1 629 25 view .LVU451
 1255 0094 9343     		bics	r3, r2
 1256 0096 6246     		mov	r2, ip
 1257 0098 1360     		str	r3, [r2]
 632:Drivers/STM32F0xx_HAL_Driver/Src/stm32f0xx_hal_dma.c **** 
 1258              		.loc 1 632 5 is_stmt 1 view .LVU452
 632:Drivers/STM32F0xx_HAL_Driver/Src/stm32f0xx_hal_dma.c **** 
 1259              		.loc 1 632 54 is_stmt 0 view .LVU453
 1260 009a 016C     		ldr	r1, [r0, #64]
 632:Drivers/STM32F0xx_HAL_Driver/Src/stm32f0xx_hal_dma.c **** 
 1261              		.loc 1 632 9 view .LVU454
 1262 009c C26B     		ldr	r2, [r0, #60]
 632:Drivers/STM32F0xx_HAL_Driver/Src/stm32f0xx_hal_dma.c **** 
 1263              		.loc 1 632 47 view .LVU455
 1264 009e 0123     		movs	r3, #1
 1265 00a0 1C00     		movs	r4, r3
 1266 00a2 8C40     		lsls	r4, r4, r1
 632:Drivers/STM32F0xx_HAL_Driver/Src/stm32f0xx_hal_dma.c **** 
 1267              		.loc 1 632 32 view .LVU456
 1268 00a4 5460     		str	r4, [r2, #4]
 635:Drivers/STM32F0xx_HAL_Driver/Src/stm32f0xx_hal_dma.c **** 
 1269              		.loc 1 635 5 is_stmt 1 view .LVU457
 635:Drivers/STM32F0xx_HAL_Driver/Src/stm32f0xx_hal_dma.c **** 
 1270              		.loc 1 635 21 is_stmt 0 view .LVU458
 1271 00a6 8363     		str	r3, [r0, #56]
 638:Drivers/STM32F0xx_HAL_Driver/Src/stm32f0xx_hal_dma.c **** 
 1272              		.loc 1 638 5 is_stmt 1 view .LVU459
 638:Drivers/STM32F0xx_HAL_Driver/Src/stm32f0xx_hal_dma.c **** 
 1273              		.loc 1 638 17 is_stmt 0 view .LVU460
 1274 00a8 2122     		movs	r2, #33
ARM GAS  C:\Users\fastr\AppData\Local\Temp\ccghrJ8b.s 			page 46


 1275 00aa 8354     		strb	r3, [r0, r2]
 641:Drivers/STM32F0xx_HAL_Driver/Src/stm32f0xx_hal_dma.c **** 
 1276              		.loc 1 641 5 is_stmt 1 view .LVU461
 641:Drivers/STM32F0xx_HAL_Driver/Src/stm32f0xx_hal_dma.c **** 
 1277              		.loc 1 641 5 view .LVU462
 1278 00ac 1F33     		adds	r3, r3, #31
 1279 00ae 0022     		movs	r2, #0
 1280 00b0 C254     		strb	r2, [r0, r3]
 641:Drivers/STM32F0xx_HAL_Driver/Src/stm32f0xx_hal_dma.c **** 
 1281              		.loc 1 641 5 view .LVU463
 643:Drivers/STM32F0xx_HAL_Driver/Src/stm32f0xx_hal_dma.c ****     {
 1282              		.loc 1 643 5 view .LVU464
 643:Drivers/STM32F0xx_HAL_Driver/Src/stm32f0xx_hal_dma.c ****     {
 1283              		.loc 1 643 13 is_stmt 0 view .LVU465
 1284 00b2 036B     		ldr	r3, [r0, #48]
 643:Drivers/STM32F0xx_HAL_Driver/Src/stm32f0xx_hal_dma.c ****     {
 1285              		.loc 1 643 8 view .LVU466
 1286 00b4 002B     		cmp	r3, #0
 1287 00b6 C3D0     		beq	.L52
 646:Drivers/STM32F0xx_HAL_Driver/Src/stm32f0xx_hal_dma.c ****     }
 1288              		.loc 1 646 7 is_stmt 1 view .LVU467
 1289 00b8 9847     		blx	r3
 1290              	.LVL92:
 649:Drivers/STM32F0xx_HAL_Driver/Src/stm32f0xx_hal_dma.c **** 
 1291              		.loc 1 649 1 is_stmt 0 view .LVU468
 1292 00ba C1E7     		b	.L52
 1293              		.cfi_endproc
 1294              	.LFE47:
 1296              		.section	.text.HAL_DMA_RegisterCallback,"ax",%progbits
 1297              		.align	1
 1298              		.global	HAL_DMA_RegisterCallback
 1299              		.syntax unified
 1300              		.code	16
 1301              		.thumb_func
 1303              	HAL_DMA_RegisterCallback:
 1304              	.LVL93:
 1305              	.LFB48:
 662:Drivers/STM32F0xx_HAL_Driver/Src/stm32f0xx_hal_dma.c ****   HAL_StatusTypeDef status = HAL_OK;
 1306              		.loc 1 662 1 is_stmt 1 view -0
 1307              		.cfi_startproc
 1308              		@ args = 0, pretend = 0, frame = 0
 1309              		@ frame_needed = 0, uses_anonymous_args = 0
 662:Drivers/STM32F0xx_HAL_Driver/Src/stm32f0xx_hal_dma.c ****   HAL_StatusTypeDef status = HAL_OK;
 1310              		.loc 1 662 1 is_stmt 0 view .LVU470
 1311 0000 10B5     		push	{r4, lr}
 1312              		.cfi_def_cfa_offset 8
 1313              		.cfi_offset 4, -8
 1314              		.cfi_offset 14, -4
 1315 0002 0300     		movs	r3, r0
 1316 0004 1400     		movs	r4, r2
 663:Drivers/STM32F0xx_HAL_Driver/Src/stm32f0xx_hal_dma.c **** 
 1317              		.loc 1 663 3 is_stmt 1 view .LVU471
 1318              	.LVL94:
 666:Drivers/STM32F0xx_HAL_Driver/Src/stm32f0xx_hal_dma.c **** 
 1319              		.loc 1 666 3 view .LVU472
 666:Drivers/STM32F0xx_HAL_Driver/Src/stm32f0xx_hal_dma.c **** 
 1320              		.loc 1 666 3 view .LVU473
ARM GAS  C:\Users\fastr\AppData\Local\Temp\ccghrJ8b.s 			page 47


 1321 0006 2020     		movs	r0, #32
 1322              	.LVL95:
 666:Drivers/STM32F0xx_HAL_Driver/Src/stm32f0xx_hal_dma.c **** 
 1323              		.loc 1 666 3 is_stmt 0 view .LVU474
 1324 0008 185C     		ldrb	r0, [r3, r0]
 1325 000a 0128     		cmp	r0, #1
 1326 000c 21D0     		beq	.L71
 666:Drivers/STM32F0xx_HAL_Driver/Src/stm32f0xx_hal_dma.c **** 
 1327              		.loc 1 666 3 is_stmt 1 discriminator 2 view .LVU475
 1328 000e 2022     		movs	r2, #32
 1329              	.LVL96:
 666:Drivers/STM32F0xx_HAL_Driver/Src/stm32f0xx_hal_dma.c **** 
 1330              		.loc 1 666 3 is_stmt 0 discriminator 2 view .LVU476
 1331 0010 0120     		movs	r0, #1
 1332 0012 9854     		strb	r0, [r3, r2]
 666:Drivers/STM32F0xx_HAL_Driver/Src/stm32f0xx_hal_dma.c **** 
 1333              		.loc 1 666 3 is_stmt 1 view .LVU477
 668:Drivers/STM32F0xx_HAL_Driver/Src/stm32f0xx_hal_dma.c ****   {
 1334              		.loc 1 668 3 view .LVU478
 668:Drivers/STM32F0xx_HAL_Driver/Src/stm32f0xx_hal_dma.c ****   {
 1335              		.loc 1 668 34 is_stmt 0 view .LVU479
 1336 0014 0132     		adds	r2, r2, #1
 1337 0016 9A5C     		ldrb	r2, [r3, r2]
 1338 0018 D0B2     		uxtb	r0, r2
 668:Drivers/STM32F0xx_HAL_Driver/Src/stm32f0xx_hal_dma.c ****   {
 1339              		.loc 1 668 6 view .LVU480
 1340 001a 012A     		cmp	r2, #1
 1341 001c 04D0     		beq	.L73
 695:Drivers/STM32F0xx_HAL_Driver/Src/stm32f0xx_hal_dma.c ****   }
 1342              		.loc 1 695 12 view .LVU481
 1343 001e 0120     		movs	r0, #1
 1344              	.L65:
 1345              	.LVL97:
 699:Drivers/STM32F0xx_HAL_Driver/Src/stm32f0xx_hal_dma.c **** 
 1346              		.loc 1 699 3 is_stmt 1 view .LVU482
 699:Drivers/STM32F0xx_HAL_Driver/Src/stm32f0xx_hal_dma.c **** 
 1347              		.loc 1 699 3 view .LVU483
 1348 0020 2022     		movs	r2, #32
 1349 0022 0021     		movs	r1, #0
 1350              	.LVL98:
 699:Drivers/STM32F0xx_HAL_Driver/Src/stm32f0xx_hal_dma.c **** 
 1351              		.loc 1 699 3 is_stmt 0 view .LVU484
 1352 0024 9954     		strb	r1, [r3, r2]
 699:Drivers/STM32F0xx_HAL_Driver/Src/stm32f0xx_hal_dma.c **** 
 1353              		.loc 1 699 3 is_stmt 1 view .LVU485
 701:Drivers/STM32F0xx_HAL_Driver/Src/stm32f0xx_hal_dma.c **** }
 1354              		.loc 1 701 3 view .LVU486
 1355              	.LVL99:
 1356              	.L64:
 702:Drivers/STM32F0xx_HAL_Driver/Src/stm32f0xx_hal_dma.c **** 
 1357              		.loc 1 702 1 is_stmt 0 view .LVU487
 1358              		@ sp needed
 1359              	.LVL100:
 702:Drivers/STM32F0xx_HAL_Driver/Src/stm32f0xx_hal_dma.c **** 
 1360              		.loc 1 702 1 view .LVU488
 1361 0026 10BD     		pop	{r4, pc}
 1362              	.LVL101:
ARM GAS  C:\Users\fastr\AppData\Local\Temp\ccghrJ8b.s 			page 48


 1363              	.L73:
 670:Drivers/STM32F0xx_HAL_Driver/Src/stm32f0xx_hal_dma.c ****     {
 1364              		.loc 1 670 5 is_stmt 1 view .LVU489
 1365 0028 0229     		cmp	r1, #2
 1366 002a 0FD0     		beq	.L66
 1367 002c 06D8     		bhi	.L67
 1368 002e 0029     		cmp	r1, #0
 1369 0030 09D0     		beq	.L68
 1370 0032 0129     		cmp	r1, #1
 1371 0034 F4D1     		bne	.L65
 677:Drivers/STM32F0xx_HAL_Driver/Src/stm32f0xx_hal_dma.c ****         break;
 1372              		.loc 1 677 9 view .LVU490
 677:Drivers/STM32F0xx_HAL_Driver/Src/stm32f0xx_hal_dma.c ****         break;
 1373              		.loc 1 677 36 is_stmt 0 view .LVU491
 1374 0036 DC62     		str	r4, [r3, #44]
 678:Drivers/STM32F0xx_HAL_Driver/Src/stm32f0xx_hal_dma.c **** 
 1375              		.loc 1 678 9 is_stmt 1 view .LVU492
 663:Drivers/STM32F0xx_HAL_Driver/Src/stm32f0xx_hal_dma.c **** 
 1376              		.loc 1 663 21 is_stmt 0 view .LVU493
 1377 0038 0020     		movs	r0, #0
 678:Drivers/STM32F0xx_HAL_Driver/Src/stm32f0xx_hal_dma.c **** 
 1378              		.loc 1 678 9 view .LVU494
 1379 003a F1E7     		b	.L65
 1380              	.L67:
 670:Drivers/STM32F0xx_HAL_Driver/Src/stm32f0xx_hal_dma.c ****     {
 1381              		.loc 1 670 5 view .LVU495
 1382 003c 0329     		cmp	r1, #3
 1383 003e EFD1     		bne	.L65
 685:Drivers/STM32F0xx_HAL_Driver/Src/stm32f0xx_hal_dma.c ****         break;
 1384              		.loc 1 685 9 is_stmt 1 view .LVU496
 685:Drivers/STM32F0xx_HAL_Driver/Src/stm32f0xx_hal_dma.c ****         break;
 1385              		.loc 1 685 33 is_stmt 0 view .LVU497
 1386 0040 5C63     		str	r4, [r3, #52]
 686:Drivers/STM32F0xx_HAL_Driver/Src/stm32f0xx_hal_dma.c **** 
 1387              		.loc 1 686 9 is_stmt 1 view .LVU498
 663:Drivers/STM32F0xx_HAL_Driver/Src/stm32f0xx_hal_dma.c **** 
 1388              		.loc 1 663 21 is_stmt 0 view .LVU499
 1389 0042 0020     		movs	r0, #0
 686:Drivers/STM32F0xx_HAL_Driver/Src/stm32f0xx_hal_dma.c **** 
 1390              		.loc 1 686 9 view .LVU500
 1391 0044 ECE7     		b	.L65
 1392              	.L68:
 673:Drivers/STM32F0xx_HAL_Driver/Src/stm32f0xx_hal_dma.c ****         break;
 1393              		.loc 1 673 9 is_stmt 1 view .LVU501
 673:Drivers/STM32F0xx_HAL_Driver/Src/stm32f0xx_hal_dma.c ****         break;
 1394              		.loc 1 673 32 is_stmt 0 view .LVU502
 1395 0046 9C62     		str	r4, [r3, #40]
 674:Drivers/STM32F0xx_HAL_Driver/Src/stm32f0xx_hal_dma.c **** 
 1396              		.loc 1 674 9 is_stmt 1 view .LVU503
 663:Drivers/STM32F0xx_HAL_Driver/Src/stm32f0xx_hal_dma.c **** 
 1397              		.loc 1 663 21 is_stmt 0 view .LVU504
 1398 0048 0800     		movs	r0, r1
 674:Drivers/STM32F0xx_HAL_Driver/Src/stm32f0xx_hal_dma.c **** 
 1399              		.loc 1 674 9 view .LVU505
 1400 004a E9E7     		b	.L65
 1401              	.L66:
 681:Drivers/STM32F0xx_HAL_Driver/Src/stm32f0xx_hal_dma.c ****         break;
ARM GAS  C:\Users\fastr\AppData\Local\Temp\ccghrJ8b.s 			page 49


 1402              		.loc 1 681 9 is_stmt 1 view .LVU506
 681:Drivers/STM32F0xx_HAL_Driver/Src/stm32f0xx_hal_dma.c ****         break;
 1403              		.loc 1 681 33 is_stmt 0 view .LVU507
 1404 004c 1C63     		str	r4, [r3, #48]
 682:Drivers/STM32F0xx_HAL_Driver/Src/stm32f0xx_hal_dma.c **** 
 1405              		.loc 1 682 9 is_stmt 1 view .LVU508
 663:Drivers/STM32F0xx_HAL_Driver/Src/stm32f0xx_hal_dma.c **** 
 1406              		.loc 1 663 21 is_stmt 0 view .LVU509
 1407 004e 0020     		movs	r0, #0
 682:Drivers/STM32F0xx_HAL_Driver/Src/stm32f0xx_hal_dma.c **** 
 1408              		.loc 1 682 9 view .LVU510
 1409 0050 E6E7     		b	.L65
 1410              	.LVL102:
 1411              	.L71:
 666:Drivers/STM32F0xx_HAL_Driver/Src/stm32f0xx_hal_dma.c **** 
 1412              		.loc 1 666 3 discriminator 1 view .LVU511
 1413 0052 0220     		movs	r0, #2
 1414 0054 E7E7     		b	.L64
 1415              		.cfi_endproc
 1416              	.LFE48:
 1418              		.section	.text.HAL_DMA_UnRegisterCallback,"ax",%progbits
 1419              		.align	1
 1420              		.global	HAL_DMA_UnRegisterCallback
 1421              		.syntax unified
 1422              		.code	16
 1423              		.thumb_func
 1425              	HAL_DMA_UnRegisterCallback:
 1426              	.LVL103:
 1427              	.LFB49:
 713:Drivers/STM32F0xx_HAL_Driver/Src/stm32f0xx_hal_dma.c ****   HAL_StatusTypeDef status = HAL_OK;
 1428              		.loc 1 713 1 is_stmt 1 view -0
 1429              		.cfi_startproc
 1430              		@ args = 0, pretend = 0, frame = 0
 1431              		@ frame_needed = 0, uses_anonymous_args = 0
 1432              		@ link register save eliminated.
 713:Drivers/STM32F0xx_HAL_Driver/Src/stm32f0xx_hal_dma.c ****   HAL_StatusTypeDef status = HAL_OK;
 1433              		.loc 1 713 1 is_stmt 0 view .LVU513
 1434 0000 0300     		movs	r3, r0
 714:Drivers/STM32F0xx_HAL_Driver/Src/stm32f0xx_hal_dma.c **** 
 1435              		.loc 1 714 3 is_stmt 1 view .LVU514
 1436              	.LVL104:
 717:Drivers/STM32F0xx_HAL_Driver/Src/stm32f0xx_hal_dma.c **** 
 1437              		.loc 1 717 3 view .LVU515
 717:Drivers/STM32F0xx_HAL_Driver/Src/stm32f0xx_hal_dma.c **** 
 1438              		.loc 1 717 3 view .LVU516
 1439 0002 2022     		movs	r2, #32
 1440 0004 825C     		ldrb	r2, [r0, r2]
 1441 0006 012A     		cmp	r2, #1
 1442 0008 2ED0     		beq	.L83
 717:Drivers/STM32F0xx_HAL_Driver/Src/stm32f0xx_hal_dma.c **** 
 1443              		.loc 1 717 3 discriminator 2 view .LVU517
 1444 000a 2022     		movs	r2, #32
 1445 000c 0120     		movs	r0, #1
 1446              	.LVL105:
 717:Drivers/STM32F0xx_HAL_Driver/Src/stm32f0xx_hal_dma.c **** 
 1447              		.loc 1 717 3 is_stmt 0 discriminator 2 view .LVU518
 1448 000e 9854     		strb	r0, [r3, r2]
ARM GAS  C:\Users\fastr\AppData\Local\Temp\ccghrJ8b.s 			page 50


 717:Drivers/STM32F0xx_HAL_Driver/Src/stm32f0xx_hal_dma.c **** 
 1449              		.loc 1 717 3 is_stmt 1 view .LVU519
 719:Drivers/STM32F0xx_HAL_Driver/Src/stm32f0xx_hal_dma.c ****   {
 1450              		.loc 1 719 3 view .LVU520
 719:Drivers/STM32F0xx_HAL_Driver/Src/stm32f0xx_hal_dma.c ****   {
 1451              		.loc 1 719 34 is_stmt 0 view .LVU521
 1452 0010 0132     		adds	r2, r2, #1
 1453 0012 9A5C     		ldrb	r2, [r3, r2]
 1454 0014 D0B2     		uxtb	r0, r2
 719:Drivers/STM32F0xx_HAL_Driver/Src/stm32f0xx_hal_dma.c ****   {
 1455              		.loc 1 719 6 view .LVU522
 1456 0016 012A     		cmp	r2, #1
 1457 0018 04D0     		beq	.L85
 753:Drivers/STM32F0xx_HAL_Driver/Src/stm32f0xx_hal_dma.c ****   }
 1458              		.loc 1 753 12 view .LVU523
 1459 001a 0120     		movs	r0, #1
 1460              	.L76:
 1461              	.LVL106:
 757:Drivers/STM32F0xx_HAL_Driver/Src/stm32f0xx_hal_dma.c **** 
 1462              		.loc 1 757 3 is_stmt 1 view .LVU524
 757:Drivers/STM32F0xx_HAL_Driver/Src/stm32f0xx_hal_dma.c **** 
 1463              		.loc 1 757 3 view .LVU525
 1464 001c 2022     		movs	r2, #32
 1465 001e 0021     		movs	r1, #0
 1466              	.LVL107:
 757:Drivers/STM32F0xx_HAL_Driver/Src/stm32f0xx_hal_dma.c **** 
 1467              		.loc 1 757 3 is_stmt 0 view .LVU526
 1468 0020 9954     		strb	r1, [r3, r2]
 757:Drivers/STM32F0xx_HAL_Driver/Src/stm32f0xx_hal_dma.c **** 
 1469              		.loc 1 757 3 is_stmt 1 view .LVU527
 759:Drivers/STM32F0xx_HAL_Driver/Src/stm32f0xx_hal_dma.c **** }
 1470              		.loc 1 759 3 view .LVU528
 1471              	.LVL108:
 1472              	.L75:
 760:Drivers/STM32F0xx_HAL_Driver/Src/stm32f0xx_hal_dma.c **** 
 1473              		.loc 1 760 1 is_stmt 0 view .LVU529
 1474              		@ sp needed
 1475 0022 7047     		bx	lr
 1476              	.LVL109:
 1477              	.L85:
 721:Drivers/STM32F0xx_HAL_Driver/Src/stm32f0xx_hal_dma.c ****     {
 1478              		.loc 1 721 5 is_stmt 1 view .LVU530
 1479 0024 0229     		cmp	r1, #2
 1480 0026 17D0     		beq	.L77
 1481 0028 0AD9     		bls	.L86
 1482 002a 0329     		cmp	r1, #3
 1483 002c 18D0     		beq	.L81
 1484 002e 0429     		cmp	r1, #4
 1485 0030 F4D1     		bne	.L76
 740:Drivers/STM32F0xx_HAL_Driver/Src/stm32f0xx_hal_dma.c ****         hdma->XferHalfCpltCallback = NULL;
 1486              		.loc 1 740 9 view .LVU531
 740:Drivers/STM32F0xx_HAL_Driver/Src/stm32f0xx_hal_dma.c ****         hdma->XferHalfCpltCallback = NULL;
 1487              		.loc 1 740 32 is_stmt 0 view .LVU532
 1488 0032 0022     		movs	r2, #0
 1489 0034 9A62     		str	r2, [r3, #40]
 741:Drivers/STM32F0xx_HAL_Driver/Src/stm32f0xx_hal_dma.c ****         hdma->XferErrorCallback = NULL;
 1490              		.loc 1 741 9 is_stmt 1 view .LVU533
ARM GAS  C:\Users\fastr\AppData\Local\Temp\ccghrJ8b.s 			page 51


 741:Drivers/STM32F0xx_HAL_Driver/Src/stm32f0xx_hal_dma.c ****         hdma->XferErrorCallback = NULL;
 1491              		.loc 1 741 36 is_stmt 0 view .LVU534
 1492 0036 DA62     		str	r2, [r3, #44]
 742:Drivers/STM32F0xx_HAL_Driver/Src/stm32f0xx_hal_dma.c ****         hdma->XferAbortCallback = NULL;
 1493              		.loc 1 742 9 is_stmt 1 view .LVU535
 742:Drivers/STM32F0xx_HAL_Driver/Src/stm32f0xx_hal_dma.c ****         hdma->XferAbortCallback = NULL;
 1494              		.loc 1 742 33 is_stmt 0 view .LVU536
 1495 0038 1A63     		str	r2, [r3, #48]
 743:Drivers/STM32F0xx_HAL_Driver/Src/stm32f0xx_hal_dma.c ****         break;
 1496              		.loc 1 743 9 is_stmt 1 view .LVU537
 743:Drivers/STM32F0xx_HAL_Driver/Src/stm32f0xx_hal_dma.c ****         break;
 1497              		.loc 1 743 33 is_stmt 0 view .LVU538
 1498 003a 5A63     		str	r2, [r3, #52]
 744:Drivers/STM32F0xx_HAL_Driver/Src/stm32f0xx_hal_dma.c **** 
 1499              		.loc 1 744 9 is_stmt 1 view .LVU539
 714:Drivers/STM32F0xx_HAL_Driver/Src/stm32f0xx_hal_dma.c **** 
 1500              		.loc 1 714 21 is_stmt 0 view .LVU540
 1501 003c 0020     		movs	r0, #0
 744:Drivers/STM32F0xx_HAL_Driver/Src/stm32f0xx_hal_dma.c **** 
 1502              		.loc 1 744 9 view .LVU541
 1503 003e EDE7     		b	.L76
 1504              	.L86:
 721:Drivers/STM32F0xx_HAL_Driver/Src/stm32f0xx_hal_dma.c ****     {
 1505              		.loc 1 721 5 view .LVU542
 1506 0040 0029     		cmp	r1, #0
 1507 0042 05D0     		beq	.L79
 1508 0044 0129     		cmp	r1, #1
 1509 0046 E9D1     		bne	.L76
 728:Drivers/STM32F0xx_HAL_Driver/Src/stm32f0xx_hal_dma.c ****         break;
 1510              		.loc 1 728 9 is_stmt 1 view .LVU543
 728:Drivers/STM32F0xx_HAL_Driver/Src/stm32f0xx_hal_dma.c ****         break;
 1511              		.loc 1 728 36 is_stmt 0 view .LVU544
 1512 0048 0022     		movs	r2, #0
 1513 004a DA62     		str	r2, [r3, #44]
 729:Drivers/STM32F0xx_HAL_Driver/Src/stm32f0xx_hal_dma.c **** 
 1514              		.loc 1 729 9 is_stmt 1 view .LVU545
 714:Drivers/STM32F0xx_HAL_Driver/Src/stm32f0xx_hal_dma.c **** 
 1515              		.loc 1 714 21 is_stmt 0 view .LVU546
 1516 004c 0020     		movs	r0, #0
 729:Drivers/STM32F0xx_HAL_Driver/Src/stm32f0xx_hal_dma.c **** 
 1517              		.loc 1 729 9 view .LVU547
 1518 004e E5E7     		b	.L76
 1519              	.L79:
 724:Drivers/STM32F0xx_HAL_Driver/Src/stm32f0xx_hal_dma.c ****         break;
 1520              		.loc 1 724 9 is_stmt 1 view .LVU548
 724:Drivers/STM32F0xx_HAL_Driver/Src/stm32f0xx_hal_dma.c ****         break;
 1521              		.loc 1 724 32 is_stmt 0 view .LVU549
 1522 0050 0022     		movs	r2, #0
 1523 0052 9A62     		str	r2, [r3, #40]
 725:Drivers/STM32F0xx_HAL_Driver/Src/stm32f0xx_hal_dma.c **** 
 1524              		.loc 1 725 9 is_stmt 1 view .LVU550
 714:Drivers/STM32F0xx_HAL_Driver/Src/stm32f0xx_hal_dma.c **** 
 1525              		.loc 1 714 21 is_stmt 0 view .LVU551
 1526 0054 0800     		movs	r0, r1
 725:Drivers/STM32F0xx_HAL_Driver/Src/stm32f0xx_hal_dma.c **** 
 1527              		.loc 1 725 9 view .LVU552
 1528 0056 E1E7     		b	.L76
ARM GAS  C:\Users\fastr\AppData\Local\Temp\ccghrJ8b.s 			page 52


 1529              	.L77:
 732:Drivers/STM32F0xx_HAL_Driver/Src/stm32f0xx_hal_dma.c ****         break;
 1530              		.loc 1 732 9 is_stmt 1 view .LVU553
 732:Drivers/STM32F0xx_HAL_Driver/Src/stm32f0xx_hal_dma.c ****         break;
 1531              		.loc 1 732 33 is_stmt 0 view .LVU554
 1532 0058 0022     		movs	r2, #0
 1533 005a 1A63     		str	r2, [r3, #48]
 733:Drivers/STM32F0xx_HAL_Driver/Src/stm32f0xx_hal_dma.c **** 
 1534              		.loc 1 733 9 is_stmt 1 view .LVU555
 714:Drivers/STM32F0xx_HAL_Driver/Src/stm32f0xx_hal_dma.c **** 
 1535              		.loc 1 714 21 is_stmt 0 view .LVU556
 1536 005c 0020     		movs	r0, #0
 733:Drivers/STM32F0xx_HAL_Driver/Src/stm32f0xx_hal_dma.c **** 
 1537              		.loc 1 733 9 view .LVU557
 1538 005e DDE7     		b	.L76
 1539              	.L81:
 736:Drivers/STM32F0xx_HAL_Driver/Src/stm32f0xx_hal_dma.c ****         break;
 1540              		.loc 1 736 9 is_stmt 1 view .LVU558
 736:Drivers/STM32F0xx_HAL_Driver/Src/stm32f0xx_hal_dma.c ****         break;
 1541              		.loc 1 736 33 is_stmt 0 view .LVU559
 1542 0060 0022     		movs	r2, #0
 1543 0062 5A63     		str	r2, [r3, #52]
 737:Drivers/STM32F0xx_HAL_Driver/Src/stm32f0xx_hal_dma.c **** 
 1544              		.loc 1 737 9 is_stmt 1 view .LVU560
 714:Drivers/STM32F0xx_HAL_Driver/Src/stm32f0xx_hal_dma.c **** 
 1545              		.loc 1 714 21 is_stmt 0 view .LVU561
 1546 0064 0020     		movs	r0, #0
 737:Drivers/STM32F0xx_HAL_Driver/Src/stm32f0xx_hal_dma.c **** 
 1547              		.loc 1 737 9 view .LVU562
 1548 0066 D9E7     		b	.L76
 1549              	.LVL110:
 1550              	.L83:
 717:Drivers/STM32F0xx_HAL_Driver/Src/stm32f0xx_hal_dma.c **** 
 1551              		.loc 1 717 3 discriminator 1 view .LVU563
 1552 0068 0220     		movs	r0, #2
 1553              	.LVL111:
 717:Drivers/STM32F0xx_HAL_Driver/Src/stm32f0xx_hal_dma.c **** 
 1554              		.loc 1 717 3 discriminator 1 view .LVU564
 1555 006a DAE7     		b	.L75
 1556              		.cfi_endproc
 1557              	.LFE49:
 1559              		.section	.text.HAL_DMA_GetState,"ax",%progbits
 1560              		.align	1
 1561              		.global	HAL_DMA_GetState
 1562              		.syntax unified
 1563              		.code	16
 1564              		.thumb_func
 1566              	HAL_DMA_GetState:
 1567              	.LVL112:
 1568              	.LFB50:
 789:Drivers/STM32F0xx_HAL_Driver/Src/stm32f0xx_hal_dma.c ****   return hdma->State;
 1569              		.loc 1 789 1 is_stmt 1 view -0
 1570              		.cfi_startproc
 1571              		@ args = 0, pretend = 0, frame = 0
 1572              		@ frame_needed = 0, uses_anonymous_args = 0
 1573              		@ link register save eliminated.
 790:Drivers/STM32F0xx_HAL_Driver/Src/stm32f0xx_hal_dma.c **** }
ARM GAS  C:\Users\fastr\AppData\Local\Temp\ccghrJ8b.s 			page 53


 1574              		.loc 1 790 3 view .LVU566
 790:Drivers/STM32F0xx_HAL_Driver/Src/stm32f0xx_hal_dma.c **** }
 1575              		.loc 1 790 14 is_stmt 0 view .LVU567
 1576 0000 2123     		movs	r3, #33
 1577 0002 C05C     		ldrb	r0, [r0, r3]
 1578              	.LVL113:
 790:Drivers/STM32F0xx_HAL_Driver/Src/stm32f0xx_hal_dma.c **** }
 1579              		.loc 1 790 14 view .LVU568
 1580 0004 C0B2     		uxtb	r0, r0
 791:Drivers/STM32F0xx_HAL_Driver/Src/stm32f0xx_hal_dma.c **** 
 1581              		.loc 1 791 1 view .LVU569
 1582              		@ sp needed
 1583 0006 7047     		bx	lr
 1584              		.cfi_endproc
 1585              	.LFE50:
 1587              		.section	.text.HAL_DMA_GetError,"ax",%progbits
 1588              		.align	1
 1589              		.global	HAL_DMA_GetError
 1590              		.syntax unified
 1591              		.code	16
 1592              		.thumb_func
 1594              	HAL_DMA_GetError:
 1595              	.LVL114:
 1596              	.LFB51:
 800:Drivers/STM32F0xx_HAL_Driver/Src/stm32f0xx_hal_dma.c ****   return hdma->ErrorCode;
 1597              		.loc 1 800 1 is_stmt 1 view -0
 1598              		.cfi_startproc
 1599              		@ args = 0, pretend = 0, frame = 0
 1600              		@ frame_needed = 0, uses_anonymous_args = 0
 1601              		@ link register save eliminated.
 801:Drivers/STM32F0xx_HAL_Driver/Src/stm32f0xx_hal_dma.c **** }
 1602              		.loc 1 801 3 view .LVU571
 801:Drivers/STM32F0xx_HAL_Driver/Src/stm32f0xx_hal_dma.c **** }
 1603              		.loc 1 801 14 is_stmt 0 view .LVU572
 1604 0000 806B     		ldr	r0, [r0, #56]
 1605              	.LVL115:
 802:Drivers/STM32F0xx_HAL_Driver/Src/stm32f0xx_hal_dma.c **** 
 1606              		.loc 1 802 1 view .LVU573
 1607              		@ sp needed
 1608 0002 7047     		bx	lr
 1609              		.cfi_endproc
 1610              	.LFE51:
 1612              		.text
 1613              	.Letext0:
 1614              		.file 2 "C:/Users/fastr/AppData/Roaming/Code/User/globalStorage/bmd.stm32-for-vscode/@xpack-dev-to
 1615              		.file 3 "C:/Users/fastr/AppData/Roaming/Code/User/globalStorage/bmd.stm32-for-vscode/@xpack-dev-to
 1616              		.file 4 "Drivers/CMSIS/Device/ST/STM32F0xx/Include/stm32f051x8.h"
 1617              		.file 5 "Drivers/CMSIS/Device/ST/STM32F0xx/Include/stm32f0xx.h"
 1618              		.file 6 "Drivers/STM32F0xx_HAL_Driver/Inc/stm32f0xx_hal_def.h"
 1619              		.file 7 "Drivers/STM32F0xx_HAL_Driver/Inc/stm32f0xx_hal_dma.h"
 1620              		.file 8 "Drivers/STM32F0xx_HAL_Driver/Inc/stm32f0xx_hal.h"
ARM GAS  C:\Users\fastr\AppData\Local\Temp\ccghrJ8b.s 			page 54


DEFINED SYMBOLS
                            *ABS*:00000000 stm32f0xx_hal_dma.c
C:\Users\fastr\AppData\Local\Temp\ccghrJ8b.s:19     .text.DMA_SetConfig:00000000 $t
C:\Users\fastr\AppData\Local\Temp\ccghrJ8b.s:24     .text.DMA_SetConfig:00000000 DMA_SetConfig
C:\Users\fastr\AppData\Local\Temp\ccghrJ8b.s:93     .text.DMA_CalcBaseAndBitshift:00000000 $t
C:\Users\fastr\AppData\Local\Temp\ccghrJ8b.s:98     .text.DMA_CalcBaseAndBitshift:00000000 DMA_CalcBaseAndBitshift
C:\Users\fastr\AppData\Local\Temp\ccghrJ8b.s:139    .text.DMA_CalcBaseAndBitshift:0000001c $d
C:\Users\fastr\AppData\Local\Temp\ccghrJ8b.s:145    .text.HAL_DMA_Init:00000000 $t
C:\Users\fastr\AppData\Local\Temp\ccghrJ8b.s:151    .text.HAL_DMA_Init:00000000 HAL_DMA_Init
C:\Users\fastr\AppData\Local\Temp\ccghrJ8b.s:265    .text.HAL_DMA_Init:0000004c $d
C:\Users\fastr\AppData\Local\Temp\ccghrJ8b.s:270    .text.HAL_DMA_DeInit:00000000 $t
C:\Users\fastr\AppData\Local\Temp\ccghrJ8b.s:276    .text.HAL_DMA_DeInit:00000000 HAL_DMA_DeInit
C:\Users\fastr\AppData\Local\Temp\ccghrJ8b.s:382    .text.HAL_DMA_Start:00000000 $t
C:\Users\fastr\AppData\Local\Temp\ccghrJ8b.s:388    .text.HAL_DMA_Start:00000000 HAL_DMA_Start
C:\Users\fastr\AppData\Local\Temp\ccghrJ8b.s:494    .text.HAL_DMA_Start_IT:00000000 $t
C:\Users\fastr\AppData\Local\Temp\ccghrJ8b.s:500    .text.HAL_DMA_Start_IT:00000000 HAL_DMA_Start_IT
C:\Users\fastr\AppData\Local\Temp\ccghrJ8b.s:645    .text.HAL_DMA_Abort:00000000 $t
C:\Users\fastr\AppData\Local\Temp\ccghrJ8b.s:651    .text.HAL_DMA_Abort:00000000 HAL_DMA_Abort
C:\Users\fastr\AppData\Local\Temp\ccghrJ8b.s:738    .text.HAL_DMA_Abort_IT:00000000 $t
C:\Users\fastr\AppData\Local\Temp\ccghrJ8b.s:744    .text.HAL_DMA_Abort_IT:00000000 HAL_DMA_Abort_IT
C:\Users\fastr\AppData\Local\Temp\ccghrJ8b.s:842    .text.HAL_DMA_PollForTransfer:00000000 $t
C:\Users\fastr\AppData\Local\Temp\ccghrJ8b.s:848    .text.HAL_DMA_PollForTransfer:00000000 HAL_DMA_PollForTransfer
C:\Users\fastr\AppData\Local\Temp\ccghrJ8b.s:1086   .text.HAL_DMA_IRQHandler:00000000 $t
C:\Users\fastr\AppData\Local\Temp\ccghrJ8b.s:1092   .text.HAL_DMA_IRQHandler:00000000 HAL_DMA_IRQHandler
C:\Users\fastr\AppData\Local\Temp\ccghrJ8b.s:1297   .text.HAL_DMA_RegisterCallback:00000000 $t
C:\Users\fastr\AppData\Local\Temp\ccghrJ8b.s:1303   .text.HAL_DMA_RegisterCallback:00000000 HAL_DMA_RegisterCallback
C:\Users\fastr\AppData\Local\Temp\ccghrJ8b.s:1419   .text.HAL_DMA_UnRegisterCallback:00000000 $t
C:\Users\fastr\AppData\Local\Temp\ccghrJ8b.s:1425   .text.HAL_DMA_UnRegisterCallback:00000000 HAL_DMA_UnRegisterCallback
C:\Users\fastr\AppData\Local\Temp\ccghrJ8b.s:1560   .text.HAL_DMA_GetState:00000000 $t
C:\Users\fastr\AppData\Local\Temp\ccghrJ8b.s:1566   .text.HAL_DMA_GetState:00000000 HAL_DMA_GetState
C:\Users\fastr\AppData\Local\Temp\ccghrJ8b.s:1588   .text.HAL_DMA_GetError:00000000 $t
C:\Users\fastr\AppData\Local\Temp\ccghrJ8b.s:1594   .text.HAL_DMA_GetError:00000000 HAL_DMA_GetError

UNDEFINED SYMBOLS
__aeabi_uidiv
HAL_GetTick
