ARM GAS  C:\Users\fastr\AppData\Local\Temp\ccqb36PQ.s 			page 1


   1              		.cpu cortex-m0
   2              		.arch armv6s-m
   3              		.fpu softvfp
   4              		.eabi_attribute 20, 1
   5              		.eabi_attribute 21, 1
   6              		.eabi_attribute 23, 3
   7              		.eabi_attribute 24, 1
   8              		.eabi_attribute 25, 1
   9              		.eabi_attribute 26, 1
  10              		.eabi_attribute 30, 1
  11              		.eabi_attribute 34, 0
  12              		.eabi_attribute 18, 4
  13              		.file	"stm32f0xx_hal_flash_ex.c"
  14              		.text
  15              	.Ltext0:
  16              		.cfi_sections	.debug_frame
  17              		.file 1 "Drivers/STM32F0xx_HAL_Driver/Src/stm32f0xx_hal_flash_ex.c"
  18              		.section	.text.FLASH_MassErase,"ax",%progbits
  19              		.align	1
  20              		.syntax unified
  21              		.code	16
  22              		.thumb_func
  24              	FLASH_MassErase:
  25              	.LFB46:
   1:Drivers/STM32F0xx_HAL_Driver/Src/stm32f0xx_hal_flash_ex.c **** /**
   2:Drivers/STM32F0xx_HAL_Driver/Src/stm32f0xx_hal_flash_ex.c ****   ******************************************************************************
   3:Drivers/STM32F0xx_HAL_Driver/Src/stm32f0xx_hal_flash_ex.c ****   * @file    stm32f0xx_hal_flash_ex.c
   4:Drivers/STM32F0xx_HAL_Driver/Src/stm32f0xx_hal_flash_ex.c ****   * @author  MCD Application Team
   5:Drivers/STM32F0xx_HAL_Driver/Src/stm32f0xx_hal_flash_ex.c ****   * @brief   Extended FLASH HAL module driver.
   6:Drivers/STM32F0xx_HAL_Driver/Src/stm32f0xx_hal_flash_ex.c ****   *    
   7:Drivers/STM32F0xx_HAL_Driver/Src/stm32f0xx_hal_flash_ex.c ****   *          This file provides firmware functions to manage the following 
   8:Drivers/STM32F0xx_HAL_Driver/Src/stm32f0xx_hal_flash_ex.c ****   *          functionalities of the FLASH peripheral:
   9:Drivers/STM32F0xx_HAL_Driver/Src/stm32f0xx_hal_flash_ex.c ****   *           + Extended Initialization/de-initialization functions
  10:Drivers/STM32F0xx_HAL_Driver/Src/stm32f0xx_hal_flash_ex.c ****   *           + Extended I/O operation functions
  11:Drivers/STM32F0xx_HAL_Driver/Src/stm32f0xx_hal_flash_ex.c ****   *           + Extended Peripheral Control functions 
  12:Drivers/STM32F0xx_HAL_Driver/Src/stm32f0xx_hal_flash_ex.c ****   *         
  13:Drivers/STM32F0xx_HAL_Driver/Src/stm32f0xx_hal_flash_ex.c ****   @verbatim
  14:Drivers/STM32F0xx_HAL_Driver/Src/stm32f0xx_hal_flash_ex.c ****   ==============================================================================
  15:Drivers/STM32F0xx_HAL_Driver/Src/stm32f0xx_hal_flash_ex.c ****                ##### Flash peripheral extended features  #####
  16:Drivers/STM32F0xx_HAL_Driver/Src/stm32f0xx_hal_flash_ex.c ****   ==============================================================================
  17:Drivers/STM32F0xx_HAL_Driver/Src/stm32f0xx_hal_flash_ex.c ****            
  18:Drivers/STM32F0xx_HAL_Driver/Src/stm32f0xx_hal_flash_ex.c ****                       ##### How to use this driver #####
  19:Drivers/STM32F0xx_HAL_Driver/Src/stm32f0xx_hal_flash_ex.c ****   ==============================================================================
  20:Drivers/STM32F0xx_HAL_Driver/Src/stm32f0xx_hal_flash_ex.c ****   [..] This driver provides functions to configure and program the FLASH memory 
  21:Drivers/STM32F0xx_HAL_Driver/Src/stm32f0xx_hal_flash_ex.c ****        of all STM32F0xxx devices. It includes
  22:Drivers/STM32F0xx_HAL_Driver/Src/stm32f0xx_hal_flash_ex.c ****        
  23:Drivers/STM32F0xx_HAL_Driver/Src/stm32f0xx_hal_flash_ex.c ****         (++) Set/Reset the write protection
  24:Drivers/STM32F0xx_HAL_Driver/Src/stm32f0xx_hal_flash_ex.c ****         (++) Program the user Option Bytes
  25:Drivers/STM32F0xx_HAL_Driver/Src/stm32f0xx_hal_flash_ex.c ****         (++) Get the Read protection Level
  26:Drivers/STM32F0xx_HAL_Driver/Src/stm32f0xx_hal_flash_ex.c ****   
  27:Drivers/STM32F0xx_HAL_Driver/Src/stm32f0xx_hal_flash_ex.c ****   @endverbatim
  28:Drivers/STM32F0xx_HAL_Driver/Src/stm32f0xx_hal_flash_ex.c ****   ******************************************************************************
  29:Drivers/STM32F0xx_HAL_Driver/Src/stm32f0xx_hal_flash_ex.c ****   * @attention
  30:Drivers/STM32F0xx_HAL_Driver/Src/stm32f0xx_hal_flash_ex.c ****   *
  31:Drivers/STM32F0xx_HAL_Driver/Src/stm32f0xx_hal_flash_ex.c ****   * Copyright (c) 2016 STMicroelectronics.
  32:Drivers/STM32F0xx_HAL_Driver/Src/stm32f0xx_hal_flash_ex.c ****   * All rights reserved.
  33:Drivers/STM32F0xx_HAL_Driver/Src/stm32f0xx_hal_flash_ex.c ****   *
ARM GAS  C:\Users\fastr\AppData\Local\Temp\ccqb36PQ.s 			page 2


  34:Drivers/STM32F0xx_HAL_Driver/Src/stm32f0xx_hal_flash_ex.c ****   * This software is licensed under terms that can be found in the LICENSE file in
  35:Drivers/STM32F0xx_HAL_Driver/Src/stm32f0xx_hal_flash_ex.c ****   * the root directory of this software component.
  36:Drivers/STM32F0xx_HAL_Driver/Src/stm32f0xx_hal_flash_ex.c ****   * If no LICENSE file comes with this software, it is provided AS-IS.
  37:Drivers/STM32F0xx_HAL_Driver/Src/stm32f0xx_hal_flash_ex.c ****   ******************************************************************************
  38:Drivers/STM32F0xx_HAL_Driver/Src/stm32f0xx_hal_flash_ex.c ****   */
  39:Drivers/STM32F0xx_HAL_Driver/Src/stm32f0xx_hal_flash_ex.c **** 
  40:Drivers/STM32F0xx_HAL_Driver/Src/stm32f0xx_hal_flash_ex.c **** /* Includes ------------------------------------------------------------------*/
  41:Drivers/STM32F0xx_HAL_Driver/Src/stm32f0xx_hal_flash_ex.c **** #include "stm32f0xx_hal.h"
  42:Drivers/STM32F0xx_HAL_Driver/Src/stm32f0xx_hal_flash_ex.c **** 
  43:Drivers/STM32F0xx_HAL_Driver/Src/stm32f0xx_hal_flash_ex.c **** /** @addtogroup STM32F0xx_HAL_Driver
  44:Drivers/STM32F0xx_HAL_Driver/Src/stm32f0xx_hal_flash_ex.c ****   * @{
  45:Drivers/STM32F0xx_HAL_Driver/Src/stm32f0xx_hal_flash_ex.c ****   */
  46:Drivers/STM32F0xx_HAL_Driver/Src/stm32f0xx_hal_flash_ex.c **** #ifdef HAL_FLASH_MODULE_ENABLED
  47:Drivers/STM32F0xx_HAL_Driver/Src/stm32f0xx_hal_flash_ex.c **** 
  48:Drivers/STM32F0xx_HAL_Driver/Src/stm32f0xx_hal_flash_ex.c **** /** @addtogroup FLASH
  49:Drivers/STM32F0xx_HAL_Driver/Src/stm32f0xx_hal_flash_ex.c ****   * @{
  50:Drivers/STM32F0xx_HAL_Driver/Src/stm32f0xx_hal_flash_ex.c ****   */
  51:Drivers/STM32F0xx_HAL_Driver/Src/stm32f0xx_hal_flash_ex.c **** /** @addtogroup FLASH_Private_Variables
  52:Drivers/STM32F0xx_HAL_Driver/Src/stm32f0xx_hal_flash_ex.c ****  * @{
  53:Drivers/STM32F0xx_HAL_Driver/Src/stm32f0xx_hal_flash_ex.c ****  */
  54:Drivers/STM32F0xx_HAL_Driver/Src/stm32f0xx_hal_flash_ex.c **** /* Variables used for Erase pages under interruption*/
  55:Drivers/STM32F0xx_HAL_Driver/Src/stm32f0xx_hal_flash_ex.c **** extern FLASH_ProcessTypeDef pFlash;
  56:Drivers/STM32F0xx_HAL_Driver/Src/stm32f0xx_hal_flash_ex.c **** /**
  57:Drivers/STM32F0xx_HAL_Driver/Src/stm32f0xx_hal_flash_ex.c ****   * @}
  58:Drivers/STM32F0xx_HAL_Driver/Src/stm32f0xx_hal_flash_ex.c ****   */
  59:Drivers/STM32F0xx_HAL_Driver/Src/stm32f0xx_hal_flash_ex.c **** 
  60:Drivers/STM32F0xx_HAL_Driver/Src/stm32f0xx_hal_flash_ex.c **** /**
  61:Drivers/STM32F0xx_HAL_Driver/Src/stm32f0xx_hal_flash_ex.c ****   * @}
  62:Drivers/STM32F0xx_HAL_Driver/Src/stm32f0xx_hal_flash_ex.c ****   */
  63:Drivers/STM32F0xx_HAL_Driver/Src/stm32f0xx_hal_flash_ex.c ****   
  64:Drivers/STM32F0xx_HAL_Driver/Src/stm32f0xx_hal_flash_ex.c **** /** @defgroup FLASHEx FLASHEx
  65:Drivers/STM32F0xx_HAL_Driver/Src/stm32f0xx_hal_flash_ex.c ****   * @brief FLASH HAL Extension module driver
  66:Drivers/STM32F0xx_HAL_Driver/Src/stm32f0xx_hal_flash_ex.c ****   * @{
  67:Drivers/STM32F0xx_HAL_Driver/Src/stm32f0xx_hal_flash_ex.c ****   */
  68:Drivers/STM32F0xx_HAL_Driver/Src/stm32f0xx_hal_flash_ex.c **** 
  69:Drivers/STM32F0xx_HAL_Driver/Src/stm32f0xx_hal_flash_ex.c **** /* Private typedef -----------------------------------------------------------*/
  70:Drivers/STM32F0xx_HAL_Driver/Src/stm32f0xx_hal_flash_ex.c **** /* Private define ------------------------------------------------------------*/
  71:Drivers/STM32F0xx_HAL_Driver/Src/stm32f0xx_hal_flash_ex.c **** /** @defgroup FLASHEx_Private_Constants FLASHEx Private Constants
  72:Drivers/STM32F0xx_HAL_Driver/Src/stm32f0xx_hal_flash_ex.c ****  * @{
  73:Drivers/STM32F0xx_HAL_Driver/Src/stm32f0xx_hal_flash_ex.c ****  */
  74:Drivers/STM32F0xx_HAL_Driver/Src/stm32f0xx_hal_flash_ex.c **** #define FLASH_POSITION_IWDGSW_BIT        8U
  75:Drivers/STM32F0xx_HAL_Driver/Src/stm32f0xx_hal_flash_ex.c **** #define FLASH_POSITION_OB_USERDATA0_BIT  16U
  76:Drivers/STM32F0xx_HAL_Driver/Src/stm32f0xx_hal_flash_ex.c **** #define FLASH_POSITION_OB_USERDATA1_BIT  24U
  77:Drivers/STM32F0xx_HAL_Driver/Src/stm32f0xx_hal_flash_ex.c **** /**
  78:Drivers/STM32F0xx_HAL_Driver/Src/stm32f0xx_hal_flash_ex.c ****   * @}
  79:Drivers/STM32F0xx_HAL_Driver/Src/stm32f0xx_hal_flash_ex.c ****   */
  80:Drivers/STM32F0xx_HAL_Driver/Src/stm32f0xx_hal_flash_ex.c **** 
  81:Drivers/STM32F0xx_HAL_Driver/Src/stm32f0xx_hal_flash_ex.c **** /* Private macro -------------------------------------------------------------*/
  82:Drivers/STM32F0xx_HAL_Driver/Src/stm32f0xx_hal_flash_ex.c **** /** @defgroup FLASHEx_Private_Macros FLASHEx Private Macros
  83:Drivers/STM32F0xx_HAL_Driver/Src/stm32f0xx_hal_flash_ex.c ****   * @{
  84:Drivers/STM32F0xx_HAL_Driver/Src/stm32f0xx_hal_flash_ex.c ****   */
  85:Drivers/STM32F0xx_HAL_Driver/Src/stm32f0xx_hal_flash_ex.c **** /**
  86:Drivers/STM32F0xx_HAL_Driver/Src/stm32f0xx_hal_flash_ex.c ****   * @}
  87:Drivers/STM32F0xx_HAL_Driver/Src/stm32f0xx_hal_flash_ex.c ****   */ 
  88:Drivers/STM32F0xx_HAL_Driver/Src/stm32f0xx_hal_flash_ex.c **** 
  89:Drivers/STM32F0xx_HAL_Driver/Src/stm32f0xx_hal_flash_ex.c **** /* Private variables ---------------------------------------------------------*/
  90:Drivers/STM32F0xx_HAL_Driver/Src/stm32f0xx_hal_flash_ex.c **** /* Private function prototypes -----------------------------------------------*/
ARM GAS  C:\Users\fastr\AppData\Local\Temp\ccqb36PQ.s 			page 3


  91:Drivers/STM32F0xx_HAL_Driver/Src/stm32f0xx_hal_flash_ex.c **** /** @defgroup FLASHEx_Private_Functions FLASHEx Private Functions
  92:Drivers/STM32F0xx_HAL_Driver/Src/stm32f0xx_hal_flash_ex.c ****  * @{
  93:Drivers/STM32F0xx_HAL_Driver/Src/stm32f0xx_hal_flash_ex.c ****  */
  94:Drivers/STM32F0xx_HAL_Driver/Src/stm32f0xx_hal_flash_ex.c **** /* Erase operations */
  95:Drivers/STM32F0xx_HAL_Driver/Src/stm32f0xx_hal_flash_ex.c **** static void              FLASH_MassErase(void);
  96:Drivers/STM32F0xx_HAL_Driver/Src/stm32f0xx_hal_flash_ex.c **** void    FLASH_PageErase(uint32_t PageAddress);
  97:Drivers/STM32F0xx_HAL_Driver/Src/stm32f0xx_hal_flash_ex.c **** 
  98:Drivers/STM32F0xx_HAL_Driver/Src/stm32f0xx_hal_flash_ex.c **** /* Option bytes control */
  99:Drivers/STM32F0xx_HAL_Driver/Src/stm32f0xx_hal_flash_ex.c **** static HAL_StatusTypeDef FLASH_OB_EnableWRP(uint32_t WriteProtectPage);
 100:Drivers/STM32F0xx_HAL_Driver/Src/stm32f0xx_hal_flash_ex.c **** static HAL_StatusTypeDef FLASH_OB_DisableWRP(uint32_t WriteProtectPage);
 101:Drivers/STM32F0xx_HAL_Driver/Src/stm32f0xx_hal_flash_ex.c **** static HAL_StatusTypeDef FLASH_OB_RDP_LevelConfig(uint8_t ReadProtectLevel);
 102:Drivers/STM32F0xx_HAL_Driver/Src/stm32f0xx_hal_flash_ex.c **** static HAL_StatusTypeDef FLASH_OB_UserConfig(uint8_t UserConfig);
 103:Drivers/STM32F0xx_HAL_Driver/Src/stm32f0xx_hal_flash_ex.c **** static HAL_StatusTypeDef FLASH_OB_ProgramData(uint32_t Address, uint8_t Data);
 104:Drivers/STM32F0xx_HAL_Driver/Src/stm32f0xx_hal_flash_ex.c **** static uint32_t          FLASH_OB_GetWRP(void);
 105:Drivers/STM32F0xx_HAL_Driver/Src/stm32f0xx_hal_flash_ex.c **** static uint32_t          FLASH_OB_GetRDP(void);
 106:Drivers/STM32F0xx_HAL_Driver/Src/stm32f0xx_hal_flash_ex.c **** static uint8_t           FLASH_OB_GetUser(void);
 107:Drivers/STM32F0xx_HAL_Driver/Src/stm32f0xx_hal_flash_ex.c **** 
 108:Drivers/STM32F0xx_HAL_Driver/Src/stm32f0xx_hal_flash_ex.c **** /**
 109:Drivers/STM32F0xx_HAL_Driver/Src/stm32f0xx_hal_flash_ex.c ****   * @}
 110:Drivers/STM32F0xx_HAL_Driver/Src/stm32f0xx_hal_flash_ex.c ****   */
 111:Drivers/STM32F0xx_HAL_Driver/Src/stm32f0xx_hal_flash_ex.c **** 
 112:Drivers/STM32F0xx_HAL_Driver/Src/stm32f0xx_hal_flash_ex.c **** /* Exported functions ---------------------------------------------------------*/
 113:Drivers/STM32F0xx_HAL_Driver/Src/stm32f0xx_hal_flash_ex.c **** /** @defgroup FLASHEx_Exported_Functions FLASHEx Exported Functions
 114:Drivers/STM32F0xx_HAL_Driver/Src/stm32f0xx_hal_flash_ex.c ****   * @{
 115:Drivers/STM32F0xx_HAL_Driver/Src/stm32f0xx_hal_flash_ex.c ****   */
 116:Drivers/STM32F0xx_HAL_Driver/Src/stm32f0xx_hal_flash_ex.c ****   
 117:Drivers/STM32F0xx_HAL_Driver/Src/stm32f0xx_hal_flash_ex.c **** /** @defgroup FLASHEx_Exported_Functions_Group1 FLASHEx Memory Erasing functions
 118:Drivers/STM32F0xx_HAL_Driver/Src/stm32f0xx_hal_flash_ex.c ****  *  @brief   FLASH Memory Erasing functions
 119:Drivers/STM32F0xx_HAL_Driver/Src/stm32f0xx_hal_flash_ex.c ****   *
 120:Drivers/STM32F0xx_HAL_Driver/Src/stm32f0xx_hal_flash_ex.c **** @verbatim   
 121:Drivers/STM32F0xx_HAL_Driver/Src/stm32f0xx_hal_flash_ex.c ****   ==============================================================================
 122:Drivers/STM32F0xx_HAL_Driver/Src/stm32f0xx_hal_flash_ex.c ****                 ##### FLASH Erasing Programming functions ##### 
 123:Drivers/STM32F0xx_HAL_Driver/Src/stm32f0xx_hal_flash_ex.c ****   ==============================================================================
 124:Drivers/STM32F0xx_HAL_Driver/Src/stm32f0xx_hal_flash_ex.c **** 
 125:Drivers/STM32F0xx_HAL_Driver/Src/stm32f0xx_hal_flash_ex.c ****     [..] The FLASH Memory Erasing functions, includes the following functions:
 126:Drivers/STM32F0xx_HAL_Driver/Src/stm32f0xx_hal_flash_ex.c ****     (+) HAL_FLASHEx_Erase: return only when erase has been done
 127:Drivers/STM32F0xx_HAL_Driver/Src/stm32f0xx_hal_flash_ex.c ****     (+) HAL_FLASHEx_Erase_IT: end of erase is done when HAL_FLASH_EndOfOperationCallback 
 128:Drivers/STM32F0xx_HAL_Driver/Src/stm32f0xx_hal_flash_ex.c ****         is called with parameter 0xFFFFFFFF
 129:Drivers/STM32F0xx_HAL_Driver/Src/stm32f0xx_hal_flash_ex.c **** 
 130:Drivers/STM32F0xx_HAL_Driver/Src/stm32f0xx_hal_flash_ex.c ****     [..] Any operation of erase should follow these steps:
 131:Drivers/STM32F0xx_HAL_Driver/Src/stm32f0xx_hal_flash_ex.c ****     (#) Call the HAL_FLASH_Unlock() function to enable the flash control register and 
 132:Drivers/STM32F0xx_HAL_Driver/Src/stm32f0xx_hal_flash_ex.c ****         program memory access.
 133:Drivers/STM32F0xx_HAL_Driver/Src/stm32f0xx_hal_flash_ex.c ****     (#) Call the desired function to erase page.
 134:Drivers/STM32F0xx_HAL_Driver/Src/stm32f0xx_hal_flash_ex.c ****     (#) Call the HAL_FLASH_Lock() to disable the flash program memory access 
 135:Drivers/STM32F0xx_HAL_Driver/Src/stm32f0xx_hal_flash_ex.c ****        (recommended to protect the FLASH memory against possible unwanted operation).
 136:Drivers/STM32F0xx_HAL_Driver/Src/stm32f0xx_hal_flash_ex.c **** 
 137:Drivers/STM32F0xx_HAL_Driver/Src/stm32f0xx_hal_flash_ex.c **** @endverbatim
 138:Drivers/STM32F0xx_HAL_Driver/Src/stm32f0xx_hal_flash_ex.c ****   * @{
 139:Drivers/STM32F0xx_HAL_Driver/Src/stm32f0xx_hal_flash_ex.c ****   */
 140:Drivers/STM32F0xx_HAL_Driver/Src/stm32f0xx_hal_flash_ex.c ****   
 141:Drivers/STM32F0xx_HAL_Driver/Src/stm32f0xx_hal_flash_ex.c **** 
 142:Drivers/STM32F0xx_HAL_Driver/Src/stm32f0xx_hal_flash_ex.c **** /**
 143:Drivers/STM32F0xx_HAL_Driver/Src/stm32f0xx_hal_flash_ex.c ****   * @brief  Perform a mass erase or erase the specified FLASH memory pages
 144:Drivers/STM32F0xx_HAL_Driver/Src/stm32f0xx_hal_flash_ex.c ****   * @note   To correctly run this function, the @ref HAL_FLASH_Unlock() function
 145:Drivers/STM32F0xx_HAL_Driver/Src/stm32f0xx_hal_flash_ex.c ****   *         must be called before.
 146:Drivers/STM32F0xx_HAL_Driver/Src/stm32f0xx_hal_flash_ex.c ****   *         Call the @ref HAL_FLASH_Lock() to disable the flash memory access 
 147:Drivers/STM32F0xx_HAL_Driver/Src/stm32f0xx_hal_flash_ex.c ****   *         (recommended to protect the FLASH memory against possible unwanted operation)
ARM GAS  C:\Users\fastr\AppData\Local\Temp\ccqb36PQ.s 			page 4


 148:Drivers/STM32F0xx_HAL_Driver/Src/stm32f0xx_hal_flash_ex.c ****   * @param[in]  pEraseInit pointer to an FLASH_EraseInitTypeDef structure that
 149:Drivers/STM32F0xx_HAL_Driver/Src/stm32f0xx_hal_flash_ex.c ****   *         contains the configuration information for the erasing.
 150:Drivers/STM32F0xx_HAL_Driver/Src/stm32f0xx_hal_flash_ex.c ****   *
 151:Drivers/STM32F0xx_HAL_Driver/Src/stm32f0xx_hal_flash_ex.c ****   * @param[out]  PageError pointer to variable  that
 152:Drivers/STM32F0xx_HAL_Driver/Src/stm32f0xx_hal_flash_ex.c ****   *         contains the configuration information on faulty page in case of error
 153:Drivers/STM32F0xx_HAL_Driver/Src/stm32f0xx_hal_flash_ex.c ****   *         (0xFFFFFFFF means that all the pages have been correctly erased)
 154:Drivers/STM32F0xx_HAL_Driver/Src/stm32f0xx_hal_flash_ex.c ****   *
 155:Drivers/STM32F0xx_HAL_Driver/Src/stm32f0xx_hal_flash_ex.c ****   * @retval HAL_StatusTypeDef HAL Status
 156:Drivers/STM32F0xx_HAL_Driver/Src/stm32f0xx_hal_flash_ex.c ****   */
 157:Drivers/STM32F0xx_HAL_Driver/Src/stm32f0xx_hal_flash_ex.c **** HAL_StatusTypeDef HAL_FLASHEx_Erase(FLASH_EraseInitTypeDef *pEraseInit, uint32_t *PageError)
 158:Drivers/STM32F0xx_HAL_Driver/Src/stm32f0xx_hal_flash_ex.c **** {
 159:Drivers/STM32F0xx_HAL_Driver/Src/stm32f0xx_hal_flash_ex.c ****   HAL_StatusTypeDef status = HAL_ERROR;
 160:Drivers/STM32F0xx_HAL_Driver/Src/stm32f0xx_hal_flash_ex.c ****   uint32_t address = 0U;
 161:Drivers/STM32F0xx_HAL_Driver/Src/stm32f0xx_hal_flash_ex.c **** 
 162:Drivers/STM32F0xx_HAL_Driver/Src/stm32f0xx_hal_flash_ex.c ****   /* Process Locked */
 163:Drivers/STM32F0xx_HAL_Driver/Src/stm32f0xx_hal_flash_ex.c ****   __HAL_LOCK(&pFlash);
 164:Drivers/STM32F0xx_HAL_Driver/Src/stm32f0xx_hal_flash_ex.c **** 
 165:Drivers/STM32F0xx_HAL_Driver/Src/stm32f0xx_hal_flash_ex.c ****   /* Check the parameters */
 166:Drivers/STM32F0xx_HAL_Driver/Src/stm32f0xx_hal_flash_ex.c ****   assert_param(IS_FLASH_TYPEERASE(pEraseInit->TypeErase));
 167:Drivers/STM32F0xx_HAL_Driver/Src/stm32f0xx_hal_flash_ex.c **** 
 168:Drivers/STM32F0xx_HAL_Driver/Src/stm32f0xx_hal_flash_ex.c ****   if (pEraseInit->TypeErase == FLASH_TYPEERASE_MASSERASE)
 169:Drivers/STM32F0xx_HAL_Driver/Src/stm32f0xx_hal_flash_ex.c ****   {
 170:Drivers/STM32F0xx_HAL_Driver/Src/stm32f0xx_hal_flash_ex.c ****       /* Mass Erase requested for Bank1 */
 171:Drivers/STM32F0xx_HAL_Driver/Src/stm32f0xx_hal_flash_ex.c ****       /* Wait for last operation to be completed */
 172:Drivers/STM32F0xx_HAL_Driver/Src/stm32f0xx_hal_flash_ex.c ****       if (FLASH_WaitForLastOperation((uint32_t)FLASH_TIMEOUT_VALUE) == HAL_OK)
 173:Drivers/STM32F0xx_HAL_Driver/Src/stm32f0xx_hal_flash_ex.c ****       {
 174:Drivers/STM32F0xx_HAL_Driver/Src/stm32f0xx_hal_flash_ex.c ****         /*Mass erase to be done*/
 175:Drivers/STM32F0xx_HAL_Driver/Src/stm32f0xx_hal_flash_ex.c ****         FLASH_MassErase();
 176:Drivers/STM32F0xx_HAL_Driver/Src/stm32f0xx_hal_flash_ex.c ****         
 177:Drivers/STM32F0xx_HAL_Driver/Src/stm32f0xx_hal_flash_ex.c ****         /* Wait for last operation to be completed */
 178:Drivers/STM32F0xx_HAL_Driver/Src/stm32f0xx_hal_flash_ex.c ****         status = FLASH_WaitForLastOperation((uint32_t)FLASH_TIMEOUT_VALUE);
 179:Drivers/STM32F0xx_HAL_Driver/Src/stm32f0xx_hal_flash_ex.c ****         
 180:Drivers/STM32F0xx_HAL_Driver/Src/stm32f0xx_hal_flash_ex.c ****         /* If the erase operation is completed, disable the MER Bit */
 181:Drivers/STM32F0xx_HAL_Driver/Src/stm32f0xx_hal_flash_ex.c ****         CLEAR_BIT(FLASH->CR, FLASH_CR_MER);
 182:Drivers/STM32F0xx_HAL_Driver/Src/stm32f0xx_hal_flash_ex.c ****       }
 183:Drivers/STM32F0xx_HAL_Driver/Src/stm32f0xx_hal_flash_ex.c ****   }
 184:Drivers/STM32F0xx_HAL_Driver/Src/stm32f0xx_hal_flash_ex.c ****   else
 185:Drivers/STM32F0xx_HAL_Driver/Src/stm32f0xx_hal_flash_ex.c ****   {
 186:Drivers/STM32F0xx_HAL_Driver/Src/stm32f0xx_hal_flash_ex.c ****     /* Page Erase is requested */
 187:Drivers/STM32F0xx_HAL_Driver/Src/stm32f0xx_hal_flash_ex.c ****     /* Check the parameters */
 188:Drivers/STM32F0xx_HAL_Driver/Src/stm32f0xx_hal_flash_ex.c ****     assert_param(IS_FLASH_PROGRAM_ADDRESS(pEraseInit->PageAddress));
 189:Drivers/STM32F0xx_HAL_Driver/Src/stm32f0xx_hal_flash_ex.c ****     assert_param(IS_FLASH_NB_PAGES(pEraseInit->PageAddress, pEraseInit->NbPages));
 190:Drivers/STM32F0xx_HAL_Driver/Src/stm32f0xx_hal_flash_ex.c ****     
 191:Drivers/STM32F0xx_HAL_Driver/Src/stm32f0xx_hal_flash_ex.c ****       /* Page Erase requested on address located on bank1 */
 192:Drivers/STM32F0xx_HAL_Driver/Src/stm32f0xx_hal_flash_ex.c ****       /* Wait for last operation to be completed */
 193:Drivers/STM32F0xx_HAL_Driver/Src/stm32f0xx_hal_flash_ex.c ****       if (FLASH_WaitForLastOperation((uint32_t)FLASH_TIMEOUT_VALUE) == HAL_OK)
 194:Drivers/STM32F0xx_HAL_Driver/Src/stm32f0xx_hal_flash_ex.c ****       {
 195:Drivers/STM32F0xx_HAL_Driver/Src/stm32f0xx_hal_flash_ex.c ****         /*Initialization of PageError variable*/
 196:Drivers/STM32F0xx_HAL_Driver/Src/stm32f0xx_hal_flash_ex.c ****         *PageError = 0xFFFFFFFFU;
 197:Drivers/STM32F0xx_HAL_Driver/Src/stm32f0xx_hal_flash_ex.c ****         
 198:Drivers/STM32F0xx_HAL_Driver/Src/stm32f0xx_hal_flash_ex.c ****         /* Erase page by page to be done*/
 199:Drivers/STM32F0xx_HAL_Driver/Src/stm32f0xx_hal_flash_ex.c ****         for(address = pEraseInit->PageAddress;
 200:Drivers/STM32F0xx_HAL_Driver/Src/stm32f0xx_hal_flash_ex.c ****             address < ((pEraseInit->NbPages * FLASH_PAGE_SIZE) + pEraseInit->PageAddress);
 201:Drivers/STM32F0xx_HAL_Driver/Src/stm32f0xx_hal_flash_ex.c ****             address += FLASH_PAGE_SIZE)
 202:Drivers/STM32F0xx_HAL_Driver/Src/stm32f0xx_hal_flash_ex.c ****         {
 203:Drivers/STM32F0xx_HAL_Driver/Src/stm32f0xx_hal_flash_ex.c ****           FLASH_PageErase(address);
 204:Drivers/STM32F0xx_HAL_Driver/Src/stm32f0xx_hal_flash_ex.c ****           
ARM GAS  C:\Users\fastr\AppData\Local\Temp\ccqb36PQ.s 			page 5


 205:Drivers/STM32F0xx_HAL_Driver/Src/stm32f0xx_hal_flash_ex.c ****           /* Wait for last operation to be completed */
 206:Drivers/STM32F0xx_HAL_Driver/Src/stm32f0xx_hal_flash_ex.c ****           status = FLASH_WaitForLastOperation((uint32_t)FLASH_TIMEOUT_VALUE);
 207:Drivers/STM32F0xx_HAL_Driver/Src/stm32f0xx_hal_flash_ex.c ****           
 208:Drivers/STM32F0xx_HAL_Driver/Src/stm32f0xx_hal_flash_ex.c ****           /* If the erase operation is completed, disable the PER Bit */
 209:Drivers/STM32F0xx_HAL_Driver/Src/stm32f0xx_hal_flash_ex.c ****           CLEAR_BIT(FLASH->CR, FLASH_CR_PER);
 210:Drivers/STM32F0xx_HAL_Driver/Src/stm32f0xx_hal_flash_ex.c ****           
 211:Drivers/STM32F0xx_HAL_Driver/Src/stm32f0xx_hal_flash_ex.c ****           if (status != HAL_OK)
 212:Drivers/STM32F0xx_HAL_Driver/Src/stm32f0xx_hal_flash_ex.c ****           {
 213:Drivers/STM32F0xx_HAL_Driver/Src/stm32f0xx_hal_flash_ex.c ****             /* In case of error, stop erase procedure and return the faulty address */
 214:Drivers/STM32F0xx_HAL_Driver/Src/stm32f0xx_hal_flash_ex.c ****             *PageError = address;
 215:Drivers/STM32F0xx_HAL_Driver/Src/stm32f0xx_hal_flash_ex.c ****             break;
 216:Drivers/STM32F0xx_HAL_Driver/Src/stm32f0xx_hal_flash_ex.c ****           }
 217:Drivers/STM32F0xx_HAL_Driver/Src/stm32f0xx_hal_flash_ex.c ****         }
 218:Drivers/STM32F0xx_HAL_Driver/Src/stm32f0xx_hal_flash_ex.c ****       }
 219:Drivers/STM32F0xx_HAL_Driver/Src/stm32f0xx_hal_flash_ex.c ****   }
 220:Drivers/STM32F0xx_HAL_Driver/Src/stm32f0xx_hal_flash_ex.c **** 
 221:Drivers/STM32F0xx_HAL_Driver/Src/stm32f0xx_hal_flash_ex.c ****   /* Process Unlocked */
 222:Drivers/STM32F0xx_HAL_Driver/Src/stm32f0xx_hal_flash_ex.c ****   __HAL_UNLOCK(&pFlash);
 223:Drivers/STM32F0xx_HAL_Driver/Src/stm32f0xx_hal_flash_ex.c **** 
 224:Drivers/STM32F0xx_HAL_Driver/Src/stm32f0xx_hal_flash_ex.c ****   return status;
 225:Drivers/STM32F0xx_HAL_Driver/Src/stm32f0xx_hal_flash_ex.c **** }
 226:Drivers/STM32F0xx_HAL_Driver/Src/stm32f0xx_hal_flash_ex.c **** 
 227:Drivers/STM32F0xx_HAL_Driver/Src/stm32f0xx_hal_flash_ex.c **** /**
 228:Drivers/STM32F0xx_HAL_Driver/Src/stm32f0xx_hal_flash_ex.c ****   * @brief  Perform a mass erase or erase the specified FLASH memory pages with interrupt enabled
 229:Drivers/STM32F0xx_HAL_Driver/Src/stm32f0xx_hal_flash_ex.c ****   * @note   To correctly run this function, the @ref HAL_FLASH_Unlock() function
 230:Drivers/STM32F0xx_HAL_Driver/Src/stm32f0xx_hal_flash_ex.c ****   *         must be called before.
 231:Drivers/STM32F0xx_HAL_Driver/Src/stm32f0xx_hal_flash_ex.c ****   *         Call the @ref HAL_FLASH_Lock() to disable the flash memory access 
 232:Drivers/STM32F0xx_HAL_Driver/Src/stm32f0xx_hal_flash_ex.c ****   *         (recommended to protect the FLASH memory against possible unwanted operation)
 233:Drivers/STM32F0xx_HAL_Driver/Src/stm32f0xx_hal_flash_ex.c ****   * @param  pEraseInit pointer to an FLASH_EraseInitTypeDef structure that
 234:Drivers/STM32F0xx_HAL_Driver/Src/stm32f0xx_hal_flash_ex.c ****   *         contains the configuration information for the erasing.
 235:Drivers/STM32F0xx_HAL_Driver/Src/stm32f0xx_hal_flash_ex.c ****   *
 236:Drivers/STM32F0xx_HAL_Driver/Src/stm32f0xx_hal_flash_ex.c ****   * @retval HAL_StatusTypeDef HAL Status
 237:Drivers/STM32F0xx_HAL_Driver/Src/stm32f0xx_hal_flash_ex.c ****   */
 238:Drivers/STM32F0xx_HAL_Driver/Src/stm32f0xx_hal_flash_ex.c **** HAL_StatusTypeDef HAL_FLASHEx_Erase_IT(FLASH_EraseInitTypeDef *pEraseInit)
 239:Drivers/STM32F0xx_HAL_Driver/Src/stm32f0xx_hal_flash_ex.c **** {
 240:Drivers/STM32F0xx_HAL_Driver/Src/stm32f0xx_hal_flash_ex.c ****   HAL_StatusTypeDef status = HAL_OK;
 241:Drivers/STM32F0xx_HAL_Driver/Src/stm32f0xx_hal_flash_ex.c **** 
 242:Drivers/STM32F0xx_HAL_Driver/Src/stm32f0xx_hal_flash_ex.c ****   /* Process Locked */
 243:Drivers/STM32F0xx_HAL_Driver/Src/stm32f0xx_hal_flash_ex.c ****   __HAL_LOCK(&pFlash);
 244:Drivers/STM32F0xx_HAL_Driver/Src/stm32f0xx_hal_flash_ex.c **** 
 245:Drivers/STM32F0xx_HAL_Driver/Src/stm32f0xx_hal_flash_ex.c ****   /* If procedure already ongoing, reject the next one */
 246:Drivers/STM32F0xx_HAL_Driver/Src/stm32f0xx_hal_flash_ex.c ****   if (pFlash.ProcedureOnGoing != FLASH_PROC_NONE)
 247:Drivers/STM32F0xx_HAL_Driver/Src/stm32f0xx_hal_flash_ex.c ****   {
 248:Drivers/STM32F0xx_HAL_Driver/Src/stm32f0xx_hal_flash_ex.c ****     return HAL_ERROR;
 249:Drivers/STM32F0xx_HAL_Driver/Src/stm32f0xx_hal_flash_ex.c ****   }
 250:Drivers/STM32F0xx_HAL_Driver/Src/stm32f0xx_hal_flash_ex.c ****   
 251:Drivers/STM32F0xx_HAL_Driver/Src/stm32f0xx_hal_flash_ex.c ****   /* Check the parameters */
 252:Drivers/STM32F0xx_HAL_Driver/Src/stm32f0xx_hal_flash_ex.c ****   assert_param(IS_FLASH_TYPEERASE(pEraseInit->TypeErase));
 253:Drivers/STM32F0xx_HAL_Driver/Src/stm32f0xx_hal_flash_ex.c **** 
 254:Drivers/STM32F0xx_HAL_Driver/Src/stm32f0xx_hal_flash_ex.c ****   /* Enable End of FLASH Operation and Error source interrupts */
 255:Drivers/STM32F0xx_HAL_Driver/Src/stm32f0xx_hal_flash_ex.c ****   __HAL_FLASH_ENABLE_IT(FLASH_IT_EOP | FLASH_IT_ERR);
 256:Drivers/STM32F0xx_HAL_Driver/Src/stm32f0xx_hal_flash_ex.c **** 
 257:Drivers/STM32F0xx_HAL_Driver/Src/stm32f0xx_hal_flash_ex.c ****   if (pEraseInit->TypeErase == FLASH_TYPEERASE_MASSERASE)
 258:Drivers/STM32F0xx_HAL_Driver/Src/stm32f0xx_hal_flash_ex.c ****   {
 259:Drivers/STM32F0xx_HAL_Driver/Src/stm32f0xx_hal_flash_ex.c ****     /*Mass erase to be done*/
 260:Drivers/STM32F0xx_HAL_Driver/Src/stm32f0xx_hal_flash_ex.c ****     pFlash.ProcedureOnGoing = FLASH_PROC_MASSERASE;
 261:Drivers/STM32F0xx_HAL_Driver/Src/stm32f0xx_hal_flash_ex.c ****         FLASH_MassErase();
ARM GAS  C:\Users\fastr\AppData\Local\Temp\ccqb36PQ.s 			page 6


 262:Drivers/STM32F0xx_HAL_Driver/Src/stm32f0xx_hal_flash_ex.c ****   }
 263:Drivers/STM32F0xx_HAL_Driver/Src/stm32f0xx_hal_flash_ex.c ****   else
 264:Drivers/STM32F0xx_HAL_Driver/Src/stm32f0xx_hal_flash_ex.c ****   {
 265:Drivers/STM32F0xx_HAL_Driver/Src/stm32f0xx_hal_flash_ex.c ****     /* Erase by page to be done*/
 266:Drivers/STM32F0xx_HAL_Driver/Src/stm32f0xx_hal_flash_ex.c **** 
 267:Drivers/STM32F0xx_HAL_Driver/Src/stm32f0xx_hal_flash_ex.c ****     /* Check the parameters */
 268:Drivers/STM32F0xx_HAL_Driver/Src/stm32f0xx_hal_flash_ex.c ****     assert_param(IS_FLASH_PROGRAM_ADDRESS(pEraseInit->PageAddress));
 269:Drivers/STM32F0xx_HAL_Driver/Src/stm32f0xx_hal_flash_ex.c ****     assert_param(IS_FLASH_NB_PAGES(pEraseInit->PageAddress, pEraseInit->NbPages));
 270:Drivers/STM32F0xx_HAL_Driver/Src/stm32f0xx_hal_flash_ex.c **** 
 271:Drivers/STM32F0xx_HAL_Driver/Src/stm32f0xx_hal_flash_ex.c ****     pFlash.ProcedureOnGoing = FLASH_PROC_PAGEERASE;
 272:Drivers/STM32F0xx_HAL_Driver/Src/stm32f0xx_hal_flash_ex.c ****     pFlash.DataRemaining = pEraseInit->NbPages;
 273:Drivers/STM32F0xx_HAL_Driver/Src/stm32f0xx_hal_flash_ex.c ****     pFlash.Address = pEraseInit->PageAddress;
 274:Drivers/STM32F0xx_HAL_Driver/Src/stm32f0xx_hal_flash_ex.c **** 
 275:Drivers/STM32F0xx_HAL_Driver/Src/stm32f0xx_hal_flash_ex.c ****     /*Erase 1st page and wait for IT*/
 276:Drivers/STM32F0xx_HAL_Driver/Src/stm32f0xx_hal_flash_ex.c ****     FLASH_PageErase(pEraseInit->PageAddress);
 277:Drivers/STM32F0xx_HAL_Driver/Src/stm32f0xx_hal_flash_ex.c ****   }
 278:Drivers/STM32F0xx_HAL_Driver/Src/stm32f0xx_hal_flash_ex.c **** 
 279:Drivers/STM32F0xx_HAL_Driver/Src/stm32f0xx_hal_flash_ex.c ****   return status;
 280:Drivers/STM32F0xx_HAL_Driver/Src/stm32f0xx_hal_flash_ex.c **** }
 281:Drivers/STM32F0xx_HAL_Driver/Src/stm32f0xx_hal_flash_ex.c **** 
 282:Drivers/STM32F0xx_HAL_Driver/Src/stm32f0xx_hal_flash_ex.c **** /**
 283:Drivers/STM32F0xx_HAL_Driver/Src/stm32f0xx_hal_flash_ex.c ****   * @}
 284:Drivers/STM32F0xx_HAL_Driver/Src/stm32f0xx_hal_flash_ex.c ****   */
 285:Drivers/STM32F0xx_HAL_Driver/Src/stm32f0xx_hal_flash_ex.c **** 
 286:Drivers/STM32F0xx_HAL_Driver/Src/stm32f0xx_hal_flash_ex.c **** /** @defgroup FLASHEx_Exported_Functions_Group2 Option Bytes Programming functions
 287:Drivers/STM32F0xx_HAL_Driver/Src/stm32f0xx_hal_flash_ex.c ****  *  @brief   Option Bytes Programming functions
 288:Drivers/STM32F0xx_HAL_Driver/Src/stm32f0xx_hal_flash_ex.c ****   *
 289:Drivers/STM32F0xx_HAL_Driver/Src/stm32f0xx_hal_flash_ex.c **** @verbatim   
 290:Drivers/STM32F0xx_HAL_Driver/Src/stm32f0xx_hal_flash_ex.c ****   ==============================================================================
 291:Drivers/STM32F0xx_HAL_Driver/Src/stm32f0xx_hal_flash_ex.c ****                 ##### Option Bytes Programming functions ##### 
 292:Drivers/STM32F0xx_HAL_Driver/Src/stm32f0xx_hal_flash_ex.c ****   ==============================================================================  
 293:Drivers/STM32F0xx_HAL_Driver/Src/stm32f0xx_hal_flash_ex.c ****     [..]
 294:Drivers/STM32F0xx_HAL_Driver/Src/stm32f0xx_hal_flash_ex.c ****     This subsection provides a set of functions allowing to control the FLASH 
 295:Drivers/STM32F0xx_HAL_Driver/Src/stm32f0xx_hal_flash_ex.c ****     option bytes operations.
 296:Drivers/STM32F0xx_HAL_Driver/Src/stm32f0xx_hal_flash_ex.c **** 
 297:Drivers/STM32F0xx_HAL_Driver/Src/stm32f0xx_hal_flash_ex.c **** @endverbatim
 298:Drivers/STM32F0xx_HAL_Driver/Src/stm32f0xx_hal_flash_ex.c ****   * @{
 299:Drivers/STM32F0xx_HAL_Driver/Src/stm32f0xx_hal_flash_ex.c ****   */
 300:Drivers/STM32F0xx_HAL_Driver/Src/stm32f0xx_hal_flash_ex.c **** 
 301:Drivers/STM32F0xx_HAL_Driver/Src/stm32f0xx_hal_flash_ex.c **** /**
 302:Drivers/STM32F0xx_HAL_Driver/Src/stm32f0xx_hal_flash_ex.c ****   * @brief  Erases the FLASH option bytes.
 303:Drivers/STM32F0xx_HAL_Driver/Src/stm32f0xx_hal_flash_ex.c ****   * @note   This functions erases all option bytes except the Read protection (RDP).
 304:Drivers/STM32F0xx_HAL_Driver/Src/stm32f0xx_hal_flash_ex.c ****   *         The function @ref HAL_FLASH_Unlock() should be called before to unlock the FLASH interf
 305:Drivers/STM32F0xx_HAL_Driver/Src/stm32f0xx_hal_flash_ex.c ****   *         The function @ref HAL_FLASH_OB_Unlock() should be called before to unlock the options b
 306:Drivers/STM32F0xx_HAL_Driver/Src/stm32f0xx_hal_flash_ex.c ****   *         The function @ref HAL_FLASH_OB_Launch() should be called after to force the reload of t
 307:Drivers/STM32F0xx_HAL_Driver/Src/stm32f0xx_hal_flash_ex.c ****   *         (system reset will occur)
 308:Drivers/STM32F0xx_HAL_Driver/Src/stm32f0xx_hal_flash_ex.c ****   * @retval HAL status
 309:Drivers/STM32F0xx_HAL_Driver/Src/stm32f0xx_hal_flash_ex.c ****   */
 310:Drivers/STM32F0xx_HAL_Driver/Src/stm32f0xx_hal_flash_ex.c **** 
 311:Drivers/STM32F0xx_HAL_Driver/Src/stm32f0xx_hal_flash_ex.c **** HAL_StatusTypeDef HAL_FLASHEx_OBErase(void)
 312:Drivers/STM32F0xx_HAL_Driver/Src/stm32f0xx_hal_flash_ex.c **** {
 313:Drivers/STM32F0xx_HAL_Driver/Src/stm32f0xx_hal_flash_ex.c ****   uint8_t rdptmp = OB_RDP_LEVEL_0;
 314:Drivers/STM32F0xx_HAL_Driver/Src/stm32f0xx_hal_flash_ex.c ****   HAL_StatusTypeDef status = HAL_ERROR;
 315:Drivers/STM32F0xx_HAL_Driver/Src/stm32f0xx_hal_flash_ex.c **** 
 316:Drivers/STM32F0xx_HAL_Driver/Src/stm32f0xx_hal_flash_ex.c ****   /* Get the actual read protection Option Byte value */
 317:Drivers/STM32F0xx_HAL_Driver/Src/stm32f0xx_hal_flash_ex.c ****   rdptmp = FLASH_OB_GetRDP();
 318:Drivers/STM32F0xx_HAL_Driver/Src/stm32f0xx_hal_flash_ex.c **** 
ARM GAS  C:\Users\fastr\AppData\Local\Temp\ccqb36PQ.s 			page 7


 319:Drivers/STM32F0xx_HAL_Driver/Src/stm32f0xx_hal_flash_ex.c ****   /* Wait for last operation to be completed */
 320:Drivers/STM32F0xx_HAL_Driver/Src/stm32f0xx_hal_flash_ex.c ****   status = FLASH_WaitForLastOperation((uint32_t)FLASH_TIMEOUT_VALUE);
 321:Drivers/STM32F0xx_HAL_Driver/Src/stm32f0xx_hal_flash_ex.c **** 
 322:Drivers/STM32F0xx_HAL_Driver/Src/stm32f0xx_hal_flash_ex.c ****   if(status == HAL_OK)
 323:Drivers/STM32F0xx_HAL_Driver/Src/stm32f0xx_hal_flash_ex.c ****   {
 324:Drivers/STM32F0xx_HAL_Driver/Src/stm32f0xx_hal_flash_ex.c ****     /* Clean the error context */
 325:Drivers/STM32F0xx_HAL_Driver/Src/stm32f0xx_hal_flash_ex.c ****     pFlash.ErrorCode = HAL_FLASH_ERROR_NONE;
 326:Drivers/STM32F0xx_HAL_Driver/Src/stm32f0xx_hal_flash_ex.c **** 
 327:Drivers/STM32F0xx_HAL_Driver/Src/stm32f0xx_hal_flash_ex.c ****     /* If the previous operation is completed, proceed to erase the option bytes */
 328:Drivers/STM32F0xx_HAL_Driver/Src/stm32f0xx_hal_flash_ex.c ****     SET_BIT(FLASH->CR, FLASH_CR_OPTER);
 329:Drivers/STM32F0xx_HAL_Driver/Src/stm32f0xx_hal_flash_ex.c ****     SET_BIT(FLASH->CR, FLASH_CR_STRT);
 330:Drivers/STM32F0xx_HAL_Driver/Src/stm32f0xx_hal_flash_ex.c **** 
 331:Drivers/STM32F0xx_HAL_Driver/Src/stm32f0xx_hal_flash_ex.c ****     /* Wait for last operation to be completed */
 332:Drivers/STM32F0xx_HAL_Driver/Src/stm32f0xx_hal_flash_ex.c ****     status = FLASH_WaitForLastOperation((uint32_t)FLASH_TIMEOUT_VALUE);
 333:Drivers/STM32F0xx_HAL_Driver/Src/stm32f0xx_hal_flash_ex.c **** 
 334:Drivers/STM32F0xx_HAL_Driver/Src/stm32f0xx_hal_flash_ex.c ****     /* If the erase operation is completed, disable the OPTER Bit */
 335:Drivers/STM32F0xx_HAL_Driver/Src/stm32f0xx_hal_flash_ex.c ****     CLEAR_BIT(FLASH->CR, FLASH_CR_OPTER);
 336:Drivers/STM32F0xx_HAL_Driver/Src/stm32f0xx_hal_flash_ex.c **** 
 337:Drivers/STM32F0xx_HAL_Driver/Src/stm32f0xx_hal_flash_ex.c ****     if(status == HAL_OK)
 338:Drivers/STM32F0xx_HAL_Driver/Src/stm32f0xx_hal_flash_ex.c ****     {
 339:Drivers/STM32F0xx_HAL_Driver/Src/stm32f0xx_hal_flash_ex.c ****       /* Restore the last read protection Option Byte value */
 340:Drivers/STM32F0xx_HAL_Driver/Src/stm32f0xx_hal_flash_ex.c ****       status = FLASH_OB_RDP_LevelConfig(rdptmp);
 341:Drivers/STM32F0xx_HAL_Driver/Src/stm32f0xx_hal_flash_ex.c ****     }
 342:Drivers/STM32F0xx_HAL_Driver/Src/stm32f0xx_hal_flash_ex.c ****   }
 343:Drivers/STM32F0xx_HAL_Driver/Src/stm32f0xx_hal_flash_ex.c **** 
 344:Drivers/STM32F0xx_HAL_Driver/Src/stm32f0xx_hal_flash_ex.c ****   /* Return the erase status */
 345:Drivers/STM32F0xx_HAL_Driver/Src/stm32f0xx_hal_flash_ex.c ****   return status;
 346:Drivers/STM32F0xx_HAL_Driver/Src/stm32f0xx_hal_flash_ex.c **** }
 347:Drivers/STM32F0xx_HAL_Driver/Src/stm32f0xx_hal_flash_ex.c **** 
 348:Drivers/STM32F0xx_HAL_Driver/Src/stm32f0xx_hal_flash_ex.c **** /**
 349:Drivers/STM32F0xx_HAL_Driver/Src/stm32f0xx_hal_flash_ex.c ****   * @brief  Program option bytes
 350:Drivers/STM32F0xx_HAL_Driver/Src/stm32f0xx_hal_flash_ex.c ****   * @note   The function @ref HAL_FLASH_Unlock() should be called before to unlock the FLASH interf
 351:Drivers/STM32F0xx_HAL_Driver/Src/stm32f0xx_hal_flash_ex.c ****   *         The function @ref HAL_FLASH_OB_Unlock() should be called before to unlock the options b
 352:Drivers/STM32F0xx_HAL_Driver/Src/stm32f0xx_hal_flash_ex.c ****   *         The function @ref HAL_FLASH_OB_Launch() should be called after to force the reload of t
 353:Drivers/STM32F0xx_HAL_Driver/Src/stm32f0xx_hal_flash_ex.c ****   *         (system reset will occur)
 354:Drivers/STM32F0xx_HAL_Driver/Src/stm32f0xx_hal_flash_ex.c ****   *
 355:Drivers/STM32F0xx_HAL_Driver/Src/stm32f0xx_hal_flash_ex.c ****   * @param  pOBInit pointer to an FLASH_OBInitStruct structure that
 356:Drivers/STM32F0xx_HAL_Driver/Src/stm32f0xx_hal_flash_ex.c ****   *         contains the configuration information for the programming.
 357:Drivers/STM32F0xx_HAL_Driver/Src/stm32f0xx_hal_flash_ex.c ****   *
 358:Drivers/STM32F0xx_HAL_Driver/Src/stm32f0xx_hal_flash_ex.c ****   * @retval HAL_StatusTypeDef HAL Status
 359:Drivers/STM32F0xx_HAL_Driver/Src/stm32f0xx_hal_flash_ex.c ****   */
 360:Drivers/STM32F0xx_HAL_Driver/Src/stm32f0xx_hal_flash_ex.c **** HAL_StatusTypeDef HAL_FLASHEx_OBProgram(FLASH_OBProgramInitTypeDef *pOBInit)
 361:Drivers/STM32F0xx_HAL_Driver/Src/stm32f0xx_hal_flash_ex.c **** {
 362:Drivers/STM32F0xx_HAL_Driver/Src/stm32f0xx_hal_flash_ex.c ****   HAL_StatusTypeDef status = HAL_ERROR;
 363:Drivers/STM32F0xx_HAL_Driver/Src/stm32f0xx_hal_flash_ex.c **** 
 364:Drivers/STM32F0xx_HAL_Driver/Src/stm32f0xx_hal_flash_ex.c ****   /* Process Locked */
 365:Drivers/STM32F0xx_HAL_Driver/Src/stm32f0xx_hal_flash_ex.c ****   __HAL_LOCK(&pFlash);
 366:Drivers/STM32F0xx_HAL_Driver/Src/stm32f0xx_hal_flash_ex.c **** 
 367:Drivers/STM32F0xx_HAL_Driver/Src/stm32f0xx_hal_flash_ex.c ****   /* Check the parameters */
 368:Drivers/STM32F0xx_HAL_Driver/Src/stm32f0xx_hal_flash_ex.c ****   assert_param(IS_OPTIONBYTE(pOBInit->OptionType));
 369:Drivers/STM32F0xx_HAL_Driver/Src/stm32f0xx_hal_flash_ex.c **** 
 370:Drivers/STM32F0xx_HAL_Driver/Src/stm32f0xx_hal_flash_ex.c ****   /* Write protection configuration */
 371:Drivers/STM32F0xx_HAL_Driver/Src/stm32f0xx_hal_flash_ex.c ****   if((pOBInit->OptionType & OPTIONBYTE_WRP) == OPTIONBYTE_WRP)
 372:Drivers/STM32F0xx_HAL_Driver/Src/stm32f0xx_hal_flash_ex.c ****   {
 373:Drivers/STM32F0xx_HAL_Driver/Src/stm32f0xx_hal_flash_ex.c ****     assert_param(IS_WRPSTATE(pOBInit->WRPState));
 374:Drivers/STM32F0xx_HAL_Driver/Src/stm32f0xx_hal_flash_ex.c ****     if (pOBInit->WRPState == OB_WRPSTATE_ENABLE)
 375:Drivers/STM32F0xx_HAL_Driver/Src/stm32f0xx_hal_flash_ex.c ****     {
ARM GAS  C:\Users\fastr\AppData\Local\Temp\ccqb36PQ.s 			page 8


 376:Drivers/STM32F0xx_HAL_Driver/Src/stm32f0xx_hal_flash_ex.c ****       /* Enable of Write protection on the selected page */
 377:Drivers/STM32F0xx_HAL_Driver/Src/stm32f0xx_hal_flash_ex.c ****       status = FLASH_OB_EnableWRP(pOBInit->WRPPage);
 378:Drivers/STM32F0xx_HAL_Driver/Src/stm32f0xx_hal_flash_ex.c ****     }
 379:Drivers/STM32F0xx_HAL_Driver/Src/stm32f0xx_hal_flash_ex.c ****     else
 380:Drivers/STM32F0xx_HAL_Driver/Src/stm32f0xx_hal_flash_ex.c ****     {
 381:Drivers/STM32F0xx_HAL_Driver/Src/stm32f0xx_hal_flash_ex.c ****       /* Disable of Write protection on the selected page */
 382:Drivers/STM32F0xx_HAL_Driver/Src/stm32f0xx_hal_flash_ex.c ****       status = FLASH_OB_DisableWRP(pOBInit->WRPPage);
 383:Drivers/STM32F0xx_HAL_Driver/Src/stm32f0xx_hal_flash_ex.c ****     }
 384:Drivers/STM32F0xx_HAL_Driver/Src/stm32f0xx_hal_flash_ex.c ****     if (status != HAL_OK)
 385:Drivers/STM32F0xx_HAL_Driver/Src/stm32f0xx_hal_flash_ex.c ****     {
 386:Drivers/STM32F0xx_HAL_Driver/Src/stm32f0xx_hal_flash_ex.c ****       /* Process Unlocked */
 387:Drivers/STM32F0xx_HAL_Driver/Src/stm32f0xx_hal_flash_ex.c ****       __HAL_UNLOCK(&pFlash);
 388:Drivers/STM32F0xx_HAL_Driver/Src/stm32f0xx_hal_flash_ex.c ****       return status;
 389:Drivers/STM32F0xx_HAL_Driver/Src/stm32f0xx_hal_flash_ex.c ****     }
 390:Drivers/STM32F0xx_HAL_Driver/Src/stm32f0xx_hal_flash_ex.c ****   }
 391:Drivers/STM32F0xx_HAL_Driver/Src/stm32f0xx_hal_flash_ex.c **** 
 392:Drivers/STM32F0xx_HAL_Driver/Src/stm32f0xx_hal_flash_ex.c ****   /* Read protection configuration */
 393:Drivers/STM32F0xx_HAL_Driver/Src/stm32f0xx_hal_flash_ex.c ****   if((pOBInit->OptionType & OPTIONBYTE_RDP) == OPTIONBYTE_RDP)
 394:Drivers/STM32F0xx_HAL_Driver/Src/stm32f0xx_hal_flash_ex.c ****   {
 395:Drivers/STM32F0xx_HAL_Driver/Src/stm32f0xx_hal_flash_ex.c ****     status = FLASH_OB_RDP_LevelConfig(pOBInit->RDPLevel);
 396:Drivers/STM32F0xx_HAL_Driver/Src/stm32f0xx_hal_flash_ex.c ****     if (status != HAL_OK)
 397:Drivers/STM32F0xx_HAL_Driver/Src/stm32f0xx_hal_flash_ex.c ****     {
 398:Drivers/STM32F0xx_HAL_Driver/Src/stm32f0xx_hal_flash_ex.c ****       /* Process Unlocked */
 399:Drivers/STM32F0xx_HAL_Driver/Src/stm32f0xx_hal_flash_ex.c ****       __HAL_UNLOCK(&pFlash);
 400:Drivers/STM32F0xx_HAL_Driver/Src/stm32f0xx_hal_flash_ex.c ****       return status;
 401:Drivers/STM32F0xx_HAL_Driver/Src/stm32f0xx_hal_flash_ex.c ****     }
 402:Drivers/STM32F0xx_HAL_Driver/Src/stm32f0xx_hal_flash_ex.c ****   }
 403:Drivers/STM32F0xx_HAL_Driver/Src/stm32f0xx_hal_flash_ex.c **** 
 404:Drivers/STM32F0xx_HAL_Driver/Src/stm32f0xx_hal_flash_ex.c ****   /* USER configuration */
 405:Drivers/STM32F0xx_HAL_Driver/Src/stm32f0xx_hal_flash_ex.c ****   if((pOBInit->OptionType & OPTIONBYTE_USER) == OPTIONBYTE_USER)
 406:Drivers/STM32F0xx_HAL_Driver/Src/stm32f0xx_hal_flash_ex.c ****   {
 407:Drivers/STM32F0xx_HAL_Driver/Src/stm32f0xx_hal_flash_ex.c ****     status = FLASH_OB_UserConfig(pOBInit->USERConfig);
 408:Drivers/STM32F0xx_HAL_Driver/Src/stm32f0xx_hal_flash_ex.c ****     if (status != HAL_OK)
 409:Drivers/STM32F0xx_HAL_Driver/Src/stm32f0xx_hal_flash_ex.c ****     {
 410:Drivers/STM32F0xx_HAL_Driver/Src/stm32f0xx_hal_flash_ex.c ****       /* Process Unlocked */
 411:Drivers/STM32F0xx_HAL_Driver/Src/stm32f0xx_hal_flash_ex.c ****       __HAL_UNLOCK(&pFlash);
 412:Drivers/STM32F0xx_HAL_Driver/Src/stm32f0xx_hal_flash_ex.c ****       return status;
 413:Drivers/STM32F0xx_HAL_Driver/Src/stm32f0xx_hal_flash_ex.c ****     }
 414:Drivers/STM32F0xx_HAL_Driver/Src/stm32f0xx_hal_flash_ex.c ****   }
 415:Drivers/STM32F0xx_HAL_Driver/Src/stm32f0xx_hal_flash_ex.c **** 
 416:Drivers/STM32F0xx_HAL_Driver/Src/stm32f0xx_hal_flash_ex.c ****   /* DATA configuration*/
 417:Drivers/STM32F0xx_HAL_Driver/Src/stm32f0xx_hal_flash_ex.c ****   if((pOBInit->OptionType & OPTIONBYTE_DATA) == OPTIONBYTE_DATA)
 418:Drivers/STM32F0xx_HAL_Driver/Src/stm32f0xx_hal_flash_ex.c ****   {
 419:Drivers/STM32F0xx_HAL_Driver/Src/stm32f0xx_hal_flash_ex.c ****     status = FLASH_OB_ProgramData(pOBInit->DATAAddress, pOBInit->DATAData);
 420:Drivers/STM32F0xx_HAL_Driver/Src/stm32f0xx_hal_flash_ex.c ****     if (status != HAL_OK)
 421:Drivers/STM32F0xx_HAL_Driver/Src/stm32f0xx_hal_flash_ex.c ****     {
 422:Drivers/STM32F0xx_HAL_Driver/Src/stm32f0xx_hal_flash_ex.c ****       /* Process Unlocked */
 423:Drivers/STM32F0xx_HAL_Driver/Src/stm32f0xx_hal_flash_ex.c ****       __HAL_UNLOCK(&pFlash);
 424:Drivers/STM32F0xx_HAL_Driver/Src/stm32f0xx_hal_flash_ex.c ****       return status;
 425:Drivers/STM32F0xx_HAL_Driver/Src/stm32f0xx_hal_flash_ex.c ****     }
 426:Drivers/STM32F0xx_HAL_Driver/Src/stm32f0xx_hal_flash_ex.c ****   }
 427:Drivers/STM32F0xx_HAL_Driver/Src/stm32f0xx_hal_flash_ex.c **** 
 428:Drivers/STM32F0xx_HAL_Driver/Src/stm32f0xx_hal_flash_ex.c ****   /* Process Unlocked */
 429:Drivers/STM32F0xx_HAL_Driver/Src/stm32f0xx_hal_flash_ex.c ****   __HAL_UNLOCK(&pFlash);
 430:Drivers/STM32F0xx_HAL_Driver/Src/stm32f0xx_hal_flash_ex.c **** 
 431:Drivers/STM32F0xx_HAL_Driver/Src/stm32f0xx_hal_flash_ex.c ****   return status;
 432:Drivers/STM32F0xx_HAL_Driver/Src/stm32f0xx_hal_flash_ex.c **** }
ARM GAS  C:\Users\fastr\AppData\Local\Temp\ccqb36PQ.s 			page 9


 433:Drivers/STM32F0xx_HAL_Driver/Src/stm32f0xx_hal_flash_ex.c **** 
 434:Drivers/STM32F0xx_HAL_Driver/Src/stm32f0xx_hal_flash_ex.c **** /**
 435:Drivers/STM32F0xx_HAL_Driver/Src/stm32f0xx_hal_flash_ex.c ****   * @brief  Get the Option byte configuration
 436:Drivers/STM32F0xx_HAL_Driver/Src/stm32f0xx_hal_flash_ex.c ****   * @param  pOBInit pointer to an FLASH_OBInitStruct structure that
 437:Drivers/STM32F0xx_HAL_Driver/Src/stm32f0xx_hal_flash_ex.c ****   *         contains the configuration information for the programming.
 438:Drivers/STM32F0xx_HAL_Driver/Src/stm32f0xx_hal_flash_ex.c ****   *
 439:Drivers/STM32F0xx_HAL_Driver/Src/stm32f0xx_hal_flash_ex.c ****   * @retval None
 440:Drivers/STM32F0xx_HAL_Driver/Src/stm32f0xx_hal_flash_ex.c ****   */
 441:Drivers/STM32F0xx_HAL_Driver/Src/stm32f0xx_hal_flash_ex.c **** void HAL_FLASHEx_OBGetConfig(FLASH_OBProgramInitTypeDef *pOBInit)
 442:Drivers/STM32F0xx_HAL_Driver/Src/stm32f0xx_hal_flash_ex.c **** {
 443:Drivers/STM32F0xx_HAL_Driver/Src/stm32f0xx_hal_flash_ex.c ****   pOBInit->OptionType = OPTIONBYTE_WRP | OPTIONBYTE_RDP | OPTIONBYTE_USER;
 444:Drivers/STM32F0xx_HAL_Driver/Src/stm32f0xx_hal_flash_ex.c **** 
 445:Drivers/STM32F0xx_HAL_Driver/Src/stm32f0xx_hal_flash_ex.c ****   /*Get WRP*/
 446:Drivers/STM32F0xx_HAL_Driver/Src/stm32f0xx_hal_flash_ex.c ****   pOBInit->WRPPage = FLASH_OB_GetWRP();
 447:Drivers/STM32F0xx_HAL_Driver/Src/stm32f0xx_hal_flash_ex.c **** 
 448:Drivers/STM32F0xx_HAL_Driver/Src/stm32f0xx_hal_flash_ex.c ****   /*Get RDP Level*/
 449:Drivers/STM32F0xx_HAL_Driver/Src/stm32f0xx_hal_flash_ex.c ****   pOBInit->RDPLevel = FLASH_OB_GetRDP();
 450:Drivers/STM32F0xx_HAL_Driver/Src/stm32f0xx_hal_flash_ex.c **** 
 451:Drivers/STM32F0xx_HAL_Driver/Src/stm32f0xx_hal_flash_ex.c ****   /*Get USER*/
 452:Drivers/STM32F0xx_HAL_Driver/Src/stm32f0xx_hal_flash_ex.c ****   pOBInit->USERConfig = FLASH_OB_GetUser();
 453:Drivers/STM32F0xx_HAL_Driver/Src/stm32f0xx_hal_flash_ex.c **** }
 454:Drivers/STM32F0xx_HAL_Driver/Src/stm32f0xx_hal_flash_ex.c **** 
 455:Drivers/STM32F0xx_HAL_Driver/Src/stm32f0xx_hal_flash_ex.c **** /**
 456:Drivers/STM32F0xx_HAL_Driver/Src/stm32f0xx_hal_flash_ex.c ****   * @brief  Get the Option byte user data
 457:Drivers/STM32F0xx_HAL_Driver/Src/stm32f0xx_hal_flash_ex.c ****   * @param  DATAAdress Address of the option byte DATA
 458:Drivers/STM32F0xx_HAL_Driver/Src/stm32f0xx_hal_flash_ex.c ****   *          This parameter can be one of the following values:
 459:Drivers/STM32F0xx_HAL_Driver/Src/stm32f0xx_hal_flash_ex.c ****   *            @arg @ref OB_DATA_ADDRESS_DATA0
 460:Drivers/STM32F0xx_HAL_Driver/Src/stm32f0xx_hal_flash_ex.c ****   *            @arg @ref OB_DATA_ADDRESS_DATA1
 461:Drivers/STM32F0xx_HAL_Driver/Src/stm32f0xx_hal_flash_ex.c ****   * @retval Value programmed in USER data
 462:Drivers/STM32F0xx_HAL_Driver/Src/stm32f0xx_hal_flash_ex.c ****   */
 463:Drivers/STM32F0xx_HAL_Driver/Src/stm32f0xx_hal_flash_ex.c **** uint32_t HAL_FLASHEx_OBGetUserData(uint32_t DATAAdress)
 464:Drivers/STM32F0xx_HAL_Driver/Src/stm32f0xx_hal_flash_ex.c **** {
 465:Drivers/STM32F0xx_HAL_Driver/Src/stm32f0xx_hal_flash_ex.c ****   uint32_t value = 0U;
 466:Drivers/STM32F0xx_HAL_Driver/Src/stm32f0xx_hal_flash_ex.c ****   
 467:Drivers/STM32F0xx_HAL_Driver/Src/stm32f0xx_hal_flash_ex.c ****   if (DATAAdress == OB_DATA_ADDRESS_DATA0)
 468:Drivers/STM32F0xx_HAL_Driver/Src/stm32f0xx_hal_flash_ex.c ****   {
 469:Drivers/STM32F0xx_HAL_Driver/Src/stm32f0xx_hal_flash_ex.c ****     /* Get value programmed in OB USER Data0 */
 470:Drivers/STM32F0xx_HAL_Driver/Src/stm32f0xx_hal_flash_ex.c ****     value = READ_BIT(FLASH->OBR, FLASH_OBR_DATA0) >> FLASH_POSITION_OB_USERDATA0_BIT;
 471:Drivers/STM32F0xx_HAL_Driver/Src/stm32f0xx_hal_flash_ex.c ****   }
 472:Drivers/STM32F0xx_HAL_Driver/Src/stm32f0xx_hal_flash_ex.c ****   else
 473:Drivers/STM32F0xx_HAL_Driver/Src/stm32f0xx_hal_flash_ex.c ****   {
 474:Drivers/STM32F0xx_HAL_Driver/Src/stm32f0xx_hal_flash_ex.c ****     /* Get value programmed in OB USER Data1 */
 475:Drivers/STM32F0xx_HAL_Driver/Src/stm32f0xx_hal_flash_ex.c ****     value = READ_BIT(FLASH->OBR, FLASH_OBR_DATA1) >> FLASH_POSITION_OB_USERDATA1_BIT;
 476:Drivers/STM32F0xx_HAL_Driver/Src/stm32f0xx_hal_flash_ex.c ****   }
 477:Drivers/STM32F0xx_HAL_Driver/Src/stm32f0xx_hal_flash_ex.c ****   
 478:Drivers/STM32F0xx_HAL_Driver/Src/stm32f0xx_hal_flash_ex.c ****   return value;
 479:Drivers/STM32F0xx_HAL_Driver/Src/stm32f0xx_hal_flash_ex.c **** }
 480:Drivers/STM32F0xx_HAL_Driver/Src/stm32f0xx_hal_flash_ex.c **** 
 481:Drivers/STM32F0xx_HAL_Driver/Src/stm32f0xx_hal_flash_ex.c **** /**
 482:Drivers/STM32F0xx_HAL_Driver/Src/stm32f0xx_hal_flash_ex.c ****   * @}
 483:Drivers/STM32F0xx_HAL_Driver/Src/stm32f0xx_hal_flash_ex.c ****   */
 484:Drivers/STM32F0xx_HAL_Driver/Src/stm32f0xx_hal_flash_ex.c **** 
 485:Drivers/STM32F0xx_HAL_Driver/Src/stm32f0xx_hal_flash_ex.c **** /**
 486:Drivers/STM32F0xx_HAL_Driver/Src/stm32f0xx_hal_flash_ex.c ****   * @}
 487:Drivers/STM32F0xx_HAL_Driver/Src/stm32f0xx_hal_flash_ex.c ****   */
 488:Drivers/STM32F0xx_HAL_Driver/Src/stm32f0xx_hal_flash_ex.c **** 
 489:Drivers/STM32F0xx_HAL_Driver/Src/stm32f0xx_hal_flash_ex.c **** /** @addtogroup FLASHEx_Private_Functions
ARM GAS  C:\Users\fastr\AppData\Local\Temp\ccqb36PQ.s 			page 10


 490:Drivers/STM32F0xx_HAL_Driver/Src/stm32f0xx_hal_flash_ex.c ****  * @{
 491:Drivers/STM32F0xx_HAL_Driver/Src/stm32f0xx_hal_flash_ex.c ****  */
 492:Drivers/STM32F0xx_HAL_Driver/Src/stm32f0xx_hal_flash_ex.c **** 
 493:Drivers/STM32F0xx_HAL_Driver/Src/stm32f0xx_hal_flash_ex.c **** /**
 494:Drivers/STM32F0xx_HAL_Driver/Src/stm32f0xx_hal_flash_ex.c ****   * @brief  Full erase of FLASH memory Bank 
 495:Drivers/STM32F0xx_HAL_Driver/Src/stm32f0xx_hal_flash_ex.c ****   *
 496:Drivers/STM32F0xx_HAL_Driver/Src/stm32f0xx_hal_flash_ex.c ****   * @retval None
 497:Drivers/STM32F0xx_HAL_Driver/Src/stm32f0xx_hal_flash_ex.c ****   */
 498:Drivers/STM32F0xx_HAL_Driver/Src/stm32f0xx_hal_flash_ex.c **** static void FLASH_MassErase(void)
 499:Drivers/STM32F0xx_HAL_Driver/Src/stm32f0xx_hal_flash_ex.c **** {
  26              		.loc 1 499 1 view -0
  27              		.cfi_startproc
  28              		@ args = 0, pretend = 0, frame = 0
  29              		@ frame_needed = 0, uses_anonymous_args = 0
  30              		@ link register save eliminated.
 500:Drivers/STM32F0xx_HAL_Driver/Src/stm32f0xx_hal_flash_ex.c ****   /* Clean the error context */
 501:Drivers/STM32F0xx_HAL_Driver/Src/stm32f0xx_hal_flash_ex.c ****   pFlash.ErrorCode = HAL_FLASH_ERROR_NONE;
  31              		.loc 1 501 3 view .LVU1
  32              		.loc 1 501 20 is_stmt 0 view .LVU2
  33 0000 064B     		ldr	r3, .L2
  34 0002 0022     		movs	r2, #0
  35 0004 DA61     		str	r2, [r3, #28]
 502:Drivers/STM32F0xx_HAL_Driver/Src/stm32f0xx_hal_flash_ex.c **** 
 503:Drivers/STM32F0xx_HAL_Driver/Src/stm32f0xx_hal_flash_ex.c ****     /* Only bank1 will be erased*/
 504:Drivers/STM32F0xx_HAL_Driver/Src/stm32f0xx_hal_flash_ex.c ****     SET_BIT(FLASH->CR, FLASH_CR_MER);
  36              		.loc 1 504 5 is_stmt 1 view .LVU3
  37 0006 064B     		ldr	r3, .L2+4
  38 0008 1A69     		ldr	r2, [r3, #16]
  39 000a 0421     		movs	r1, #4
  40 000c 0A43     		orrs	r2, r1
  41 000e 1A61     		str	r2, [r3, #16]
 505:Drivers/STM32F0xx_HAL_Driver/Src/stm32f0xx_hal_flash_ex.c ****     SET_BIT(FLASH->CR, FLASH_CR_STRT);
  42              		.loc 1 505 5 view .LVU4
  43 0010 1A69     		ldr	r2, [r3, #16]
  44 0012 3C31     		adds	r1, r1, #60
  45 0014 0A43     		orrs	r2, r1
  46 0016 1A61     		str	r2, [r3, #16]
 506:Drivers/STM32F0xx_HAL_Driver/Src/stm32f0xx_hal_flash_ex.c **** }
  47              		.loc 1 506 1 is_stmt 0 view .LVU5
  48              		@ sp needed
  49 0018 7047     		bx	lr
  50              	.L3:
  51 001a C046     		.align	2
  52              	.L2:
  53 001c 00000000 		.word	pFlash
  54 0020 00200240 		.word	1073881088
  55              		.cfi_endproc
  56              	.LFE46:
  58              		.section	.text.FLASH_OB_GetWRP,"ax",%progbits
  59              		.align	1
  60              		.syntax unified
  61              		.code	16
  62              		.thumb_func
  64              	FLASH_OB_GetWRP:
  65              	.LFB52:
 507:Drivers/STM32F0xx_HAL_Driver/Src/stm32f0xx_hal_flash_ex.c **** 
 508:Drivers/STM32F0xx_HAL_Driver/Src/stm32f0xx_hal_flash_ex.c **** /**
ARM GAS  C:\Users\fastr\AppData\Local\Temp\ccqb36PQ.s 			page 11


 509:Drivers/STM32F0xx_HAL_Driver/Src/stm32f0xx_hal_flash_ex.c ****   * @brief  Enable the write protection of the desired pages
 510:Drivers/STM32F0xx_HAL_Driver/Src/stm32f0xx_hal_flash_ex.c ****   * @note   An option byte erase is done automatically in this function. 
 511:Drivers/STM32F0xx_HAL_Driver/Src/stm32f0xx_hal_flash_ex.c ****   * @note   When the memory read protection level is selected (RDP level = 1), 
 512:Drivers/STM32F0xx_HAL_Driver/Src/stm32f0xx_hal_flash_ex.c ****   *         it is not possible to program or erase the flash page i if
 513:Drivers/STM32F0xx_HAL_Driver/Src/stm32f0xx_hal_flash_ex.c ****   *         debug features are connected or boot code is executed in RAM, even if nWRPi = 1 
 514:Drivers/STM32F0xx_HAL_Driver/Src/stm32f0xx_hal_flash_ex.c ****   * 
 515:Drivers/STM32F0xx_HAL_Driver/Src/stm32f0xx_hal_flash_ex.c ****   * @param  WriteProtectPage specifies the page(s) to be write protected.
 516:Drivers/STM32F0xx_HAL_Driver/Src/stm32f0xx_hal_flash_ex.c ****   *         The value of this parameter depend on device used within the same series 
 517:Drivers/STM32F0xx_HAL_Driver/Src/stm32f0xx_hal_flash_ex.c ****   * @retval HAL status 
 518:Drivers/STM32F0xx_HAL_Driver/Src/stm32f0xx_hal_flash_ex.c ****   */
 519:Drivers/STM32F0xx_HAL_Driver/Src/stm32f0xx_hal_flash_ex.c **** static HAL_StatusTypeDef FLASH_OB_EnableWRP(uint32_t WriteProtectPage)
 520:Drivers/STM32F0xx_HAL_Driver/Src/stm32f0xx_hal_flash_ex.c **** {
 521:Drivers/STM32F0xx_HAL_Driver/Src/stm32f0xx_hal_flash_ex.c ****   HAL_StatusTypeDef status = HAL_OK;
 522:Drivers/STM32F0xx_HAL_Driver/Src/stm32f0xx_hal_flash_ex.c ****   uint16_t WRP0_Data = 0xFFFFU;
 523:Drivers/STM32F0xx_HAL_Driver/Src/stm32f0xx_hal_flash_ex.c **** #if defined(OB_WRP1_WRP1)
 524:Drivers/STM32F0xx_HAL_Driver/Src/stm32f0xx_hal_flash_ex.c ****   uint16_t WRP1_Data = 0xFFFFU;
 525:Drivers/STM32F0xx_HAL_Driver/Src/stm32f0xx_hal_flash_ex.c **** #endif /* OB_WRP1_WRP1 */
 526:Drivers/STM32F0xx_HAL_Driver/Src/stm32f0xx_hal_flash_ex.c **** #if defined(OB_WRP2_WRP2)
 527:Drivers/STM32F0xx_HAL_Driver/Src/stm32f0xx_hal_flash_ex.c ****   uint16_t WRP2_Data = 0xFFFFU;
 528:Drivers/STM32F0xx_HAL_Driver/Src/stm32f0xx_hal_flash_ex.c **** #endif /* OB_WRP2_WRP2 */
 529:Drivers/STM32F0xx_HAL_Driver/Src/stm32f0xx_hal_flash_ex.c **** #if defined(OB_WRP3_WRP3)
 530:Drivers/STM32F0xx_HAL_Driver/Src/stm32f0xx_hal_flash_ex.c ****   uint16_t WRP3_Data = 0xFFFFU;
 531:Drivers/STM32F0xx_HAL_Driver/Src/stm32f0xx_hal_flash_ex.c **** #endif /* OB_WRP3_WRP3 */
 532:Drivers/STM32F0xx_HAL_Driver/Src/stm32f0xx_hal_flash_ex.c ****   
 533:Drivers/STM32F0xx_HAL_Driver/Src/stm32f0xx_hal_flash_ex.c ****   /* Check the parameters */
 534:Drivers/STM32F0xx_HAL_Driver/Src/stm32f0xx_hal_flash_ex.c ****   assert_param(IS_OB_WRP(WriteProtectPage));
 535:Drivers/STM32F0xx_HAL_Driver/Src/stm32f0xx_hal_flash_ex.c ****     
 536:Drivers/STM32F0xx_HAL_Driver/Src/stm32f0xx_hal_flash_ex.c ****   /* Get current write protected pages and the new pages to be protected ******/
 537:Drivers/STM32F0xx_HAL_Driver/Src/stm32f0xx_hal_flash_ex.c ****   WriteProtectPage = (uint32_t)(~((~FLASH_OB_GetWRP()) | WriteProtectPage));
 538:Drivers/STM32F0xx_HAL_Driver/Src/stm32f0xx_hal_flash_ex.c ****   
 539:Drivers/STM32F0xx_HAL_Driver/Src/stm32f0xx_hal_flash_ex.c **** #if defined(OB_WRP_PAGES0TO15MASK)
 540:Drivers/STM32F0xx_HAL_Driver/Src/stm32f0xx_hal_flash_ex.c ****   WRP0_Data = (uint16_t)(WriteProtectPage & OB_WRP_PAGES0TO15MASK);
 541:Drivers/STM32F0xx_HAL_Driver/Src/stm32f0xx_hal_flash_ex.c **** #elif defined(OB_WRP_PAGES0TO31MASK)
 542:Drivers/STM32F0xx_HAL_Driver/Src/stm32f0xx_hal_flash_ex.c ****   WRP0_Data = (uint16_t)(WriteProtectPage & OB_WRP_PAGES0TO31MASK);
 543:Drivers/STM32F0xx_HAL_Driver/Src/stm32f0xx_hal_flash_ex.c **** #endif /* OB_WRP_PAGES0TO31MASK */
 544:Drivers/STM32F0xx_HAL_Driver/Src/stm32f0xx_hal_flash_ex.c ****   
 545:Drivers/STM32F0xx_HAL_Driver/Src/stm32f0xx_hal_flash_ex.c **** #if defined(OB_WRP_PAGES16TO31MASK)
 546:Drivers/STM32F0xx_HAL_Driver/Src/stm32f0xx_hal_flash_ex.c ****   WRP1_Data = (uint16_t)((WriteProtectPage & OB_WRP_PAGES16TO31MASK) >> 8U);
 547:Drivers/STM32F0xx_HAL_Driver/Src/stm32f0xx_hal_flash_ex.c **** #elif defined(OB_WRP_PAGES32TO63MASK)
 548:Drivers/STM32F0xx_HAL_Driver/Src/stm32f0xx_hal_flash_ex.c ****   WRP1_Data = (uint16_t)((WriteProtectPage & OB_WRP_PAGES32TO63MASK) >> 8U);
 549:Drivers/STM32F0xx_HAL_Driver/Src/stm32f0xx_hal_flash_ex.c **** #endif /* OB_WRP_PAGES32TO63MASK */
 550:Drivers/STM32F0xx_HAL_Driver/Src/stm32f0xx_hal_flash_ex.c ****  
 551:Drivers/STM32F0xx_HAL_Driver/Src/stm32f0xx_hal_flash_ex.c **** #if defined(OB_WRP_PAGES32TO47MASK)
 552:Drivers/STM32F0xx_HAL_Driver/Src/stm32f0xx_hal_flash_ex.c ****   WRP2_Data = (uint16_t)((WriteProtectPage & OB_WRP_PAGES32TO47MASK) >> 16U);
 553:Drivers/STM32F0xx_HAL_Driver/Src/stm32f0xx_hal_flash_ex.c **** #endif /* OB_WRP_PAGES32TO47MASK */
 554:Drivers/STM32F0xx_HAL_Driver/Src/stm32f0xx_hal_flash_ex.c **** 
 555:Drivers/STM32F0xx_HAL_Driver/Src/stm32f0xx_hal_flash_ex.c **** #if defined(OB_WRP_PAGES48TO63MASK)
 556:Drivers/STM32F0xx_HAL_Driver/Src/stm32f0xx_hal_flash_ex.c ****   WRP3_Data = (uint16_t)((WriteProtectPage & OB_WRP_PAGES48TO63MASK) >> 24U); 
 557:Drivers/STM32F0xx_HAL_Driver/Src/stm32f0xx_hal_flash_ex.c **** #elif defined(OB_WRP_PAGES48TO127MASK)
 558:Drivers/STM32F0xx_HAL_Driver/Src/stm32f0xx_hal_flash_ex.c ****   WRP3_Data = (uint16_t)((WriteProtectPage & OB_WRP_PAGES48TO127MASK) >> 24U); 
 559:Drivers/STM32F0xx_HAL_Driver/Src/stm32f0xx_hal_flash_ex.c **** #endif /* OB_WRP_PAGES48TO63MASK */
 560:Drivers/STM32F0xx_HAL_Driver/Src/stm32f0xx_hal_flash_ex.c ****   
 561:Drivers/STM32F0xx_HAL_Driver/Src/stm32f0xx_hal_flash_ex.c ****   /* Wait for last operation to be completed */
 562:Drivers/STM32F0xx_HAL_Driver/Src/stm32f0xx_hal_flash_ex.c ****   status = FLASH_WaitForLastOperation((uint32_t)FLASH_TIMEOUT_VALUE);
 563:Drivers/STM32F0xx_HAL_Driver/Src/stm32f0xx_hal_flash_ex.c **** 
 564:Drivers/STM32F0xx_HAL_Driver/Src/stm32f0xx_hal_flash_ex.c ****   if(status == HAL_OK)
 565:Drivers/STM32F0xx_HAL_Driver/Src/stm32f0xx_hal_flash_ex.c ****   { 
ARM GAS  C:\Users\fastr\AppData\Local\Temp\ccqb36PQ.s 			page 12


 566:Drivers/STM32F0xx_HAL_Driver/Src/stm32f0xx_hal_flash_ex.c ****     /* Clean the error context */
 567:Drivers/STM32F0xx_HAL_Driver/Src/stm32f0xx_hal_flash_ex.c ****     pFlash.ErrorCode = HAL_FLASH_ERROR_NONE;
 568:Drivers/STM32F0xx_HAL_Driver/Src/stm32f0xx_hal_flash_ex.c **** 
 569:Drivers/STM32F0xx_HAL_Driver/Src/stm32f0xx_hal_flash_ex.c ****     /* To be able to write again option byte, need to perform a option byte erase */
 570:Drivers/STM32F0xx_HAL_Driver/Src/stm32f0xx_hal_flash_ex.c ****     status = HAL_FLASHEx_OBErase();
 571:Drivers/STM32F0xx_HAL_Driver/Src/stm32f0xx_hal_flash_ex.c ****     if (status == HAL_OK)  
 572:Drivers/STM32F0xx_HAL_Driver/Src/stm32f0xx_hal_flash_ex.c ****     {
 573:Drivers/STM32F0xx_HAL_Driver/Src/stm32f0xx_hal_flash_ex.c ****       /* Enable write protection */
 574:Drivers/STM32F0xx_HAL_Driver/Src/stm32f0xx_hal_flash_ex.c ****       SET_BIT(FLASH->CR, FLASH_CR_OPTPG);
 575:Drivers/STM32F0xx_HAL_Driver/Src/stm32f0xx_hal_flash_ex.c **** 
 576:Drivers/STM32F0xx_HAL_Driver/Src/stm32f0xx_hal_flash_ex.c **** #if defined(OB_WRP0_WRP0)
 577:Drivers/STM32F0xx_HAL_Driver/Src/stm32f0xx_hal_flash_ex.c ****       if(WRP0_Data != 0xFFU)
 578:Drivers/STM32F0xx_HAL_Driver/Src/stm32f0xx_hal_flash_ex.c ****       {
 579:Drivers/STM32F0xx_HAL_Driver/Src/stm32f0xx_hal_flash_ex.c ****         OB->WRP0 &= WRP0_Data;
 580:Drivers/STM32F0xx_HAL_Driver/Src/stm32f0xx_hal_flash_ex.c ****         
 581:Drivers/STM32F0xx_HAL_Driver/Src/stm32f0xx_hal_flash_ex.c ****         /* Wait for last operation to be completed */
 582:Drivers/STM32F0xx_HAL_Driver/Src/stm32f0xx_hal_flash_ex.c ****         status = FLASH_WaitForLastOperation((uint32_t)FLASH_TIMEOUT_VALUE);
 583:Drivers/STM32F0xx_HAL_Driver/Src/stm32f0xx_hal_flash_ex.c ****       }
 584:Drivers/STM32F0xx_HAL_Driver/Src/stm32f0xx_hal_flash_ex.c **** #endif /* OB_WRP0_WRP0 */
 585:Drivers/STM32F0xx_HAL_Driver/Src/stm32f0xx_hal_flash_ex.c **** 
 586:Drivers/STM32F0xx_HAL_Driver/Src/stm32f0xx_hal_flash_ex.c **** #if defined(OB_WRP1_WRP1)
 587:Drivers/STM32F0xx_HAL_Driver/Src/stm32f0xx_hal_flash_ex.c ****       if((status == HAL_OK) && (WRP1_Data != 0xFFU))
 588:Drivers/STM32F0xx_HAL_Driver/Src/stm32f0xx_hal_flash_ex.c ****       {
 589:Drivers/STM32F0xx_HAL_Driver/Src/stm32f0xx_hal_flash_ex.c ****         OB->WRP1 &= WRP1_Data;
 590:Drivers/STM32F0xx_HAL_Driver/Src/stm32f0xx_hal_flash_ex.c ****         
 591:Drivers/STM32F0xx_HAL_Driver/Src/stm32f0xx_hal_flash_ex.c ****         /* Wait for last operation to be completed */
 592:Drivers/STM32F0xx_HAL_Driver/Src/stm32f0xx_hal_flash_ex.c ****         status = FLASH_WaitForLastOperation((uint32_t)FLASH_TIMEOUT_VALUE);
 593:Drivers/STM32F0xx_HAL_Driver/Src/stm32f0xx_hal_flash_ex.c ****       }
 594:Drivers/STM32F0xx_HAL_Driver/Src/stm32f0xx_hal_flash_ex.c **** #endif /* OB_WRP1_WRP1 */
 595:Drivers/STM32F0xx_HAL_Driver/Src/stm32f0xx_hal_flash_ex.c **** 
 596:Drivers/STM32F0xx_HAL_Driver/Src/stm32f0xx_hal_flash_ex.c **** #if defined(OB_WRP2_WRP2)
 597:Drivers/STM32F0xx_HAL_Driver/Src/stm32f0xx_hal_flash_ex.c ****       if((status == HAL_OK) && (WRP2_Data != 0xFFU))
 598:Drivers/STM32F0xx_HAL_Driver/Src/stm32f0xx_hal_flash_ex.c ****       {
 599:Drivers/STM32F0xx_HAL_Driver/Src/stm32f0xx_hal_flash_ex.c ****         OB->WRP2 &= WRP2_Data;
 600:Drivers/STM32F0xx_HAL_Driver/Src/stm32f0xx_hal_flash_ex.c ****         
 601:Drivers/STM32F0xx_HAL_Driver/Src/stm32f0xx_hal_flash_ex.c ****         /* Wait for last operation to be completed */
 602:Drivers/STM32F0xx_HAL_Driver/Src/stm32f0xx_hal_flash_ex.c ****         status = FLASH_WaitForLastOperation((uint32_t)FLASH_TIMEOUT_VALUE);
 603:Drivers/STM32F0xx_HAL_Driver/Src/stm32f0xx_hal_flash_ex.c ****       }
 604:Drivers/STM32F0xx_HAL_Driver/Src/stm32f0xx_hal_flash_ex.c **** #endif /* OB_WRP2_WRP2 */
 605:Drivers/STM32F0xx_HAL_Driver/Src/stm32f0xx_hal_flash_ex.c **** 
 606:Drivers/STM32F0xx_HAL_Driver/Src/stm32f0xx_hal_flash_ex.c **** #if defined(OB_WRP3_WRP3)
 607:Drivers/STM32F0xx_HAL_Driver/Src/stm32f0xx_hal_flash_ex.c ****       if((status == HAL_OK) && (WRP3_Data != 0xFFU))
 608:Drivers/STM32F0xx_HAL_Driver/Src/stm32f0xx_hal_flash_ex.c ****       {
 609:Drivers/STM32F0xx_HAL_Driver/Src/stm32f0xx_hal_flash_ex.c ****         OB->WRP3 &= WRP3_Data;
 610:Drivers/STM32F0xx_HAL_Driver/Src/stm32f0xx_hal_flash_ex.c ****         
 611:Drivers/STM32F0xx_HAL_Driver/Src/stm32f0xx_hal_flash_ex.c ****         /* Wait for last operation to be completed */
 612:Drivers/STM32F0xx_HAL_Driver/Src/stm32f0xx_hal_flash_ex.c ****         status = FLASH_WaitForLastOperation((uint32_t)FLASH_TIMEOUT_VALUE);
 613:Drivers/STM32F0xx_HAL_Driver/Src/stm32f0xx_hal_flash_ex.c ****       }
 614:Drivers/STM32F0xx_HAL_Driver/Src/stm32f0xx_hal_flash_ex.c **** #endif /* OB_WRP3_WRP3 */
 615:Drivers/STM32F0xx_HAL_Driver/Src/stm32f0xx_hal_flash_ex.c **** 
 616:Drivers/STM32F0xx_HAL_Driver/Src/stm32f0xx_hal_flash_ex.c ****       /* if the program operation is completed, disable the OPTPG Bit */
 617:Drivers/STM32F0xx_HAL_Driver/Src/stm32f0xx_hal_flash_ex.c ****       CLEAR_BIT(FLASH->CR, FLASH_CR_OPTPG);
 618:Drivers/STM32F0xx_HAL_Driver/Src/stm32f0xx_hal_flash_ex.c ****     }
 619:Drivers/STM32F0xx_HAL_Driver/Src/stm32f0xx_hal_flash_ex.c ****   }
 620:Drivers/STM32F0xx_HAL_Driver/Src/stm32f0xx_hal_flash_ex.c ****   
 621:Drivers/STM32F0xx_HAL_Driver/Src/stm32f0xx_hal_flash_ex.c ****   return status;
 622:Drivers/STM32F0xx_HAL_Driver/Src/stm32f0xx_hal_flash_ex.c **** }
ARM GAS  C:\Users\fastr\AppData\Local\Temp\ccqb36PQ.s 			page 13


 623:Drivers/STM32F0xx_HAL_Driver/Src/stm32f0xx_hal_flash_ex.c **** 
 624:Drivers/STM32F0xx_HAL_Driver/Src/stm32f0xx_hal_flash_ex.c **** /**
 625:Drivers/STM32F0xx_HAL_Driver/Src/stm32f0xx_hal_flash_ex.c ****   * @brief  Disable the write protection of the desired pages
 626:Drivers/STM32F0xx_HAL_Driver/Src/stm32f0xx_hal_flash_ex.c ****   * @note   An option byte erase is done automatically in this function. 
 627:Drivers/STM32F0xx_HAL_Driver/Src/stm32f0xx_hal_flash_ex.c ****   * @note   When the memory read protection level is selected (RDP level = 1), 
 628:Drivers/STM32F0xx_HAL_Driver/Src/stm32f0xx_hal_flash_ex.c ****   *         it is not possible to program or erase the flash page i if   
 629:Drivers/STM32F0xx_HAL_Driver/Src/stm32f0xx_hal_flash_ex.c ****   *         debug features are connected or boot code is executed in RAM, even if nWRPi = 1 
 630:Drivers/STM32F0xx_HAL_Driver/Src/stm32f0xx_hal_flash_ex.c ****   * 
 631:Drivers/STM32F0xx_HAL_Driver/Src/stm32f0xx_hal_flash_ex.c ****   * @param  WriteProtectPage specifies the page(s) to be write unprotected.
 632:Drivers/STM32F0xx_HAL_Driver/Src/stm32f0xx_hal_flash_ex.c ****   *         The value of this parameter depend on device used within the same series 
 633:Drivers/STM32F0xx_HAL_Driver/Src/stm32f0xx_hal_flash_ex.c ****   * @retval HAL status 
 634:Drivers/STM32F0xx_HAL_Driver/Src/stm32f0xx_hal_flash_ex.c ****   */
 635:Drivers/STM32F0xx_HAL_Driver/Src/stm32f0xx_hal_flash_ex.c **** static HAL_StatusTypeDef FLASH_OB_DisableWRP(uint32_t WriteProtectPage)
 636:Drivers/STM32F0xx_HAL_Driver/Src/stm32f0xx_hal_flash_ex.c **** {
 637:Drivers/STM32F0xx_HAL_Driver/Src/stm32f0xx_hal_flash_ex.c ****   HAL_StatusTypeDef status = HAL_OK;
 638:Drivers/STM32F0xx_HAL_Driver/Src/stm32f0xx_hal_flash_ex.c ****   uint16_t WRP0_Data = 0xFFFFU;
 639:Drivers/STM32F0xx_HAL_Driver/Src/stm32f0xx_hal_flash_ex.c **** #if defined(OB_WRP1_WRP1)
 640:Drivers/STM32F0xx_HAL_Driver/Src/stm32f0xx_hal_flash_ex.c ****   uint16_t WRP1_Data = 0xFFFFU;
 641:Drivers/STM32F0xx_HAL_Driver/Src/stm32f0xx_hal_flash_ex.c **** #endif /* OB_WRP1_WRP1 */
 642:Drivers/STM32F0xx_HAL_Driver/Src/stm32f0xx_hal_flash_ex.c **** #if defined(OB_WRP2_WRP2)
 643:Drivers/STM32F0xx_HAL_Driver/Src/stm32f0xx_hal_flash_ex.c ****   uint16_t WRP2_Data = 0xFFFFU;
 644:Drivers/STM32F0xx_HAL_Driver/Src/stm32f0xx_hal_flash_ex.c **** #endif /* OB_WRP2_WRP2 */
 645:Drivers/STM32F0xx_HAL_Driver/Src/stm32f0xx_hal_flash_ex.c **** #if defined(OB_WRP3_WRP3)
 646:Drivers/STM32F0xx_HAL_Driver/Src/stm32f0xx_hal_flash_ex.c ****   uint16_t WRP3_Data = 0xFFFFU;
 647:Drivers/STM32F0xx_HAL_Driver/Src/stm32f0xx_hal_flash_ex.c **** #endif /* OB_WRP3_WRP3 */
 648:Drivers/STM32F0xx_HAL_Driver/Src/stm32f0xx_hal_flash_ex.c ****   
 649:Drivers/STM32F0xx_HAL_Driver/Src/stm32f0xx_hal_flash_ex.c ****   /* Check the parameters */
 650:Drivers/STM32F0xx_HAL_Driver/Src/stm32f0xx_hal_flash_ex.c ****   assert_param(IS_OB_WRP(WriteProtectPage));
 651:Drivers/STM32F0xx_HAL_Driver/Src/stm32f0xx_hal_flash_ex.c **** 
 652:Drivers/STM32F0xx_HAL_Driver/Src/stm32f0xx_hal_flash_ex.c ****   /* Get current write protected pages and the new pages to be unprotected ******/
 653:Drivers/STM32F0xx_HAL_Driver/Src/stm32f0xx_hal_flash_ex.c ****   WriteProtectPage = (FLASH_OB_GetWRP() | WriteProtectPage);
 654:Drivers/STM32F0xx_HAL_Driver/Src/stm32f0xx_hal_flash_ex.c **** 
 655:Drivers/STM32F0xx_HAL_Driver/Src/stm32f0xx_hal_flash_ex.c **** #if defined(OB_WRP_PAGES0TO15MASK)
 656:Drivers/STM32F0xx_HAL_Driver/Src/stm32f0xx_hal_flash_ex.c ****   WRP0_Data = (uint16_t)(WriteProtectPage & OB_WRP_PAGES0TO15MASK);
 657:Drivers/STM32F0xx_HAL_Driver/Src/stm32f0xx_hal_flash_ex.c **** #elif defined(OB_WRP_PAGES0TO31MASK)
 658:Drivers/STM32F0xx_HAL_Driver/Src/stm32f0xx_hal_flash_ex.c ****   WRP0_Data = (uint16_t)(WriteProtectPage & OB_WRP_PAGES0TO31MASK);
 659:Drivers/STM32F0xx_HAL_Driver/Src/stm32f0xx_hal_flash_ex.c **** #endif /* OB_WRP_PAGES0TO31MASK */
 660:Drivers/STM32F0xx_HAL_Driver/Src/stm32f0xx_hal_flash_ex.c ****   
 661:Drivers/STM32F0xx_HAL_Driver/Src/stm32f0xx_hal_flash_ex.c **** #if defined(OB_WRP_PAGES16TO31MASK)
 662:Drivers/STM32F0xx_HAL_Driver/Src/stm32f0xx_hal_flash_ex.c ****   WRP1_Data = (uint16_t)((WriteProtectPage & OB_WRP_PAGES16TO31MASK) >> 8U);
 663:Drivers/STM32F0xx_HAL_Driver/Src/stm32f0xx_hal_flash_ex.c **** #elif defined(OB_WRP_PAGES32TO63MASK)
 664:Drivers/STM32F0xx_HAL_Driver/Src/stm32f0xx_hal_flash_ex.c ****   WRP1_Data = (uint16_t)((WriteProtectPage & OB_WRP_PAGES32TO63MASK) >> 8U);
 665:Drivers/STM32F0xx_HAL_Driver/Src/stm32f0xx_hal_flash_ex.c **** #endif /* OB_WRP_PAGES32TO63MASK */
 666:Drivers/STM32F0xx_HAL_Driver/Src/stm32f0xx_hal_flash_ex.c ****  
 667:Drivers/STM32F0xx_HAL_Driver/Src/stm32f0xx_hal_flash_ex.c **** #if defined(OB_WRP_PAGES32TO47MASK)
 668:Drivers/STM32F0xx_HAL_Driver/Src/stm32f0xx_hal_flash_ex.c ****   WRP2_Data = (uint16_t)((WriteProtectPage & OB_WRP_PAGES32TO47MASK) >> 16U);
 669:Drivers/STM32F0xx_HAL_Driver/Src/stm32f0xx_hal_flash_ex.c **** #endif /* OB_WRP_PAGES32TO47MASK */
 670:Drivers/STM32F0xx_HAL_Driver/Src/stm32f0xx_hal_flash_ex.c **** 
 671:Drivers/STM32F0xx_HAL_Driver/Src/stm32f0xx_hal_flash_ex.c **** #if defined(OB_WRP_PAGES48TO63MASK)
 672:Drivers/STM32F0xx_HAL_Driver/Src/stm32f0xx_hal_flash_ex.c ****   WRP3_Data = (uint16_t)((WriteProtectPage & OB_WRP_PAGES48TO63MASK) >> 24U); 
 673:Drivers/STM32F0xx_HAL_Driver/Src/stm32f0xx_hal_flash_ex.c **** #elif defined(OB_WRP_PAGES48TO127MASK)
 674:Drivers/STM32F0xx_HAL_Driver/Src/stm32f0xx_hal_flash_ex.c ****   WRP3_Data = (uint16_t)((WriteProtectPage & OB_WRP_PAGES48TO127MASK) >> 24U); 
 675:Drivers/STM32F0xx_HAL_Driver/Src/stm32f0xx_hal_flash_ex.c **** #endif /* OB_WRP_PAGES48TO63MASK */
 676:Drivers/STM32F0xx_HAL_Driver/Src/stm32f0xx_hal_flash_ex.c **** 
 677:Drivers/STM32F0xx_HAL_Driver/Src/stm32f0xx_hal_flash_ex.c ****     
 678:Drivers/STM32F0xx_HAL_Driver/Src/stm32f0xx_hal_flash_ex.c ****   /* Wait for last operation to be completed */
 679:Drivers/STM32F0xx_HAL_Driver/Src/stm32f0xx_hal_flash_ex.c ****   status = FLASH_WaitForLastOperation((uint32_t)FLASH_TIMEOUT_VALUE);
ARM GAS  C:\Users\fastr\AppData\Local\Temp\ccqb36PQ.s 			page 14


 680:Drivers/STM32F0xx_HAL_Driver/Src/stm32f0xx_hal_flash_ex.c **** 
 681:Drivers/STM32F0xx_HAL_Driver/Src/stm32f0xx_hal_flash_ex.c ****   if(status == HAL_OK)
 682:Drivers/STM32F0xx_HAL_Driver/Src/stm32f0xx_hal_flash_ex.c ****   { 
 683:Drivers/STM32F0xx_HAL_Driver/Src/stm32f0xx_hal_flash_ex.c ****     /* Clean the error context */
 684:Drivers/STM32F0xx_HAL_Driver/Src/stm32f0xx_hal_flash_ex.c ****     pFlash.ErrorCode = HAL_FLASH_ERROR_NONE;
 685:Drivers/STM32F0xx_HAL_Driver/Src/stm32f0xx_hal_flash_ex.c **** 
 686:Drivers/STM32F0xx_HAL_Driver/Src/stm32f0xx_hal_flash_ex.c ****     /* To be able to write again option byte, need to perform a option byte erase */
 687:Drivers/STM32F0xx_HAL_Driver/Src/stm32f0xx_hal_flash_ex.c ****     status = HAL_FLASHEx_OBErase();
 688:Drivers/STM32F0xx_HAL_Driver/Src/stm32f0xx_hal_flash_ex.c ****     if (status == HAL_OK)  
 689:Drivers/STM32F0xx_HAL_Driver/Src/stm32f0xx_hal_flash_ex.c ****     {
 690:Drivers/STM32F0xx_HAL_Driver/Src/stm32f0xx_hal_flash_ex.c ****       SET_BIT(FLASH->CR, FLASH_CR_OPTPG);
 691:Drivers/STM32F0xx_HAL_Driver/Src/stm32f0xx_hal_flash_ex.c **** 
 692:Drivers/STM32F0xx_HAL_Driver/Src/stm32f0xx_hal_flash_ex.c **** #if defined(OB_WRP0_WRP0)
 693:Drivers/STM32F0xx_HAL_Driver/Src/stm32f0xx_hal_flash_ex.c ****       if(WRP0_Data != 0xFFU)
 694:Drivers/STM32F0xx_HAL_Driver/Src/stm32f0xx_hal_flash_ex.c ****       {
 695:Drivers/STM32F0xx_HAL_Driver/Src/stm32f0xx_hal_flash_ex.c ****         OB->WRP0 &= WRP0_Data;
 696:Drivers/STM32F0xx_HAL_Driver/Src/stm32f0xx_hal_flash_ex.c ****         
 697:Drivers/STM32F0xx_HAL_Driver/Src/stm32f0xx_hal_flash_ex.c ****         /* Wait for last operation to be completed */
 698:Drivers/STM32F0xx_HAL_Driver/Src/stm32f0xx_hal_flash_ex.c ****         status = FLASH_WaitForLastOperation((uint32_t)FLASH_TIMEOUT_VALUE);
 699:Drivers/STM32F0xx_HAL_Driver/Src/stm32f0xx_hal_flash_ex.c ****       }
 700:Drivers/STM32F0xx_HAL_Driver/Src/stm32f0xx_hal_flash_ex.c **** #endif /* OB_WRP0_WRP0 */
 701:Drivers/STM32F0xx_HAL_Driver/Src/stm32f0xx_hal_flash_ex.c **** 
 702:Drivers/STM32F0xx_HAL_Driver/Src/stm32f0xx_hal_flash_ex.c **** #if defined(OB_WRP1_WRP1)
 703:Drivers/STM32F0xx_HAL_Driver/Src/stm32f0xx_hal_flash_ex.c ****       if((status == HAL_OK) && (WRP1_Data != 0xFFU))
 704:Drivers/STM32F0xx_HAL_Driver/Src/stm32f0xx_hal_flash_ex.c ****       {
 705:Drivers/STM32F0xx_HAL_Driver/Src/stm32f0xx_hal_flash_ex.c ****         OB->WRP1 &= WRP1_Data;
 706:Drivers/STM32F0xx_HAL_Driver/Src/stm32f0xx_hal_flash_ex.c ****         
 707:Drivers/STM32F0xx_HAL_Driver/Src/stm32f0xx_hal_flash_ex.c ****         /* Wait for last operation to be completed */
 708:Drivers/STM32F0xx_HAL_Driver/Src/stm32f0xx_hal_flash_ex.c ****         status = FLASH_WaitForLastOperation((uint32_t)FLASH_TIMEOUT_VALUE);
 709:Drivers/STM32F0xx_HAL_Driver/Src/stm32f0xx_hal_flash_ex.c ****       }
 710:Drivers/STM32F0xx_HAL_Driver/Src/stm32f0xx_hal_flash_ex.c **** #endif /* OB_WRP1_WRP1 */
 711:Drivers/STM32F0xx_HAL_Driver/Src/stm32f0xx_hal_flash_ex.c **** 
 712:Drivers/STM32F0xx_HAL_Driver/Src/stm32f0xx_hal_flash_ex.c **** #if defined(OB_WRP2_WRP2)
 713:Drivers/STM32F0xx_HAL_Driver/Src/stm32f0xx_hal_flash_ex.c ****       if((status == HAL_OK) && (WRP2_Data != 0xFFU))
 714:Drivers/STM32F0xx_HAL_Driver/Src/stm32f0xx_hal_flash_ex.c ****       {
 715:Drivers/STM32F0xx_HAL_Driver/Src/stm32f0xx_hal_flash_ex.c ****         OB->WRP2 &= WRP2_Data;
 716:Drivers/STM32F0xx_HAL_Driver/Src/stm32f0xx_hal_flash_ex.c ****         
 717:Drivers/STM32F0xx_HAL_Driver/Src/stm32f0xx_hal_flash_ex.c ****         /* Wait for last operation to be completed */
 718:Drivers/STM32F0xx_HAL_Driver/Src/stm32f0xx_hal_flash_ex.c ****         status = FLASH_WaitForLastOperation((uint32_t)FLASH_TIMEOUT_VALUE);
 719:Drivers/STM32F0xx_HAL_Driver/Src/stm32f0xx_hal_flash_ex.c ****       }
 720:Drivers/STM32F0xx_HAL_Driver/Src/stm32f0xx_hal_flash_ex.c **** #endif /* OB_WRP2_WRP2 */
 721:Drivers/STM32F0xx_HAL_Driver/Src/stm32f0xx_hal_flash_ex.c **** 
 722:Drivers/STM32F0xx_HAL_Driver/Src/stm32f0xx_hal_flash_ex.c **** #if defined(OB_WRP3_WRP3)
 723:Drivers/STM32F0xx_HAL_Driver/Src/stm32f0xx_hal_flash_ex.c ****       if((status == HAL_OK) && (WRP3_Data != 0xFFU))
 724:Drivers/STM32F0xx_HAL_Driver/Src/stm32f0xx_hal_flash_ex.c ****       {
 725:Drivers/STM32F0xx_HAL_Driver/Src/stm32f0xx_hal_flash_ex.c ****         OB->WRP3 &= WRP3_Data;
 726:Drivers/STM32F0xx_HAL_Driver/Src/stm32f0xx_hal_flash_ex.c ****         
 727:Drivers/STM32F0xx_HAL_Driver/Src/stm32f0xx_hal_flash_ex.c ****         /* Wait for last operation to be completed */
 728:Drivers/STM32F0xx_HAL_Driver/Src/stm32f0xx_hal_flash_ex.c ****         status = FLASH_WaitForLastOperation((uint32_t)FLASH_TIMEOUT_VALUE);
 729:Drivers/STM32F0xx_HAL_Driver/Src/stm32f0xx_hal_flash_ex.c ****       }
 730:Drivers/STM32F0xx_HAL_Driver/Src/stm32f0xx_hal_flash_ex.c **** #endif /* OB_WRP3_WRP3 */
 731:Drivers/STM32F0xx_HAL_Driver/Src/stm32f0xx_hal_flash_ex.c **** 
 732:Drivers/STM32F0xx_HAL_Driver/Src/stm32f0xx_hal_flash_ex.c ****       /* if the program operation is completed, disable the OPTPG Bit */
 733:Drivers/STM32F0xx_HAL_Driver/Src/stm32f0xx_hal_flash_ex.c ****       CLEAR_BIT(FLASH->CR, FLASH_CR_OPTPG);
 734:Drivers/STM32F0xx_HAL_Driver/Src/stm32f0xx_hal_flash_ex.c ****     }
 735:Drivers/STM32F0xx_HAL_Driver/Src/stm32f0xx_hal_flash_ex.c ****   }
 736:Drivers/STM32F0xx_HAL_Driver/Src/stm32f0xx_hal_flash_ex.c ****   return status;
ARM GAS  C:\Users\fastr\AppData\Local\Temp\ccqb36PQ.s 			page 15


 737:Drivers/STM32F0xx_HAL_Driver/Src/stm32f0xx_hal_flash_ex.c **** }
 738:Drivers/STM32F0xx_HAL_Driver/Src/stm32f0xx_hal_flash_ex.c **** 
 739:Drivers/STM32F0xx_HAL_Driver/Src/stm32f0xx_hal_flash_ex.c **** /**
 740:Drivers/STM32F0xx_HAL_Driver/Src/stm32f0xx_hal_flash_ex.c ****   * @brief  Set the read protection level.
 741:Drivers/STM32F0xx_HAL_Driver/Src/stm32f0xx_hal_flash_ex.c ****   * @param  ReadProtectLevel specifies the read protection level.
 742:Drivers/STM32F0xx_HAL_Driver/Src/stm32f0xx_hal_flash_ex.c ****   *         This parameter can be one of the following values:
 743:Drivers/STM32F0xx_HAL_Driver/Src/stm32f0xx_hal_flash_ex.c ****   *            @arg @ref OB_RDP_LEVEL_0 No protection
 744:Drivers/STM32F0xx_HAL_Driver/Src/stm32f0xx_hal_flash_ex.c ****   *            @arg @ref OB_RDP_LEVEL_1 Read protection of the memory
 745:Drivers/STM32F0xx_HAL_Driver/Src/stm32f0xx_hal_flash_ex.c ****   *            @arg @ref OB_RDP_LEVEL_2 Full chip protection
 746:Drivers/STM32F0xx_HAL_Driver/Src/stm32f0xx_hal_flash_ex.c ****   * @note   Warning: When enabling OB_RDP level 2 it's no more possible to go back to level 1 or 0
 747:Drivers/STM32F0xx_HAL_Driver/Src/stm32f0xx_hal_flash_ex.c ****   * @retval HAL status
 748:Drivers/STM32F0xx_HAL_Driver/Src/stm32f0xx_hal_flash_ex.c ****   */
 749:Drivers/STM32F0xx_HAL_Driver/Src/stm32f0xx_hal_flash_ex.c **** static HAL_StatusTypeDef FLASH_OB_RDP_LevelConfig(uint8_t ReadProtectLevel)
 750:Drivers/STM32F0xx_HAL_Driver/Src/stm32f0xx_hal_flash_ex.c **** {
 751:Drivers/STM32F0xx_HAL_Driver/Src/stm32f0xx_hal_flash_ex.c ****   HAL_StatusTypeDef status = HAL_OK;
 752:Drivers/STM32F0xx_HAL_Driver/Src/stm32f0xx_hal_flash_ex.c ****   
 753:Drivers/STM32F0xx_HAL_Driver/Src/stm32f0xx_hal_flash_ex.c ****   /* Check the parameters */
 754:Drivers/STM32F0xx_HAL_Driver/Src/stm32f0xx_hal_flash_ex.c ****   assert_param(IS_OB_RDP_LEVEL(ReadProtectLevel));
 755:Drivers/STM32F0xx_HAL_Driver/Src/stm32f0xx_hal_flash_ex.c ****   
 756:Drivers/STM32F0xx_HAL_Driver/Src/stm32f0xx_hal_flash_ex.c ****   /* Wait for last operation to be completed */
 757:Drivers/STM32F0xx_HAL_Driver/Src/stm32f0xx_hal_flash_ex.c ****   status = FLASH_WaitForLastOperation((uint32_t)FLASH_TIMEOUT_VALUE);
 758:Drivers/STM32F0xx_HAL_Driver/Src/stm32f0xx_hal_flash_ex.c ****   
 759:Drivers/STM32F0xx_HAL_Driver/Src/stm32f0xx_hal_flash_ex.c ****   if(status == HAL_OK)
 760:Drivers/STM32F0xx_HAL_Driver/Src/stm32f0xx_hal_flash_ex.c ****   { 
 761:Drivers/STM32F0xx_HAL_Driver/Src/stm32f0xx_hal_flash_ex.c ****     /* Clean the error context */
 762:Drivers/STM32F0xx_HAL_Driver/Src/stm32f0xx_hal_flash_ex.c ****     pFlash.ErrorCode = HAL_FLASH_ERROR_NONE;
 763:Drivers/STM32F0xx_HAL_Driver/Src/stm32f0xx_hal_flash_ex.c ****     
 764:Drivers/STM32F0xx_HAL_Driver/Src/stm32f0xx_hal_flash_ex.c ****     /* If the previous operation is completed, proceed to erase the option bytes */
 765:Drivers/STM32F0xx_HAL_Driver/Src/stm32f0xx_hal_flash_ex.c ****     SET_BIT(FLASH->CR, FLASH_CR_OPTER);
 766:Drivers/STM32F0xx_HAL_Driver/Src/stm32f0xx_hal_flash_ex.c ****     SET_BIT(FLASH->CR, FLASH_CR_STRT);
 767:Drivers/STM32F0xx_HAL_Driver/Src/stm32f0xx_hal_flash_ex.c **** 
 768:Drivers/STM32F0xx_HAL_Driver/Src/stm32f0xx_hal_flash_ex.c ****     /* Wait for last operation to be completed */
 769:Drivers/STM32F0xx_HAL_Driver/Src/stm32f0xx_hal_flash_ex.c ****     status = FLASH_WaitForLastOperation((uint32_t)FLASH_TIMEOUT_VALUE);
 770:Drivers/STM32F0xx_HAL_Driver/Src/stm32f0xx_hal_flash_ex.c **** 
 771:Drivers/STM32F0xx_HAL_Driver/Src/stm32f0xx_hal_flash_ex.c ****     /* If the erase operation is completed, disable the OPTER Bit */
 772:Drivers/STM32F0xx_HAL_Driver/Src/stm32f0xx_hal_flash_ex.c ****     CLEAR_BIT(FLASH->CR, FLASH_CR_OPTER);
 773:Drivers/STM32F0xx_HAL_Driver/Src/stm32f0xx_hal_flash_ex.c **** 
 774:Drivers/STM32F0xx_HAL_Driver/Src/stm32f0xx_hal_flash_ex.c ****     if(status == HAL_OK)
 775:Drivers/STM32F0xx_HAL_Driver/Src/stm32f0xx_hal_flash_ex.c ****     {
 776:Drivers/STM32F0xx_HAL_Driver/Src/stm32f0xx_hal_flash_ex.c ****       /* Enable the Option Bytes Programming operation */
 777:Drivers/STM32F0xx_HAL_Driver/Src/stm32f0xx_hal_flash_ex.c ****       SET_BIT(FLASH->CR, FLASH_CR_OPTPG);
 778:Drivers/STM32F0xx_HAL_Driver/Src/stm32f0xx_hal_flash_ex.c ****       
 779:Drivers/STM32F0xx_HAL_Driver/Src/stm32f0xx_hal_flash_ex.c ****       WRITE_REG(OB->RDP, ReadProtectLevel);
 780:Drivers/STM32F0xx_HAL_Driver/Src/stm32f0xx_hal_flash_ex.c ****       
 781:Drivers/STM32F0xx_HAL_Driver/Src/stm32f0xx_hal_flash_ex.c ****       /* Wait for last operation to be completed */
 782:Drivers/STM32F0xx_HAL_Driver/Src/stm32f0xx_hal_flash_ex.c ****       status = FLASH_WaitForLastOperation((uint32_t)FLASH_TIMEOUT_VALUE); 
 783:Drivers/STM32F0xx_HAL_Driver/Src/stm32f0xx_hal_flash_ex.c ****       
 784:Drivers/STM32F0xx_HAL_Driver/Src/stm32f0xx_hal_flash_ex.c ****       /* if the program operation is completed, disable the OPTPG Bit */
 785:Drivers/STM32F0xx_HAL_Driver/Src/stm32f0xx_hal_flash_ex.c ****       CLEAR_BIT(FLASH->CR, FLASH_CR_OPTPG);
 786:Drivers/STM32F0xx_HAL_Driver/Src/stm32f0xx_hal_flash_ex.c ****     }
 787:Drivers/STM32F0xx_HAL_Driver/Src/stm32f0xx_hal_flash_ex.c ****   }
 788:Drivers/STM32F0xx_HAL_Driver/Src/stm32f0xx_hal_flash_ex.c ****   
 789:Drivers/STM32F0xx_HAL_Driver/Src/stm32f0xx_hal_flash_ex.c ****   return status;
 790:Drivers/STM32F0xx_HAL_Driver/Src/stm32f0xx_hal_flash_ex.c **** }
 791:Drivers/STM32F0xx_HAL_Driver/Src/stm32f0xx_hal_flash_ex.c **** 
 792:Drivers/STM32F0xx_HAL_Driver/Src/stm32f0xx_hal_flash_ex.c **** /**
 793:Drivers/STM32F0xx_HAL_Driver/Src/stm32f0xx_hal_flash_ex.c ****   * @brief  Program the FLASH User Option Byte.    
ARM GAS  C:\Users\fastr\AppData\Local\Temp\ccqb36PQ.s 			page 16


 794:Drivers/STM32F0xx_HAL_Driver/Src/stm32f0xx_hal_flash_ex.c ****   * @note   Programming of the OB should be performed only after an erase (otherwise PGERR occurs)
 795:Drivers/STM32F0xx_HAL_Driver/Src/stm32f0xx_hal_flash_ex.c ****   * @param  UserConfig The FLASH User Option Bytes values: IWDG_SW(Bit0), RST_STOP(Bit1), RST_STDBY
 796:Drivers/STM32F0xx_HAL_Driver/Src/stm32f0xx_hal_flash_ex.c ****   *         VDDA_Analog_Monitoring(Bit5) and SRAM_Parity_Enable(Bit6). 
 797:Drivers/STM32F0xx_HAL_Driver/Src/stm32f0xx_hal_flash_ex.c ****   *         For few devices, following option bytes are available: nBOOT0(Bit3) & BOOT_SEL(Bit7).
 798:Drivers/STM32F0xx_HAL_Driver/Src/stm32f0xx_hal_flash_ex.c ****   * @retval HAL status
 799:Drivers/STM32F0xx_HAL_Driver/Src/stm32f0xx_hal_flash_ex.c ****   */
 800:Drivers/STM32F0xx_HAL_Driver/Src/stm32f0xx_hal_flash_ex.c **** static HAL_StatusTypeDef FLASH_OB_UserConfig(uint8_t UserConfig)
 801:Drivers/STM32F0xx_HAL_Driver/Src/stm32f0xx_hal_flash_ex.c **** {
 802:Drivers/STM32F0xx_HAL_Driver/Src/stm32f0xx_hal_flash_ex.c ****   HAL_StatusTypeDef status = HAL_OK;
 803:Drivers/STM32F0xx_HAL_Driver/Src/stm32f0xx_hal_flash_ex.c **** 
 804:Drivers/STM32F0xx_HAL_Driver/Src/stm32f0xx_hal_flash_ex.c ****   /* Check the parameters */
 805:Drivers/STM32F0xx_HAL_Driver/Src/stm32f0xx_hal_flash_ex.c ****   assert_param(IS_OB_IWDG_SOURCE((UserConfig&OB_IWDG_SW)));
 806:Drivers/STM32F0xx_HAL_Driver/Src/stm32f0xx_hal_flash_ex.c ****   assert_param(IS_OB_STOP_SOURCE((UserConfig&OB_STOP_NO_RST)));
 807:Drivers/STM32F0xx_HAL_Driver/Src/stm32f0xx_hal_flash_ex.c ****   assert_param(IS_OB_STDBY_SOURCE((UserConfig&OB_STDBY_NO_RST)));
 808:Drivers/STM32F0xx_HAL_Driver/Src/stm32f0xx_hal_flash_ex.c ****   assert_param(IS_OB_BOOT1((UserConfig&OB_BOOT1_SET)));
 809:Drivers/STM32F0xx_HAL_Driver/Src/stm32f0xx_hal_flash_ex.c ****   assert_param(IS_OB_VDDA_ANALOG((UserConfig&OB_VDDA_ANALOG_ON)));
 810:Drivers/STM32F0xx_HAL_Driver/Src/stm32f0xx_hal_flash_ex.c ****   assert_param(IS_OB_SRAM_PARITY((UserConfig&OB_SRAM_PARITY_RESET)));
 811:Drivers/STM32F0xx_HAL_Driver/Src/stm32f0xx_hal_flash_ex.c **** #if defined(FLASH_OBR_BOOT_SEL)
 812:Drivers/STM32F0xx_HAL_Driver/Src/stm32f0xx_hal_flash_ex.c ****   assert_param(IS_OB_BOOT_SEL((UserConfig&OB_BOOT_SEL_SET)));
 813:Drivers/STM32F0xx_HAL_Driver/Src/stm32f0xx_hal_flash_ex.c ****   assert_param(IS_OB_BOOT0((UserConfig&OB_BOOT0_SET)));
 814:Drivers/STM32F0xx_HAL_Driver/Src/stm32f0xx_hal_flash_ex.c **** #endif /* FLASH_OBR_BOOT_SEL */
 815:Drivers/STM32F0xx_HAL_Driver/Src/stm32f0xx_hal_flash_ex.c **** 
 816:Drivers/STM32F0xx_HAL_Driver/Src/stm32f0xx_hal_flash_ex.c ****   /* Wait for last operation to be completed */
 817:Drivers/STM32F0xx_HAL_Driver/Src/stm32f0xx_hal_flash_ex.c ****   status = FLASH_WaitForLastOperation((uint32_t)FLASH_TIMEOUT_VALUE);
 818:Drivers/STM32F0xx_HAL_Driver/Src/stm32f0xx_hal_flash_ex.c ****   
 819:Drivers/STM32F0xx_HAL_Driver/Src/stm32f0xx_hal_flash_ex.c ****   if(status == HAL_OK)
 820:Drivers/STM32F0xx_HAL_Driver/Src/stm32f0xx_hal_flash_ex.c ****   {     
 821:Drivers/STM32F0xx_HAL_Driver/Src/stm32f0xx_hal_flash_ex.c ****     /* Clean the error context */
 822:Drivers/STM32F0xx_HAL_Driver/Src/stm32f0xx_hal_flash_ex.c ****     pFlash.ErrorCode = HAL_FLASH_ERROR_NONE;
 823:Drivers/STM32F0xx_HAL_Driver/Src/stm32f0xx_hal_flash_ex.c **** 
 824:Drivers/STM32F0xx_HAL_Driver/Src/stm32f0xx_hal_flash_ex.c ****     /* Enable the Option Bytes Programming operation */
 825:Drivers/STM32F0xx_HAL_Driver/Src/stm32f0xx_hal_flash_ex.c ****     SET_BIT(FLASH->CR, FLASH_CR_OPTPG); 
 826:Drivers/STM32F0xx_HAL_Driver/Src/stm32f0xx_hal_flash_ex.c ****  
 827:Drivers/STM32F0xx_HAL_Driver/Src/stm32f0xx_hal_flash_ex.c **** #if defined(FLASH_OBR_BOOT_SEL)
 828:Drivers/STM32F0xx_HAL_Driver/Src/stm32f0xx_hal_flash_ex.c ****     OB->USER = UserConfig;
 829:Drivers/STM32F0xx_HAL_Driver/Src/stm32f0xx_hal_flash_ex.c **** #else
 830:Drivers/STM32F0xx_HAL_Driver/Src/stm32f0xx_hal_flash_ex.c ****     OB->USER = (UserConfig | 0x88U);
 831:Drivers/STM32F0xx_HAL_Driver/Src/stm32f0xx_hal_flash_ex.c **** #endif
 832:Drivers/STM32F0xx_HAL_Driver/Src/stm32f0xx_hal_flash_ex.c **** 
 833:Drivers/STM32F0xx_HAL_Driver/Src/stm32f0xx_hal_flash_ex.c ****     /* Wait for last operation to be completed */
 834:Drivers/STM32F0xx_HAL_Driver/Src/stm32f0xx_hal_flash_ex.c ****     status = FLASH_WaitForLastOperation((uint32_t)FLASH_TIMEOUT_VALUE);
 835:Drivers/STM32F0xx_HAL_Driver/Src/stm32f0xx_hal_flash_ex.c **** 
 836:Drivers/STM32F0xx_HAL_Driver/Src/stm32f0xx_hal_flash_ex.c ****     /* if the program operation is completed, disable the OPTPG Bit */
 837:Drivers/STM32F0xx_HAL_Driver/Src/stm32f0xx_hal_flash_ex.c ****     CLEAR_BIT(FLASH->CR, FLASH_CR_OPTPG);
 838:Drivers/STM32F0xx_HAL_Driver/Src/stm32f0xx_hal_flash_ex.c ****   }
 839:Drivers/STM32F0xx_HAL_Driver/Src/stm32f0xx_hal_flash_ex.c ****   
 840:Drivers/STM32F0xx_HAL_Driver/Src/stm32f0xx_hal_flash_ex.c ****   return status; 
 841:Drivers/STM32F0xx_HAL_Driver/Src/stm32f0xx_hal_flash_ex.c **** }
 842:Drivers/STM32F0xx_HAL_Driver/Src/stm32f0xx_hal_flash_ex.c **** 
 843:Drivers/STM32F0xx_HAL_Driver/Src/stm32f0xx_hal_flash_ex.c **** /**
 844:Drivers/STM32F0xx_HAL_Driver/Src/stm32f0xx_hal_flash_ex.c ****   * @brief  Programs a half word at a specified Option Byte Data address.
 845:Drivers/STM32F0xx_HAL_Driver/Src/stm32f0xx_hal_flash_ex.c ****   * @note   The function @ref HAL_FLASH_Unlock() should be called before to unlock the FLASH interf
 846:Drivers/STM32F0xx_HAL_Driver/Src/stm32f0xx_hal_flash_ex.c ****   *         The function @ref HAL_FLASH_OB_Unlock() should be called before to unlock the options b
 847:Drivers/STM32F0xx_HAL_Driver/Src/stm32f0xx_hal_flash_ex.c ****   *         The function @ref HAL_FLASH_OB_Launch() should be called after to force the reload of t
 848:Drivers/STM32F0xx_HAL_Driver/Src/stm32f0xx_hal_flash_ex.c ****   *         (system reset will occur)
 849:Drivers/STM32F0xx_HAL_Driver/Src/stm32f0xx_hal_flash_ex.c ****   *         Programming of the OB should be performed only after an erase (otherwise PGERR occurs)
 850:Drivers/STM32F0xx_HAL_Driver/Src/stm32f0xx_hal_flash_ex.c ****   * @param  Address specifies the address to be programmed.
ARM GAS  C:\Users\fastr\AppData\Local\Temp\ccqb36PQ.s 			page 17


 851:Drivers/STM32F0xx_HAL_Driver/Src/stm32f0xx_hal_flash_ex.c ****   *         This parameter can be 0x1FFFF804 or 0x1FFFF806. 
 852:Drivers/STM32F0xx_HAL_Driver/Src/stm32f0xx_hal_flash_ex.c ****   * @param  Data specifies the data to be programmed.
 853:Drivers/STM32F0xx_HAL_Driver/Src/stm32f0xx_hal_flash_ex.c ****   * @retval HAL status
 854:Drivers/STM32F0xx_HAL_Driver/Src/stm32f0xx_hal_flash_ex.c ****   */
 855:Drivers/STM32F0xx_HAL_Driver/Src/stm32f0xx_hal_flash_ex.c **** static HAL_StatusTypeDef FLASH_OB_ProgramData(uint32_t Address, uint8_t Data)
 856:Drivers/STM32F0xx_HAL_Driver/Src/stm32f0xx_hal_flash_ex.c **** {
 857:Drivers/STM32F0xx_HAL_Driver/Src/stm32f0xx_hal_flash_ex.c ****   HAL_StatusTypeDef status = HAL_ERROR;
 858:Drivers/STM32F0xx_HAL_Driver/Src/stm32f0xx_hal_flash_ex.c ****   
 859:Drivers/STM32F0xx_HAL_Driver/Src/stm32f0xx_hal_flash_ex.c ****   /* Check the parameters */
 860:Drivers/STM32F0xx_HAL_Driver/Src/stm32f0xx_hal_flash_ex.c ****   assert_param(IS_OB_DATA_ADDRESS(Address));
 861:Drivers/STM32F0xx_HAL_Driver/Src/stm32f0xx_hal_flash_ex.c ****   
 862:Drivers/STM32F0xx_HAL_Driver/Src/stm32f0xx_hal_flash_ex.c ****   /* Wait for last operation to be completed */
 863:Drivers/STM32F0xx_HAL_Driver/Src/stm32f0xx_hal_flash_ex.c ****   status = FLASH_WaitForLastOperation((uint32_t)FLASH_TIMEOUT_VALUE);
 864:Drivers/STM32F0xx_HAL_Driver/Src/stm32f0xx_hal_flash_ex.c ****   
 865:Drivers/STM32F0xx_HAL_Driver/Src/stm32f0xx_hal_flash_ex.c ****   if(status == HAL_OK)
 866:Drivers/STM32F0xx_HAL_Driver/Src/stm32f0xx_hal_flash_ex.c ****   {
 867:Drivers/STM32F0xx_HAL_Driver/Src/stm32f0xx_hal_flash_ex.c ****     /* Clean the error context */
 868:Drivers/STM32F0xx_HAL_Driver/Src/stm32f0xx_hal_flash_ex.c ****     pFlash.ErrorCode = HAL_FLASH_ERROR_NONE;
 869:Drivers/STM32F0xx_HAL_Driver/Src/stm32f0xx_hal_flash_ex.c **** 
 870:Drivers/STM32F0xx_HAL_Driver/Src/stm32f0xx_hal_flash_ex.c ****     /* Enables the Option Bytes Programming operation */
 871:Drivers/STM32F0xx_HAL_Driver/Src/stm32f0xx_hal_flash_ex.c ****     SET_BIT(FLASH->CR, FLASH_CR_OPTPG); 
 872:Drivers/STM32F0xx_HAL_Driver/Src/stm32f0xx_hal_flash_ex.c ****     *(__IO uint16_t*)Address = Data;
 873:Drivers/STM32F0xx_HAL_Driver/Src/stm32f0xx_hal_flash_ex.c ****     
 874:Drivers/STM32F0xx_HAL_Driver/Src/stm32f0xx_hal_flash_ex.c ****     /* Wait for last operation to be completed */
 875:Drivers/STM32F0xx_HAL_Driver/Src/stm32f0xx_hal_flash_ex.c ****     status = FLASH_WaitForLastOperation((uint32_t)FLASH_TIMEOUT_VALUE);
 876:Drivers/STM32F0xx_HAL_Driver/Src/stm32f0xx_hal_flash_ex.c ****     
 877:Drivers/STM32F0xx_HAL_Driver/Src/stm32f0xx_hal_flash_ex.c ****     /* If the program operation is completed, disable the OPTPG Bit */
 878:Drivers/STM32F0xx_HAL_Driver/Src/stm32f0xx_hal_flash_ex.c ****     CLEAR_BIT(FLASH->CR, FLASH_CR_OPTPG);
 879:Drivers/STM32F0xx_HAL_Driver/Src/stm32f0xx_hal_flash_ex.c ****   }
 880:Drivers/STM32F0xx_HAL_Driver/Src/stm32f0xx_hal_flash_ex.c ****   /* Return the Option Byte Data Program Status */
 881:Drivers/STM32F0xx_HAL_Driver/Src/stm32f0xx_hal_flash_ex.c ****   return status;
 882:Drivers/STM32F0xx_HAL_Driver/Src/stm32f0xx_hal_flash_ex.c **** }
 883:Drivers/STM32F0xx_HAL_Driver/Src/stm32f0xx_hal_flash_ex.c **** 
 884:Drivers/STM32F0xx_HAL_Driver/Src/stm32f0xx_hal_flash_ex.c **** /**
 885:Drivers/STM32F0xx_HAL_Driver/Src/stm32f0xx_hal_flash_ex.c ****   * @brief  Return the FLASH Write Protection Option Bytes value.
 886:Drivers/STM32F0xx_HAL_Driver/Src/stm32f0xx_hal_flash_ex.c ****   * @retval The FLASH Write Protection Option Bytes value
 887:Drivers/STM32F0xx_HAL_Driver/Src/stm32f0xx_hal_flash_ex.c ****   */
 888:Drivers/STM32F0xx_HAL_Driver/Src/stm32f0xx_hal_flash_ex.c **** static uint32_t FLASH_OB_GetWRP(void)
 889:Drivers/STM32F0xx_HAL_Driver/Src/stm32f0xx_hal_flash_ex.c **** {
  66              		.loc 1 889 1 is_stmt 1 view -0
  67              		.cfi_startproc
  68              		@ args = 0, pretend = 0, frame = 0
  69              		@ frame_needed = 0, uses_anonymous_args = 0
  70              		@ link register save eliminated.
 890:Drivers/STM32F0xx_HAL_Driver/Src/stm32f0xx_hal_flash_ex.c ****   /* Return the FLASH write protection Register value */
 891:Drivers/STM32F0xx_HAL_Driver/Src/stm32f0xx_hal_flash_ex.c ****   return (uint32_t)(READ_REG(FLASH->WRPR));
  71              		.loc 1 891 3 view .LVU7
  72              		.loc 1 891 10 is_stmt 0 view .LVU8
  73 0000 014B     		ldr	r3, .L5
  74 0002 186A     		ldr	r0, [r3, #32]
 892:Drivers/STM32F0xx_HAL_Driver/Src/stm32f0xx_hal_flash_ex.c **** }
  75              		.loc 1 892 1 view .LVU9
  76              		@ sp needed
  77 0004 7047     		bx	lr
  78              	.L6:
  79 0006 C046     		.align	2
  80              	.L5:
ARM GAS  C:\Users\fastr\AppData\Local\Temp\ccqb36PQ.s 			page 18


  81 0008 00200240 		.word	1073881088
  82              		.cfi_endproc
  83              	.LFE52:
  85              		.section	.text.FLASH_OB_GetRDP,"ax",%progbits
  86              		.align	1
  87              		.syntax unified
  88              		.code	16
  89              		.thumb_func
  91              	FLASH_OB_GetRDP:
  92              	.LFB53:
 893:Drivers/STM32F0xx_HAL_Driver/Src/stm32f0xx_hal_flash_ex.c **** 
 894:Drivers/STM32F0xx_HAL_Driver/Src/stm32f0xx_hal_flash_ex.c **** /**
 895:Drivers/STM32F0xx_HAL_Driver/Src/stm32f0xx_hal_flash_ex.c ****   * @brief  Returns the FLASH Read Protection level.
 896:Drivers/STM32F0xx_HAL_Driver/Src/stm32f0xx_hal_flash_ex.c ****   * @retval FLASH RDP level
 897:Drivers/STM32F0xx_HAL_Driver/Src/stm32f0xx_hal_flash_ex.c ****   *         This parameter can be one of the following values:
 898:Drivers/STM32F0xx_HAL_Driver/Src/stm32f0xx_hal_flash_ex.c ****   *            @arg @ref OB_RDP_LEVEL_0 No protection
 899:Drivers/STM32F0xx_HAL_Driver/Src/stm32f0xx_hal_flash_ex.c ****   *            @arg @ref OB_RDP_LEVEL_1 Read protection of the memory
 900:Drivers/STM32F0xx_HAL_Driver/Src/stm32f0xx_hal_flash_ex.c ****   *            @arg @ref OB_RDP_LEVEL_2 Full chip protection
 901:Drivers/STM32F0xx_HAL_Driver/Src/stm32f0xx_hal_flash_ex.c ****   */
 902:Drivers/STM32F0xx_HAL_Driver/Src/stm32f0xx_hal_flash_ex.c **** static uint32_t FLASH_OB_GetRDP(void)
 903:Drivers/STM32F0xx_HAL_Driver/Src/stm32f0xx_hal_flash_ex.c **** {
  93              		.loc 1 903 1 is_stmt 1 view -0
  94              		.cfi_startproc
  95              		@ args = 0, pretend = 0, frame = 0
  96              		@ frame_needed = 0, uses_anonymous_args = 0
  97              		@ link register save eliminated.
 904:Drivers/STM32F0xx_HAL_Driver/Src/stm32f0xx_hal_flash_ex.c ****   uint32_t tmp_reg;
  98              		.loc 1 904 3 view .LVU11
 905:Drivers/STM32F0xx_HAL_Driver/Src/stm32f0xx_hal_flash_ex.c ****   
 906:Drivers/STM32F0xx_HAL_Driver/Src/stm32f0xx_hal_flash_ex.c ****   /* Read RDP level bits */
 907:Drivers/STM32F0xx_HAL_Driver/Src/stm32f0xx_hal_flash_ex.c ****   tmp_reg = READ_BIT(FLASH->OBR, (FLASH_OBR_RDPRT1 | FLASH_OBR_RDPRT2));
  99              		.loc 1 907 3 view .LVU12
 100              		.loc 1 907 13 is_stmt 0 view .LVU13
 101 0000 064B     		ldr	r3, .L11
 102 0002 DB69     		ldr	r3, [r3, #28]
 103              		.loc 1 907 11 view .LVU14
 104 0004 0622     		movs	r2, #6
 105              	.LVL0:
 908:Drivers/STM32F0xx_HAL_Driver/Src/stm32f0xx_hal_flash_ex.c **** 
 909:Drivers/STM32F0xx_HAL_Driver/Src/stm32f0xx_hal_flash_ex.c ****   if (tmp_reg == 0U)
 106              		.loc 1 909 3 is_stmt 1 view .LVU15
 107              		.loc 1 909 6 is_stmt 0 view .LVU16
 108 0006 1A42     		tst	r2, r3
 109 0008 03D0     		beq	.L9
 910:Drivers/STM32F0xx_HAL_Driver/Src/stm32f0xx_hal_flash_ex.c ****   {
 911:Drivers/STM32F0xx_HAL_Driver/Src/stm32f0xx_hal_flash_ex.c ****     return OB_RDP_LEVEL_0;
 912:Drivers/STM32F0xx_HAL_Driver/Src/stm32f0xx_hal_flash_ex.c ****   }
 913:Drivers/STM32F0xx_HAL_Driver/Src/stm32f0xx_hal_flash_ex.c ****   else if ((tmp_reg & FLASH_OBR_RDPRT2) == FLASH_OBR_RDPRT2)
 110              		.loc 1 913 8 is_stmt 1 view .LVU17
 111              		.loc 1 913 11 is_stmt 0 view .LVU18
 112 000a 5B07     		lsls	r3, r3, #29
 113 000c 03D5     		bpl	.L10
 114              	.LVL1:
 914:Drivers/STM32F0xx_HAL_Driver/Src/stm32f0xx_hal_flash_ex.c ****   {
 915:Drivers/STM32F0xx_HAL_Driver/Src/stm32f0xx_hal_flash_ex.c ****     return OB_RDP_LEVEL_2;
 115              		.loc 1 915 12 view .LVU19
 116 000e CC20     		movs	r0, #204
ARM GAS  C:\Users\fastr\AppData\Local\Temp\ccqb36PQ.s 			page 19


 117 0010 00E0     		b	.L7
 118              	.LVL2:
 119              	.L9:
 911:Drivers/STM32F0xx_HAL_Driver/Src/stm32f0xx_hal_flash_ex.c ****   }
 120              		.loc 1 911 12 view .LVU20
 121 0012 AA20     		movs	r0, #170
 122              	.LVL3:
 123              	.L7:
 916:Drivers/STM32F0xx_HAL_Driver/Src/stm32f0xx_hal_flash_ex.c ****   }
 917:Drivers/STM32F0xx_HAL_Driver/Src/stm32f0xx_hal_flash_ex.c ****   else 
 918:Drivers/STM32F0xx_HAL_Driver/Src/stm32f0xx_hal_flash_ex.c ****   {
 919:Drivers/STM32F0xx_HAL_Driver/Src/stm32f0xx_hal_flash_ex.c ****     return OB_RDP_LEVEL_1;
 920:Drivers/STM32F0xx_HAL_Driver/Src/stm32f0xx_hal_flash_ex.c ****   }
 921:Drivers/STM32F0xx_HAL_Driver/Src/stm32f0xx_hal_flash_ex.c **** }
 124              		.loc 1 921 1 view .LVU21
 125              		@ sp needed
 126 0014 7047     		bx	lr
 127              	.L10:
 919:Drivers/STM32F0xx_HAL_Driver/Src/stm32f0xx_hal_flash_ex.c ****   }
 128              		.loc 1 919 12 view .LVU22
 129 0016 BB20     		movs	r0, #187
 130 0018 FCE7     		b	.L7
 131              	.L12:
 132 001a C046     		.align	2
 133              	.L11:
 134 001c 00200240 		.word	1073881088
 135              		.cfi_endproc
 136              	.LFE53:
 138              		.section	.text.FLASH_OB_GetUser,"ax",%progbits
 139              		.align	1
 140              		.syntax unified
 141              		.code	16
 142              		.thumb_func
 144              	FLASH_OB_GetUser:
 145              	.LFB54:
 922:Drivers/STM32F0xx_HAL_Driver/Src/stm32f0xx_hal_flash_ex.c **** 
 923:Drivers/STM32F0xx_HAL_Driver/Src/stm32f0xx_hal_flash_ex.c **** /**
 924:Drivers/STM32F0xx_HAL_Driver/Src/stm32f0xx_hal_flash_ex.c ****   * @brief  Return the FLASH User Option Byte value.
 925:Drivers/STM32F0xx_HAL_Driver/Src/stm32f0xx_hal_flash_ex.c ****   * @retval  The FLASH User Option Bytes values: IWDG_SW(Bit0), RST_STOP(Bit1), RST_STDBY(Bit2), nB
 926:Drivers/STM32F0xx_HAL_Driver/Src/stm32f0xx_hal_flash_ex.c ****   *         VDDA_Analog_Monitoring(Bit5) and SRAM_Parity_Enable(Bit6). 
 927:Drivers/STM32F0xx_HAL_Driver/Src/stm32f0xx_hal_flash_ex.c ****   *         For few devices, following option bytes are available: nBOOT0(Bit3) & BOOT_SEL(Bit7).
 928:Drivers/STM32F0xx_HAL_Driver/Src/stm32f0xx_hal_flash_ex.c ****   */
 929:Drivers/STM32F0xx_HAL_Driver/Src/stm32f0xx_hal_flash_ex.c **** static uint8_t FLASH_OB_GetUser(void)
 930:Drivers/STM32F0xx_HAL_Driver/Src/stm32f0xx_hal_flash_ex.c **** {
 146              		.loc 1 930 1 is_stmt 1 view -0
 147              		.cfi_startproc
 148              		@ args = 0, pretend = 0, frame = 0
 149              		@ frame_needed = 0, uses_anonymous_args = 0
 150              		@ link register save eliminated.
 931:Drivers/STM32F0xx_HAL_Driver/Src/stm32f0xx_hal_flash_ex.c ****   /* Return the User Option Byte */
 932:Drivers/STM32F0xx_HAL_Driver/Src/stm32f0xx_hal_flash_ex.c ****   return (uint8_t)((READ_REG(FLASH->OBR) & FLASH_OBR_USER) >> FLASH_POSITION_IWDGSW_BIT);
 151              		.loc 1 932 3 view .LVU24
 152              		.loc 1 932 21 is_stmt 0 view .LVU25
 153 0000 024B     		ldr	r3, .L14
 154 0002 DB69     		ldr	r3, [r3, #28]
 155              		.loc 1 932 60 view .LVU26
 156 0004 1B0A     		lsrs	r3, r3, #8
ARM GAS  C:\Users\fastr\AppData\Local\Temp\ccqb36PQ.s 			page 20


 157              		.loc 1 932 10 discriminator 1 view .LVU27
 158 0006 7720     		movs	r0, #119
 159 0008 1840     		ands	r0, r3
 933:Drivers/STM32F0xx_HAL_Driver/Src/stm32f0xx_hal_flash_ex.c **** }
 160              		.loc 1 933 1 view .LVU28
 161              		@ sp needed
 162 000a 7047     		bx	lr
 163              	.L15:
 164              		.align	2
 165              	.L14:
 166 000c 00200240 		.word	1073881088
 167              		.cfi_endproc
 168              	.LFE54:
 170              		.section	.text.FLASH_OB_RDP_LevelConfig,"ax",%progbits
 171              		.align	1
 172              		.syntax unified
 173              		.code	16
 174              		.thumb_func
 176              	FLASH_OB_RDP_LevelConfig:
 177              	.LVL4:
 178              	.LFB49:
 750:Drivers/STM32F0xx_HAL_Driver/Src/stm32f0xx_hal_flash_ex.c ****   HAL_StatusTypeDef status = HAL_OK;
 179              		.loc 1 750 1 is_stmt 1 view -0
 180              		.cfi_startproc
 181              		@ args = 0, pretend = 0, frame = 0
 182              		@ frame_needed = 0, uses_anonymous_args = 0
 750:Drivers/STM32F0xx_HAL_Driver/Src/stm32f0xx_hal_flash_ex.c ****   HAL_StatusTypeDef status = HAL_OK;
 183              		.loc 1 750 1 is_stmt 0 view .LVU30
 184 0000 70B5     		push	{r4, r5, r6, lr}
 185              		.cfi_def_cfa_offset 16
 186              		.cfi_offset 4, -16
 187              		.cfi_offset 5, -12
 188              		.cfi_offset 6, -8
 189              		.cfi_offset 14, -4
 190 0002 0600     		movs	r6, r0
 751:Drivers/STM32F0xx_HAL_Driver/Src/stm32f0xx_hal_flash_ex.c ****   
 191              		.loc 1 751 3 is_stmt 1 view .LVU31
 192              	.LVL5:
 754:Drivers/STM32F0xx_HAL_Driver/Src/stm32f0xx_hal_flash_ex.c ****   
 193              		.loc 1 754 3 view .LVU32
 757:Drivers/STM32F0xx_HAL_Driver/Src/stm32f0xx_hal_flash_ex.c ****   
 194              		.loc 1 757 3 view .LVU33
 757:Drivers/STM32F0xx_HAL_Driver/Src/stm32f0xx_hal_flash_ex.c ****   
 195              		.loc 1 757 12 is_stmt 0 view .LVU34
 196 0004 1348     		ldr	r0, .L19
 197              	.LVL6:
 757:Drivers/STM32F0xx_HAL_Driver/Src/stm32f0xx_hal_flash_ex.c ****   
 198              		.loc 1 757 12 view .LVU35
 199 0006 FFF7FEFF 		bl	FLASH_WaitForLastOperation
 200              	.LVL7:
 759:Drivers/STM32F0xx_HAL_Driver/Src/stm32f0xx_hal_flash_ex.c ****   { 
 201              		.loc 1 759 3 is_stmt 1 view .LVU36
 759:Drivers/STM32F0xx_HAL_Driver/Src/stm32f0xx_hal_flash_ex.c ****   { 
 202              		.loc 1 759 5 is_stmt 0 view .LVU37
 203 000a 0028     		cmp	r0, #0
 204 000c 00D0     		beq	.L18
 205              	.LVL8:
ARM GAS  C:\Users\fastr\AppData\Local\Temp\ccqb36PQ.s 			page 21


 206              	.L17:
 789:Drivers/STM32F0xx_HAL_Driver/Src/stm32f0xx_hal_flash_ex.c **** }
 207              		.loc 1 789 3 is_stmt 1 view .LVU38
 790:Drivers/STM32F0xx_HAL_Driver/Src/stm32f0xx_hal_flash_ex.c **** 
 208              		.loc 1 790 1 is_stmt 0 view .LVU39
 209              		@ sp needed
 210              	.LVL9:
 790:Drivers/STM32F0xx_HAL_Driver/Src/stm32f0xx_hal_flash_ex.c **** 
 211              		.loc 1 790 1 view .LVU40
 212 000e 70BD     		pop	{r4, r5, r6, pc}
 213              	.L18:
 762:Drivers/STM32F0xx_HAL_Driver/Src/stm32f0xx_hal_flash_ex.c ****     
 214              		.loc 1 762 5 is_stmt 1 view .LVU41
 762:Drivers/STM32F0xx_HAL_Driver/Src/stm32f0xx_hal_flash_ex.c ****     
 215              		.loc 1 762 22 is_stmt 0 view .LVU42
 216 0010 114B     		ldr	r3, .L19+4
 217 0012 0022     		movs	r2, #0
 218 0014 DA61     		str	r2, [r3, #28]
 765:Drivers/STM32F0xx_HAL_Driver/Src/stm32f0xx_hal_flash_ex.c ****     SET_BIT(FLASH->CR, FLASH_CR_STRT);
 219              		.loc 1 765 5 is_stmt 1 view .LVU43
 220 0016 114C     		ldr	r4, .L19+8
 221 0018 2369     		ldr	r3, [r4, #16]
 222 001a 2025     		movs	r5, #32
 223 001c 2B43     		orrs	r3, r5
 224 001e 2361     		str	r3, [r4, #16]
 766:Drivers/STM32F0xx_HAL_Driver/Src/stm32f0xx_hal_flash_ex.c **** 
 225              		.loc 1 766 5 view .LVU44
 226 0020 2369     		ldr	r3, [r4, #16]
 227 0022 4032     		adds	r2, r2, #64
 228 0024 1343     		orrs	r3, r2
 229 0026 2361     		str	r3, [r4, #16]
 769:Drivers/STM32F0xx_HAL_Driver/Src/stm32f0xx_hal_flash_ex.c **** 
 230              		.loc 1 769 5 view .LVU45
 769:Drivers/STM32F0xx_HAL_Driver/Src/stm32f0xx_hal_flash_ex.c **** 
 231              		.loc 1 769 14 is_stmt 0 view .LVU46
 232 0028 0A48     		ldr	r0, .L19
 233              	.LVL10:
 769:Drivers/STM32F0xx_HAL_Driver/Src/stm32f0xx_hal_flash_ex.c **** 
 234              		.loc 1 769 14 view .LVU47
 235 002a FFF7FEFF 		bl	FLASH_WaitForLastOperation
 236              	.LVL11:
 772:Drivers/STM32F0xx_HAL_Driver/Src/stm32f0xx_hal_flash_ex.c **** 
 237              		.loc 1 772 5 is_stmt 1 view .LVU48
 238 002e 2369     		ldr	r3, [r4, #16]
 239 0030 AB43     		bics	r3, r5
 240 0032 2361     		str	r3, [r4, #16]
 774:Drivers/STM32F0xx_HAL_Driver/Src/stm32f0xx_hal_flash_ex.c ****     {
 241              		.loc 1 774 5 view .LVU49
 774:Drivers/STM32F0xx_HAL_Driver/Src/stm32f0xx_hal_flash_ex.c ****     {
 242              		.loc 1 774 7 is_stmt 0 view .LVU50
 243 0034 0028     		cmp	r0, #0
 244 0036 EAD1     		bne	.L17
 777:Drivers/STM32F0xx_HAL_Driver/Src/stm32f0xx_hal_flash_ex.c ****       
 245              		.loc 1 777 7 is_stmt 1 view .LVU51
 246 0038 2369     		ldr	r3, [r4, #16]
 247 003a 103D     		subs	r5, r5, #16
 248 003c 2B43     		orrs	r3, r5
ARM GAS  C:\Users\fastr\AppData\Local\Temp\ccqb36PQ.s 			page 22


 249 003e 2361     		str	r3, [r4, #16]
 779:Drivers/STM32F0xx_HAL_Driver/Src/stm32f0xx_hal_flash_ex.c ****       
 250              		.loc 1 779 7 view .LVU52
 251 0040 074B     		ldr	r3, .L19+12
 252 0042 1E80     		strh	r6, [r3]
 782:Drivers/STM32F0xx_HAL_Driver/Src/stm32f0xx_hal_flash_ex.c ****       
 253              		.loc 1 782 7 view .LVU53
 782:Drivers/STM32F0xx_HAL_Driver/Src/stm32f0xx_hal_flash_ex.c ****       
 254              		.loc 1 782 16 is_stmt 0 view .LVU54
 255 0044 0348     		ldr	r0, .L19
 256              	.LVL12:
 782:Drivers/STM32F0xx_HAL_Driver/Src/stm32f0xx_hal_flash_ex.c ****       
 257              		.loc 1 782 16 view .LVU55
 258 0046 FFF7FEFF 		bl	FLASH_WaitForLastOperation
 259              	.LVL13:
 785:Drivers/STM32F0xx_HAL_Driver/Src/stm32f0xx_hal_flash_ex.c ****     }
 260              		.loc 1 785 7 is_stmt 1 view .LVU56
 261 004a 2369     		ldr	r3, [r4, #16]
 262 004c AB43     		bics	r3, r5
 263 004e 2361     		str	r3, [r4, #16]
 264 0050 DDE7     		b	.L17
 265              	.L20:
 266 0052 C046     		.align	2
 267              	.L19:
 268 0054 50C30000 		.word	50000
 269 0058 00000000 		.word	pFlash
 270 005c 00200240 		.word	1073881088
 271 0060 00F8FF1F 		.word	536868864
 272              		.cfi_endproc
 273              	.LFE49:
 275              		.section	.text.FLASH_OB_UserConfig,"ax",%progbits
 276              		.align	1
 277              		.syntax unified
 278              		.code	16
 279              		.thumb_func
 281              	FLASH_OB_UserConfig:
 282              	.LVL14:
 283              	.LFB50:
 801:Drivers/STM32F0xx_HAL_Driver/Src/stm32f0xx_hal_flash_ex.c ****   HAL_StatusTypeDef status = HAL_OK;
 284              		.loc 1 801 1 view -0
 285              		.cfi_startproc
 286              		@ args = 0, pretend = 0, frame = 0
 287              		@ frame_needed = 0, uses_anonymous_args = 0
 801:Drivers/STM32F0xx_HAL_Driver/Src/stm32f0xx_hal_flash_ex.c ****   HAL_StatusTypeDef status = HAL_OK;
 288              		.loc 1 801 1 is_stmt 0 view .LVU58
 289 0000 70B5     		push	{r4, r5, r6, lr}
 290              		.cfi_def_cfa_offset 16
 291              		.cfi_offset 4, -16
 292              		.cfi_offset 5, -12
 293              		.cfi_offset 6, -8
 294              		.cfi_offset 14, -4
 295 0002 0600     		movs	r6, r0
 802:Drivers/STM32F0xx_HAL_Driver/Src/stm32f0xx_hal_flash_ex.c **** 
 296              		.loc 1 802 3 is_stmt 1 view .LVU59
 297              	.LVL15:
 805:Drivers/STM32F0xx_HAL_Driver/Src/stm32f0xx_hal_flash_ex.c ****   assert_param(IS_OB_STOP_SOURCE((UserConfig&OB_STOP_NO_RST)));
 298              		.loc 1 805 3 view .LVU60
ARM GAS  C:\Users\fastr\AppData\Local\Temp\ccqb36PQ.s 			page 23


 806:Drivers/STM32F0xx_HAL_Driver/Src/stm32f0xx_hal_flash_ex.c ****   assert_param(IS_OB_STDBY_SOURCE((UserConfig&OB_STDBY_NO_RST)));
 299              		.loc 1 806 3 view .LVU61
 807:Drivers/STM32F0xx_HAL_Driver/Src/stm32f0xx_hal_flash_ex.c ****   assert_param(IS_OB_BOOT1((UserConfig&OB_BOOT1_SET)));
 300              		.loc 1 807 3 view .LVU62
 808:Drivers/STM32F0xx_HAL_Driver/Src/stm32f0xx_hal_flash_ex.c ****   assert_param(IS_OB_VDDA_ANALOG((UserConfig&OB_VDDA_ANALOG_ON)));
 301              		.loc 1 808 3 view .LVU63
 809:Drivers/STM32F0xx_HAL_Driver/Src/stm32f0xx_hal_flash_ex.c ****   assert_param(IS_OB_SRAM_PARITY((UserConfig&OB_SRAM_PARITY_RESET)));
 302              		.loc 1 809 3 view .LVU64
 810:Drivers/STM32F0xx_HAL_Driver/Src/stm32f0xx_hal_flash_ex.c **** #if defined(FLASH_OBR_BOOT_SEL)
 303              		.loc 1 810 3 view .LVU65
 817:Drivers/STM32F0xx_HAL_Driver/Src/stm32f0xx_hal_flash_ex.c ****   
 304              		.loc 1 817 3 view .LVU66
 817:Drivers/STM32F0xx_HAL_Driver/Src/stm32f0xx_hal_flash_ex.c ****   
 305              		.loc 1 817 12 is_stmt 0 view .LVU67
 306 0004 0D48     		ldr	r0, .L24
 307              	.LVL16:
 817:Drivers/STM32F0xx_HAL_Driver/Src/stm32f0xx_hal_flash_ex.c ****   
 308              		.loc 1 817 12 view .LVU68
 309 0006 FFF7FEFF 		bl	FLASH_WaitForLastOperation
 310              	.LVL17:
 819:Drivers/STM32F0xx_HAL_Driver/Src/stm32f0xx_hal_flash_ex.c ****   {     
 311              		.loc 1 819 3 is_stmt 1 view .LVU69
 819:Drivers/STM32F0xx_HAL_Driver/Src/stm32f0xx_hal_flash_ex.c ****   {     
 312              		.loc 1 819 5 is_stmt 0 view .LVU70
 313 000a 0028     		cmp	r0, #0
 314 000c 00D0     		beq	.L23
 315              	.LVL18:
 316              	.L22:
 840:Drivers/STM32F0xx_HAL_Driver/Src/stm32f0xx_hal_flash_ex.c **** }
 317              		.loc 1 840 3 is_stmt 1 view .LVU71
 841:Drivers/STM32F0xx_HAL_Driver/Src/stm32f0xx_hal_flash_ex.c **** 
 318              		.loc 1 841 1 is_stmt 0 view .LVU72
 319              		@ sp needed
 320              	.LVL19:
 841:Drivers/STM32F0xx_HAL_Driver/Src/stm32f0xx_hal_flash_ex.c **** 
 321              		.loc 1 841 1 view .LVU73
 322 000e 70BD     		pop	{r4, r5, r6, pc}
 323              	.L23:
 822:Drivers/STM32F0xx_HAL_Driver/Src/stm32f0xx_hal_flash_ex.c **** 
 324              		.loc 1 822 5 is_stmt 1 view .LVU74
 822:Drivers/STM32F0xx_HAL_Driver/Src/stm32f0xx_hal_flash_ex.c **** 
 325              		.loc 1 822 22 is_stmt 0 view .LVU75
 326 0010 0B4B     		ldr	r3, .L24+4
 327 0012 0022     		movs	r2, #0
 328 0014 DA61     		str	r2, [r3, #28]
 825:Drivers/STM32F0xx_HAL_Driver/Src/stm32f0xx_hal_flash_ex.c ****  
 329              		.loc 1 825 5 is_stmt 1 view .LVU76
 330 0016 0B4C     		ldr	r4, .L24+8
 331 0018 2369     		ldr	r3, [r4, #16]
 332 001a 1025     		movs	r5, #16
 333 001c 2B43     		orrs	r3, r5
 334 001e 2361     		str	r3, [r4, #16]
 830:Drivers/STM32F0xx_HAL_Driver/Src/stm32f0xx_hal_flash_ex.c **** #endif
 335              		.loc 1 830 5 view .LVU77
 830:Drivers/STM32F0xx_HAL_Driver/Src/stm32f0xx_hal_flash_ex.c **** #endif
 336              		.loc 1 830 14 is_stmt 0 view .LVU78
 337 0020 7823     		movs	r3, #120
ARM GAS  C:\Users\fastr\AppData\Local\Temp\ccqb36PQ.s 			page 24


 338 0022 5B42     		rsbs	r3, r3, #0
 339 0024 3343     		orrs	r3, r6
 340 0026 DBB2     		uxtb	r3, r3
 341 0028 074A     		ldr	r2, .L24+12
 342 002a 5380     		strh	r3, [r2, #2]
 834:Drivers/STM32F0xx_HAL_Driver/Src/stm32f0xx_hal_flash_ex.c **** 
 343              		.loc 1 834 5 is_stmt 1 view .LVU79
 834:Drivers/STM32F0xx_HAL_Driver/Src/stm32f0xx_hal_flash_ex.c **** 
 344              		.loc 1 834 14 is_stmt 0 view .LVU80
 345 002c 0348     		ldr	r0, .L24
 346              	.LVL20:
 834:Drivers/STM32F0xx_HAL_Driver/Src/stm32f0xx_hal_flash_ex.c **** 
 347              		.loc 1 834 14 view .LVU81
 348 002e FFF7FEFF 		bl	FLASH_WaitForLastOperation
 349              	.LVL21:
 837:Drivers/STM32F0xx_HAL_Driver/Src/stm32f0xx_hal_flash_ex.c ****   }
 350              		.loc 1 837 5 is_stmt 1 view .LVU82
 351 0032 2369     		ldr	r3, [r4, #16]
 352 0034 AB43     		bics	r3, r5
 353 0036 2361     		str	r3, [r4, #16]
 354 0038 E9E7     		b	.L22
 355              	.L25:
 356 003a C046     		.align	2
 357              	.L24:
 358 003c 50C30000 		.word	50000
 359 0040 00000000 		.word	pFlash
 360 0044 00200240 		.word	1073881088
 361 0048 00F8FF1F 		.word	536868864
 362              		.cfi_endproc
 363              	.LFE50:
 365              		.section	.text.FLASH_OB_ProgramData,"ax",%progbits
 366              		.align	1
 367              		.syntax unified
 368              		.code	16
 369              		.thumb_func
 371              	FLASH_OB_ProgramData:
 372              	.LVL22:
 373              	.LFB51:
 856:Drivers/STM32F0xx_HAL_Driver/Src/stm32f0xx_hal_flash_ex.c ****   HAL_StatusTypeDef status = HAL_ERROR;
 374              		.loc 1 856 1 view -0
 375              		.cfi_startproc
 376              		@ args = 0, pretend = 0, frame = 0
 377              		@ frame_needed = 0, uses_anonymous_args = 0
 856:Drivers/STM32F0xx_HAL_Driver/Src/stm32f0xx_hal_flash_ex.c ****   HAL_StatusTypeDef status = HAL_ERROR;
 378              		.loc 1 856 1 is_stmt 0 view .LVU84
 379 0000 F8B5     		push	{r3, r4, r5, r6, r7, lr}
 380              		.cfi_def_cfa_offset 24
 381              		.cfi_offset 3, -24
 382              		.cfi_offset 4, -20
 383              		.cfi_offset 5, -16
 384              		.cfi_offset 6, -12
 385              		.cfi_offset 7, -8
 386              		.cfi_offset 14, -4
 387 0002 0600     		movs	r6, r0
 388 0004 0F00     		movs	r7, r1
 857:Drivers/STM32F0xx_HAL_Driver/Src/stm32f0xx_hal_flash_ex.c ****   
 389              		.loc 1 857 3 is_stmt 1 view .LVU85
ARM GAS  C:\Users\fastr\AppData\Local\Temp\ccqb36PQ.s 			page 25


 390              	.LVL23:
 860:Drivers/STM32F0xx_HAL_Driver/Src/stm32f0xx_hal_flash_ex.c ****   
 391              		.loc 1 860 3 view .LVU86
 863:Drivers/STM32F0xx_HAL_Driver/Src/stm32f0xx_hal_flash_ex.c ****   
 392              		.loc 1 863 3 view .LVU87
 863:Drivers/STM32F0xx_HAL_Driver/Src/stm32f0xx_hal_flash_ex.c ****   
 393              		.loc 1 863 12 is_stmt 0 view .LVU88
 394 0006 0B48     		ldr	r0, .L29
 395              	.LVL24:
 863:Drivers/STM32F0xx_HAL_Driver/Src/stm32f0xx_hal_flash_ex.c ****   
 396              		.loc 1 863 12 view .LVU89
 397 0008 FFF7FEFF 		bl	FLASH_WaitForLastOperation
 398              	.LVL25:
 865:Drivers/STM32F0xx_HAL_Driver/Src/stm32f0xx_hal_flash_ex.c ****   {
 399              		.loc 1 865 3 is_stmt 1 view .LVU90
 865:Drivers/STM32F0xx_HAL_Driver/Src/stm32f0xx_hal_flash_ex.c ****   {
 400              		.loc 1 865 5 is_stmt 0 view .LVU91
 401 000c 0028     		cmp	r0, #0
 402 000e 00D0     		beq	.L28
 403              	.LVL26:
 404              	.L27:
 881:Drivers/STM32F0xx_HAL_Driver/Src/stm32f0xx_hal_flash_ex.c **** }
 405              		.loc 1 881 3 is_stmt 1 view .LVU92
 882:Drivers/STM32F0xx_HAL_Driver/Src/stm32f0xx_hal_flash_ex.c **** 
 406              		.loc 1 882 1 is_stmt 0 view .LVU93
 407              		@ sp needed
 408              	.LVL27:
 409              	.LVL28:
 882:Drivers/STM32F0xx_HAL_Driver/Src/stm32f0xx_hal_flash_ex.c **** 
 410              		.loc 1 882 1 view .LVU94
 411 0010 F8BD     		pop	{r3, r4, r5, r6, r7, pc}
 412              	.LVL29:
 413              	.L28:
 868:Drivers/STM32F0xx_HAL_Driver/Src/stm32f0xx_hal_flash_ex.c **** 
 414              		.loc 1 868 5 is_stmt 1 view .LVU95
 868:Drivers/STM32F0xx_HAL_Driver/Src/stm32f0xx_hal_flash_ex.c **** 
 415              		.loc 1 868 22 is_stmt 0 view .LVU96
 416 0012 094B     		ldr	r3, .L29+4
 417 0014 0022     		movs	r2, #0
 418 0016 DA61     		str	r2, [r3, #28]
 871:Drivers/STM32F0xx_HAL_Driver/Src/stm32f0xx_hal_flash_ex.c ****     *(__IO uint16_t*)Address = Data;
 419              		.loc 1 871 5 is_stmt 1 view .LVU97
 420 0018 084C     		ldr	r4, .L29+8
 421 001a 2369     		ldr	r3, [r4, #16]
 422 001c 1025     		movs	r5, #16
 423 001e 2B43     		orrs	r3, r5
 424 0020 2361     		str	r3, [r4, #16]
 872:Drivers/STM32F0xx_HAL_Driver/Src/stm32f0xx_hal_flash_ex.c ****     
 425              		.loc 1 872 5 view .LVU98
 872:Drivers/STM32F0xx_HAL_Driver/Src/stm32f0xx_hal_flash_ex.c ****     
 426              		.loc 1 872 30 is_stmt 0 view .LVU99
 427 0022 3780     		strh	r7, [r6]
 875:Drivers/STM32F0xx_HAL_Driver/Src/stm32f0xx_hal_flash_ex.c ****     
 428              		.loc 1 875 5 is_stmt 1 view .LVU100
 875:Drivers/STM32F0xx_HAL_Driver/Src/stm32f0xx_hal_flash_ex.c ****     
 429              		.loc 1 875 14 is_stmt 0 view .LVU101
 430 0024 0348     		ldr	r0, .L29
ARM GAS  C:\Users\fastr\AppData\Local\Temp\ccqb36PQ.s 			page 26


 431              	.LVL30:
 875:Drivers/STM32F0xx_HAL_Driver/Src/stm32f0xx_hal_flash_ex.c ****     
 432              		.loc 1 875 14 view .LVU102
 433 0026 FFF7FEFF 		bl	FLASH_WaitForLastOperation
 434              	.LVL31:
 878:Drivers/STM32F0xx_HAL_Driver/Src/stm32f0xx_hal_flash_ex.c ****   }
 435              		.loc 1 878 5 is_stmt 1 view .LVU103
 436 002a 2369     		ldr	r3, [r4, #16]
 437 002c AB43     		bics	r3, r5
 438 002e 2361     		str	r3, [r4, #16]
 439 0030 EEE7     		b	.L27
 440              	.L30:
 441 0032 C046     		.align	2
 442              	.L29:
 443 0034 50C30000 		.word	50000
 444 0038 00000000 		.word	pFlash
 445 003c 00200240 		.word	1073881088
 446              		.cfi_endproc
 447              	.LFE51:
 449              		.section	.text.HAL_FLASHEx_OBErase,"ax",%progbits
 450              		.align	1
 451              		.global	HAL_FLASHEx_OBErase
 452              		.syntax unified
 453              		.code	16
 454              		.thumb_func
 456              	HAL_FLASHEx_OBErase:
 457              	.LFB42:
 312:Drivers/STM32F0xx_HAL_Driver/Src/stm32f0xx_hal_flash_ex.c ****   uint8_t rdptmp = OB_RDP_LEVEL_0;
 458              		.loc 1 312 1 view -0
 459              		.cfi_startproc
 460              		@ args = 0, pretend = 0, frame = 0
 461              		@ frame_needed = 0, uses_anonymous_args = 0
 462 0000 70B5     		push	{r4, r5, r6, lr}
 463              		.cfi_def_cfa_offset 16
 464              		.cfi_offset 4, -16
 465              		.cfi_offset 5, -12
 466              		.cfi_offset 6, -8
 467              		.cfi_offset 14, -4
 313:Drivers/STM32F0xx_HAL_Driver/Src/stm32f0xx_hal_flash_ex.c ****   HAL_StatusTypeDef status = HAL_ERROR;
 468              		.loc 1 313 3 view .LVU105
 469              	.LVL32:
 314:Drivers/STM32F0xx_HAL_Driver/Src/stm32f0xx_hal_flash_ex.c **** 
 470              		.loc 1 314 3 view .LVU106
 317:Drivers/STM32F0xx_HAL_Driver/Src/stm32f0xx_hal_flash_ex.c **** 
 471              		.loc 1 317 3 view .LVU107
 317:Drivers/STM32F0xx_HAL_Driver/Src/stm32f0xx_hal_flash_ex.c **** 
 472              		.loc 1 317 12 is_stmt 0 view .LVU108
 473 0002 FFF7FEFF 		bl	FLASH_OB_GetRDP
 474              	.LVL33:
 317:Drivers/STM32F0xx_HAL_Driver/Src/stm32f0xx_hal_flash_ex.c **** 
 475              		.loc 1 317 10 discriminator 1 view .LVU109
 476 0006 C3B2     		uxtb	r3, r0
 477 0008 1E00     		movs	r6, r3
 478              	.LVL34:
 320:Drivers/STM32F0xx_HAL_Driver/Src/stm32f0xx_hal_flash_ex.c **** 
 479              		.loc 1 320 3 is_stmt 1 view .LVU110
 320:Drivers/STM32F0xx_HAL_Driver/Src/stm32f0xx_hal_flash_ex.c **** 
ARM GAS  C:\Users\fastr\AppData\Local\Temp\ccqb36PQ.s 			page 27


 480              		.loc 1 320 12 is_stmt 0 view .LVU111
 481 000a 0F48     		ldr	r0, .L34
 482 000c FFF7FEFF 		bl	FLASH_WaitForLastOperation
 483              	.LVL35:
 322:Drivers/STM32F0xx_HAL_Driver/Src/stm32f0xx_hal_flash_ex.c ****   {
 484              		.loc 1 322 3 is_stmt 1 view .LVU112
 322:Drivers/STM32F0xx_HAL_Driver/Src/stm32f0xx_hal_flash_ex.c ****   {
 485              		.loc 1 322 5 is_stmt 0 view .LVU113
 486 0010 0028     		cmp	r0, #0
 487 0012 00D0     		beq	.L33
 488              	.LVL36:
 489              	.L32:
 345:Drivers/STM32F0xx_HAL_Driver/Src/stm32f0xx_hal_flash_ex.c **** }
 490              		.loc 1 345 3 is_stmt 1 view .LVU114
 346:Drivers/STM32F0xx_HAL_Driver/Src/stm32f0xx_hal_flash_ex.c **** 
 491              		.loc 1 346 1 is_stmt 0 view .LVU115
 492              		@ sp needed
 493              	.LVL37:
 346:Drivers/STM32F0xx_HAL_Driver/Src/stm32f0xx_hal_flash_ex.c **** 
 494              		.loc 1 346 1 view .LVU116
 495 0014 70BD     		pop	{r4, r5, r6, pc}
 496              	.LVL38:
 497              	.L33:
 325:Drivers/STM32F0xx_HAL_Driver/Src/stm32f0xx_hal_flash_ex.c **** 
 498              		.loc 1 325 5 is_stmt 1 view .LVU117
 325:Drivers/STM32F0xx_HAL_Driver/Src/stm32f0xx_hal_flash_ex.c **** 
 499              		.loc 1 325 22 is_stmt 0 view .LVU118
 500 0016 0D4B     		ldr	r3, .L34+4
 501 0018 0022     		movs	r2, #0
 502 001a DA61     		str	r2, [r3, #28]
 328:Drivers/STM32F0xx_HAL_Driver/Src/stm32f0xx_hal_flash_ex.c ****     SET_BIT(FLASH->CR, FLASH_CR_STRT);
 503              		.loc 1 328 5 is_stmt 1 view .LVU119
 504 001c 0C4C     		ldr	r4, .L34+8
 505 001e 2369     		ldr	r3, [r4, #16]
 506 0020 2025     		movs	r5, #32
 507 0022 2B43     		orrs	r3, r5
 508 0024 2361     		str	r3, [r4, #16]
 329:Drivers/STM32F0xx_HAL_Driver/Src/stm32f0xx_hal_flash_ex.c **** 
 509              		.loc 1 329 5 view .LVU120
 510 0026 2369     		ldr	r3, [r4, #16]
 511 0028 4032     		adds	r2, r2, #64
 512 002a 1343     		orrs	r3, r2
 513 002c 2361     		str	r3, [r4, #16]
 332:Drivers/STM32F0xx_HAL_Driver/Src/stm32f0xx_hal_flash_ex.c **** 
 514              		.loc 1 332 5 view .LVU121
 332:Drivers/STM32F0xx_HAL_Driver/Src/stm32f0xx_hal_flash_ex.c **** 
 515              		.loc 1 332 14 is_stmt 0 view .LVU122
 516 002e 0648     		ldr	r0, .L34
 517              	.LVL39:
 332:Drivers/STM32F0xx_HAL_Driver/Src/stm32f0xx_hal_flash_ex.c **** 
 518              		.loc 1 332 14 view .LVU123
 519 0030 FFF7FEFF 		bl	FLASH_WaitForLastOperation
 520              	.LVL40:
 335:Drivers/STM32F0xx_HAL_Driver/Src/stm32f0xx_hal_flash_ex.c **** 
 521              		.loc 1 335 5 is_stmt 1 view .LVU124
 522 0034 2369     		ldr	r3, [r4, #16]
 523 0036 AB43     		bics	r3, r5
ARM GAS  C:\Users\fastr\AppData\Local\Temp\ccqb36PQ.s 			page 28


 524 0038 2361     		str	r3, [r4, #16]
 337:Drivers/STM32F0xx_HAL_Driver/Src/stm32f0xx_hal_flash_ex.c ****     {
 525              		.loc 1 337 5 view .LVU125
 337:Drivers/STM32F0xx_HAL_Driver/Src/stm32f0xx_hal_flash_ex.c ****     {
 526              		.loc 1 337 7 is_stmt 0 view .LVU126
 527 003a 0028     		cmp	r0, #0
 528 003c EAD1     		bne	.L32
 340:Drivers/STM32F0xx_HAL_Driver/Src/stm32f0xx_hal_flash_ex.c ****     }
 529              		.loc 1 340 7 is_stmt 1 view .LVU127
 340:Drivers/STM32F0xx_HAL_Driver/Src/stm32f0xx_hal_flash_ex.c ****     }
 530              		.loc 1 340 16 is_stmt 0 view .LVU128
 531 003e 3000     		movs	r0, r6
 532              	.LVL41:
 340:Drivers/STM32F0xx_HAL_Driver/Src/stm32f0xx_hal_flash_ex.c ****     }
 533              		.loc 1 340 16 view .LVU129
 534 0040 FFF7FEFF 		bl	FLASH_OB_RDP_LevelConfig
 535              	.LVL42:
 536 0044 E6E7     		b	.L32
 537              	.L35:
 538 0046 C046     		.align	2
 539              	.L34:
 540 0048 50C30000 		.word	50000
 541 004c 00000000 		.word	pFlash
 542 0050 00200240 		.word	1073881088
 543              		.cfi_endproc
 544              	.LFE42:
 546              		.section	.text.FLASH_OB_EnableWRP,"ax",%progbits
 547              		.align	1
 548              		.syntax unified
 549              		.code	16
 550              		.thumb_func
 552              	FLASH_OB_EnableWRP:
 553              	.LVL43:
 554              	.LFB47:
 520:Drivers/STM32F0xx_HAL_Driver/Src/stm32f0xx_hal_flash_ex.c ****   HAL_StatusTypeDef status = HAL_OK;
 555              		.loc 1 520 1 is_stmt 1 view -0
 556              		.cfi_startproc
 557              		@ args = 0, pretend = 0, frame = 0
 558              		@ frame_needed = 0, uses_anonymous_args = 0
 520:Drivers/STM32F0xx_HAL_Driver/Src/stm32f0xx_hal_flash_ex.c ****   HAL_StatusTypeDef status = HAL_OK;
 559              		.loc 1 520 1 is_stmt 0 view .LVU131
 560 0000 70B5     		push	{r4, r5, r6, lr}
 561              		.cfi_def_cfa_offset 16
 562              		.cfi_offset 4, -16
 563              		.cfi_offset 5, -12
 564              		.cfi_offset 6, -8
 565              		.cfi_offset 14, -4
 566 0002 0400     		movs	r4, r0
 521:Drivers/STM32F0xx_HAL_Driver/Src/stm32f0xx_hal_flash_ex.c ****   uint16_t WRP0_Data = 0xFFFFU;
 567              		.loc 1 521 3 is_stmt 1 view .LVU132
 568              	.LVL44:
 522:Drivers/STM32F0xx_HAL_Driver/Src/stm32f0xx_hal_flash_ex.c **** #if defined(OB_WRP1_WRP1)
 569              		.loc 1 522 3 view .LVU133
 524:Drivers/STM32F0xx_HAL_Driver/Src/stm32f0xx_hal_flash_ex.c **** #endif /* OB_WRP1_WRP1 */
 570              		.loc 1 524 3 view .LVU134
 534:Drivers/STM32F0xx_HAL_Driver/Src/stm32f0xx_hal_flash_ex.c ****     
 571              		.loc 1 534 3 view .LVU135
ARM GAS  C:\Users\fastr\AppData\Local\Temp\ccqb36PQ.s 			page 29


 537:Drivers/STM32F0xx_HAL_Driver/Src/stm32f0xx_hal_flash_ex.c ****   
 572              		.loc 1 537 3 view .LVU136
 537:Drivers/STM32F0xx_HAL_Driver/Src/stm32f0xx_hal_flash_ex.c ****   
 573              		.loc 1 537 37 is_stmt 0 view .LVU137
 574 0004 FFF7FEFF 		bl	FLASH_OB_GetWRP
 575              	.LVL45:
 537:Drivers/STM32F0xx_HAL_Driver/Src/stm32f0xx_hal_flash_ex.c ****   
 576              		.loc 1 537 20 discriminator 1 view .LVU138
 577 0008 A043     		bics	r0, r4
 578              	.LVL46:
 542:Drivers/STM32F0xx_HAL_Driver/Src/stm32f0xx_hal_flash_ex.c **** #endif /* OB_WRP_PAGES0TO31MASK */
 579              		.loc 1 542 3 is_stmt 1 view .LVU139
 542:Drivers/STM32F0xx_HAL_Driver/Src/stm32f0xx_hal_flash_ex.c **** #endif /* OB_WRP_PAGES0TO31MASK */
 580              		.loc 1 542 13 is_stmt 0 view .LVU140
 581 000a FF23     		movs	r3, #255
 582 000c 0200     		movs	r2, r0
 583 000e 1A40     		ands	r2, r3
 584 0010 1400     		movs	r4, r2
 585              	.LVL47:
 548:Drivers/STM32F0xx_HAL_Driver/Src/stm32f0xx_hal_flash_ex.c **** #endif /* OB_WRP_PAGES32TO63MASK */
 586              		.loc 1 548 3 is_stmt 1 view .LVU141
 548:Drivers/STM32F0xx_HAL_Driver/Src/stm32f0xx_hal_flash_ex.c **** #endif /* OB_WRP_PAGES32TO63MASK */
 587              		.loc 1 548 70 is_stmt 0 view .LVU142
 588 0012 000A     		lsrs	r0, r0, #8
 589              	.LVL48:
 548:Drivers/STM32F0xx_HAL_Driver/Src/stm32f0xx_hal_flash_ex.c **** #endif /* OB_WRP_PAGES32TO63MASK */
 590              		.loc 1 548 13 view .LVU143
 591 0014 1840     		ands	r0, r3
 592 0016 0500     		movs	r5, r0
 593              	.LVL49:
 562:Drivers/STM32F0xx_HAL_Driver/Src/stm32f0xx_hal_flash_ex.c **** 
 594              		.loc 1 562 3 is_stmt 1 view .LVU144
 562:Drivers/STM32F0xx_HAL_Driver/Src/stm32f0xx_hal_flash_ex.c **** 
 595              		.loc 1 562 12 is_stmt 0 view .LVU145
 596 0018 1648     		ldr	r0, .L43
 597 001a FFF7FEFF 		bl	FLASH_WaitForLastOperation
 598              	.LVL50:
 564:Drivers/STM32F0xx_HAL_Driver/Src/stm32f0xx_hal_flash_ex.c ****   { 
 599              		.loc 1 564 3 is_stmt 1 view .LVU146
 564:Drivers/STM32F0xx_HAL_Driver/Src/stm32f0xx_hal_flash_ex.c ****   { 
 600              		.loc 1 564 5 is_stmt 0 view .LVU147
 601 001e 0028     		cmp	r0, #0
 602 0020 00D0     		beq	.L40
 603              	.LVL51:
 604              	.L37:
 621:Drivers/STM32F0xx_HAL_Driver/Src/stm32f0xx_hal_flash_ex.c **** }
 605              		.loc 1 621 3 is_stmt 1 view .LVU148
 622:Drivers/STM32F0xx_HAL_Driver/Src/stm32f0xx_hal_flash_ex.c **** 
 606              		.loc 1 622 1 is_stmt 0 view .LVU149
 607              		@ sp needed
 608              	.LVL52:
 609              	.LVL53:
 622:Drivers/STM32F0xx_HAL_Driver/Src/stm32f0xx_hal_flash_ex.c **** 
 610              		.loc 1 622 1 view .LVU150
 611 0022 70BD     		pop	{r4, r5, r6, pc}
 612              	.LVL54:
 613              	.L40:
ARM GAS  C:\Users\fastr\AppData\Local\Temp\ccqb36PQ.s 			page 30


 567:Drivers/STM32F0xx_HAL_Driver/Src/stm32f0xx_hal_flash_ex.c **** 
 614              		.loc 1 567 5 is_stmt 1 view .LVU151
 567:Drivers/STM32F0xx_HAL_Driver/Src/stm32f0xx_hal_flash_ex.c **** 
 615              		.loc 1 567 22 is_stmt 0 view .LVU152
 616 0024 144B     		ldr	r3, .L43+4
 617 0026 0022     		movs	r2, #0
 618 0028 DA61     		str	r2, [r3, #28]
 570:Drivers/STM32F0xx_HAL_Driver/Src/stm32f0xx_hal_flash_ex.c ****     if (status == HAL_OK)  
 619              		.loc 1 570 5 is_stmt 1 view .LVU153
 570:Drivers/STM32F0xx_HAL_Driver/Src/stm32f0xx_hal_flash_ex.c ****     if (status == HAL_OK)  
 620              		.loc 1 570 14 is_stmt 0 view .LVU154
 621 002a FFF7FEFF 		bl	HAL_FLASHEx_OBErase
 622              	.LVL55:
 571:Drivers/STM32F0xx_HAL_Driver/Src/stm32f0xx_hal_flash_ex.c ****     {
 623              		.loc 1 571 5 is_stmt 1 view .LVU155
 571:Drivers/STM32F0xx_HAL_Driver/Src/stm32f0xx_hal_flash_ex.c ****     {
 624              		.loc 1 571 8 is_stmt 0 view .LVU156
 625 002e 0028     		cmp	r0, #0
 626 0030 F7D1     		bne	.L37
 574:Drivers/STM32F0xx_HAL_Driver/Src/stm32f0xx_hal_flash_ex.c **** 
 627              		.loc 1 574 7 is_stmt 1 view .LVU157
 628 0032 124A     		ldr	r2, .L43+8
 629 0034 1369     		ldr	r3, [r2, #16]
 630 0036 1021     		movs	r1, #16
 631 0038 0B43     		orrs	r3, r1
 632 003a 1361     		str	r3, [r2, #16]
 577:Drivers/STM32F0xx_HAL_Driver/Src/stm32f0xx_hal_flash_ex.c ****       {
 633              		.loc 1 577 7 view .LVU158
 577:Drivers/STM32F0xx_HAL_Driver/Src/stm32f0xx_hal_flash_ex.c ****       {
 634              		.loc 1 577 9 is_stmt 0 view .LVU159
 635 003c FF2C     		cmp	r4, #255
 636 003e 09D1     		bne	.L41
 637              	.LVL56:
 638              	.L38:
 587:Drivers/STM32F0xx_HAL_Driver/Src/stm32f0xx_hal_flash_ex.c ****       {
 639              		.loc 1 587 7 is_stmt 1 view .LVU160
 587:Drivers/STM32F0xx_HAL_Driver/Src/stm32f0xx_hal_flash_ex.c ****       {
 640              		.loc 1 587 9 is_stmt 0 view .LVU161
 641 0040 0028     		cmp	r0, #0
 642 0042 01D1     		bne	.L39
 587:Drivers/STM32F0xx_HAL_Driver/Src/stm32f0xx_hal_flash_ex.c ****       {
 643              		.loc 1 587 29 discriminator 1 view .LVU162
 644 0044 FF2D     		cmp	r5, #255
 645 0046 0DD1     		bne	.L42
 646              	.LVL57:
 647              	.L39:
 617:Drivers/STM32F0xx_HAL_Driver/Src/stm32f0xx_hal_flash_ex.c ****     }
 648              		.loc 1 617 7 is_stmt 1 view .LVU163
 649 0048 0C4A     		ldr	r2, .L43+8
 650 004a 1369     		ldr	r3, [r2, #16]
 651 004c 1021     		movs	r1, #16
 652 004e 8B43     		bics	r3, r1
 653 0050 1361     		str	r3, [r2, #16]
 654 0052 E6E7     		b	.L37
 655              	.L41:
 579:Drivers/STM32F0xx_HAL_Driver/Src/stm32f0xx_hal_flash_ex.c ****         
 656              		.loc 1 579 9 view .LVU164
ARM GAS  C:\Users\fastr\AppData\Local\Temp\ccqb36PQ.s 			page 31


 579:Drivers/STM32F0xx_HAL_Driver/Src/stm32f0xx_hal_flash_ex.c ****         
 657              		.loc 1 579 11 is_stmt 0 view .LVU165
 658 0054 0A4A     		ldr	r2, .L43+12
 659 0056 1389     		ldrh	r3, [r2, #8]
 579:Drivers/STM32F0xx_HAL_Driver/Src/stm32f0xx_hal_flash_ex.c ****         
 660              		.loc 1 579 18 view .LVU166
 661 0058 2340     		ands	r3, r4
 662 005a 1381     		strh	r3, [r2, #8]
 582:Drivers/STM32F0xx_HAL_Driver/Src/stm32f0xx_hal_flash_ex.c ****       }
 663              		.loc 1 582 9 is_stmt 1 view .LVU167
 582:Drivers/STM32F0xx_HAL_Driver/Src/stm32f0xx_hal_flash_ex.c ****       }
 664              		.loc 1 582 18 is_stmt 0 view .LVU168
 665 005c 0548     		ldr	r0, .L43
 666              	.LVL58:
 582:Drivers/STM32F0xx_HAL_Driver/Src/stm32f0xx_hal_flash_ex.c ****       }
 667              		.loc 1 582 18 view .LVU169
 668 005e FFF7FEFF 		bl	FLASH_WaitForLastOperation
 669              	.LVL59:
 670 0062 EDE7     		b	.L38
 671              	.LVL60:
 672              	.L42:
 589:Drivers/STM32F0xx_HAL_Driver/Src/stm32f0xx_hal_flash_ex.c ****         
 673              		.loc 1 589 9 is_stmt 1 view .LVU170
 589:Drivers/STM32F0xx_HAL_Driver/Src/stm32f0xx_hal_flash_ex.c ****         
 674              		.loc 1 589 11 is_stmt 0 view .LVU171
 675 0064 064A     		ldr	r2, .L43+12
 676 0066 5389     		ldrh	r3, [r2, #10]
 589:Drivers/STM32F0xx_HAL_Driver/Src/stm32f0xx_hal_flash_ex.c ****         
 677              		.loc 1 589 18 view .LVU172
 678 0068 2B40     		ands	r3, r5
 679 006a 5381     		strh	r3, [r2, #10]
 592:Drivers/STM32F0xx_HAL_Driver/Src/stm32f0xx_hal_flash_ex.c ****       }
 680              		.loc 1 592 9 is_stmt 1 view .LVU173
 592:Drivers/STM32F0xx_HAL_Driver/Src/stm32f0xx_hal_flash_ex.c ****       }
 681              		.loc 1 592 18 is_stmt 0 view .LVU174
 682 006c 0148     		ldr	r0, .L43
 683              	.LVL61:
 592:Drivers/STM32F0xx_HAL_Driver/Src/stm32f0xx_hal_flash_ex.c ****       }
 684              		.loc 1 592 18 view .LVU175
 685 006e FFF7FEFF 		bl	FLASH_WaitForLastOperation
 686              	.LVL62:
 687 0072 E9E7     		b	.L39
 688              	.L44:
 689              		.align	2
 690              	.L43:
 691 0074 50C30000 		.word	50000
 692 0078 00000000 		.word	pFlash
 693 007c 00200240 		.word	1073881088
 694 0080 00F8FF1F 		.word	536868864
 695              		.cfi_endproc
 696              	.LFE47:
 698              		.section	.text.FLASH_OB_DisableWRP,"ax",%progbits
 699              		.align	1
 700              		.syntax unified
 701              		.code	16
 702              		.thumb_func
 704              	FLASH_OB_DisableWRP:
ARM GAS  C:\Users\fastr\AppData\Local\Temp\ccqb36PQ.s 			page 32


 705              	.LVL63:
 706              	.LFB48:
 636:Drivers/STM32F0xx_HAL_Driver/Src/stm32f0xx_hal_flash_ex.c ****   HAL_StatusTypeDef status = HAL_OK;
 707              		.loc 1 636 1 is_stmt 1 view -0
 708              		.cfi_startproc
 709              		@ args = 0, pretend = 0, frame = 0
 710              		@ frame_needed = 0, uses_anonymous_args = 0
 636:Drivers/STM32F0xx_HAL_Driver/Src/stm32f0xx_hal_flash_ex.c ****   HAL_StatusTypeDef status = HAL_OK;
 711              		.loc 1 636 1 is_stmt 0 view .LVU177
 712 0000 70B5     		push	{r4, r5, r6, lr}
 713              		.cfi_def_cfa_offset 16
 714              		.cfi_offset 4, -16
 715              		.cfi_offset 5, -12
 716              		.cfi_offset 6, -8
 717              		.cfi_offset 14, -4
 718 0002 0400     		movs	r4, r0
 637:Drivers/STM32F0xx_HAL_Driver/Src/stm32f0xx_hal_flash_ex.c ****   uint16_t WRP0_Data = 0xFFFFU;
 719              		.loc 1 637 3 is_stmt 1 view .LVU178
 720              	.LVL64:
 638:Drivers/STM32F0xx_HAL_Driver/Src/stm32f0xx_hal_flash_ex.c **** #if defined(OB_WRP1_WRP1)
 721              		.loc 1 638 3 view .LVU179
 640:Drivers/STM32F0xx_HAL_Driver/Src/stm32f0xx_hal_flash_ex.c **** #endif /* OB_WRP1_WRP1 */
 722              		.loc 1 640 3 view .LVU180
 650:Drivers/STM32F0xx_HAL_Driver/Src/stm32f0xx_hal_flash_ex.c **** 
 723              		.loc 1 650 3 view .LVU181
 653:Drivers/STM32F0xx_HAL_Driver/Src/stm32f0xx_hal_flash_ex.c **** 
 724              		.loc 1 653 3 view .LVU182
 653:Drivers/STM32F0xx_HAL_Driver/Src/stm32f0xx_hal_flash_ex.c **** 
 725              		.loc 1 653 23 is_stmt 0 view .LVU183
 726 0004 FFF7FEFF 		bl	FLASH_OB_GetWRP
 727              	.LVL65:
 653:Drivers/STM32F0xx_HAL_Driver/Src/stm32f0xx_hal_flash_ex.c **** 
 728              		.loc 1 653 20 discriminator 1 view .LVU184
 729 0008 2043     		orrs	r0, r4
 730              	.LVL66:
 658:Drivers/STM32F0xx_HAL_Driver/Src/stm32f0xx_hal_flash_ex.c **** #endif /* OB_WRP_PAGES0TO31MASK */
 731              		.loc 1 658 3 is_stmt 1 view .LVU185
 658:Drivers/STM32F0xx_HAL_Driver/Src/stm32f0xx_hal_flash_ex.c **** #endif /* OB_WRP_PAGES0TO31MASK */
 732              		.loc 1 658 13 is_stmt 0 view .LVU186
 733 000a FF23     		movs	r3, #255
 734 000c 0200     		movs	r2, r0
 735 000e 1A40     		ands	r2, r3
 736 0010 1400     		movs	r4, r2
 737              	.LVL67:
 664:Drivers/STM32F0xx_HAL_Driver/Src/stm32f0xx_hal_flash_ex.c **** #endif /* OB_WRP_PAGES32TO63MASK */
 738              		.loc 1 664 3 is_stmt 1 view .LVU187
 664:Drivers/STM32F0xx_HAL_Driver/Src/stm32f0xx_hal_flash_ex.c **** #endif /* OB_WRP_PAGES32TO63MASK */
 739              		.loc 1 664 70 is_stmt 0 view .LVU188
 740 0012 000A     		lsrs	r0, r0, #8
 741              	.LVL68:
 664:Drivers/STM32F0xx_HAL_Driver/Src/stm32f0xx_hal_flash_ex.c **** #endif /* OB_WRP_PAGES32TO63MASK */
 742              		.loc 1 664 13 view .LVU189
 743 0014 1840     		ands	r0, r3
 744 0016 0500     		movs	r5, r0
 745              	.LVL69:
 679:Drivers/STM32F0xx_HAL_Driver/Src/stm32f0xx_hal_flash_ex.c **** 
 746              		.loc 1 679 3 is_stmt 1 view .LVU190
ARM GAS  C:\Users\fastr\AppData\Local\Temp\ccqb36PQ.s 			page 33


 679:Drivers/STM32F0xx_HAL_Driver/Src/stm32f0xx_hal_flash_ex.c **** 
 747              		.loc 1 679 12 is_stmt 0 view .LVU191
 748 0018 1648     		ldr	r0, .L52
 749 001a FFF7FEFF 		bl	FLASH_WaitForLastOperation
 750              	.LVL70:
 681:Drivers/STM32F0xx_HAL_Driver/Src/stm32f0xx_hal_flash_ex.c ****   { 
 751              		.loc 1 681 3 is_stmt 1 view .LVU192
 681:Drivers/STM32F0xx_HAL_Driver/Src/stm32f0xx_hal_flash_ex.c ****   { 
 752              		.loc 1 681 5 is_stmt 0 view .LVU193
 753 001e 0028     		cmp	r0, #0
 754 0020 00D0     		beq	.L49
 755              	.LVL71:
 756              	.L46:
 736:Drivers/STM32F0xx_HAL_Driver/Src/stm32f0xx_hal_flash_ex.c **** }
 757              		.loc 1 736 3 is_stmt 1 view .LVU194
 737:Drivers/STM32F0xx_HAL_Driver/Src/stm32f0xx_hal_flash_ex.c **** 
 758              		.loc 1 737 1 is_stmt 0 view .LVU195
 759              		@ sp needed
 760              	.LVL72:
 761              	.LVL73:
 737:Drivers/STM32F0xx_HAL_Driver/Src/stm32f0xx_hal_flash_ex.c **** 
 762              		.loc 1 737 1 view .LVU196
 763 0022 70BD     		pop	{r4, r5, r6, pc}
 764              	.LVL74:
 765              	.L49:
 684:Drivers/STM32F0xx_HAL_Driver/Src/stm32f0xx_hal_flash_ex.c **** 
 766              		.loc 1 684 5 is_stmt 1 view .LVU197
 684:Drivers/STM32F0xx_HAL_Driver/Src/stm32f0xx_hal_flash_ex.c **** 
 767              		.loc 1 684 22 is_stmt 0 view .LVU198
 768 0024 144B     		ldr	r3, .L52+4
 769 0026 0022     		movs	r2, #0
 770 0028 DA61     		str	r2, [r3, #28]
 687:Drivers/STM32F0xx_HAL_Driver/Src/stm32f0xx_hal_flash_ex.c ****     if (status == HAL_OK)  
 771              		.loc 1 687 5 is_stmt 1 view .LVU199
 687:Drivers/STM32F0xx_HAL_Driver/Src/stm32f0xx_hal_flash_ex.c ****     if (status == HAL_OK)  
 772              		.loc 1 687 14 is_stmt 0 view .LVU200
 773 002a FFF7FEFF 		bl	HAL_FLASHEx_OBErase
 774              	.LVL75:
 688:Drivers/STM32F0xx_HAL_Driver/Src/stm32f0xx_hal_flash_ex.c ****     {
 775              		.loc 1 688 5 is_stmt 1 view .LVU201
 688:Drivers/STM32F0xx_HAL_Driver/Src/stm32f0xx_hal_flash_ex.c ****     {
 776              		.loc 1 688 8 is_stmt 0 view .LVU202
 777 002e 0028     		cmp	r0, #0
 778 0030 F7D1     		bne	.L46
 690:Drivers/STM32F0xx_HAL_Driver/Src/stm32f0xx_hal_flash_ex.c **** 
 779              		.loc 1 690 7 is_stmt 1 view .LVU203
 780 0032 124A     		ldr	r2, .L52+8
 781 0034 1369     		ldr	r3, [r2, #16]
 782 0036 1021     		movs	r1, #16
 783 0038 0B43     		orrs	r3, r1
 784 003a 1361     		str	r3, [r2, #16]
 693:Drivers/STM32F0xx_HAL_Driver/Src/stm32f0xx_hal_flash_ex.c ****       {
 785              		.loc 1 693 7 view .LVU204
 693:Drivers/STM32F0xx_HAL_Driver/Src/stm32f0xx_hal_flash_ex.c ****       {
 786              		.loc 1 693 9 is_stmt 0 view .LVU205
 787 003c FF2C     		cmp	r4, #255
 788 003e 09D1     		bne	.L50
ARM GAS  C:\Users\fastr\AppData\Local\Temp\ccqb36PQ.s 			page 34


 789              	.LVL76:
 790              	.L47:
 703:Drivers/STM32F0xx_HAL_Driver/Src/stm32f0xx_hal_flash_ex.c ****       {
 791              		.loc 1 703 7 is_stmt 1 view .LVU206
 703:Drivers/STM32F0xx_HAL_Driver/Src/stm32f0xx_hal_flash_ex.c ****       {
 792              		.loc 1 703 9 is_stmt 0 view .LVU207
 793 0040 0028     		cmp	r0, #0
 794 0042 01D1     		bne	.L48
 703:Drivers/STM32F0xx_HAL_Driver/Src/stm32f0xx_hal_flash_ex.c ****       {
 795              		.loc 1 703 29 discriminator 1 view .LVU208
 796 0044 FF2D     		cmp	r5, #255
 797 0046 0DD1     		bne	.L51
 798              	.LVL77:
 799              	.L48:
 733:Drivers/STM32F0xx_HAL_Driver/Src/stm32f0xx_hal_flash_ex.c ****     }
 800              		.loc 1 733 7 is_stmt 1 view .LVU209
 801 0048 0C4A     		ldr	r2, .L52+8
 802 004a 1369     		ldr	r3, [r2, #16]
 803 004c 1021     		movs	r1, #16
 804 004e 8B43     		bics	r3, r1
 805 0050 1361     		str	r3, [r2, #16]
 806 0052 E6E7     		b	.L46
 807              	.L50:
 695:Drivers/STM32F0xx_HAL_Driver/Src/stm32f0xx_hal_flash_ex.c ****         
 808              		.loc 1 695 9 view .LVU210
 695:Drivers/STM32F0xx_HAL_Driver/Src/stm32f0xx_hal_flash_ex.c ****         
 809              		.loc 1 695 11 is_stmt 0 view .LVU211
 810 0054 0A4A     		ldr	r2, .L52+12
 811 0056 1389     		ldrh	r3, [r2, #8]
 695:Drivers/STM32F0xx_HAL_Driver/Src/stm32f0xx_hal_flash_ex.c ****         
 812              		.loc 1 695 18 view .LVU212
 813 0058 2340     		ands	r3, r4
 814 005a 1381     		strh	r3, [r2, #8]
 698:Drivers/STM32F0xx_HAL_Driver/Src/stm32f0xx_hal_flash_ex.c ****       }
 815              		.loc 1 698 9 is_stmt 1 view .LVU213
 698:Drivers/STM32F0xx_HAL_Driver/Src/stm32f0xx_hal_flash_ex.c ****       }
 816              		.loc 1 698 18 is_stmt 0 view .LVU214
 817 005c 0548     		ldr	r0, .L52
 818              	.LVL78:
 698:Drivers/STM32F0xx_HAL_Driver/Src/stm32f0xx_hal_flash_ex.c ****       }
 819              		.loc 1 698 18 view .LVU215
 820 005e FFF7FEFF 		bl	FLASH_WaitForLastOperation
 821              	.LVL79:
 822 0062 EDE7     		b	.L47
 823              	.LVL80:
 824              	.L51:
 705:Drivers/STM32F0xx_HAL_Driver/Src/stm32f0xx_hal_flash_ex.c ****         
 825              		.loc 1 705 9 is_stmt 1 view .LVU216
 705:Drivers/STM32F0xx_HAL_Driver/Src/stm32f0xx_hal_flash_ex.c ****         
 826              		.loc 1 705 11 is_stmt 0 view .LVU217
 827 0064 064A     		ldr	r2, .L52+12
 828 0066 5389     		ldrh	r3, [r2, #10]
 705:Drivers/STM32F0xx_HAL_Driver/Src/stm32f0xx_hal_flash_ex.c ****         
 829              		.loc 1 705 18 view .LVU218
 830 0068 2B40     		ands	r3, r5
 831 006a 5381     		strh	r3, [r2, #10]
 708:Drivers/STM32F0xx_HAL_Driver/Src/stm32f0xx_hal_flash_ex.c ****       }
ARM GAS  C:\Users\fastr\AppData\Local\Temp\ccqb36PQ.s 			page 35


 832              		.loc 1 708 9 is_stmt 1 view .LVU219
 708:Drivers/STM32F0xx_HAL_Driver/Src/stm32f0xx_hal_flash_ex.c ****       }
 833              		.loc 1 708 18 is_stmt 0 view .LVU220
 834 006c 0148     		ldr	r0, .L52
 835              	.LVL81:
 708:Drivers/STM32F0xx_HAL_Driver/Src/stm32f0xx_hal_flash_ex.c ****       }
 836              		.loc 1 708 18 view .LVU221
 837 006e FFF7FEFF 		bl	FLASH_WaitForLastOperation
 838              	.LVL82:
 839 0072 E9E7     		b	.L48
 840              	.L53:
 841              		.align	2
 842              	.L52:
 843 0074 50C30000 		.word	50000
 844 0078 00000000 		.word	pFlash
 845 007c 00200240 		.word	1073881088
 846 0080 00F8FF1F 		.word	536868864
 847              		.cfi_endproc
 848              	.LFE48:
 850              		.section	.text.HAL_FLASHEx_OBProgram,"ax",%progbits
 851              		.align	1
 852              		.global	HAL_FLASHEx_OBProgram
 853              		.syntax unified
 854              		.code	16
 855              		.thumb_func
 857              	HAL_FLASHEx_OBProgram:
 858              	.LVL83:
 859              	.LFB43:
 361:Drivers/STM32F0xx_HAL_Driver/Src/stm32f0xx_hal_flash_ex.c ****   HAL_StatusTypeDef status = HAL_ERROR;
 860              		.loc 1 361 1 is_stmt 1 view -0
 861              		.cfi_startproc
 862              		@ args = 0, pretend = 0, frame = 0
 863              		@ frame_needed = 0, uses_anonymous_args = 0
 361:Drivers/STM32F0xx_HAL_Driver/Src/stm32f0xx_hal_flash_ex.c ****   HAL_StatusTypeDef status = HAL_ERROR;
 864              		.loc 1 361 1 is_stmt 0 view .LVU223
 865 0000 10B5     		push	{r4, lr}
 866              		.cfi_def_cfa_offset 8
 867              		.cfi_offset 4, -8
 868              		.cfi_offset 14, -4
 869 0002 0400     		movs	r4, r0
 362:Drivers/STM32F0xx_HAL_Driver/Src/stm32f0xx_hal_flash_ex.c **** 
 870              		.loc 1 362 3 is_stmt 1 view .LVU224
 871              	.LVL84:
 365:Drivers/STM32F0xx_HAL_Driver/Src/stm32f0xx_hal_flash_ex.c **** 
 872              		.loc 1 365 3 view .LVU225
 365:Drivers/STM32F0xx_HAL_Driver/Src/stm32f0xx_hal_flash_ex.c **** 
 873              		.loc 1 365 3 view .LVU226
 874 0004 224B     		ldr	r3, .L71
 875 0006 1B7E     		ldrb	r3, [r3, #24]
 876 0008 012B     		cmp	r3, #1
 877 000a 3FD0     		beq	.L62
 365:Drivers/STM32F0xx_HAL_Driver/Src/stm32f0xx_hal_flash_ex.c **** 
 878              		.loc 1 365 3 discriminator 2 view .LVU227
 879 000c 204B     		ldr	r3, .L71
 880 000e 0122     		movs	r2, #1
 881 0010 1A76     		strb	r2, [r3, #24]
 365:Drivers/STM32F0xx_HAL_Driver/Src/stm32f0xx_hal_flash_ex.c **** 
ARM GAS  C:\Users\fastr\AppData\Local\Temp\ccqb36PQ.s 			page 36


 882              		.loc 1 365 3 view .LVU228
 368:Drivers/STM32F0xx_HAL_Driver/Src/stm32f0xx_hal_flash_ex.c **** 
 883              		.loc 1 368 3 view .LVU229
 371:Drivers/STM32F0xx_HAL_Driver/Src/stm32f0xx_hal_flash_ex.c ****   {
 884              		.loc 1 371 3 view .LVU230
 371:Drivers/STM32F0xx_HAL_Driver/Src/stm32f0xx_hal_flash_ex.c ****   {
 885              		.loc 1 371 14 is_stmt 0 view .LVU231
 886 0012 0368     		ldr	r3, [r0]
 371:Drivers/STM32F0xx_HAL_Driver/Src/stm32f0xx_hal_flash_ex.c ****   {
 887              		.loc 1 371 5 view .LVU232
 888 0014 1A42     		tst	r2, r3
 889 0016 0FD0     		beq	.L63
 373:Drivers/STM32F0xx_HAL_Driver/Src/stm32f0xx_hal_flash_ex.c ****     if (pOBInit->WRPState == OB_WRPSTATE_ENABLE)
 890              		.loc 1 373 5 is_stmt 1 view .LVU233
 374:Drivers/STM32F0xx_HAL_Driver/Src/stm32f0xx_hal_flash_ex.c ****     {
 891              		.loc 1 374 5 view .LVU234
 374:Drivers/STM32F0xx_HAL_Driver/Src/stm32f0xx_hal_flash_ex.c ****     {
 892              		.loc 1 374 16 is_stmt 0 view .LVU235
 893 0018 4368     		ldr	r3, [r0, #4]
 374:Drivers/STM32F0xx_HAL_Driver/Src/stm32f0xx_hal_flash_ex.c ****     {
 894              		.loc 1 374 8 view .LVU236
 895 001a 012B     		cmp	r3, #1
 896 001c 08D0     		beq	.L67
 382:Drivers/STM32F0xx_HAL_Driver/Src/stm32f0xx_hal_flash_ex.c ****     }
 897              		.loc 1 382 7 is_stmt 1 view .LVU237
 382:Drivers/STM32F0xx_HAL_Driver/Src/stm32f0xx_hal_flash_ex.c ****     }
 898              		.loc 1 382 16 is_stmt 0 view .LVU238
 899 001e 8068     		ldr	r0, [r0, #8]
 900              	.LVL85:
 382:Drivers/STM32F0xx_HAL_Driver/Src/stm32f0xx_hal_flash_ex.c ****     }
 901              		.loc 1 382 16 view .LVU239
 902 0020 FFF7FEFF 		bl	FLASH_OB_DisableWRP
 903              	.LVL86:
 904              	.L58:
 384:Drivers/STM32F0xx_HAL_Driver/Src/stm32f0xx_hal_flash_ex.c ****     {
 905              		.loc 1 384 5 is_stmt 1 view .LVU240
 384:Drivers/STM32F0xx_HAL_Driver/Src/stm32f0xx_hal_flash_ex.c ****     {
 906              		.loc 1 384 8 is_stmt 0 view .LVU241
 907 0024 0028     		cmp	r0, #0
 908 0026 08D0     		beq	.L56
 387:Drivers/STM32F0xx_HAL_Driver/Src/stm32f0xx_hal_flash_ex.c ****       return status;
 909              		.loc 1 387 7 is_stmt 1 view .LVU242
 387:Drivers/STM32F0xx_HAL_Driver/Src/stm32f0xx_hal_flash_ex.c ****       return status;
 910              		.loc 1 387 7 view .LVU243
 911 0028 194B     		ldr	r3, .L71
 912 002a 0022     		movs	r2, #0
 913 002c 1A76     		strb	r2, [r3, #24]
 387:Drivers/STM32F0xx_HAL_Driver/Src/stm32f0xx_hal_flash_ex.c ****       return status;
 914              		.loc 1 387 7 view .LVU244
 388:Drivers/STM32F0xx_HAL_Driver/Src/stm32f0xx_hal_flash_ex.c ****     }
 915              		.loc 1 388 7 view .LVU245
 388:Drivers/STM32F0xx_HAL_Driver/Src/stm32f0xx_hal_flash_ex.c ****     }
 916              		.loc 1 388 14 is_stmt 0 view .LVU246
 917 002e 10E0     		b	.L55
 918              	.LVL87:
 919              	.L67:
 377:Drivers/STM32F0xx_HAL_Driver/Src/stm32f0xx_hal_flash_ex.c ****     }
ARM GAS  C:\Users\fastr\AppData\Local\Temp\ccqb36PQ.s 			page 37


 920              		.loc 1 377 7 is_stmt 1 view .LVU247
 377:Drivers/STM32F0xx_HAL_Driver/Src/stm32f0xx_hal_flash_ex.c ****     }
 921              		.loc 1 377 16 is_stmt 0 view .LVU248
 922 0030 8068     		ldr	r0, [r0, #8]
 923              	.LVL88:
 377:Drivers/STM32F0xx_HAL_Driver/Src/stm32f0xx_hal_flash_ex.c ****     }
 924              		.loc 1 377 16 view .LVU249
 925 0032 FFF7FEFF 		bl	FLASH_OB_EnableWRP
 926              	.LVL89:
 377:Drivers/STM32F0xx_HAL_Driver/Src/stm32f0xx_hal_flash_ex.c ****     }
 927              		.loc 1 377 16 view .LVU250
 928 0036 F5E7     		b	.L58
 929              	.LVL90:
 930              	.L63:
 362:Drivers/STM32F0xx_HAL_Driver/Src/stm32f0xx_hal_flash_ex.c **** 
 931              		.loc 1 362 21 view .LVU251
 932 0038 0120     		movs	r0, #1
 933              	.LVL91:
 934              	.L56:
 393:Drivers/STM32F0xx_HAL_Driver/Src/stm32f0xx_hal_flash_ex.c ****   {
 935              		.loc 1 393 3 is_stmt 1 view .LVU252
 393:Drivers/STM32F0xx_HAL_Driver/Src/stm32f0xx_hal_flash_ex.c ****   {
 936              		.loc 1 393 14 is_stmt 0 view .LVU253
 937 003a 2368     		ldr	r3, [r4]
 393:Drivers/STM32F0xx_HAL_Driver/Src/stm32f0xx_hal_flash_ex.c ****   {
 938              		.loc 1 393 5 view .LVU254
 939 003c 9B07     		lsls	r3, r3, #30
 940 003e 09D4     		bmi	.L68
 941              	.LVL92:
 942              	.L59:
 405:Drivers/STM32F0xx_HAL_Driver/Src/stm32f0xx_hal_flash_ex.c ****   {
 943              		.loc 1 405 3 is_stmt 1 view .LVU255
 405:Drivers/STM32F0xx_HAL_Driver/Src/stm32f0xx_hal_flash_ex.c ****   {
 944              		.loc 1 405 14 is_stmt 0 view .LVU256
 945 0040 2368     		ldr	r3, [r4]
 405:Drivers/STM32F0xx_HAL_Driver/Src/stm32f0xx_hal_flash_ex.c ****   {
 946              		.loc 1 405 5 view .LVU257
 947 0042 5B07     		lsls	r3, r3, #29
 948 0044 0FD4     		bmi	.L69
 949              	.LVL93:
 950              	.L60:
 417:Drivers/STM32F0xx_HAL_Driver/Src/stm32f0xx_hal_flash_ex.c ****   {
 951              		.loc 1 417 3 is_stmt 1 view .LVU258
 417:Drivers/STM32F0xx_HAL_Driver/Src/stm32f0xx_hal_flash_ex.c ****   {
 952              		.loc 1 417 14 is_stmt 0 view .LVU259
 953 0046 2368     		ldr	r3, [r4]
 417:Drivers/STM32F0xx_HAL_Driver/Src/stm32f0xx_hal_flash_ex.c ****   {
 954              		.loc 1 417 5 view .LVU260
 955 0048 1B07     		lsls	r3, r3, #28
 956 004a 15D4     		bmi	.L70
 957              	.LVL94:
 958              	.L61:
 429:Drivers/STM32F0xx_HAL_Driver/Src/stm32f0xx_hal_flash_ex.c **** 
 959              		.loc 1 429 3 is_stmt 1 view .LVU261
 429:Drivers/STM32F0xx_HAL_Driver/Src/stm32f0xx_hal_flash_ex.c **** 
 960              		.loc 1 429 3 view .LVU262
 961 004c 104B     		ldr	r3, .L71
ARM GAS  C:\Users\fastr\AppData\Local\Temp\ccqb36PQ.s 			page 38


 962 004e 0022     		movs	r2, #0
 963 0050 1A76     		strb	r2, [r3, #24]
 429:Drivers/STM32F0xx_HAL_Driver/Src/stm32f0xx_hal_flash_ex.c **** 
 964              		.loc 1 429 3 view .LVU263
 431:Drivers/STM32F0xx_HAL_Driver/Src/stm32f0xx_hal_flash_ex.c **** }
 965              		.loc 1 431 3 view .LVU264
 966              	.LVL95:
 967              	.L55:
 432:Drivers/STM32F0xx_HAL_Driver/Src/stm32f0xx_hal_flash_ex.c **** 
 968              		.loc 1 432 1 is_stmt 0 view .LVU265
 969              		@ sp needed
 970              	.LVL96:
 432:Drivers/STM32F0xx_HAL_Driver/Src/stm32f0xx_hal_flash_ex.c **** 
 971              		.loc 1 432 1 view .LVU266
 972 0052 10BD     		pop	{r4, pc}
 973              	.LVL97:
 974              	.L68:
 395:Drivers/STM32F0xx_HAL_Driver/Src/stm32f0xx_hal_flash_ex.c ****     if (status != HAL_OK)
 975              		.loc 1 395 5 is_stmt 1 view .LVU267
 395:Drivers/STM32F0xx_HAL_Driver/Src/stm32f0xx_hal_flash_ex.c ****     if (status != HAL_OK)
 976              		.loc 1 395 14 is_stmt 0 view .LVU268
 977 0054 207B     		ldrb	r0, [r4, #12]
 978              	.LVL98:
 395:Drivers/STM32F0xx_HAL_Driver/Src/stm32f0xx_hal_flash_ex.c ****     if (status != HAL_OK)
 979              		.loc 1 395 14 view .LVU269
 980 0056 FFF7FEFF 		bl	FLASH_OB_RDP_LevelConfig
 981              	.LVL99:
 396:Drivers/STM32F0xx_HAL_Driver/Src/stm32f0xx_hal_flash_ex.c ****     {
 982              		.loc 1 396 5 is_stmt 1 view .LVU270
 396:Drivers/STM32F0xx_HAL_Driver/Src/stm32f0xx_hal_flash_ex.c ****     {
 983              		.loc 1 396 8 is_stmt 0 view .LVU271
 984 005a 0028     		cmp	r0, #0
 985 005c F0D0     		beq	.L59
 399:Drivers/STM32F0xx_HAL_Driver/Src/stm32f0xx_hal_flash_ex.c ****       return status;
 986              		.loc 1 399 7 is_stmt 1 view .LVU272
 399:Drivers/STM32F0xx_HAL_Driver/Src/stm32f0xx_hal_flash_ex.c ****       return status;
 987              		.loc 1 399 7 view .LVU273
 988 005e 0C4B     		ldr	r3, .L71
 989 0060 0022     		movs	r2, #0
 990 0062 1A76     		strb	r2, [r3, #24]
 399:Drivers/STM32F0xx_HAL_Driver/Src/stm32f0xx_hal_flash_ex.c ****       return status;
 991              		.loc 1 399 7 view .LVU274
 400:Drivers/STM32F0xx_HAL_Driver/Src/stm32f0xx_hal_flash_ex.c ****     }
 992              		.loc 1 400 7 view .LVU275
 400:Drivers/STM32F0xx_HAL_Driver/Src/stm32f0xx_hal_flash_ex.c ****     }
 993              		.loc 1 400 14 is_stmt 0 view .LVU276
 994 0064 F5E7     		b	.L55
 995              	.L69:
 407:Drivers/STM32F0xx_HAL_Driver/Src/stm32f0xx_hal_flash_ex.c ****     if (status != HAL_OK)
 996              		.loc 1 407 5 is_stmt 1 view .LVU277
 407:Drivers/STM32F0xx_HAL_Driver/Src/stm32f0xx_hal_flash_ex.c ****     if (status != HAL_OK)
 997              		.loc 1 407 14 is_stmt 0 view .LVU278
 998 0066 607B     		ldrb	r0, [r4, #13]
 999              	.LVL100:
 407:Drivers/STM32F0xx_HAL_Driver/Src/stm32f0xx_hal_flash_ex.c ****     if (status != HAL_OK)
 1000              		.loc 1 407 14 view .LVU279
 1001 0068 FFF7FEFF 		bl	FLASH_OB_UserConfig
ARM GAS  C:\Users\fastr\AppData\Local\Temp\ccqb36PQ.s 			page 39


 1002              	.LVL101:
 408:Drivers/STM32F0xx_HAL_Driver/Src/stm32f0xx_hal_flash_ex.c ****     {
 1003              		.loc 1 408 5 is_stmt 1 view .LVU280
 408:Drivers/STM32F0xx_HAL_Driver/Src/stm32f0xx_hal_flash_ex.c ****     {
 1004              		.loc 1 408 8 is_stmt 0 view .LVU281
 1005 006c 0028     		cmp	r0, #0
 1006 006e EAD0     		beq	.L60
 411:Drivers/STM32F0xx_HAL_Driver/Src/stm32f0xx_hal_flash_ex.c ****       return status;
 1007              		.loc 1 411 7 is_stmt 1 view .LVU282
 411:Drivers/STM32F0xx_HAL_Driver/Src/stm32f0xx_hal_flash_ex.c ****       return status;
 1008              		.loc 1 411 7 view .LVU283
 1009 0070 074B     		ldr	r3, .L71
 1010 0072 0022     		movs	r2, #0
 1011 0074 1A76     		strb	r2, [r3, #24]
 411:Drivers/STM32F0xx_HAL_Driver/Src/stm32f0xx_hal_flash_ex.c ****       return status;
 1012              		.loc 1 411 7 view .LVU284
 412:Drivers/STM32F0xx_HAL_Driver/Src/stm32f0xx_hal_flash_ex.c ****     }
 1013              		.loc 1 412 7 view .LVU285
 412:Drivers/STM32F0xx_HAL_Driver/Src/stm32f0xx_hal_flash_ex.c ****     }
 1014              		.loc 1 412 14 is_stmt 0 view .LVU286
 1015 0076 ECE7     		b	.L55
 1016              	.L70:
 419:Drivers/STM32F0xx_HAL_Driver/Src/stm32f0xx_hal_flash_ex.c ****     if (status != HAL_OK)
 1017              		.loc 1 419 5 is_stmt 1 view .LVU287
 419:Drivers/STM32F0xx_HAL_Driver/Src/stm32f0xx_hal_flash_ex.c ****     if (status != HAL_OK)
 1018              		.loc 1 419 14 is_stmt 0 view .LVU288
 1019 0078 217D     		ldrb	r1, [r4, #20]
 1020 007a 2069     		ldr	r0, [r4, #16]
 1021              	.LVL102:
 419:Drivers/STM32F0xx_HAL_Driver/Src/stm32f0xx_hal_flash_ex.c ****     if (status != HAL_OK)
 1022              		.loc 1 419 14 view .LVU289
 1023 007c FFF7FEFF 		bl	FLASH_OB_ProgramData
 1024              	.LVL103:
 420:Drivers/STM32F0xx_HAL_Driver/Src/stm32f0xx_hal_flash_ex.c ****     {
 1025              		.loc 1 420 5 is_stmt 1 view .LVU290
 420:Drivers/STM32F0xx_HAL_Driver/Src/stm32f0xx_hal_flash_ex.c ****     {
 1026              		.loc 1 420 8 is_stmt 0 view .LVU291
 1027 0080 0028     		cmp	r0, #0
 1028 0082 E3D0     		beq	.L61
 423:Drivers/STM32F0xx_HAL_Driver/Src/stm32f0xx_hal_flash_ex.c ****       return status;
 1029              		.loc 1 423 7 is_stmt 1 view .LVU292
 423:Drivers/STM32F0xx_HAL_Driver/Src/stm32f0xx_hal_flash_ex.c ****       return status;
 1030              		.loc 1 423 7 view .LVU293
 1031 0084 024B     		ldr	r3, .L71
 1032 0086 0022     		movs	r2, #0
 1033 0088 1A76     		strb	r2, [r3, #24]
 423:Drivers/STM32F0xx_HAL_Driver/Src/stm32f0xx_hal_flash_ex.c ****       return status;
 1034              		.loc 1 423 7 view .LVU294
 424:Drivers/STM32F0xx_HAL_Driver/Src/stm32f0xx_hal_flash_ex.c ****     }
 1035              		.loc 1 424 7 view .LVU295
 424:Drivers/STM32F0xx_HAL_Driver/Src/stm32f0xx_hal_flash_ex.c ****     }
 1036              		.loc 1 424 14 is_stmt 0 view .LVU296
 1037 008a E2E7     		b	.L55
 1038              	.LVL104:
 1039              	.L62:
 365:Drivers/STM32F0xx_HAL_Driver/Src/stm32f0xx_hal_flash_ex.c **** 
 1040              		.loc 1 365 3 discriminator 1 view .LVU297
ARM GAS  C:\Users\fastr\AppData\Local\Temp\ccqb36PQ.s 			page 40


 1041 008c 0220     		movs	r0, #2
 1042              	.LVL105:
 365:Drivers/STM32F0xx_HAL_Driver/Src/stm32f0xx_hal_flash_ex.c **** 
 1043              		.loc 1 365 3 discriminator 1 view .LVU298
 1044 008e E0E7     		b	.L55
 1045              	.L72:
 1046              		.align	2
 1047              	.L71:
 1048 0090 00000000 		.word	pFlash
 1049              		.cfi_endproc
 1050              	.LFE43:
 1052              		.section	.text.HAL_FLASHEx_OBGetConfig,"ax",%progbits
 1053              		.align	1
 1054              		.global	HAL_FLASHEx_OBGetConfig
 1055              		.syntax unified
 1056              		.code	16
 1057              		.thumb_func
 1059              	HAL_FLASHEx_OBGetConfig:
 1060              	.LVL106:
 1061              	.LFB44:
 442:Drivers/STM32F0xx_HAL_Driver/Src/stm32f0xx_hal_flash_ex.c ****   pOBInit->OptionType = OPTIONBYTE_WRP | OPTIONBYTE_RDP | OPTIONBYTE_USER;
 1062              		.loc 1 442 1 is_stmt 1 view -0
 1063              		.cfi_startproc
 1064              		@ args = 0, pretend = 0, frame = 0
 1065              		@ frame_needed = 0, uses_anonymous_args = 0
 442:Drivers/STM32F0xx_HAL_Driver/Src/stm32f0xx_hal_flash_ex.c ****   pOBInit->OptionType = OPTIONBYTE_WRP | OPTIONBYTE_RDP | OPTIONBYTE_USER;
 1066              		.loc 1 442 1 is_stmt 0 view .LVU300
 1067 0000 10B5     		push	{r4, lr}
 1068              		.cfi_def_cfa_offset 8
 1069              		.cfi_offset 4, -8
 1070              		.cfi_offset 14, -4
 1071 0002 0400     		movs	r4, r0
 443:Drivers/STM32F0xx_HAL_Driver/Src/stm32f0xx_hal_flash_ex.c **** 
 1072              		.loc 1 443 3 is_stmt 1 view .LVU301
 443:Drivers/STM32F0xx_HAL_Driver/Src/stm32f0xx_hal_flash_ex.c **** 
 1073              		.loc 1 443 23 is_stmt 0 view .LVU302
 1074 0004 0723     		movs	r3, #7
 1075 0006 0360     		str	r3, [r0]
 446:Drivers/STM32F0xx_HAL_Driver/Src/stm32f0xx_hal_flash_ex.c **** 
 1076              		.loc 1 446 3 is_stmt 1 view .LVU303
 446:Drivers/STM32F0xx_HAL_Driver/Src/stm32f0xx_hal_flash_ex.c **** 
 1077              		.loc 1 446 22 is_stmt 0 view .LVU304
 1078 0008 FFF7FEFF 		bl	FLASH_OB_GetWRP
 1079              	.LVL107:
 446:Drivers/STM32F0xx_HAL_Driver/Src/stm32f0xx_hal_flash_ex.c **** 
 1080              		.loc 1 446 20 discriminator 1 view .LVU305
 1081 000c A060     		str	r0, [r4, #8]
 449:Drivers/STM32F0xx_HAL_Driver/Src/stm32f0xx_hal_flash_ex.c **** 
 1082              		.loc 1 449 3 is_stmt 1 view .LVU306
 449:Drivers/STM32F0xx_HAL_Driver/Src/stm32f0xx_hal_flash_ex.c **** 
 1083              		.loc 1 449 23 is_stmt 0 view .LVU307
 1084 000e FFF7FEFF 		bl	FLASH_OB_GetRDP
 1085              	.LVL108:
 449:Drivers/STM32F0xx_HAL_Driver/Src/stm32f0xx_hal_flash_ex.c **** 
 1086              		.loc 1 449 21 discriminator 1 view .LVU308
 1087 0012 2073     		strb	r0, [r4, #12]
 452:Drivers/STM32F0xx_HAL_Driver/Src/stm32f0xx_hal_flash_ex.c **** }
ARM GAS  C:\Users\fastr\AppData\Local\Temp\ccqb36PQ.s 			page 41


 1088              		.loc 1 452 3 is_stmt 1 view .LVU309
 452:Drivers/STM32F0xx_HAL_Driver/Src/stm32f0xx_hal_flash_ex.c **** }
 1089              		.loc 1 452 25 is_stmt 0 view .LVU310
 1090 0014 FFF7FEFF 		bl	FLASH_OB_GetUser
 1091              	.LVL109:
 452:Drivers/STM32F0xx_HAL_Driver/Src/stm32f0xx_hal_flash_ex.c **** }
 1092              		.loc 1 452 23 discriminator 1 view .LVU311
 1093 0018 6073     		strb	r0, [r4, #13]
 453:Drivers/STM32F0xx_HAL_Driver/Src/stm32f0xx_hal_flash_ex.c **** 
 1094              		.loc 1 453 1 view .LVU312
 1095              		@ sp needed
 1096              	.LVL110:
 453:Drivers/STM32F0xx_HAL_Driver/Src/stm32f0xx_hal_flash_ex.c **** 
 1097              		.loc 1 453 1 view .LVU313
 1098 001a 10BD     		pop	{r4, pc}
 1099              		.cfi_endproc
 1100              	.LFE44:
 1102              		.section	.text.HAL_FLASHEx_OBGetUserData,"ax",%progbits
 1103              		.align	1
 1104              		.global	HAL_FLASHEx_OBGetUserData
 1105              		.syntax unified
 1106              		.code	16
 1107              		.thumb_func
 1109              	HAL_FLASHEx_OBGetUserData:
 1110              	.LVL111:
 1111              	.LFB45:
 464:Drivers/STM32F0xx_HAL_Driver/Src/stm32f0xx_hal_flash_ex.c ****   uint32_t value = 0U;
 1112              		.loc 1 464 1 is_stmt 1 view -0
 1113              		.cfi_startproc
 1114              		@ args = 0, pretend = 0, frame = 0
 1115              		@ frame_needed = 0, uses_anonymous_args = 0
 1116              		@ link register save eliminated.
 465:Drivers/STM32F0xx_HAL_Driver/Src/stm32f0xx_hal_flash_ex.c ****   
 1117              		.loc 1 465 3 view .LVU315
 467:Drivers/STM32F0xx_HAL_Driver/Src/stm32f0xx_hal_flash_ex.c ****   {
 1118              		.loc 1 467 3 view .LVU316
 467:Drivers/STM32F0xx_HAL_Driver/Src/stm32f0xx_hal_flash_ex.c ****   {
 1119              		.loc 1 467 6 is_stmt 0 view .LVU317
 1120 0000 064B     		ldr	r3, .L78
 1121 0002 9842     		cmp	r0, r3
 1122 0004 03D0     		beq	.L77
 475:Drivers/STM32F0xx_HAL_Driver/Src/stm32f0xx_hal_flash_ex.c ****   }
 1123              		.loc 1 475 5 is_stmt 1 view .LVU318
 475:Drivers/STM32F0xx_HAL_Driver/Src/stm32f0xx_hal_flash_ex.c ****   }
 1124              		.loc 1 475 13 is_stmt 0 view .LVU319
 1125 0006 064B     		ldr	r3, .L78+4
 1126 0008 D869     		ldr	r0, [r3, #28]
 1127              	.LVL112:
 475:Drivers/STM32F0xx_HAL_Driver/Src/stm32f0xx_hal_flash_ex.c ****   }
 1128              		.loc 1 475 51 view .LVU320
 1129 000a 000E     		lsrs	r0, r0, #24
 1130              	.LVL113:
 478:Drivers/STM32F0xx_HAL_Driver/Src/stm32f0xx_hal_flash_ex.c **** }
 1131              		.loc 1 478 3 is_stmt 1 view .LVU321
 1132              	.L74:
 479:Drivers/STM32F0xx_HAL_Driver/Src/stm32f0xx_hal_flash_ex.c **** 
 1133              		.loc 1 479 1 is_stmt 0 view .LVU322
ARM GAS  C:\Users\fastr\AppData\Local\Temp\ccqb36PQ.s 			page 42


 1134              		@ sp needed
 1135 000c 7047     		bx	lr
 1136              	.LVL114:
 1137              	.L77:
 470:Drivers/STM32F0xx_HAL_Driver/Src/stm32f0xx_hal_flash_ex.c ****   }
 1138              		.loc 1 470 5 is_stmt 1 view .LVU323
 470:Drivers/STM32F0xx_HAL_Driver/Src/stm32f0xx_hal_flash_ex.c ****   }
 1139              		.loc 1 470 13 is_stmt 0 view .LVU324
 1140 000e 044B     		ldr	r3, .L78+4
 1141 0010 DB69     		ldr	r3, [r3, #28]
 470:Drivers/STM32F0xx_HAL_Driver/Src/stm32f0xx_hal_flash_ex.c ****   }
 1142              		.loc 1 470 51 view .LVU325
 1143 0012 1B0C     		lsrs	r3, r3, #16
 470:Drivers/STM32F0xx_HAL_Driver/Src/stm32f0xx_hal_flash_ex.c ****   }
 1144              		.loc 1 470 11 view .LVU326
 1145 0014 FF20     		movs	r0, #255
 1146              	.LVL115:
 470:Drivers/STM32F0xx_HAL_Driver/Src/stm32f0xx_hal_flash_ex.c ****   }
 1147              		.loc 1 470 11 view .LVU327
 1148 0016 1840     		ands	r0, r3
 1149              	.LVL116:
 470:Drivers/STM32F0xx_HAL_Driver/Src/stm32f0xx_hal_flash_ex.c ****   }
 1150              		.loc 1 470 11 view .LVU328
 1151 0018 F8E7     		b	.L74
 1152              	.L79:
 1153 001a C046     		.align	2
 1154              	.L78:
 1155 001c 04F8FF1F 		.word	536868868
 1156 0020 00200240 		.word	1073881088
 1157              		.cfi_endproc
 1158              	.LFE45:
 1160              		.section	.text.FLASH_PageErase,"ax",%progbits
 1161              		.align	1
 1162              		.global	FLASH_PageErase
 1163              		.syntax unified
 1164              		.code	16
 1165              		.thumb_func
 1167              	FLASH_PageErase:
 1168              	.LVL117:
 1169              	.LFB55:
 934:Drivers/STM32F0xx_HAL_Driver/Src/stm32f0xx_hal_flash_ex.c **** 
 935:Drivers/STM32F0xx_HAL_Driver/Src/stm32f0xx_hal_flash_ex.c **** /**
 936:Drivers/STM32F0xx_HAL_Driver/Src/stm32f0xx_hal_flash_ex.c ****   * @}
 937:Drivers/STM32F0xx_HAL_Driver/Src/stm32f0xx_hal_flash_ex.c ****   */
 938:Drivers/STM32F0xx_HAL_Driver/Src/stm32f0xx_hal_flash_ex.c **** 
 939:Drivers/STM32F0xx_HAL_Driver/Src/stm32f0xx_hal_flash_ex.c **** /**
 940:Drivers/STM32F0xx_HAL_Driver/Src/stm32f0xx_hal_flash_ex.c ****   * @}
 941:Drivers/STM32F0xx_HAL_Driver/Src/stm32f0xx_hal_flash_ex.c ****   */
 942:Drivers/STM32F0xx_HAL_Driver/Src/stm32f0xx_hal_flash_ex.c **** 
 943:Drivers/STM32F0xx_HAL_Driver/Src/stm32f0xx_hal_flash_ex.c **** /** @addtogroup FLASH
 944:Drivers/STM32F0xx_HAL_Driver/Src/stm32f0xx_hal_flash_ex.c ****   * @{
 945:Drivers/STM32F0xx_HAL_Driver/Src/stm32f0xx_hal_flash_ex.c ****   */
 946:Drivers/STM32F0xx_HAL_Driver/Src/stm32f0xx_hal_flash_ex.c **** 
 947:Drivers/STM32F0xx_HAL_Driver/Src/stm32f0xx_hal_flash_ex.c **** /** @addtogroup FLASH_Private_Functions
 948:Drivers/STM32F0xx_HAL_Driver/Src/stm32f0xx_hal_flash_ex.c ****  * @{
 949:Drivers/STM32F0xx_HAL_Driver/Src/stm32f0xx_hal_flash_ex.c ****  */
 950:Drivers/STM32F0xx_HAL_Driver/Src/stm32f0xx_hal_flash_ex.c **** 
ARM GAS  C:\Users\fastr\AppData\Local\Temp\ccqb36PQ.s 			page 43


 951:Drivers/STM32F0xx_HAL_Driver/Src/stm32f0xx_hal_flash_ex.c **** /**
 952:Drivers/STM32F0xx_HAL_Driver/Src/stm32f0xx_hal_flash_ex.c ****   * @brief  Erase the specified FLASH memory page
 953:Drivers/STM32F0xx_HAL_Driver/Src/stm32f0xx_hal_flash_ex.c ****   * @param  PageAddress FLASH page to erase
 954:Drivers/STM32F0xx_HAL_Driver/Src/stm32f0xx_hal_flash_ex.c ****   *         The value of this parameter depend on device used within the same series      
 955:Drivers/STM32F0xx_HAL_Driver/Src/stm32f0xx_hal_flash_ex.c ****   * 
 956:Drivers/STM32F0xx_HAL_Driver/Src/stm32f0xx_hal_flash_ex.c ****   * @retval None
 957:Drivers/STM32F0xx_HAL_Driver/Src/stm32f0xx_hal_flash_ex.c ****   */
 958:Drivers/STM32F0xx_HAL_Driver/Src/stm32f0xx_hal_flash_ex.c **** void FLASH_PageErase(uint32_t PageAddress)
 959:Drivers/STM32F0xx_HAL_Driver/Src/stm32f0xx_hal_flash_ex.c **** {
 1170              		.loc 1 959 1 is_stmt 1 view -0
 1171              		.cfi_startproc
 1172              		@ args = 0, pretend = 0, frame = 0
 1173              		@ frame_needed = 0, uses_anonymous_args = 0
 1174              		@ link register save eliminated.
 960:Drivers/STM32F0xx_HAL_Driver/Src/stm32f0xx_hal_flash_ex.c ****   /* Clean the error context */
 961:Drivers/STM32F0xx_HAL_Driver/Src/stm32f0xx_hal_flash_ex.c ****   pFlash.ErrorCode = HAL_FLASH_ERROR_NONE;
 1175              		.loc 1 961 3 view .LVU330
 1176              		.loc 1 961 20 is_stmt 0 view .LVU331
 1177 0000 064B     		ldr	r3, .L81
 1178 0002 0022     		movs	r2, #0
 1179 0004 DA61     		str	r2, [r3, #28]
 962:Drivers/STM32F0xx_HAL_Driver/Src/stm32f0xx_hal_flash_ex.c **** 
 963:Drivers/STM32F0xx_HAL_Driver/Src/stm32f0xx_hal_flash_ex.c ****     /* Proceed to erase the page */
 964:Drivers/STM32F0xx_HAL_Driver/Src/stm32f0xx_hal_flash_ex.c ****     SET_BIT(FLASH->CR, FLASH_CR_PER);
 1180              		.loc 1 964 5 is_stmt 1 view .LVU332
 1181 0006 064B     		ldr	r3, .L81+4
 1182 0008 1A69     		ldr	r2, [r3, #16]
 1183 000a 0221     		movs	r1, #2
 1184 000c 0A43     		orrs	r2, r1
 1185 000e 1A61     		str	r2, [r3, #16]
 965:Drivers/STM32F0xx_HAL_Driver/Src/stm32f0xx_hal_flash_ex.c ****     WRITE_REG(FLASH->AR, PageAddress);
 1186              		.loc 1 965 5 view .LVU333
 1187 0010 5861     		str	r0, [r3, #20]
 966:Drivers/STM32F0xx_HAL_Driver/Src/stm32f0xx_hal_flash_ex.c ****     SET_BIT(FLASH->CR, FLASH_CR_STRT);
 1188              		.loc 1 966 5 view .LVU334
 1189 0012 1A69     		ldr	r2, [r3, #16]
 1190 0014 3E31     		adds	r1, r1, #62
 1191 0016 0A43     		orrs	r2, r1
 1192 0018 1A61     		str	r2, [r3, #16]
 967:Drivers/STM32F0xx_HAL_Driver/Src/stm32f0xx_hal_flash_ex.c **** }
 1193              		.loc 1 967 1 is_stmt 0 view .LVU335
 1194              		@ sp needed
 1195 001a 7047     		bx	lr
 1196              	.L82:
 1197              		.align	2
 1198              	.L81:
 1199 001c 00000000 		.word	pFlash
 1200 0020 00200240 		.word	1073881088
 1201              		.cfi_endproc
 1202              	.LFE55:
 1204              		.section	.text.HAL_FLASHEx_Erase,"ax",%progbits
 1205              		.align	1
 1206              		.global	HAL_FLASHEx_Erase
 1207              		.syntax unified
 1208              		.code	16
 1209              		.thumb_func
 1211              	HAL_FLASHEx_Erase:
ARM GAS  C:\Users\fastr\AppData\Local\Temp\ccqb36PQ.s 			page 44


 1212              	.LVL118:
 1213              	.LFB40:
 158:Drivers/STM32F0xx_HAL_Driver/Src/stm32f0xx_hal_flash_ex.c ****   HAL_StatusTypeDef status = HAL_ERROR;
 1214              		.loc 1 158 1 is_stmt 1 view -0
 1215              		.cfi_startproc
 1216              		@ args = 0, pretend = 0, frame = 0
 1217              		@ frame_needed = 0, uses_anonymous_args = 0
 158:Drivers/STM32F0xx_HAL_Driver/Src/stm32f0xx_hal_flash_ex.c ****   HAL_StatusTypeDef status = HAL_ERROR;
 1218              		.loc 1 158 1 is_stmt 0 view .LVU337
 1219 0000 70B5     		push	{r4, r5, r6, lr}
 1220              		.cfi_def_cfa_offset 16
 1221              		.cfi_offset 4, -16
 1222              		.cfi_offset 5, -12
 1223              		.cfi_offset 6, -8
 1224              		.cfi_offset 14, -4
 1225 0002 0500     		movs	r5, r0
 1226 0004 0E00     		movs	r6, r1
 159:Drivers/STM32F0xx_HAL_Driver/Src/stm32f0xx_hal_flash_ex.c ****   uint32_t address = 0U;
 1227              		.loc 1 159 3 is_stmt 1 view .LVU338
 1228              	.LVL119:
 160:Drivers/STM32F0xx_HAL_Driver/Src/stm32f0xx_hal_flash_ex.c **** 
 1229              		.loc 1 160 3 view .LVU339
 163:Drivers/STM32F0xx_HAL_Driver/Src/stm32f0xx_hal_flash_ex.c **** 
 1230              		.loc 1 163 3 view .LVU340
 163:Drivers/STM32F0xx_HAL_Driver/Src/stm32f0xx_hal_flash_ex.c **** 
 1231              		.loc 1 163 3 view .LVU341
 1232 0006 234B     		ldr	r3, .L96
 1233 0008 1B7E     		ldrb	r3, [r3, #24]
 1234 000a 012B     		cmp	r3, #1
 1235 000c 40D0     		beq	.L90
 163:Drivers/STM32F0xx_HAL_Driver/Src/stm32f0xx_hal_flash_ex.c **** 
 1236              		.loc 1 163 3 discriminator 2 view .LVU342
 1237 000e 214B     		ldr	r3, .L96
 1238 0010 0122     		movs	r2, #1
 1239 0012 1A76     		strb	r2, [r3, #24]
 163:Drivers/STM32F0xx_HAL_Driver/Src/stm32f0xx_hal_flash_ex.c **** 
 1240              		.loc 1 163 3 view .LVU343
 166:Drivers/STM32F0xx_HAL_Driver/Src/stm32f0xx_hal_flash_ex.c **** 
 1241              		.loc 1 166 3 view .LVU344
 168:Drivers/STM32F0xx_HAL_Driver/Src/stm32f0xx_hal_flash_ex.c ****   {
 1242              		.loc 1 168 3 view .LVU345
 168:Drivers/STM32F0xx_HAL_Driver/Src/stm32f0xx_hal_flash_ex.c ****   {
 1243              		.loc 1 168 17 is_stmt 0 view .LVU346
 1244 0014 0368     		ldr	r3, [r0]
 168:Drivers/STM32F0xx_HAL_Driver/Src/stm32f0xx_hal_flash_ex.c ****   {
 1245              		.loc 1 168 6 view .LVU347
 1246 0016 012B     		cmp	r3, #1
 1247 0018 21D0     		beq	.L93
 188:Drivers/STM32F0xx_HAL_Driver/Src/stm32f0xx_hal_flash_ex.c ****     assert_param(IS_FLASH_NB_PAGES(pEraseInit->PageAddress, pEraseInit->NbPages));
 1248              		.loc 1 188 5 is_stmt 1 view .LVU348
 189:Drivers/STM32F0xx_HAL_Driver/Src/stm32f0xx_hal_flash_ex.c ****     
 1249              		.loc 1 189 5 view .LVU349
 193:Drivers/STM32F0xx_HAL_Driver/Src/stm32f0xx_hal_flash_ex.c ****       {
 1250              		.loc 1 193 7 view .LVU350
 193:Drivers/STM32F0xx_HAL_Driver/Src/stm32f0xx_hal_flash_ex.c ****       {
 1251              		.loc 1 193 11 is_stmt 0 view .LVU351
 1252 001a 1F48     		ldr	r0, .L96+4
ARM GAS  C:\Users\fastr\AppData\Local\Temp\ccqb36PQ.s 			page 45


 1253              	.LVL120:
 193:Drivers/STM32F0xx_HAL_Driver/Src/stm32f0xx_hal_flash_ex.c ****       {
 1254              		.loc 1 193 11 view .LVU352
 1255 001c FFF7FEFF 		bl	FLASH_WaitForLastOperation
 1256              	.LVL121:
 193:Drivers/STM32F0xx_HAL_Driver/Src/stm32f0xx_hal_flash_ex.c ****       {
 1257              		.loc 1 193 10 discriminator 1 view .LVU353
 1258 0020 0028     		cmp	r0, #0
 1259 0022 30D1     		bne	.L92
 196:Drivers/STM32F0xx_HAL_Driver/Src/stm32f0xx_hal_flash_ex.c ****         
 1260              		.loc 1 196 9 is_stmt 1 view .LVU354
 196:Drivers/STM32F0xx_HAL_Driver/Src/stm32f0xx_hal_flash_ex.c ****         
 1261              		.loc 1 196 20 is_stmt 0 view .LVU355
 1262 0024 0123     		movs	r3, #1
 1263 0026 5B42     		rsbs	r3, r3, #0
 1264 0028 3360     		str	r3, [r6]
 199:Drivers/STM32F0xx_HAL_Driver/Src/stm32f0xx_hal_flash_ex.c ****             address < ((pEraseInit->NbPages * FLASH_PAGE_SIZE) + pEraseInit->PageAddress);
 1265              		.loc 1 199 9 is_stmt 1 view .LVU356
 199:Drivers/STM32F0xx_HAL_Driver/Src/stm32f0xx_hal_flash_ex.c ****             address < ((pEraseInit->NbPages * FLASH_PAGE_SIZE) + pEraseInit->PageAddress);
 1266              		.loc 1 199 21 is_stmt 0 view .LVU357
 1267 002a 6C68     		ldr	r4, [r5, #4]
 1268              	.LVL122:
 159:Drivers/STM32F0xx_HAL_Driver/Src/stm32f0xx_hal_flash_ex.c ****   uint32_t address = 0U;
 1269              		.loc 1 159 21 view .LVU358
 1270 002c 0130     		adds	r0, r0, #1
 1271              	.LVL123:
 1272              	.L87:
 200:Drivers/STM32F0xx_HAL_Driver/Src/stm32f0xx_hal_flash_ex.c ****             address += FLASH_PAGE_SIZE)
 1273              		.loc 1 200 21 is_stmt 1 view .LVU359
 200:Drivers/STM32F0xx_HAL_Driver/Src/stm32f0xx_hal_flash_ex.c ****             address += FLASH_PAGE_SIZE)
 1274              		.loc 1 200 35 is_stmt 0 view .LVU360
 1275 002e AB68     		ldr	r3, [r5, #8]
 200:Drivers/STM32F0xx_HAL_Driver/Src/stm32f0xx_hal_flash_ex.c ****             address += FLASH_PAGE_SIZE)
 1276              		.loc 1 200 45 view .LVU361
 1277 0030 9B02     		lsls	r3, r3, #10
 200:Drivers/STM32F0xx_HAL_Driver/Src/stm32f0xx_hal_flash_ex.c ****             address += FLASH_PAGE_SIZE)
 1278              		.loc 1 200 76 view .LVU362
 1279 0032 6A68     		ldr	r2, [r5, #4]
 200:Drivers/STM32F0xx_HAL_Driver/Src/stm32f0xx_hal_flash_ex.c ****             address += FLASH_PAGE_SIZE)
 1280              		.loc 1 200 64 view .LVU363
 1281 0034 9B18     		adds	r3, r3, r2
 200:Drivers/STM32F0xx_HAL_Driver/Src/stm32f0xx_hal_flash_ex.c ****             address += FLASH_PAGE_SIZE)
 1282              		.loc 1 200 21 view .LVU364
 1283 0036 A342     		cmp	r3, r4
 1284 0038 26D9     		bls	.L86
 203:Drivers/STM32F0xx_HAL_Driver/Src/stm32f0xx_hal_flash_ex.c ****           
 1285              		.loc 1 203 11 is_stmt 1 view .LVU365
 1286 003a 2000     		movs	r0, r4
 1287              	.LVL124:
 203:Drivers/STM32F0xx_HAL_Driver/Src/stm32f0xx_hal_flash_ex.c ****           
 1288              		.loc 1 203 11 is_stmt 0 view .LVU366
 1289 003c FFF7FEFF 		bl	FLASH_PageErase
 1290              	.LVL125:
 206:Drivers/STM32F0xx_HAL_Driver/Src/stm32f0xx_hal_flash_ex.c ****           
 1291              		.loc 1 206 11 is_stmt 1 view .LVU367
 206:Drivers/STM32F0xx_HAL_Driver/Src/stm32f0xx_hal_flash_ex.c ****           
 1292              		.loc 1 206 20 is_stmt 0 view .LVU368
ARM GAS  C:\Users\fastr\AppData\Local\Temp\ccqb36PQ.s 			page 46


 1293 0040 1548     		ldr	r0, .L96+4
 1294 0042 FFF7FEFF 		bl	FLASH_WaitForLastOperation
 1295              	.LVL126:
 209:Drivers/STM32F0xx_HAL_Driver/Src/stm32f0xx_hal_flash_ex.c ****           
 1296              		.loc 1 209 11 is_stmt 1 view .LVU369
 1297 0046 154A     		ldr	r2, .L96+8
 1298 0048 1369     		ldr	r3, [r2, #16]
 1299 004a 0221     		movs	r1, #2
 1300 004c 8B43     		bics	r3, r1
 1301 004e 1361     		str	r3, [r2, #16]
 211:Drivers/STM32F0xx_HAL_Driver/Src/stm32f0xx_hal_flash_ex.c ****           {
 1302              		.loc 1 211 11 view .LVU370
 211:Drivers/STM32F0xx_HAL_Driver/Src/stm32f0xx_hal_flash_ex.c ****           {
 1303              		.loc 1 211 14 is_stmt 0 view .LVU371
 1304 0050 0028     		cmp	r0, #0
 1305 0052 16D1     		bne	.L94
 201:Drivers/STM32F0xx_HAL_Driver/Src/stm32f0xx_hal_flash_ex.c ****         {
 1306              		.loc 1 201 21 is_stmt 1 view .LVU372
 1307 0054 8023     		movs	r3, #128
 1308 0056 DB00     		lsls	r3, r3, #3
 1309 0058 9C46     		mov	ip, r3
 1310 005a 6444     		add	r4, r4, ip
 1311              	.LVL127:
 201:Drivers/STM32F0xx_HAL_Driver/Src/stm32f0xx_hal_flash_ex.c ****         {
 1312              		.loc 1 201 21 is_stmt 0 view .LVU373
 1313 005c E7E7     		b	.L87
 1314              	.LVL128:
 1315              	.L93:
 172:Drivers/STM32F0xx_HAL_Driver/Src/stm32f0xx_hal_flash_ex.c ****       {
 1316              		.loc 1 172 7 is_stmt 1 view .LVU374
 172:Drivers/STM32F0xx_HAL_Driver/Src/stm32f0xx_hal_flash_ex.c ****       {
 1317              		.loc 1 172 11 is_stmt 0 view .LVU375
 1318 005e 0E48     		ldr	r0, .L96+4
 1319              	.LVL129:
 172:Drivers/STM32F0xx_HAL_Driver/Src/stm32f0xx_hal_flash_ex.c ****       {
 1320              		.loc 1 172 11 view .LVU376
 1321 0060 FFF7FEFF 		bl	FLASH_WaitForLastOperation
 1322              	.LVL130:
 172:Drivers/STM32F0xx_HAL_Driver/Src/stm32f0xx_hal_flash_ex.c ****       {
 1323              		.loc 1 172 10 discriminator 1 view .LVU377
 1324 0064 0028     		cmp	r0, #0
 1325 0066 01D0     		beq	.L95
 159:Drivers/STM32F0xx_HAL_Driver/Src/stm32f0xx_hal_flash_ex.c ****   uint32_t address = 0U;
 1326              		.loc 1 159 21 view .LVU378
 1327 0068 0120     		movs	r0, #1
 1328 006a 0DE0     		b	.L86
 1329              	.L95:
 175:Drivers/STM32F0xx_HAL_Driver/Src/stm32f0xx_hal_flash_ex.c ****         
 1330              		.loc 1 175 9 is_stmt 1 view .LVU379
 1331 006c FFF7FEFF 		bl	FLASH_MassErase
 1332              	.LVL131:
 178:Drivers/STM32F0xx_HAL_Driver/Src/stm32f0xx_hal_flash_ex.c ****         
 1333              		.loc 1 178 9 view .LVU380
 178:Drivers/STM32F0xx_HAL_Driver/Src/stm32f0xx_hal_flash_ex.c ****         
 1334              		.loc 1 178 18 is_stmt 0 view .LVU381
 1335 0070 0948     		ldr	r0, .L96+4
 1336 0072 FFF7FEFF 		bl	FLASH_WaitForLastOperation
ARM GAS  C:\Users\fastr\AppData\Local\Temp\ccqb36PQ.s 			page 47


 1337              	.LVL132:
 181:Drivers/STM32F0xx_HAL_Driver/Src/stm32f0xx_hal_flash_ex.c ****       }
 1338              		.loc 1 181 9 is_stmt 1 view .LVU382
 1339 0076 094A     		ldr	r2, .L96+8
 1340 0078 1369     		ldr	r3, [r2, #16]
 1341 007a 0421     		movs	r1, #4
 1342 007c 8B43     		bics	r3, r1
 1343 007e 1361     		str	r3, [r2, #16]
 1344 0080 02E0     		b	.L86
 1345              	.LVL133:
 1346              	.L94:
 214:Drivers/STM32F0xx_HAL_Driver/Src/stm32f0xx_hal_flash_ex.c ****             break;
 1347              		.loc 1 214 13 view .LVU383
 214:Drivers/STM32F0xx_HAL_Driver/Src/stm32f0xx_hal_flash_ex.c ****             break;
 1348              		.loc 1 214 24 is_stmt 0 view .LVU384
 1349 0082 3460     		str	r4, [r6]
 215:Drivers/STM32F0xx_HAL_Driver/Src/stm32f0xx_hal_flash_ex.c ****           }
 1350              		.loc 1 215 13 is_stmt 1 view .LVU385
 1351 0084 00E0     		b	.L86
 1352              	.LVL134:
 1353              	.L92:
 159:Drivers/STM32F0xx_HAL_Driver/Src/stm32f0xx_hal_flash_ex.c ****   uint32_t address = 0U;
 1354              		.loc 1 159 21 is_stmt 0 view .LVU386
 1355 0086 0120     		movs	r0, #1
 1356              	.LVL135:
 1357              	.L86:
 222:Drivers/STM32F0xx_HAL_Driver/Src/stm32f0xx_hal_flash_ex.c **** 
 1358              		.loc 1 222 3 is_stmt 1 view .LVU387
 222:Drivers/STM32F0xx_HAL_Driver/Src/stm32f0xx_hal_flash_ex.c **** 
 1359              		.loc 1 222 3 view .LVU388
 1360 0088 024B     		ldr	r3, .L96
 1361 008a 0022     		movs	r2, #0
 1362 008c 1A76     		strb	r2, [r3, #24]
 222:Drivers/STM32F0xx_HAL_Driver/Src/stm32f0xx_hal_flash_ex.c **** 
 1363              		.loc 1 222 3 view .LVU389
 224:Drivers/STM32F0xx_HAL_Driver/Src/stm32f0xx_hal_flash_ex.c **** }
 1364              		.loc 1 224 3 view .LVU390
 1365              	.LVL136:
 1366              	.L84:
 225:Drivers/STM32F0xx_HAL_Driver/Src/stm32f0xx_hal_flash_ex.c **** 
 1367              		.loc 1 225 1 is_stmt 0 view .LVU391
 1368              		@ sp needed
 1369              	.LVL137:
 1370              	.LVL138:
 225:Drivers/STM32F0xx_HAL_Driver/Src/stm32f0xx_hal_flash_ex.c **** 
 1371              		.loc 1 225 1 view .LVU392
 1372 008e 70BD     		pop	{r4, r5, r6, pc}
 1373              	.LVL139:
 1374              	.L90:
 163:Drivers/STM32F0xx_HAL_Driver/Src/stm32f0xx_hal_flash_ex.c **** 
 1375              		.loc 1 163 3 discriminator 1 view .LVU393
 1376 0090 0220     		movs	r0, #2
 1377              	.LVL140:
 163:Drivers/STM32F0xx_HAL_Driver/Src/stm32f0xx_hal_flash_ex.c **** 
 1378              		.loc 1 163 3 discriminator 1 view .LVU394
 1379 0092 FCE7     		b	.L84
 1380              	.L97:
ARM GAS  C:\Users\fastr\AppData\Local\Temp\ccqb36PQ.s 			page 48


 1381              		.align	2
 1382              	.L96:
 1383 0094 00000000 		.word	pFlash
 1384 0098 50C30000 		.word	50000
 1385 009c 00200240 		.word	1073881088
 1386              		.cfi_endproc
 1387              	.LFE40:
 1389              		.section	.text.HAL_FLASHEx_Erase_IT,"ax",%progbits
 1390              		.align	1
 1391              		.global	HAL_FLASHEx_Erase_IT
 1392              		.syntax unified
 1393              		.code	16
 1394              		.thumb_func
 1396              	HAL_FLASHEx_Erase_IT:
 1397              	.LVL141:
 1398              	.LFB41:
 239:Drivers/STM32F0xx_HAL_Driver/Src/stm32f0xx_hal_flash_ex.c ****   HAL_StatusTypeDef status = HAL_OK;
 1399              		.loc 1 239 1 is_stmt 1 view -0
 1400              		.cfi_startproc
 1401              		@ args = 0, pretend = 0, frame = 0
 1402              		@ frame_needed = 0, uses_anonymous_args = 0
 239:Drivers/STM32F0xx_HAL_Driver/Src/stm32f0xx_hal_flash_ex.c ****   HAL_StatusTypeDef status = HAL_OK;
 1403              		.loc 1 239 1 is_stmt 0 view .LVU396
 1404 0000 10B5     		push	{r4, lr}
 1405              		.cfi_def_cfa_offset 8
 1406              		.cfi_offset 4, -8
 1407              		.cfi_offset 14, -4
 240:Drivers/STM32F0xx_HAL_Driver/Src/stm32f0xx_hal_flash_ex.c **** 
 1408              		.loc 1 240 3 is_stmt 1 view .LVU397
 1409              	.LVL142:
 243:Drivers/STM32F0xx_HAL_Driver/Src/stm32f0xx_hal_flash_ex.c **** 
 1410              		.loc 1 243 3 view .LVU398
 243:Drivers/STM32F0xx_HAL_Driver/Src/stm32f0xx_hal_flash_ex.c **** 
 1411              		.loc 1 243 3 view .LVU399
 1412 0002 154B     		ldr	r3, .L104
 1413 0004 1B7E     		ldrb	r3, [r3, #24]
 1414 0006 012B     		cmp	r3, #1
 1415 0008 21D0     		beq	.L101
 243:Drivers/STM32F0xx_HAL_Driver/Src/stm32f0xx_hal_flash_ex.c **** 
 1416              		.loc 1 243 3 discriminator 2 view .LVU400
 1417 000a 134B     		ldr	r3, .L104
 1418 000c 0122     		movs	r2, #1
 1419 000e 1A76     		strb	r2, [r3, #24]
 243:Drivers/STM32F0xx_HAL_Driver/Src/stm32f0xx_hal_flash_ex.c **** 
 1420              		.loc 1 243 3 view .LVU401
 246:Drivers/STM32F0xx_HAL_Driver/Src/stm32f0xx_hal_flash_ex.c ****   {
 1421              		.loc 1 246 3 view .LVU402
 246:Drivers/STM32F0xx_HAL_Driver/Src/stm32f0xx_hal_flash_ex.c ****   {
 1422              		.loc 1 246 13 is_stmt 0 view .LVU403
 1423 0010 1B78     		ldrb	r3, [r3]
 1424 0012 DCB2     		uxtb	r4, r3
 246:Drivers/STM32F0xx_HAL_Driver/Src/stm32f0xx_hal_flash_ex.c ****   {
 1425              		.loc 1 246 6 view .LVU404
 1426 0014 002B     		cmp	r3, #0
 1427 0016 1CD1     		bne	.L102
 252:Drivers/STM32F0xx_HAL_Driver/Src/stm32f0xx_hal_flash_ex.c **** 
 1428              		.loc 1 252 3 is_stmt 1 view .LVU405
ARM GAS  C:\Users\fastr\AppData\Local\Temp\ccqb36PQ.s 			page 49


 255:Drivers/STM32F0xx_HAL_Driver/Src/stm32f0xx_hal_flash_ex.c **** 
 1429              		.loc 1 255 3 view .LVU406
 1430 0018 104A     		ldr	r2, .L104+4
 1431 001a 1169     		ldr	r1, [r2, #16]
 1432 001c A023     		movs	r3, #160
 1433 001e 5B01     		lsls	r3, r3, #5
 1434 0020 0B43     		orrs	r3, r1
 1435 0022 1361     		str	r3, [r2, #16]
 257:Drivers/STM32F0xx_HAL_Driver/Src/stm32f0xx_hal_flash_ex.c ****   {
 1436              		.loc 1 257 3 view .LVU407
 257:Drivers/STM32F0xx_HAL_Driver/Src/stm32f0xx_hal_flash_ex.c ****   {
 1437              		.loc 1 257 17 is_stmt 0 view .LVU408
 1438 0024 0368     		ldr	r3, [r0]
 257:Drivers/STM32F0xx_HAL_Driver/Src/stm32f0xx_hal_flash_ex.c ****   {
 1439              		.loc 1 257 6 view .LVU409
 1440 0026 012B     		cmp	r3, #1
 1441 0028 0BD0     		beq	.L103
 268:Drivers/STM32F0xx_HAL_Driver/Src/stm32f0xx_hal_flash_ex.c ****     assert_param(IS_FLASH_NB_PAGES(pEraseInit->PageAddress, pEraseInit->NbPages));
 1442              		.loc 1 268 5 is_stmt 1 view .LVU410
 269:Drivers/STM32F0xx_HAL_Driver/Src/stm32f0xx_hal_flash_ex.c **** 
 1443              		.loc 1 269 5 view .LVU411
 271:Drivers/STM32F0xx_HAL_Driver/Src/stm32f0xx_hal_flash_ex.c ****     pFlash.DataRemaining = pEraseInit->NbPages;
 1444              		.loc 1 271 5 view .LVU412
 271:Drivers/STM32F0xx_HAL_Driver/Src/stm32f0xx_hal_flash_ex.c ****     pFlash.DataRemaining = pEraseInit->NbPages;
 1445              		.loc 1 271 29 is_stmt 0 view .LVU413
 1446 002a 0B4B     		ldr	r3, .L104
 1447 002c 0122     		movs	r2, #1
 1448 002e 1A70     		strb	r2, [r3]
 272:Drivers/STM32F0xx_HAL_Driver/Src/stm32f0xx_hal_flash_ex.c ****     pFlash.Address = pEraseInit->PageAddress;
 1449              		.loc 1 272 5 is_stmt 1 view .LVU414
 272:Drivers/STM32F0xx_HAL_Driver/Src/stm32f0xx_hal_flash_ex.c ****     pFlash.Address = pEraseInit->PageAddress;
 1450              		.loc 1 272 38 is_stmt 0 view .LVU415
 1451 0030 8268     		ldr	r2, [r0, #8]
 272:Drivers/STM32F0xx_HAL_Driver/Src/stm32f0xx_hal_flash_ex.c ****     pFlash.Address = pEraseInit->PageAddress;
 1452              		.loc 1 272 26 view .LVU416
 1453 0032 5A60     		str	r2, [r3, #4]
 273:Drivers/STM32F0xx_HAL_Driver/Src/stm32f0xx_hal_flash_ex.c **** 
 1454              		.loc 1 273 5 is_stmt 1 view .LVU417
 273:Drivers/STM32F0xx_HAL_Driver/Src/stm32f0xx_hal_flash_ex.c **** 
 1455              		.loc 1 273 32 is_stmt 0 view .LVU418
 1456 0034 4268     		ldr	r2, [r0, #4]
 273:Drivers/STM32F0xx_HAL_Driver/Src/stm32f0xx_hal_flash_ex.c **** 
 1457              		.loc 1 273 20 view .LVU419
 1458 0036 9A60     		str	r2, [r3, #8]
 276:Drivers/STM32F0xx_HAL_Driver/Src/stm32f0xx_hal_flash_ex.c ****   }
 1459              		.loc 1 276 5 is_stmt 1 view .LVU420
 1460 0038 4068     		ldr	r0, [r0, #4]
 1461              	.LVL143:
 276:Drivers/STM32F0xx_HAL_Driver/Src/stm32f0xx_hal_flash_ex.c ****   }
 1462              		.loc 1 276 5 is_stmt 0 view .LVU421
 1463 003a FFF7FEFF 		bl	FLASH_PageErase
 1464              	.LVL144:
 1465              	.L99:
 280:Drivers/STM32F0xx_HAL_Driver/Src/stm32f0xx_hal_flash_ex.c **** 
 1466              		.loc 1 280 1 view .LVU422
 1467 003e 2000     		movs	r0, r4
 1468              		@ sp needed
ARM GAS  C:\Users\fastr\AppData\Local\Temp\ccqb36PQ.s 			page 50


 1469 0040 10BD     		pop	{r4, pc}
 1470              	.LVL145:
 1471              	.L103:
 260:Drivers/STM32F0xx_HAL_Driver/Src/stm32f0xx_hal_flash_ex.c ****         FLASH_MassErase();
 1472              		.loc 1 260 5 is_stmt 1 view .LVU423
 260:Drivers/STM32F0xx_HAL_Driver/Src/stm32f0xx_hal_flash_ex.c ****         FLASH_MassErase();
 1473              		.loc 1 260 29 is_stmt 0 view .LVU424
 1474 0042 054B     		ldr	r3, .L104
 1475 0044 0222     		movs	r2, #2
 1476 0046 1A70     		strb	r2, [r3]
 261:Drivers/STM32F0xx_HAL_Driver/Src/stm32f0xx_hal_flash_ex.c ****   }
 1477              		.loc 1 261 9 is_stmt 1 view .LVU425
 1478 0048 FFF7FEFF 		bl	FLASH_MassErase
 1479              	.LVL146:
 261:Drivers/STM32F0xx_HAL_Driver/Src/stm32f0xx_hal_flash_ex.c ****   }
 1480              		.loc 1 261 9 is_stmt 0 view .LVU426
 1481 004c F7E7     		b	.L99
 1482              	.LVL147:
 1483              	.L101:
 243:Drivers/STM32F0xx_HAL_Driver/Src/stm32f0xx_hal_flash_ex.c **** 
 1484              		.loc 1 243 3 discriminator 1 view .LVU427
 1485 004e 0224     		movs	r4, #2
 1486 0050 F5E7     		b	.L99
 1487              	.L102:
 248:Drivers/STM32F0xx_HAL_Driver/Src/stm32f0xx_hal_flash_ex.c ****   }
 1488              		.loc 1 248 12 view .LVU428
 1489 0052 0124     		movs	r4, #1
 1490 0054 F3E7     		b	.L99
 1491              	.L105:
 1492 0056 C046     		.align	2
 1493              	.L104:
 1494 0058 00000000 		.word	pFlash
 1495 005c 00200240 		.word	1073881088
 1496              		.cfi_endproc
 1497              	.LFE41:
 1499              		.text
 1500              	.Letext0:
 1501              		.file 2 "C:/Users/fastr/AppData/Roaming/Code/User/globalStorage/bmd.stm32-for-vscode/@xpack-dev-to
 1502              		.file 3 "C:/Users/fastr/AppData/Roaming/Code/User/globalStorage/bmd.stm32-for-vscode/@xpack-dev-to
 1503              		.file 4 "Drivers/CMSIS/Device/ST/STM32F0xx/Include/stm32f051x8.h"
 1504              		.file 5 "Drivers/STM32F0xx_HAL_Driver/Inc/stm32f0xx_hal_def.h"
 1505              		.file 6 "Drivers/STM32F0xx_HAL_Driver/Inc/stm32f0xx_hal_flash.h"
 1506              		.file 7 "Drivers/STM32F0xx_HAL_Driver/Inc/stm32f0xx_hal_flash_ex.h"
ARM GAS  C:\Users\fastr\AppData\Local\Temp\ccqb36PQ.s 			page 51


DEFINED SYMBOLS
                            *ABS*:00000000 stm32f0xx_hal_flash_ex.c
C:\Users\fastr\AppData\Local\Temp\ccqb36PQ.s:19     .text.FLASH_MassErase:00000000 $t
C:\Users\fastr\AppData\Local\Temp\ccqb36PQ.s:24     .text.FLASH_MassErase:00000000 FLASH_MassErase
C:\Users\fastr\AppData\Local\Temp\ccqb36PQ.s:53     .text.FLASH_MassErase:0000001c $d
C:\Users\fastr\AppData\Local\Temp\ccqb36PQ.s:59     .text.FLASH_OB_GetWRP:00000000 $t
C:\Users\fastr\AppData\Local\Temp\ccqb36PQ.s:64     .text.FLASH_OB_GetWRP:00000000 FLASH_OB_GetWRP
C:\Users\fastr\AppData\Local\Temp\ccqb36PQ.s:81     .text.FLASH_OB_GetWRP:00000008 $d
C:\Users\fastr\AppData\Local\Temp\ccqb36PQ.s:86     .text.FLASH_OB_GetRDP:00000000 $t
C:\Users\fastr\AppData\Local\Temp\ccqb36PQ.s:91     .text.FLASH_OB_GetRDP:00000000 FLASH_OB_GetRDP
C:\Users\fastr\AppData\Local\Temp\ccqb36PQ.s:134    .text.FLASH_OB_GetRDP:0000001c $d
C:\Users\fastr\AppData\Local\Temp\ccqb36PQ.s:139    .text.FLASH_OB_GetUser:00000000 $t
C:\Users\fastr\AppData\Local\Temp\ccqb36PQ.s:144    .text.FLASH_OB_GetUser:00000000 FLASH_OB_GetUser
C:\Users\fastr\AppData\Local\Temp\ccqb36PQ.s:166    .text.FLASH_OB_GetUser:0000000c $d
C:\Users\fastr\AppData\Local\Temp\ccqb36PQ.s:171    .text.FLASH_OB_RDP_LevelConfig:00000000 $t
C:\Users\fastr\AppData\Local\Temp\ccqb36PQ.s:176    .text.FLASH_OB_RDP_LevelConfig:00000000 FLASH_OB_RDP_LevelConfig
C:\Users\fastr\AppData\Local\Temp\ccqb36PQ.s:268    .text.FLASH_OB_RDP_LevelConfig:00000054 $d
C:\Users\fastr\AppData\Local\Temp\ccqb36PQ.s:276    .text.FLASH_OB_UserConfig:00000000 $t
C:\Users\fastr\AppData\Local\Temp\ccqb36PQ.s:281    .text.FLASH_OB_UserConfig:00000000 FLASH_OB_UserConfig
C:\Users\fastr\AppData\Local\Temp\ccqb36PQ.s:358    .text.FLASH_OB_UserConfig:0000003c $d
C:\Users\fastr\AppData\Local\Temp\ccqb36PQ.s:366    .text.FLASH_OB_ProgramData:00000000 $t
C:\Users\fastr\AppData\Local\Temp\ccqb36PQ.s:371    .text.FLASH_OB_ProgramData:00000000 FLASH_OB_ProgramData
C:\Users\fastr\AppData\Local\Temp\ccqb36PQ.s:443    .text.FLASH_OB_ProgramData:00000034 $d
C:\Users\fastr\AppData\Local\Temp\ccqb36PQ.s:450    .text.HAL_FLASHEx_OBErase:00000000 $t
C:\Users\fastr\AppData\Local\Temp\ccqb36PQ.s:456    .text.HAL_FLASHEx_OBErase:00000000 HAL_FLASHEx_OBErase
C:\Users\fastr\AppData\Local\Temp\ccqb36PQ.s:540    .text.HAL_FLASHEx_OBErase:00000048 $d
C:\Users\fastr\AppData\Local\Temp\ccqb36PQ.s:547    .text.FLASH_OB_EnableWRP:00000000 $t
C:\Users\fastr\AppData\Local\Temp\ccqb36PQ.s:552    .text.FLASH_OB_EnableWRP:00000000 FLASH_OB_EnableWRP
C:\Users\fastr\AppData\Local\Temp\ccqb36PQ.s:691    .text.FLASH_OB_EnableWRP:00000074 $d
C:\Users\fastr\AppData\Local\Temp\ccqb36PQ.s:699    .text.FLASH_OB_DisableWRP:00000000 $t
C:\Users\fastr\AppData\Local\Temp\ccqb36PQ.s:704    .text.FLASH_OB_DisableWRP:00000000 FLASH_OB_DisableWRP
C:\Users\fastr\AppData\Local\Temp\ccqb36PQ.s:843    .text.FLASH_OB_DisableWRP:00000074 $d
C:\Users\fastr\AppData\Local\Temp\ccqb36PQ.s:851    .text.HAL_FLASHEx_OBProgram:00000000 $t
C:\Users\fastr\AppData\Local\Temp\ccqb36PQ.s:857    .text.HAL_FLASHEx_OBProgram:00000000 HAL_FLASHEx_OBProgram
C:\Users\fastr\AppData\Local\Temp\ccqb36PQ.s:1048   .text.HAL_FLASHEx_OBProgram:00000090 $d
C:\Users\fastr\AppData\Local\Temp\ccqb36PQ.s:1053   .text.HAL_FLASHEx_OBGetConfig:00000000 $t
C:\Users\fastr\AppData\Local\Temp\ccqb36PQ.s:1059   .text.HAL_FLASHEx_OBGetConfig:00000000 HAL_FLASHEx_OBGetConfig
C:\Users\fastr\AppData\Local\Temp\ccqb36PQ.s:1103   .text.HAL_FLASHEx_OBGetUserData:00000000 $t
C:\Users\fastr\AppData\Local\Temp\ccqb36PQ.s:1109   .text.HAL_FLASHEx_OBGetUserData:00000000 HAL_FLASHEx_OBGetUserData
C:\Users\fastr\AppData\Local\Temp\ccqb36PQ.s:1155   .text.HAL_FLASHEx_OBGetUserData:0000001c $d
C:\Users\fastr\AppData\Local\Temp\ccqb36PQ.s:1161   .text.FLASH_PageErase:00000000 $t
C:\Users\fastr\AppData\Local\Temp\ccqb36PQ.s:1167   .text.FLASH_PageErase:00000000 FLASH_PageErase
C:\Users\fastr\AppData\Local\Temp\ccqb36PQ.s:1199   .text.FLASH_PageErase:0000001c $d
C:\Users\fastr\AppData\Local\Temp\ccqb36PQ.s:1205   .text.HAL_FLASHEx_Erase:00000000 $t
C:\Users\fastr\AppData\Local\Temp\ccqb36PQ.s:1211   .text.HAL_FLASHEx_Erase:00000000 HAL_FLASHEx_Erase
C:\Users\fastr\AppData\Local\Temp\ccqb36PQ.s:1383   .text.HAL_FLASHEx_Erase:00000094 $d
C:\Users\fastr\AppData\Local\Temp\ccqb36PQ.s:1390   .text.HAL_FLASHEx_Erase_IT:00000000 $t
C:\Users\fastr\AppData\Local\Temp\ccqb36PQ.s:1396   .text.HAL_FLASHEx_Erase_IT:00000000 HAL_FLASHEx_Erase_IT
C:\Users\fastr\AppData\Local\Temp\ccqb36PQ.s:1494   .text.HAL_FLASHEx_Erase_IT:00000058 $d

UNDEFINED SYMBOLS
pFlash
FLASH_WaitForLastOperation
