ARM GAS  C:\Users\fastr\AppData\Local\Temp\ccSUdV1W.s 			page 1


   1              		.cpu cortex-m0
   2              		.arch armv6s-m
   3              		.fpu softvfp
   4              		.eabi_attribute 20, 1
   5              		.eabi_attribute 21, 1
   6              		.eabi_attribute 23, 3
   7              		.eabi_attribute 24, 1
   8              		.eabi_attribute 25, 1
   9              		.eabi_attribute 26, 1
  10              		.eabi_attribute 30, 1
  11              		.eabi_attribute 34, 0
  12              		.eabi_attribute 18, 4
  13              		.file	"stm32f0xx_hal_rcc.c"
  14              		.text
  15              	.Ltext0:
  16              		.cfi_sections	.debug_frame
  17              		.file 1 "Drivers/STM32F0xx_HAL_Driver/Src/stm32f0xx_hal_rcc.c"
  18              		.section	.text.HAL_RCC_DeInit,"ax",%progbits
  19              		.align	1
  20              		.global	HAL_RCC_DeInit
  21              		.syntax unified
  22              		.code	16
  23              		.thumb_func
  25              	HAL_RCC_DeInit:
  26              	.LFB40:
   1:Drivers/STM32F0xx_HAL_Driver/Src/stm32f0xx_hal_rcc.c **** /**
   2:Drivers/STM32F0xx_HAL_Driver/Src/stm32f0xx_hal_rcc.c ****   ******************************************************************************
   3:Drivers/STM32F0xx_HAL_Driver/Src/stm32f0xx_hal_rcc.c ****   * @file    stm32f0xx_hal_rcc.c
   4:Drivers/STM32F0xx_HAL_Driver/Src/stm32f0xx_hal_rcc.c ****   * @author  MCD Application Team
   5:Drivers/STM32F0xx_HAL_Driver/Src/stm32f0xx_hal_rcc.c ****   * @brief   RCC HAL module driver.
   6:Drivers/STM32F0xx_HAL_Driver/Src/stm32f0xx_hal_rcc.c ****   *          This file provides firmware functions to manage the following 
   7:Drivers/STM32F0xx_HAL_Driver/Src/stm32f0xx_hal_rcc.c ****   *          functionalities of the Reset and Clock Control (RCC) peripheral:
   8:Drivers/STM32F0xx_HAL_Driver/Src/stm32f0xx_hal_rcc.c ****   *           + Initialization and de-initialization functions
   9:Drivers/STM32F0xx_HAL_Driver/Src/stm32f0xx_hal_rcc.c ****   *           + Peripheral Control functions
  10:Drivers/STM32F0xx_HAL_Driver/Src/stm32f0xx_hal_rcc.c ****   *       
  11:Drivers/STM32F0xx_HAL_Driver/Src/stm32f0xx_hal_rcc.c ****   @verbatim                
  12:Drivers/STM32F0xx_HAL_Driver/Src/stm32f0xx_hal_rcc.c ****   ==============================================================================
  13:Drivers/STM32F0xx_HAL_Driver/Src/stm32f0xx_hal_rcc.c ****                       ##### RCC specific features #####
  14:Drivers/STM32F0xx_HAL_Driver/Src/stm32f0xx_hal_rcc.c ****   ==============================================================================
  15:Drivers/STM32F0xx_HAL_Driver/Src/stm32f0xx_hal_rcc.c ****     [..]  
  16:Drivers/STM32F0xx_HAL_Driver/Src/stm32f0xx_hal_rcc.c ****       After reset the device is running from Internal High Speed oscillator
  17:Drivers/STM32F0xx_HAL_Driver/Src/stm32f0xx_hal_rcc.c ****       (HSI 8MHz) with Flash 0 wait state, Flash prefetch buffer is disabled, 
  18:Drivers/STM32F0xx_HAL_Driver/Src/stm32f0xx_hal_rcc.c ****       and all peripherals are off except internal SRAM, Flash and JTAG.
  19:Drivers/STM32F0xx_HAL_Driver/Src/stm32f0xx_hal_rcc.c ****       (+) There is no prescaler on High speed (AHB) and Low speed (APB) buses;
  20:Drivers/STM32F0xx_HAL_Driver/Src/stm32f0xx_hal_rcc.c ****           all peripherals mapped on these buses are running at HSI speed.
  21:Drivers/STM32F0xx_HAL_Driver/Src/stm32f0xx_hal_rcc.c ****       (+) The clock for all peripherals is switched off, except the SRAM and FLASH.
  22:Drivers/STM32F0xx_HAL_Driver/Src/stm32f0xx_hal_rcc.c ****       (+) All GPIOs are in input floating state, except the JTAG pins which
  23:Drivers/STM32F0xx_HAL_Driver/Src/stm32f0xx_hal_rcc.c ****           are assigned to be used for debug purpose.
  24:Drivers/STM32F0xx_HAL_Driver/Src/stm32f0xx_hal_rcc.c ****     [..] Once the device started from reset, the user application has to:
  25:Drivers/STM32F0xx_HAL_Driver/Src/stm32f0xx_hal_rcc.c ****       (+) Configure the clock source to be used to drive the System clock
  26:Drivers/STM32F0xx_HAL_Driver/Src/stm32f0xx_hal_rcc.c ****           (if the application needs higher frequency/performance)
  27:Drivers/STM32F0xx_HAL_Driver/Src/stm32f0xx_hal_rcc.c ****       (+) Configure the System clock frequency and Flash settings  
  28:Drivers/STM32F0xx_HAL_Driver/Src/stm32f0xx_hal_rcc.c ****       (+) Configure the AHB and APB buses prescalers
  29:Drivers/STM32F0xx_HAL_Driver/Src/stm32f0xx_hal_rcc.c ****       (+) Enable the clock for the peripheral(s) to be used
  30:Drivers/STM32F0xx_HAL_Driver/Src/stm32f0xx_hal_rcc.c ****       (+) Configure the clock source(s) for peripherals whose clocks are not
  31:Drivers/STM32F0xx_HAL_Driver/Src/stm32f0xx_hal_rcc.c ****           derived from the System clock (RTC, ADC, I2C, USART, TIM, USB FS, etc..)
  32:Drivers/STM32F0xx_HAL_Driver/Src/stm32f0xx_hal_rcc.c **** 
ARM GAS  C:\Users\fastr\AppData\Local\Temp\ccSUdV1W.s 			page 2


  33:Drivers/STM32F0xx_HAL_Driver/Src/stm32f0xx_hal_rcc.c ****                       ##### RCC Limitations #####
  34:Drivers/STM32F0xx_HAL_Driver/Src/stm32f0xx_hal_rcc.c ****   ==============================================================================
  35:Drivers/STM32F0xx_HAL_Driver/Src/stm32f0xx_hal_rcc.c ****     [..]  
  36:Drivers/STM32F0xx_HAL_Driver/Src/stm32f0xx_hal_rcc.c ****       A delay between an RCC peripheral clock enable and the effective peripheral 
  37:Drivers/STM32F0xx_HAL_Driver/Src/stm32f0xx_hal_rcc.c ****       enabling should be taken into account in order to manage the peripheral read/write 
  38:Drivers/STM32F0xx_HAL_Driver/Src/stm32f0xx_hal_rcc.c ****       from/to registers.
  39:Drivers/STM32F0xx_HAL_Driver/Src/stm32f0xx_hal_rcc.c ****       (+) This delay depends on the peripheral mapping.
  40:Drivers/STM32F0xx_HAL_Driver/Src/stm32f0xx_hal_rcc.c ****         (++) AHB & APB peripherals, 1 dummy read is necessary
  41:Drivers/STM32F0xx_HAL_Driver/Src/stm32f0xx_hal_rcc.c **** 
  42:Drivers/STM32F0xx_HAL_Driver/Src/stm32f0xx_hal_rcc.c ****     [..]  
  43:Drivers/STM32F0xx_HAL_Driver/Src/stm32f0xx_hal_rcc.c ****       Workarounds:
  44:Drivers/STM32F0xx_HAL_Driver/Src/stm32f0xx_hal_rcc.c ****       (#) For AHB & APB peripherals, a dummy read to the peripheral register has been
  45:Drivers/STM32F0xx_HAL_Driver/Src/stm32f0xx_hal_rcc.c ****           inserted in each __HAL_RCC_PPP_CLK_ENABLE() macro.
  46:Drivers/STM32F0xx_HAL_Driver/Src/stm32f0xx_hal_rcc.c **** 
  47:Drivers/STM32F0xx_HAL_Driver/Src/stm32f0xx_hal_rcc.c ****   @endverbatim
  48:Drivers/STM32F0xx_HAL_Driver/Src/stm32f0xx_hal_rcc.c ****   ******************************************************************************
  49:Drivers/STM32F0xx_HAL_Driver/Src/stm32f0xx_hal_rcc.c ****   * @attention
  50:Drivers/STM32F0xx_HAL_Driver/Src/stm32f0xx_hal_rcc.c ****   *
  51:Drivers/STM32F0xx_HAL_Driver/Src/stm32f0xx_hal_rcc.c ****   * Copyright (c) 2016 STMicroelectronics.
  52:Drivers/STM32F0xx_HAL_Driver/Src/stm32f0xx_hal_rcc.c ****   * All rights reserved.
  53:Drivers/STM32F0xx_HAL_Driver/Src/stm32f0xx_hal_rcc.c ****   *
  54:Drivers/STM32F0xx_HAL_Driver/Src/stm32f0xx_hal_rcc.c ****   * This software is licensed under terms that can be found in the LICENSE file in
  55:Drivers/STM32F0xx_HAL_Driver/Src/stm32f0xx_hal_rcc.c ****   * the root directory of this software component.
  56:Drivers/STM32F0xx_HAL_Driver/Src/stm32f0xx_hal_rcc.c ****   * If no LICENSE file comes with this software, it is provided AS-IS.
  57:Drivers/STM32F0xx_HAL_Driver/Src/stm32f0xx_hal_rcc.c ****   ******************************************************************************
  58:Drivers/STM32F0xx_HAL_Driver/Src/stm32f0xx_hal_rcc.c ****   */
  59:Drivers/STM32F0xx_HAL_Driver/Src/stm32f0xx_hal_rcc.c **** 
  60:Drivers/STM32F0xx_HAL_Driver/Src/stm32f0xx_hal_rcc.c **** /* Includes ------------------------------------------------------------------*/
  61:Drivers/STM32F0xx_HAL_Driver/Src/stm32f0xx_hal_rcc.c **** #include "stm32f0xx_hal.h"
  62:Drivers/STM32F0xx_HAL_Driver/Src/stm32f0xx_hal_rcc.c **** 
  63:Drivers/STM32F0xx_HAL_Driver/Src/stm32f0xx_hal_rcc.c **** /** @addtogroup STM32F0xx_HAL_Driver
  64:Drivers/STM32F0xx_HAL_Driver/Src/stm32f0xx_hal_rcc.c ****   * @{
  65:Drivers/STM32F0xx_HAL_Driver/Src/stm32f0xx_hal_rcc.c ****   */
  66:Drivers/STM32F0xx_HAL_Driver/Src/stm32f0xx_hal_rcc.c **** 
  67:Drivers/STM32F0xx_HAL_Driver/Src/stm32f0xx_hal_rcc.c **** /** @defgroup RCC RCC
  68:Drivers/STM32F0xx_HAL_Driver/Src/stm32f0xx_hal_rcc.c **** * @brief RCC HAL module driver
  69:Drivers/STM32F0xx_HAL_Driver/Src/stm32f0xx_hal_rcc.c ****   * @{
  70:Drivers/STM32F0xx_HAL_Driver/Src/stm32f0xx_hal_rcc.c ****   */
  71:Drivers/STM32F0xx_HAL_Driver/Src/stm32f0xx_hal_rcc.c **** 
  72:Drivers/STM32F0xx_HAL_Driver/Src/stm32f0xx_hal_rcc.c **** #ifdef HAL_RCC_MODULE_ENABLED
  73:Drivers/STM32F0xx_HAL_Driver/Src/stm32f0xx_hal_rcc.c **** 
  74:Drivers/STM32F0xx_HAL_Driver/Src/stm32f0xx_hal_rcc.c **** /* Private typedef -----------------------------------------------------------*/
  75:Drivers/STM32F0xx_HAL_Driver/Src/stm32f0xx_hal_rcc.c **** /* Private define ------------------------------------------------------------*/
  76:Drivers/STM32F0xx_HAL_Driver/Src/stm32f0xx_hal_rcc.c **** /** @defgroup RCC_Private_Constants RCC Private Constants
  77:Drivers/STM32F0xx_HAL_Driver/Src/stm32f0xx_hal_rcc.c ****  * @{
  78:Drivers/STM32F0xx_HAL_Driver/Src/stm32f0xx_hal_rcc.c ****  */
  79:Drivers/STM32F0xx_HAL_Driver/Src/stm32f0xx_hal_rcc.c **** /**
  80:Drivers/STM32F0xx_HAL_Driver/Src/stm32f0xx_hal_rcc.c ****   * @}
  81:Drivers/STM32F0xx_HAL_Driver/Src/stm32f0xx_hal_rcc.c ****   */
  82:Drivers/STM32F0xx_HAL_Driver/Src/stm32f0xx_hal_rcc.c **** /* Private macro -------------------------------------------------------------*/
  83:Drivers/STM32F0xx_HAL_Driver/Src/stm32f0xx_hal_rcc.c **** /** @defgroup RCC_Private_Macros RCC Private Macros
  84:Drivers/STM32F0xx_HAL_Driver/Src/stm32f0xx_hal_rcc.c ****   * @{
  85:Drivers/STM32F0xx_HAL_Driver/Src/stm32f0xx_hal_rcc.c ****   */
  86:Drivers/STM32F0xx_HAL_Driver/Src/stm32f0xx_hal_rcc.c **** 
  87:Drivers/STM32F0xx_HAL_Driver/Src/stm32f0xx_hal_rcc.c **** #define MCO1_CLK_ENABLE()     __HAL_RCC_GPIOA_CLK_ENABLE()
  88:Drivers/STM32F0xx_HAL_Driver/Src/stm32f0xx_hal_rcc.c **** #define MCO1_GPIO_PORT        GPIOA
  89:Drivers/STM32F0xx_HAL_Driver/Src/stm32f0xx_hal_rcc.c **** #define MCO1_PIN              GPIO_PIN_8
ARM GAS  C:\Users\fastr\AppData\Local\Temp\ccSUdV1W.s 			page 3


  90:Drivers/STM32F0xx_HAL_Driver/Src/stm32f0xx_hal_rcc.c **** 
  91:Drivers/STM32F0xx_HAL_Driver/Src/stm32f0xx_hal_rcc.c **** /**
  92:Drivers/STM32F0xx_HAL_Driver/Src/stm32f0xx_hal_rcc.c ****   * @}
  93:Drivers/STM32F0xx_HAL_Driver/Src/stm32f0xx_hal_rcc.c ****   */
  94:Drivers/STM32F0xx_HAL_Driver/Src/stm32f0xx_hal_rcc.c **** 
  95:Drivers/STM32F0xx_HAL_Driver/Src/stm32f0xx_hal_rcc.c **** /* Private variables ---------------------------------------------------------*/
  96:Drivers/STM32F0xx_HAL_Driver/Src/stm32f0xx_hal_rcc.c **** /** @defgroup RCC_Private_Variables RCC Private Variables
  97:Drivers/STM32F0xx_HAL_Driver/Src/stm32f0xx_hal_rcc.c ****   * @{
  98:Drivers/STM32F0xx_HAL_Driver/Src/stm32f0xx_hal_rcc.c ****   */
  99:Drivers/STM32F0xx_HAL_Driver/Src/stm32f0xx_hal_rcc.c **** /**
 100:Drivers/STM32F0xx_HAL_Driver/Src/stm32f0xx_hal_rcc.c ****   * @}
 101:Drivers/STM32F0xx_HAL_Driver/Src/stm32f0xx_hal_rcc.c ****   */
 102:Drivers/STM32F0xx_HAL_Driver/Src/stm32f0xx_hal_rcc.c **** 
 103:Drivers/STM32F0xx_HAL_Driver/Src/stm32f0xx_hal_rcc.c **** /* Private function prototypes -----------------------------------------------*/
 104:Drivers/STM32F0xx_HAL_Driver/Src/stm32f0xx_hal_rcc.c **** /* Exported functions ---------------------------------------------------------*/
 105:Drivers/STM32F0xx_HAL_Driver/Src/stm32f0xx_hal_rcc.c **** 
 106:Drivers/STM32F0xx_HAL_Driver/Src/stm32f0xx_hal_rcc.c **** /** @defgroup RCC_Exported_Functions RCC Exported Functions
 107:Drivers/STM32F0xx_HAL_Driver/Src/stm32f0xx_hal_rcc.c ****   * @{
 108:Drivers/STM32F0xx_HAL_Driver/Src/stm32f0xx_hal_rcc.c ****   */
 109:Drivers/STM32F0xx_HAL_Driver/Src/stm32f0xx_hal_rcc.c **** 
 110:Drivers/STM32F0xx_HAL_Driver/Src/stm32f0xx_hal_rcc.c **** /** @defgroup RCC_Exported_Functions_Group1 Initialization and de-initialization functions 
 111:Drivers/STM32F0xx_HAL_Driver/Src/stm32f0xx_hal_rcc.c ****   *  @brief    Initialization and Configuration functions 
 112:Drivers/STM32F0xx_HAL_Driver/Src/stm32f0xx_hal_rcc.c ****   *
 113:Drivers/STM32F0xx_HAL_Driver/Src/stm32f0xx_hal_rcc.c ****   @verbatim    
 114:Drivers/STM32F0xx_HAL_Driver/Src/stm32f0xx_hal_rcc.c ****   ===============================================================================
 115:Drivers/STM32F0xx_HAL_Driver/Src/stm32f0xx_hal_rcc.c ****            ##### Initialization and de-initialization functions #####
 116:Drivers/STM32F0xx_HAL_Driver/Src/stm32f0xx_hal_rcc.c ****   ===============================================================================
 117:Drivers/STM32F0xx_HAL_Driver/Src/stm32f0xx_hal_rcc.c ****     [..]
 118:Drivers/STM32F0xx_HAL_Driver/Src/stm32f0xx_hal_rcc.c ****       This section provides functions allowing to configure the internal/external oscillators
 119:Drivers/STM32F0xx_HAL_Driver/Src/stm32f0xx_hal_rcc.c ****       (HSE, HSI, HSI14, HSI48, LSE, LSI, PLL, CSS and MCO) and the System buses clocks (SYSCLK, 
 120:Drivers/STM32F0xx_HAL_Driver/Src/stm32f0xx_hal_rcc.c ****       AHB and APB1).
 121:Drivers/STM32F0xx_HAL_Driver/Src/stm32f0xx_hal_rcc.c **** 
 122:Drivers/STM32F0xx_HAL_Driver/Src/stm32f0xx_hal_rcc.c ****     [..] Internal/external clock and PLL configuration
 123:Drivers/STM32F0xx_HAL_Driver/Src/stm32f0xx_hal_rcc.c ****       (#) HSI (high-speed internal), 8 MHz factory-trimmed RC used directly or through
 124:Drivers/STM32F0xx_HAL_Driver/Src/stm32f0xx_hal_rcc.c ****           the PLL as System clock source.
 125:Drivers/STM32F0xx_HAL_Driver/Src/stm32f0xx_hal_rcc.c ****           The HSI clock can be used also to clock the USART and I2C peripherals.
 126:Drivers/STM32F0xx_HAL_Driver/Src/stm32f0xx_hal_rcc.c **** 
 127:Drivers/STM32F0xx_HAL_Driver/Src/stm32f0xx_hal_rcc.c ****       (#) HSI14 (high-speed internal), 14 MHz factory-trimmed RC used directly to clock 
 128:Drivers/STM32F0xx_HAL_Driver/Src/stm32f0xx_hal_rcc.c ****           the ADC peripheral.
 129:Drivers/STM32F0xx_HAL_Driver/Src/stm32f0xx_hal_rcc.c **** 
 130:Drivers/STM32F0xx_HAL_Driver/Src/stm32f0xx_hal_rcc.c ****       (#) LSI (low-speed internal), ~40 KHz low consumption RC used as IWDG and/or RTC
 131:Drivers/STM32F0xx_HAL_Driver/Src/stm32f0xx_hal_rcc.c ****           clock source.
 132:Drivers/STM32F0xx_HAL_Driver/Src/stm32f0xx_hal_rcc.c **** 
 133:Drivers/STM32F0xx_HAL_Driver/Src/stm32f0xx_hal_rcc.c ****       (#) HSE (high-speed external), 4 to 32 MHz crystal oscillator used directly or
 134:Drivers/STM32F0xx_HAL_Driver/Src/stm32f0xx_hal_rcc.c ****           through the PLL as System clock source. Can be used also as RTC clock source.
 135:Drivers/STM32F0xx_HAL_Driver/Src/stm32f0xx_hal_rcc.c **** 
 136:Drivers/STM32F0xx_HAL_Driver/Src/stm32f0xx_hal_rcc.c ****       (#) LSE (low-speed external), 32 KHz oscillator used as RTC clock source.   
 137:Drivers/STM32F0xx_HAL_Driver/Src/stm32f0xx_hal_rcc.c **** 
 138:Drivers/STM32F0xx_HAL_Driver/Src/stm32f0xx_hal_rcc.c ****       (#) PLL (clocked by HSI, HSI48 or HSE), featuring different output clocks:
 139:Drivers/STM32F0xx_HAL_Driver/Src/stm32f0xx_hal_rcc.c ****        (++) The first output is used to generate the high speed system clock (up to 48 MHz)
 140:Drivers/STM32F0xx_HAL_Driver/Src/stm32f0xx_hal_rcc.c ****        (++) The second output is used to generate the clock for the USB FS (48 MHz)
 141:Drivers/STM32F0xx_HAL_Driver/Src/stm32f0xx_hal_rcc.c ****        (++) The third output may be used to generate the clock for the TIM, I2C and USART 
 142:Drivers/STM32F0xx_HAL_Driver/Src/stm32f0xx_hal_rcc.c ****             peripherals (up to 48 MHz)
 143:Drivers/STM32F0xx_HAL_Driver/Src/stm32f0xx_hal_rcc.c **** 
 144:Drivers/STM32F0xx_HAL_Driver/Src/stm32f0xx_hal_rcc.c ****       (#) CSS (Clock security system), once enable using the macro __HAL_RCC_CSS_ENABLE()
 145:Drivers/STM32F0xx_HAL_Driver/Src/stm32f0xx_hal_rcc.c ****           and if a HSE clock failure occurs(HSE used directly or through PLL as System 
 146:Drivers/STM32F0xx_HAL_Driver/Src/stm32f0xx_hal_rcc.c ****           clock source), the System clocks automatically switched to HSI and an interrupt
ARM GAS  C:\Users\fastr\AppData\Local\Temp\ccSUdV1W.s 			page 4


 147:Drivers/STM32F0xx_HAL_Driver/Src/stm32f0xx_hal_rcc.c ****           is generated if enabled. The interrupt is linked to the Cortex-M0 NMI 
 148:Drivers/STM32F0xx_HAL_Driver/Src/stm32f0xx_hal_rcc.c ****           (Non-Maskable Interrupt) exception vector.   
 149:Drivers/STM32F0xx_HAL_Driver/Src/stm32f0xx_hal_rcc.c **** 
 150:Drivers/STM32F0xx_HAL_Driver/Src/stm32f0xx_hal_rcc.c ****       (#) MCO (microcontroller clock output), used to output SYSCLK, HSI, HSE, LSI, LSE or PLL
 151:Drivers/STM32F0xx_HAL_Driver/Src/stm32f0xx_hal_rcc.c ****           clock (divided by 2) output on pin (such as PA8 pin).
 152:Drivers/STM32F0xx_HAL_Driver/Src/stm32f0xx_hal_rcc.c **** 
 153:Drivers/STM32F0xx_HAL_Driver/Src/stm32f0xx_hal_rcc.c ****     [..] System, AHB and APB buses clocks configuration
 154:Drivers/STM32F0xx_HAL_Driver/Src/stm32f0xx_hal_rcc.c ****       (#) Several clock sources can be used to drive the System clock (SYSCLK): HSI,
 155:Drivers/STM32F0xx_HAL_Driver/Src/stm32f0xx_hal_rcc.c ****           HSE and PLL.
 156:Drivers/STM32F0xx_HAL_Driver/Src/stm32f0xx_hal_rcc.c ****           The AHB clock (HCLK) is derived from System clock through configurable
 157:Drivers/STM32F0xx_HAL_Driver/Src/stm32f0xx_hal_rcc.c ****           prescaler and used to clock the CPU, memory and peripherals mapped
 158:Drivers/STM32F0xx_HAL_Driver/Src/stm32f0xx_hal_rcc.c ****           on AHB bus (DMA, GPIO...). APB1 (PCLK1) clock is derived
 159:Drivers/STM32F0xx_HAL_Driver/Src/stm32f0xx_hal_rcc.c ****           from AHB clock through configurable prescalers and used to clock
 160:Drivers/STM32F0xx_HAL_Driver/Src/stm32f0xx_hal_rcc.c ****           the peripherals mapped on these buses. You can use
 161:Drivers/STM32F0xx_HAL_Driver/Src/stm32f0xx_hal_rcc.c ****           "HAL_RCC_GetSysClockFreq()" function to retrieve the frequencies of these clocks.
 162:Drivers/STM32F0xx_HAL_Driver/Src/stm32f0xx_hal_rcc.c **** 
 163:Drivers/STM32F0xx_HAL_Driver/Src/stm32f0xx_hal_rcc.c ****       (#) All the peripheral clocks are derived from the System clock (SYSCLK) except:
 164:Drivers/STM32F0xx_HAL_Driver/Src/stm32f0xx_hal_rcc.c ****         (++) The FLASH program/erase clock  which is always HSI 8MHz clock.
 165:Drivers/STM32F0xx_HAL_Driver/Src/stm32f0xx_hal_rcc.c ****         (++) The USB 48 MHz clock which is derived from the PLL VCO clock.
 166:Drivers/STM32F0xx_HAL_Driver/Src/stm32f0xx_hal_rcc.c ****         (++) The USART clock which can be derived as well from HSI 8MHz, LSI or LSE.
 167:Drivers/STM32F0xx_HAL_Driver/Src/stm32f0xx_hal_rcc.c ****         (++) The I2C clock which can be derived as well from HSI 8MHz clock.
 168:Drivers/STM32F0xx_HAL_Driver/Src/stm32f0xx_hal_rcc.c ****         (++) The ADC clock which is derived from PLL output.
 169:Drivers/STM32F0xx_HAL_Driver/Src/stm32f0xx_hal_rcc.c ****         (++) The RTC clock which is derived from the LSE, LSI or 1 MHz HSE_RTC
 170:Drivers/STM32F0xx_HAL_Driver/Src/stm32f0xx_hal_rcc.c ****              (HSE divided by a programmable prescaler). The System clock (SYSCLK)
 171:Drivers/STM32F0xx_HAL_Driver/Src/stm32f0xx_hal_rcc.c ****              frequency must be higher or equal to the RTC clock frequency.
 172:Drivers/STM32F0xx_HAL_Driver/Src/stm32f0xx_hal_rcc.c ****         (++) IWDG clock which is always the LSI clock.
 173:Drivers/STM32F0xx_HAL_Driver/Src/stm32f0xx_hal_rcc.c **** 
 174:Drivers/STM32F0xx_HAL_Driver/Src/stm32f0xx_hal_rcc.c ****       (#) For the STM32F0xx devices, the maximum frequency of the SYSCLK, HCLK and PCLK1 is 48 MHz,
 175:Drivers/STM32F0xx_HAL_Driver/Src/stm32f0xx_hal_rcc.c ****           Depending on the SYSCLK frequency, the flash latency should be adapted accordingly.
 176:Drivers/STM32F0xx_HAL_Driver/Src/stm32f0xx_hal_rcc.c **** 
 177:Drivers/STM32F0xx_HAL_Driver/Src/stm32f0xx_hal_rcc.c ****       (#) After reset, the System clock source is the HSI (8 MHz) with 0 WS and
 178:Drivers/STM32F0xx_HAL_Driver/Src/stm32f0xx_hal_rcc.c ****           prefetch is disabled.
 179:Drivers/STM32F0xx_HAL_Driver/Src/stm32f0xx_hal_rcc.c ****   @endverbatim
 180:Drivers/STM32F0xx_HAL_Driver/Src/stm32f0xx_hal_rcc.c ****   * @{
 181:Drivers/STM32F0xx_HAL_Driver/Src/stm32f0xx_hal_rcc.c ****   */
 182:Drivers/STM32F0xx_HAL_Driver/Src/stm32f0xx_hal_rcc.c ****   
 183:Drivers/STM32F0xx_HAL_Driver/Src/stm32f0xx_hal_rcc.c **** /*
 184:Drivers/STM32F0xx_HAL_Driver/Src/stm32f0xx_hal_rcc.c ****   Additional consideration on the SYSCLK based on Latency settings:
 185:Drivers/STM32F0xx_HAL_Driver/Src/stm32f0xx_hal_rcc.c ****           +-----------------------------------------------+
 186:Drivers/STM32F0xx_HAL_Driver/Src/stm32f0xx_hal_rcc.c ****           | Latency       | SYSCLK clock frequency (MHz)  |
 187:Drivers/STM32F0xx_HAL_Driver/Src/stm32f0xx_hal_rcc.c ****           |---------------|-------------------------------|
 188:Drivers/STM32F0xx_HAL_Driver/Src/stm32f0xx_hal_rcc.c ****           |0WS(1CPU cycle)|       0 < SYSCLK <= 24        |
 189:Drivers/STM32F0xx_HAL_Driver/Src/stm32f0xx_hal_rcc.c ****           |---------------|-------------------------------|
 190:Drivers/STM32F0xx_HAL_Driver/Src/stm32f0xx_hal_rcc.c ****           |1WS(2CPU cycle)|      24 < SYSCLK <= 48        |
 191:Drivers/STM32F0xx_HAL_Driver/Src/stm32f0xx_hal_rcc.c ****           +-----------------------------------------------+
 192:Drivers/STM32F0xx_HAL_Driver/Src/stm32f0xx_hal_rcc.c ****   */
 193:Drivers/STM32F0xx_HAL_Driver/Src/stm32f0xx_hal_rcc.c **** 
 194:Drivers/STM32F0xx_HAL_Driver/Src/stm32f0xx_hal_rcc.c **** /**
 195:Drivers/STM32F0xx_HAL_Driver/Src/stm32f0xx_hal_rcc.c ****   * @brief  Resets the RCC clock configuration to the default reset state.
 196:Drivers/STM32F0xx_HAL_Driver/Src/stm32f0xx_hal_rcc.c ****   * @note   The default reset state of the clock configuration is given below:
 197:Drivers/STM32F0xx_HAL_Driver/Src/stm32f0xx_hal_rcc.c ****   *            - HSI ON and used as system clock source
 198:Drivers/STM32F0xx_HAL_Driver/Src/stm32f0xx_hal_rcc.c ****   *            - HSE and PLL OFF
 199:Drivers/STM32F0xx_HAL_Driver/Src/stm32f0xx_hal_rcc.c ****   *            - AHB, APB1 prescaler set to 1.
 200:Drivers/STM32F0xx_HAL_Driver/Src/stm32f0xx_hal_rcc.c ****   *            - CSS and MCO1 OFF
 201:Drivers/STM32F0xx_HAL_Driver/Src/stm32f0xx_hal_rcc.c ****   *            - All interrupts disabled
 202:Drivers/STM32F0xx_HAL_Driver/Src/stm32f0xx_hal_rcc.c ****   *            - All interrupt and reset flags cleared
 203:Drivers/STM32F0xx_HAL_Driver/Src/stm32f0xx_hal_rcc.c ****   * @note   This function does not modify the configuration of the
ARM GAS  C:\Users\fastr\AppData\Local\Temp\ccSUdV1W.s 			page 5


 204:Drivers/STM32F0xx_HAL_Driver/Src/stm32f0xx_hal_rcc.c ****   *            - Peripheral clocks
 205:Drivers/STM32F0xx_HAL_Driver/Src/stm32f0xx_hal_rcc.c ****   *            - LSI, LSE and RTC clocks
 206:Drivers/STM32F0xx_HAL_Driver/Src/stm32f0xx_hal_rcc.c ****   * @retval HAL status
 207:Drivers/STM32F0xx_HAL_Driver/Src/stm32f0xx_hal_rcc.c ****   */
 208:Drivers/STM32F0xx_HAL_Driver/Src/stm32f0xx_hal_rcc.c **** HAL_StatusTypeDef HAL_RCC_DeInit(void)
 209:Drivers/STM32F0xx_HAL_Driver/Src/stm32f0xx_hal_rcc.c **** {
  27              		.loc 1 209 1 view -0
  28              		.cfi_startproc
  29              		@ args = 0, pretend = 0, frame = 0
  30              		@ frame_needed = 0, uses_anonymous_args = 0
  31 0000 70B5     		push	{r4, r5, r6, lr}
  32              		.cfi_def_cfa_offset 16
  33              		.cfi_offset 4, -16
  34              		.cfi_offset 5, -12
  35              		.cfi_offset 6, -8
  36              		.cfi_offset 14, -4
 210:Drivers/STM32F0xx_HAL_Driver/Src/stm32f0xx_hal_rcc.c ****   uint32_t tickstart;
  37              		.loc 1 210 3 view .LVU1
 211:Drivers/STM32F0xx_HAL_Driver/Src/stm32f0xx_hal_rcc.c **** 
 212:Drivers/STM32F0xx_HAL_Driver/Src/stm32f0xx_hal_rcc.c ****   /* Get Start Tick*/
 213:Drivers/STM32F0xx_HAL_Driver/Src/stm32f0xx_hal_rcc.c ****   tickstart = HAL_GetTick();
  38              		.loc 1 213 3 view .LVU2
  39              		.loc 1 213 15 is_stmt 0 view .LVU3
  40 0002 FFF7FEFF 		bl	HAL_GetTick
  41              	.LVL0:
  42 0006 0400     		movs	r4, r0
  43              	.LVL1:
 214:Drivers/STM32F0xx_HAL_Driver/Src/stm32f0xx_hal_rcc.c ****   
 215:Drivers/STM32F0xx_HAL_Driver/Src/stm32f0xx_hal_rcc.c ****   /* Set HSION bit, HSITRIM[4:0] bits to the reset value*/
 216:Drivers/STM32F0xx_HAL_Driver/Src/stm32f0xx_hal_rcc.c ****   SET_BIT(RCC->CR, RCC_CR_HSION | RCC_CR_HSITRIM_4); 
  44              		.loc 1 216 3 is_stmt 1 view .LVU4
  45 0008 284A     		ldr	r2, .L17
  46 000a 1368     		ldr	r3, [r2]
  47 000c 8121     		movs	r1, #129
  48 000e 0B43     		orrs	r3, r1
  49 0010 1360     		str	r3, [r2]
 217:Drivers/STM32F0xx_HAL_Driver/Src/stm32f0xx_hal_rcc.c **** 
 218:Drivers/STM32F0xx_HAL_Driver/Src/stm32f0xx_hal_rcc.c ****   /* Wait till HSI is ready */
 219:Drivers/STM32F0xx_HAL_Driver/Src/stm32f0xx_hal_rcc.c ****   while (READ_BIT(RCC->CR, RCC_CR_HSIRDY) == RESET)
  50              		.loc 1 219 3 view .LVU5
  51              	.LVL2:
  52              	.L2:
  53              		.loc 1 219 43 view .LVU6
  54              		.loc 1 219 10 is_stmt 0 view .LVU7
  55 0012 264B     		ldr	r3, .L17
  56 0014 1B68     		ldr	r3, [r3]
  57              		.loc 1 219 43 view .LVU8
  58 0016 9B07     		lsls	r3, r3, #30
  59 0018 07D4     		bmi	.L13
 220:Drivers/STM32F0xx_HAL_Driver/Src/stm32f0xx_hal_rcc.c ****   {
 221:Drivers/STM32F0xx_HAL_Driver/Src/stm32f0xx_hal_rcc.c ****     if ((HAL_GetTick() - tickstart) > HSI_TIMEOUT_VALUE)
  60              		.loc 1 221 5 is_stmt 1 view .LVU9
  61              		.loc 1 221 10 is_stmt 0 view .LVU10
  62 001a FFF7FEFF 		bl	HAL_GetTick
  63              	.LVL3:
  64              		.loc 1 221 24 discriminator 1 view .LVU11
  65 001e 001B     		subs	r0, r0, r4
ARM GAS  C:\Users\fastr\AppData\Local\Temp\ccSUdV1W.s 			page 6


  66              		.loc 1 221 8 discriminator 1 view .LVU12
  67 0020 0228     		cmp	r0, #2
  68 0022 F6D9     		bls	.L2
 222:Drivers/STM32F0xx_HAL_Driver/Src/stm32f0xx_hal_rcc.c ****     {
 223:Drivers/STM32F0xx_HAL_Driver/Src/stm32f0xx_hal_rcc.c ****       return HAL_TIMEOUT;
  69              		.loc 1 223 14 view .LVU13
  70 0024 0324     		movs	r4, #3
  71              	.LVL4:
  72              	.L3:
 224:Drivers/STM32F0xx_HAL_Driver/Src/stm32f0xx_hal_rcc.c ****     }
 225:Drivers/STM32F0xx_HAL_Driver/Src/stm32f0xx_hal_rcc.c ****   }
 226:Drivers/STM32F0xx_HAL_Driver/Src/stm32f0xx_hal_rcc.c **** 
 227:Drivers/STM32F0xx_HAL_Driver/Src/stm32f0xx_hal_rcc.c ****   /* Reset SW[1:0], HPRE[3:0], PPRE[2:0] and MCOSEL[2:0] bits */
 228:Drivers/STM32F0xx_HAL_Driver/Src/stm32f0xx_hal_rcc.c ****   CLEAR_BIT(RCC->CFGR, RCC_CFGR_SW | RCC_CFGR_HPRE | RCC_CFGR_PPRE | RCC_CFGR_MCO);
 229:Drivers/STM32F0xx_HAL_Driver/Src/stm32f0xx_hal_rcc.c **** 
 230:Drivers/STM32F0xx_HAL_Driver/Src/stm32f0xx_hal_rcc.c ****   /* Wait till HSI as SYSCLK status is enabled */
 231:Drivers/STM32F0xx_HAL_Driver/Src/stm32f0xx_hal_rcc.c ****   while (READ_BIT(RCC->CFGR, RCC_CFGR_SWS) != RESET)
 232:Drivers/STM32F0xx_HAL_Driver/Src/stm32f0xx_hal_rcc.c ****   {
 233:Drivers/STM32F0xx_HAL_Driver/Src/stm32f0xx_hal_rcc.c ****     if ((HAL_GetTick() - tickstart) > CLOCKSWITCH_TIMEOUT_VALUE)
 234:Drivers/STM32F0xx_HAL_Driver/Src/stm32f0xx_hal_rcc.c ****     {
 235:Drivers/STM32F0xx_HAL_Driver/Src/stm32f0xx_hal_rcc.c ****       return HAL_TIMEOUT;
 236:Drivers/STM32F0xx_HAL_Driver/Src/stm32f0xx_hal_rcc.c ****     }
 237:Drivers/STM32F0xx_HAL_Driver/Src/stm32f0xx_hal_rcc.c ****   }
 238:Drivers/STM32F0xx_HAL_Driver/Src/stm32f0xx_hal_rcc.c **** 
 239:Drivers/STM32F0xx_HAL_Driver/Src/stm32f0xx_hal_rcc.c ****   /* Update the SystemCoreClock global variable for HSI as system clock source */
 240:Drivers/STM32F0xx_HAL_Driver/Src/stm32f0xx_hal_rcc.c ****   SystemCoreClock = HSI_VALUE;
 241:Drivers/STM32F0xx_HAL_Driver/Src/stm32f0xx_hal_rcc.c **** 
 242:Drivers/STM32F0xx_HAL_Driver/Src/stm32f0xx_hal_rcc.c ****   /* Adapt Systick interrupt period */
 243:Drivers/STM32F0xx_HAL_Driver/Src/stm32f0xx_hal_rcc.c ****   if (HAL_InitTick(uwTickPrio) != HAL_OK)
 244:Drivers/STM32F0xx_HAL_Driver/Src/stm32f0xx_hal_rcc.c ****   {
 245:Drivers/STM32F0xx_HAL_Driver/Src/stm32f0xx_hal_rcc.c ****     return HAL_ERROR;
 246:Drivers/STM32F0xx_HAL_Driver/Src/stm32f0xx_hal_rcc.c ****   }
 247:Drivers/STM32F0xx_HAL_Driver/Src/stm32f0xx_hal_rcc.c **** 
 248:Drivers/STM32F0xx_HAL_Driver/Src/stm32f0xx_hal_rcc.c ****   /* Reset HSEON, CSSON, PLLON bits */
 249:Drivers/STM32F0xx_HAL_Driver/Src/stm32f0xx_hal_rcc.c ****   CLEAR_BIT(RCC->CR, RCC_CR_PLLON | RCC_CR_CSSON | RCC_CR_HSEON);
 250:Drivers/STM32F0xx_HAL_Driver/Src/stm32f0xx_hal_rcc.c ****   
 251:Drivers/STM32F0xx_HAL_Driver/Src/stm32f0xx_hal_rcc.c ****   /* Reset HSEBYP bit */
 252:Drivers/STM32F0xx_HAL_Driver/Src/stm32f0xx_hal_rcc.c ****   CLEAR_BIT(RCC->CR, RCC_CR_HSEBYP);
 253:Drivers/STM32F0xx_HAL_Driver/Src/stm32f0xx_hal_rcc.c **** 
 254:Drivers/STM32F0xx_HAL_Driver/Src/stm32f0xx_hal_rcc.c ****   /* Get start tick */
 255:Drivers/STM32F0xx_HAL_Driver/Src/stm32f0xx_hal_rcc.c ****   tickstart = HAL_GetTick();
 256:Drivers/STM32F0xx_HAL_Driver/Src/stm32f0xx_hal_rcc.c ****   
 257:Drivers/STM32F0xx_HAL_Driver/Src/stm32f0xx_hal_rcc.c ****   /* Wait till PLLRDY is cleared */
 258:Drivers/STM32F0xx_HAL_Driver/Src/stm32f0xx_hal_rcc.c ****   while(READ_BIT(RCC->CR, RCC_CR_PLLRDY) != RESET)
 259:Drivers/STM32F0xx_HAL_Driver/Src/stm32f0xx_hal_rcc.c ****   {
 260:Drivers/STM32F0xx_HAL_Driver/Src/stm32f0xx_hal_rcc.c ****     if((HAL_GetTick() - tickstart) > PLL_TIMEOUT_VALUE)
 261:Drivers/STM32F0xx_HAL_Driver/Src/stm32f0xx_hal_rcc.c ****     {
 262:Drivers/STM32F0xx_HAL_Driver/Src/stm32f0xx_hal_rcc.c ****       return HAL_TIMEOUT;
 263:Drivers/STM32F0xx_HAL_Driver/Src/stm32f0xx_hal_rcc.c ****     }
 264:Drivers/STM32F0xx_HAL_Driver/Src/stm32f0xx_hal_rcc.c ****   }
 265:Drivers/STM32F0xx_HAL_Driver/Src/stm32f0xx_hal_rcc.c **** 
 266:Drivers/STM32F0xx_HAL_Driver/Src/stm32f0xx_hal_rcc.c ****   /* Reset CFGR register */
 267:Drivers/STM32F0xx_HAL_Driver/Src/stm32f0xx_hal_rcc.c ****   CLEAR_REG(RCC->CFGR);
 268:Drivers/STM32F0xx_HAL_Driver/Src/stm32f0xx_hal_rcc.c **** 
 269:Drivers/STM32F0xx_HAL_Driver/Src/stm32f0xx_hal_rcc.c ****   /* Reset CFGR2 register */
 270:Drivers/STM32F0xx_HAL_Driver/Src/stm32f0xx_hal_rcc.c ****   CLEAR_REG(RCC->CFGR2);
 271:Drivers/STM32F0xx_HAL_Driver/Src/stm32f0xx_hal_rcc.c **** 
ARM GAS  C:\Users\fastr\AppData\Local\Temp\ccSUdV1W.s 			page 7


 272:Drivers/STM32F0xx_HAL_Driver/Src/stm32f0xx_hal_rcc.c ****   /* Reset CFGR3 register */
 273:Drivers/STM32F0xx_HAL_Driver/Src/stm32f0xx_hal_rcc.c ****   CLEAR_REG(RCC->CFGR3);
 274:Drivers/STM32F0xx_HAL_Driver/Src/stm32f0xx_hal_rcc.c **** 
 275:Drivers/STM32F0xx_HAL_Driver/Src/stm32f0xx_hal_rcc.c ****   /* Disable all interrupts */
 276:Drivers/STM32F0xx_HAL_Driver/Src/stm32f0xx_hal_rcc.c ****   CLEAR_REG(RCC->CIR);
 277:Drivers/STM32F0xx_HAL_Driver/Src/stm32f0xx_hal_rcc.c **** 
 278:Drivers/STM32F0xx_HAL_Driver/Src/stm32f0xx_hal_rcc.c ****   /* Clear all reset flags */
 279:Drivers/STM32F0xx_HAL_Driver/Src/stm32f0xx_hal_rcc.c ****   __HAL_RCC_CLEAR_RESET_FLAGS();
 280:Drivers/STM32F0xx_HAL_Driver/Src/stm32f0xx_hal_rcc.c **** 
 281:Drivers/STM32F0xx_HAL_Driver/Src/stm32f0xx_hal_rcc.c ****   return HAL_OK;
 282:Drivers/STM32F0xx_HAL_Driver/Src/stm32f0xx_hal_rcc.c **** }
  73              		.loc 1 282 1 view .LVU14
  74 0026 2000     		movs	r0, r4
  75              		@ sp needed
  76 0028 70BD     		pop	{r4, r5, r6, pc}
  77              	.LVL5:
  78              	.L13:
 228:Drivers/STM32F0xx_HAL_Driver/Src/stm32f0xx_hal_rcc.c **** 
  79              		.loc 1 228 3 is_stmt 1 view .LVU15
  80 002a 204A     		ldr	r2, .L17
  81 002c 5368     		ldr	r3, [r2, #4]
  82 002e 2049     		ldr	r1, .L17+4
  83 0030 0B40     		ands	r3, r1
  84 0032 5360     		str	r3, [r2, #4]
 231:Drivers/STM32F0xx_HAL_Driver/Src/stm32f0xx_hal_rcc.c ****   {
  85              		.loc 1 231 3 view .LVU16
  86              	.L5:
 231:Drivers/STM32F0xx_HAL_Driver/Src/stm32f0xx_hal_rcc.c ****   {
  87              		.loc 1 231 44 view .LVU17
 231:Drivers/STM32F0xx_HAL_Driver/Src/stm32f0xx_hal_rcc.c ****   {
  88              		.loc 1 231 10 is_stmt 0 view .LVU18
  89 0034 1D4B     		ldr	r3, .L17
  90 0036 5B68     		ldr	r3, [r3, #4]
  91 0038 0C22     		movs	r2, #12
 231:Drivers/STM32F0xx_HAL_Driver/Src/stm32f0xx_hal_rcc.c ****   {
  92              		.loc 1 231 44 view .LVU19
  93 003a 1A42     		tst	r2, r3
  94 003c 07D0     		beq	.L14
 233:Drivers/STM32F0xx_HAL_Driver/Src/stm32f0xx_hal_rcc.c ****     {
  95              		.loc 1 233 5 is_stmt 1 view .LVU20
 233:Drivers/STM32F0xx_HAL_Driver/Src/stm32f0xx_hal_rcc.c ****     {
  96              		.loc 1 233 10 is_stmt 0 view .LVU21
  97 003e FFF7FEFF 		bl	HAL_GetTick
  98              	.LVL6:
 233:Drivers/STM32F0xx_HAL_Driver/Src/stm32f0xx_hal_rcc.c ****     {
  99              		.loc 1 233 24 discriminator 1 view .LVU22
 100 0042 001B     		subs	r0, r0, r4
 233:Drivers/STM32F0xx_HAL_Driver/Src/stm32f0xx_hal_rcc.c ****     {
 101              		.loc 1 233 8 discriminator 1 view .LVU23
 102 0044 1B4B     		ldr	r3, .L17+8
 103 0046 9842     		cmp	r0, r3
 104 0048 F4D9     		bls	.L5
 235:Drivers/STM32F0xx_HAL_Driver/Src/stm32f0xx_hal_rcc.c ****     }
 105              		.loc 1 235 14 view .LVU24
 106 004a 0324     		movs	r4, #3
 107              	.LVL7:
 235:Drivers/STM32F0xx_HAL_Driver/Src/stm32f0xx_hal_rcc.c ****     }
ARM GAS  C:\Users\fastr\AppData\Local\Temp\ccSUdV1W.s 			page 8


 108              		.loc 1 235 14 view .LVU25
 109 004c EBE7     		b	.L3
 110              	.LVL8:
 111              	.L14:
 240:Drivers/STM32F0xx_HAL_Driver/Src/stm32f0xx_hal_rcc.c **** 
 112              		.loc 1 240 3 is_stmt 1 view .LVU26
 240:Drivers/STM32F0xx_HAL_Driver/Src/stm32f0xx_hal_rcc.c **** 
 113              		.loc 1 240 19 is_stmt 0 view .LVU27
 114 004e 1A4B     		ldr	r3, .L17+12
 115 0050 1A4A     		ldr	r2, .L17+16
 116 0052 1A60     		str	r2, [r3]
 243:Drivers/STM32F0xx_HAL_Driver/Src/stm32f0xx_hal_rcc.c ****   {
 117              		.loc 1 243 3 is_stmt 1 view .LVU28
 243:Drivers/STM32F0xx_HAL_Driver/Src/stm32f0xx_hal_rcc.c ****   {
 118              		.loc 1 243 7 is_stmt 0 view .LVU29
 119 0054 1A4B     		ldr	r3, .L17+20
 120 0056 1868     		ldr	r0, [r3]
 121 0058 FFF7FEFF 		bl	HAL_InitTick
 122              	.LVL9:
 123 005c 041E     		subs	r4, r0, #0
 124              	.LVL10:
 243:Drivers/STM32F0xx_HAL_Driver/Src/stm32f0xx_hal_rcc.c ****   {
 125              		.loc 1 243 6 discriminator 1 view .LVU30
 126 005e 01D0     		beq	.L15
 245:Drivers/STM32F0xx_HAL_Driver/Src/stm32f0xx_hal_rcc.c ****   }
 127              		.loc 1 245 12 view .LVU31
 128 0060 0124     		movs	r4, #1
 129 0062 E0E7     		b	.L3
 130              	.L15:
 249:Drivers/STM32F0xx_HAL_Driver/Src/stm32f0xx_hal_rcc.c ****   
 131              		.loc 1 249 3 is_stmt 1 view .LVU32
 132 0064 114B     		ldr	r3, .L17
 133 0066 1A68     		ldr	r2, [r3]
 134 0068 1649     		ldr	r1, .L17+24
 135 006a 0A40     		ands	r2, r1
 136 006c 1A60     		str	r2, [r3]
 252:Drivers/STM32F0xx_HAL_Driver/Src/stm32f0xx_hal_rcc.c **** 
 137              		.loc 1 252 3 view .LVU33
 138 006e 1A68     		ldr	r2, [r3]
 139 0070 1549     		ldr	r1, .L17+28
 140 0072 0A40     		ands	r2, r1
 141 0074 1A60     		str	r2, [r3]
 255:Drivers/STM32F0xx_HAL_Driver/Src/stm32f0xx_hal_rcc.c ****   
 142              		.loc 1 255 3 view .LVU34
 255:Drivers/STM32F0xx_HAL_Driver/Src/stm32f0xx_hal_rcc.c ****   
 143              		.loc 1 255 15 is_stmt 0 view .LVU35
 144 0076 FFF7FEFF 		bl	HAL_GetTick
 145              	.LVL11:
 146 007a 0500     		movs	r5, r0
 147              	.LVL12:
 258:Drivers/STM32F0xx_HAL_Driver/Src/stm32f0xx_hal_rcc.c ****   {
 148              		.loc 1 258 3 is_stmt 1 view .LVU36
 149              	.L7:
 258:Drivers/STM32F0xx_HAL_Driver/Src/stm32f0xx_hal_rcc.c ****   {
 150              		.loc 1 258 42 view .LVU37
 258:Drivers/STM32F0xx_HAL_Driver/Src/stm32f0xx_hal_rcc.c ****   {
 151              		.loc 1 258 9 is_stmt 0 view .LVU38
ARM GAS  C:\Users\fastr\AppData\Local\Temp\ccSUdV1W.s 			page 9


 152 007c 0B4B     		ldr	r3, .L17
 153 007e 1B68     		ldr	r3, [r3]
 258:Drivers/STM32F0xx_HAL_Driver/Src/stm32f0xx_hal_rcc.c ****   {
 154              		.loc 1 258 42 view .LVU39
 155 0080 9B01     		lsls	r3, r3, #6
 156 0082 06D5     		bpl	.L16
 260:Drivers/STM32F0xx_HAL_Driver/Src/stm32f0xx_hal_rcc.c ****     {
 157              		.loc 1 260 5 is_stmt 1 view .LVU40
 260:Drivers/STM32F0xx_HAL_Driver/Src/stm32f0xx_hal_rcc.c ****     {
 158              		.loc 1 260 9 is_stmt 0 view .LVU41
 159 0084 FFF7FEFF 		bl	HAL_GetTick
 160              	.LVL13:
 260:Drivers/STM32F0xx_HAL_Driver/Src/stm32f0xx_hal_rcc.c ****     {
 161              		.loc 1 260 23 discriminator 1 view .LVU42
 162 0088 401B     		subs	r0, r0, r5
 260:Drivers/STM32F0xx_HAL_Driver/Src/stm32f0xx_hal_rcc.c ****     {
 163              		.loc 1 260 7 discriminator 1 view .LVU43
 164 008a 0228     		cmp	r0, #2
 165 008c F6D9     		bls	.L7
 262:Drivers/STM32F0xx_HAL_Driver/Src/stm32f0xx_hal_rcc.c ****     }
 166              		.loc 1 262 14 view .LVU44
 167 008e 0324     		movs	r4, #3
 168 0090 C9E7     		b	.L3
 169              	.L16:
 267:Drivers/STM32F0xx_HAL_Driver/Src/stm32f0xx_hal_rcc.c **** 
 170              		.loc 1 267 3 is_stmt 1 view .LVU45
 171 0092 064B     		ldr	r3, .L17
 172 0094 0022     		movs	r2, #0
 173 0096 5A60     		str	r2, [r3, #4]
 270:Drivers/STM32F0xx_HAL_Driver/Src/stm32f0xx_hal_rcc.c **** 
 174              		.loc 1 270 3 view .LVU46
 175 0098 DA62     		str	r2, [r3, #44]
 273:Drivers/STM32F0xx_HAL_Driver/Src/stm32f0xx_hal_rcc.c **** 
 176              		.loc 1 273 3 view .LVU47
 177 009a 1A63     		str	r2, [r3, #48]
 276:Drivers/STM32F0xx_HAL_Driver/Src/stm32f0xx_hal_rcc.c **** 
 178              		.loc 1 276 3 view .LVU48
 179 009c 9A60     		str	r2, [r3, #8]
 279:Drivers/STM32F0xx_HAL_Driver/Src/stm32f0xx_hal_rcc.c **** 
 180              		.loc 1 279 3 view .LVU49
 181 009e 596A     		ldr	r1, [r3, #36]
 182 00a0 8022     		movs	r2, #128
 183 00a2 5204     		lsls	r2, r2, #17
 184 00a4 0A43     		orrs	r2, r1
 185 00a6 5A62     		str	r2, [r3, #36]
 281:Drivers/STM32F0xx_HAL_Driver/Src/stm32f0xx_hal_rcc.c **** }
 186              		.loc 1 281 3 view .LVU50
 281:Drivers/STM32F0xx_HAL_Driver/Src/stm32f0xx_hal_rcc.c **** }
 187              		.loc 1 281 10 is_stmt 0 view .LVU51
 188 00a8 BDE7     		b	.L3
 189              	.L18:
 190 00aa C046     		.align	2
 191              	.L17:
 192 00ac 00100240 		.word	1073876992
 193 00b0 0CF8FFF0 		.word	-251660276
 194 00b4 88130000 		.word	5000
 195 00b8 00000000 		.word	SystemCoreClock
ARM GAS  C:\Users\fastr\AppData\Local\Temp\ccSUdV1W.s 			page 10


 196 00bc 00127A00 		.word	8000000
 197 00c0 00000000 		.word	uwTickPrio
 198 00c4 FFFFF6FE 		.word	-17367041
 199 00c8 FFFFFBFF 		.word	-262145
 200              		.cfi_endproc
 201              	.LFE40:
 203              		.section	.text.HAL_RCC_OscConfig,"ax",%progbits
 204              		.align	1
 205              		.global	HAL_RCC_OscConfig
 206              		.syntax unified
 207              		.code	16
 208              		.thumb_func
 210              	HAL_RCC_OscConfig:
 211              	.LVL14:
 212              	.LFB41:
 283:Drivers/STM32F0xx_HAL_Driver/Src/stm32f0xx_hal_rcc.c **** 
 284:Drivers/STM32F0xx_HAL_Driver/Src/stm32f0xx_hal_rcc.c **** /**
 285:Drivers/STM32F0xx_HAL_Driver/Src/stm32f0xx_hal_rcc.c ****   * @brief  Initializes the RCC Oscillators according to the specified parameters in the
 286:Drivers/STM32F0xx_HAL_Driver/Src/stm32f0xx_hal_rcc.c ****   *         RCC_OscInitTypeDef.
 287:Drivers/STM32F0xx_HAL_Driver/Src/stm32f0xx_hal_rcc.c ****   * @param  RCC_OscInitStruct pointer to an RCC_OscInitTypeDef structure that
 288:Drivers/STM32F0xx_HAL_Driver/Src/stm32f0xx_hal_rcc.c ****   *         contains the configuration information for the RCC Oscillators.
 289:Drivers/STM32F0xx_HAL_Driver/Src/stm32f0xx_hal_rcc.c ****   * @note   The PLL is not disabled when used as system clock.
 290:Drivers/STM32F0xx_HAL_Driver/Src/stm32f0xx_hal_rcc.c ****   * @note   Transitions LSE Bypass to LSE On and LSE On to LSE Bypass are not
 291:Drivers/STM32F0xx_HAL_Driver/Src/stm32f0xx_hal_rcc.c ****   *         supported by this macro. User should request a transition to LSE Off
 292:Drivers/STM32F0xx_HAL_Driver/Src/stm32f0xx_hal_rcc.c ****   *         first and then LSE On or LSE Bypass.
 293:Drivers/STM32F0xx_HAL_Driver/Src/stm32f0xx_hal_rcc.c ****   * @note   Transition HSE Bypass to HSE On and HSE On to HSE Bypass are not
 294:Drivers/STM32F0xx_HAL_Driver/Src/stm32f0xx_hal_rcc.c ****   *         supported by this macro. User should request a transition to HSE Off
 295:Drivers/STM32F0xx_HAL_Driver/Src/stm32f0xx_hal_rcc.c ****   *         first and then HSE On or HSE Bypass.
 296:Drivers/STM32F0xx_HAL_Driver/Src/stm32f0xx_hal_rcc.c ****   * @retval HAL status
 297:Drivers/STM32F0xx_HAL_Driver/Src/stm32f0xx_hal_rcc.c ****   */
 298:Drivers/STM32F0xx_HAL_Driver/Src/stm32f0xx_hal_rcc.c **** HAL_StatusTypeDef HAL_RCC_OscConfig(RCC_OscInitTypeDef  *RCC_OscInitStruct)
 299:Drivers/STM32F0xx_HAL_Driver/Src/stm32f0xx_hal_rcc.c **** {
 213              		.loc 1 299 1 is_stmt 1 view -0
 214              		.cfi_startproc
 215              		@ args = 0, pretend = 0, frame = 8
 216              		@ frame_needed = 0, uses_anonymous_args = 0
 217              		.loc 1 299 1 is_stmt 0 view .LVU53
 218 0000 70B5     		push	{r4, r5, r6, lr}
 219              		.cfi_def_cfa_offset 16
 220              		.cfi_offset 4, -16
 221              		.cfi_offset 5, -12
 222              		.cfi_offset 6, -8
 223              		.cfi_offset 14, -4
 224 0002 82B0     		sub	sp, sp, #8
 225              		.cfi_def_cfa_offset 24
 226 0004 041E     		subs	r4, r0, #0
 300:Drivers/STM32F0xx_HAL_Driver/Src/stm32f0xx_hal_rcc.c ****   uint32_t tickstart;
 227              		.loc 1 300 3 is_stmt 1 view .LVU54
 301:Drivers/STM32F0xx_HAL_Driver/Src/stm32f0xx_hal_rcc.c ****   uint32_t pll_config;
 228              		.loc 1 301 3 view .LVU55
 302:Drivers/STM32F0xx_HAL_Driver/Src/stm32f0xx_hal_rcc.c ****   uint32_t pll_config2;
 229              		.loc 1 302 3 view .LVU56
 303:Drivers/STM32F0xx_HAL_Driver/Src/stm32f0xx_hal_rcc.c **** 
 304:Drivers/STM32F0xx_HAL_Driver/Src/stm32f0xx_hal_rcc.c ****   /* Check Null pointer */
 305:Drivers/STM32F0xx_HAL_Driver/Src/stm32f0xx_hal_rcc.c ****   if(RCC_OscInitStruct == NULL)
 230              		.loc 1 305 3 view .LVU57
 231              		.loc 1 305 5 is_stmt 0 view .LVU58
ARM GAS  C:\Users\fastr\AppData\Local\Temp\ccSUdV1W.s 			page 11


 232 0006 00D1     		bne	.LCB192
 233 0008 30E2     		b	.L78	@long jump
 234              	.LCB192:
 306:Drivers/STM32F0xx_HAL_Driver/Src/stm32f0xx_hal_rcc.c ****   {
 307:Drivers/STM32F0xx_HAL_Driver/Src/stm32f0xx_hal_rcc.c ****     return HAL_ERROR;
 308:Drivers/STM32F0xx_HAL_Driver/Src/stm32f0xx_hal_rcc.c ****   }
 309:Drivers/STM32F0xx_HAL_Driver/Src/stm32f0xx_hal_rcc.c **** 
 310:Drivers/STM32F0xx_HAL_Driver/Src/stm32f0xx_hal_rcc.c ****   /* Check the parameters */
 311:Drivers/STM32F0xx_HAL_Driver/Src/stm32f0xx_hal_rcc.c ****   assert_param(IS_RCC_OSCILLATORTYPE(RCC_OscInitStruct->OscillatorType));
 235              		.loc 1 311 3 is_stmt 1 view .LVU59
 312:Drivers/STM32F0xx_HAL_Driver/Src/stm32f0xx_hal_rcc.c **** 
 313:Drivers/STM32F0xx_HAL_Driver/Src/stm32f0xx_hal_rcc.c ****   /*------------------------------- HSE Configuration ------------------------*/ 
 314:Drivers/STM32F0xx_HAL_Driver/Src/stm32f0xx_hal_rcc.c ****   if(((RCC_OscInitStruct->OscillatorType) & RCC_OSCILLATORTYPE_HSE) == RCC_OSCILLATORTYPE_HSE)
 236              		.loc 1 314 3 view .LVU60
 237              		.loc 1 314 25 is_stmt 0 view .LVU61
 238 000a 0368     		ldr	r3, [r0]
 239              		.loc 1 314 5 view .LVU62
 240 000c DB07     		lsls	r3, r3, #31
 241 000e 26D5     		bpl	.L21
 315:Drivers/STM32F0xx_HAL_Driver/Src/stm32f0xx_hal_rcc.c ****   {
 316:Drivers/STM32F0xx_HAL_Driver/Src/stm32f0xx_hal_rcc.c ****     /* Check the parameters */
 317:Drivers/STM32F0xx_HAL_Driver/Src/stm32f0xx_hal_rcc.c ****     assert_param(IS_RCC_HSE(RCC_OscInitStruct->HSEState));
 242              		.loc 1 317 5 is_stmt 1 view .LVU63
 318:Drivers/STM32F0xx_HAL_Driver/Src/stm32f0xx_hal_rcc.c **** 
 319:Drivers/STM32F0xx_HAL_Driver/Src/stm32f0xx_hal_rcc.c ****     /* When the HSE is used as system clock or clock source for PLL in these cases it is not allowe
 320:Drivers/STM32F0xx_HAL_Driver/Src/stm32f0xx_hal_rcc.c ****     if((__HAL_RCC_GET_SYSCLK_SOURCE() == RCC_SYSCLKSOURCE_STATUS_HSE) 
 243              		.loc 1 320 5 view .LVU64
 244              		.loc 1 320 9 is_stmt 0 view .LVU65
 245 0010 AF4B     		ldr	r3, .L127
 246 0012 5A68     		ldr	r2, [r3, #4]
 247 0014 0C23     		movs	r3, #12
 248 0016 1340     		ands	r3, r2
 249              		.loc 1 320 7 view .LVU66
 250 0018 042B     		cmp	r3, #4
 251 001a 18D0     		beq	.L22
 321:Drivers/STM32F0xx_HAL_Driver/Src/stm32f0xx_hal_rcc.c ****        || ((__HAL_RCC_GET_SYSCLK_SOURCE() == RCC_SYSCLKSOURCE_STATUS_PLLCLK) && (__HAL_RCC_GET_PLL_
 252              		.loc 1 321 13 view .LVU67
 253 001c AC4B     		ldr	r3, .L127
 254 001e 5A68     		ldr	r2, [r3, #4]
 255 0020 0C23     		movs	r3, #12
 256 0022 1340     		ands	r3, r2
 257              		.loc 1 321 8 view .LVU68
 258 0024 082B     		cmp	r3, #8
 259 0026 0ED0     		beq	.L111
 260              	.L23:
 322:Drivers/STM32F0xx_HAL_Driver/Src/stm32f0xx_hal_rcc.c ****     {
 323:Drivers/STM32F0xx_HAL_Driver/Src/stm32f0xx_hal_rcc.c ****       if((__HAL_RCC_GET_FLAG(RCC_FLAG_HSERDY) != RESET) && (RCC_OscInitStruct->HSEState == RCC_HSE_
 324:Drivers/STM32F0xx_HAL_Driver/Src/stm32f0xx_hal_rcc.c ****       {
 325:Drivers/STM32F0xx_HAL_Driver/Src/stm32f0xx_hal_rcc.c ****         return HAL_ERROR;
 326:Drivers/STM32F0xx_HAL_Driver/Src/stm32f0xx_hal_rcc.c ****       }
 327:Drivers/STM32F0xx_HAL_Driver/Src/stm32f0xx_hal_rcc.c ****     }
 328:Drivers/STM32F0xx_HAL_Driver/Src/stm32f0xx_hal_rcc.c ****     else
 329:Drivers/STM32F0xx_HAL_Driver/Src/stm32f0xx_hal_rcc.c ****     {
 330:Drivers/STM32F0xx_HAL_Driver/Src/stm32f0xx_hal_rcc.c ****       /* Set the new HSE configuration ---------------------------------------*/
 331:Drivers/STM32F0xx_HAL_Driver/Src/stm32f0xx_hal_rcc.c ****       __HAL_RCC_HSE_CONFIG(RCC_OscInitStruct->HSEState);
 261              		.loc 1 331 7 is_stmt 1 view .LVU69
 262              		.loc 1 331 7 view .LVU70
ARM GAS  C:\Users\fastr\AppData\Local\Temp\ccSUdV1W.s 			page 12


 263 0028 6368     		ldr	r3, [r4, #4]
 264 002a 012B     		cmp	r3, #1
 265 002c 3CD0     		beq	.L112
 266              		.loc 1 331 7 discriminator 2 view .LVU71
 267 002e 002B     		cmp	r3, #0
 268 0030 51D1     		bne	.L26
 269              		.loc 1 331 7 discriminator 3 view .LVU72
 270 0032 A74B     		ldr	r3, .L127
 271 0034 1A68     		ldr	r2, [r3]
 272 0036 A749     		ldr	r1, .L127+4
 273 0038 0A40     		ands	r2, r1
 274 003a 1A60     		str	r2, [r3]
 275              		.loc 1 331 7 view .LVU73
 276              		.loc 1 331 7 is_stmt 0 discriminator 3 view .LVU74
 277 003c 1A68     		ldr	r2, [r3]
 278 003e A649     		ldr	r1, .L127+8
 279 0040 0A40     		ands	r2, r1
 280 0042 1A60     		str	r2, [r3]
 281 0044 36E0     		b	.L25
 282              	.L111:
 321:Drivers/STM32F0xx_HAL_Driver/Src/stm32f0xx_hal_rcc.c ****        || ((__HAL_RCC_GET_SYSCLK_SOURCE() == RCC_SYSCLKSOURCE_STATUS_PLLCLK) && (__HAL_RCC_GET_PLL_
 283              		.loc 1 321 82 discriminator 1 view .LVU75
 284 0046 A24B     		ldr	r3, .L127
 285 0048 5B68     		ldr	r3, [r3, #4]
 321:Drivers/STM32F0xx_HAL_Driver/Src/stm32f0xx_hal_rcc.c ****        || ((__HAL_RCC_GET_SYSCLK_SOURCE() == RCC_SYSCLKSOURCE_STATUS_PLLCLK) && (__HAL_RCC_GET_PLL_
 286              		.loc 1 321 78 discriminator 1 view .LVU76
 287 004a DB03     		lsls	r3, r3, #15
 288 004c ECD5     		bpl	.L23
 289              	.L22:
 323:Drivers/STM32F0xx_HAL_Driver/Src/stm32f0xx_hal_rcc.c ****       {
 290              		.loc 1 323 7 is_stmt 1 view .LVU77
 323:Drivers/STM32F0xx_HAL_Driver/Src/stm32f0xx_hal_rcc.c ****       {
 291              		.loc 1 323 11 is_stmt 0 view .LVU78
 292 004e A04B     		ldr	r3, .L127
 293 0050 1B68     		ldr	r3, [r3]
 323:Drivers/STM32F0xx_HAL_Driver/Src/stm32f0xx_hal_rcc.c ****       {
 294              		.loc 1 323 9 view .LVU79
 295 0052 9B03     		lsls	r3, r3, #14
 296 0054 03D5     		bpl	.L21
 323:Drivers/STM32F0xx_HAL_Driver/Src/stm32f0xx_hal_rcc.c ****       {
 297              		.loc 1 323 78 discriminator 1 view .LVU80
 298 0056 6368     		ldr	r3, [r4, #4]
 323:Drivers/STM32F0xx_HAL_Driver/Src/stm32f0xx_hal_rcc.c ****       {
 299              		.loc 1 323 57 discriminator 1 view .LVU81
 300 0058 002B     		cmp	r3, #0
 301 005a 00D1     		bne	.LCB255
 302 005c 09E2     		b	.L113	@long jump
 303              	.LCB255:
 304              	.LVL15:
 305              	.L21:
 332:Drivers/STM32F0xx_HAL_Driver/Src/stm32f0xx_hal_rcc.c ****       
 333:Drivers/STM32F0xx_HAL_Driver/Src/stm32f0xx_hal_rcc.c **** 
 334:Drivers/STM32F0xx_HAL_Driver/Src/stm32f0xx_hal_rcc.c ****        /* Check the HSE State */
 335:Drivers/STM32F0xx_HAL_Driver/Src/stm32f0xx_hal_rcc.c ****       if(RCC_OscInitStruct->HSEState != RCC_HSE_OFF)
 336:Drivers/STM32F0xx_HAL_Driver/Src/stm32f0xx_hal_rcc.c ****       {
 337:Drivers/STM32F0xx_HAL_Driver/Src/stm32f0xx_hal_rcc.c ****         /* Get Start Tick */
 338:Drivers/STM32F0xx_HAL_Driver/Src/stm32f0xx_hal_rcc.c ****         tickstart = HAL_GetTick();
ARM GAS  C:\Users\fastr\AppData\Local\Temp\ccSUdV1W.s 			page 13


 339:Drivers/STM32F0xx_HAL_Driver/Src/stm32f0xx_hal_rcc.c ****         
 340:Drivers/STM32F0xx_HAL_Driver/Src/stm32f0xx_hal_rcc.c ****         /* Wait till HSE is ready */
 341:Drivers/STM32F0xx_HAL_Driver/Src/stm32f0xx_hal_rcc.c ****         while(__HAL_RCC_GET_FLAG(RCC_FLAG_HSERDY) == RESET)
 342:Drivers/STM32F0xx_HAL_Driver/Src/stm32f0xx_hal_rcc.c ****         {
 343:Drivers/STM32F0xx_HAL_Driver/Src/stm32f0xx_hal_rcc.c ****           if((HAL_GetTick() - tickstart ) > HSE_TIMEOUT_VALUE)
 344:Drivers/STM32F0xx_HAL_Driver/Src/stm32f0xx_hal_rcc.c ****           {
 345:Drivers/STM32F0xx_HAL_Driver/Src/stm32f0xx_hal_rcc.c ****             return HAL_TIMEOUT;
 346:Drivers/STM32F0xx_HAL_Driver/Src/stm32f0xx_hal_rcc.c ****           }
 347:Drivers/STM32F0xx_HAL_Driver/Src/stm32f0xx_hal_rcc.c ****         }
 348:Drivers/STM32F0xx_HAL_Driver/Src/stm32f0xx_hal_rcc.c ****       }
 349:Drivers/STM32F0xx_HAL_Driver/Src/stm32f0xx_hal_rcc.c ****       else
 350:Drivers/STM32F0xx_HAL_Driver/Src/stm32f0xx_hal_rcc.c ****       {
 351:Drivers/STM32F0xx_HAL_Driver/Src/stm32f0xx_hal_rcc.c ****         /* Get Start Tick */
 352:Drivers/STM32F0xx_HAL_Driver/Src/stm32f0xx_hal_rcc.c ****         tickstart = HAL_GetTick();
 353:Drivers/STM32F0xx_HAL_Driver/Src/stm32f0xx_hal_rcc.c ****         
 354:Drivers/STM32F0xx_HAL_Driver/Src/stm32f0xx_hal_rcc.c ****         /* Wait till HSE is disabled */
 355:Drivers/STM32F0xx_HAL_Driver/Src/stm32f0xx_hal_rcc.c ****         while(__HAL_RCC_GET_FLAG(RCC_FLAG_HSERDY) != RESET)
 356:Drivers/STM32F0xx_HAL_Driver/Src/stm32f0xx_hal_rcc.c ****         {
 357:Drivers/STM32F0xx_HAL_Driver/Src/stm32f0xx_hal_rcc.c ****            if((HAL_GetTick() - tickstart ) > HSE_TIMEOUT_VALUE)
 358:Drivers/STM32F0xx_HAL_Driver/Src/stm32f0xx_hal_rcc.c ****           {
 359:Drivers/STM32F0xx_HAL_Driver/Src/stm32f0xx_hal_rcc.c ****             return HAL_TIMEOUT;
 360:Drivers/STM32F0xx_HAL_Driver/Src/stm32f0xx_hal_rcc.c ****           }
 361:Drivers/STM32F0xx_HAL_Driver/Src/stm32f0xx_hal_rcc.c ****         }
 362:Drivers/STM32F0xx_HAL_Driver/Src/stm32f0xx_hal_rcc.c ****       }
 363:Drivers/STM32F0xx_HAL_Driver/Src/stm32f0xx_hal_rcc.c ****     }
 364:Drivers/STM32F0xx_HAL_Driver/Src/stm32f0xx_hal_rcc.c ****   }
 365:Drivers/STM32F0xx_HAL_Driver/Src/stm32f0xx_hal_rcc.c ****   /*----------------------------- HSI Configuration --------------------------*/ 
 366:Drivers/STM32F0xx_HAL_Driver/Src/stm32f0xx_hal_rcc.c ****   if(((RCC_OscInitStruct->OscillatorType) & RCC_OSCILLATORTYPE_HSI) == RCC_OSCILLATORTYPE_HSI)
 306              		.loc 1 366 3 is_stmt 1 view .LVU82
 307              		.loc 1 366 25 is_stmt 0 view .LVU83
 308 005e 2368     		ldr	r3, [r4]
 309              		.loc 1 366 5 view .LVU84
 310 0060 9B07     		lsls	r3, r3, #30
 311 0062 72D5     		bpl	.L33
 367:Drivers/STM32F0xx_HAL_Driver/Src/stm32f0xx_hal_rcc.c ****   {
 368:Drivers/STM32F0xx_HAL_Driver/Src/stm32f0xx_hal_rcc.c ****     /* Check the parameters */
 369:Drivers/STM32F0xx_HAL_Driver/Src/stm32f0xx_hal_rcc.c ****     assert_param(IS_RCC_HSI(RCC_OscInitStruct->HSIState));
 312              		.loc 1 369 5 is_stmt 1 view .LVU85
 370:Drivers/STM32F0xx_HAL_Driver/Src/stm32f0xx_hal_rcc.c ****     assert_param(IS_RCC_CALIBRATION_VALUE(RCC_OscInitStruct->HSICalibrationValue));
 313              		.loc 1 370 5 view .LVU86
 371:Drivers/STM32F0xx_HAL_Driver/Src/stm32f0xx_hal_rcc.c ****     
 372:Drivers/STM32F0xx_HAL_Driver/Src/stm32f0xx_hal_rcc.c ****     /* Check if HSI is used as system clock or as PLL source when PLL is selected as system clock *
 373:Drivers/STM32F0xx_HAL_Driver/Src/stm32f0xx_hal_rcc.c ****     if((__HAL_RCC_GET_SYSCLK_SOURCE() == RCC_SYSCLKSOURCE_STATUS_HSI) 
 314              		.loc 1 373 5 view .LVU87
 315              		.loc 1 373 9 is_stmt 0 view .LVU88
 316 0064 9A4B     		ldr	r3, .L127
 317 0066 5B68     		ldr	r3, [r3, #4]
 318 0068 0C22     		movs	r2, #12
 319              		.loc 1 373 7 view .LVU89
 320 006a 1A42     		tst	r2, r3
 321 006c 5DD0     		beq	.L34
 374:Drivers/STM32F0xx_HAL_Driver/Src/stm32f0xx_hal_rcc.c ****        || ((__HAL_RCC_GET_SYSCLK_SOURCE() == RCC_SYSCLKSOURCE_STATUS_PLLCLK) && (__HAL_RCC_GET_PLL_
 322              		.loc 1 374 13 view .LVU90
 323 006e 984B     		ldr	r3, .L127
 324 0070 5A68     		ldr	r2, [r3, #4]
 325 0072 0C23     		movs	r3, #12
 326 0074 1340     		ands	r3, r2
ARM GAS  C:\Users\fastr\AppData\Local\Temp\ccSUdV1W.s 			page 14


 327              		.loc 1 374 8 view .LVU91
 328 0076 082B     		cmp	r3, #8
 329 0078 53D0     		beq	.L114
 330              	.L35:
 375:Drivers/STM32F0xx_HAL_Driver/Src/stm32f0xx_hal_rcc.c ****     {
 376:Drivers/STM32F0xx_HAL_Driver/Src/stm32f0xx_hal_rcc.c ****       /* When HSI is used as system clock it will not disabled */
 377:Drivers/STM32F0xx_HAL_Driver/Src/stm32f0xx_hal_rcc.c ****       if((__HAL_RCC_GET_FLAG(RCC_FLAG_HSIRDY) != RESET) && (RCC_OscInitStruct->HSIState != RCC_HSI_
 378:Drivers/STM32F0xx_HAL_Driver/Src/stm32f0xx_hal_rcc.c ****       {
 379:Drivers/STM32F0xx_HAL_Driver/Src/stm32f0xx_hal_rcc.c ****         return HAL_ERROR;
 380:Drivers/STM32F0xx_HAL_Driver/Src/stm32f0xx_hal_rcc.c ****       }
 381:Drivers/STM32F0xx_HAL_Driver/Src/stm32f0xx_hal_rcc.c ****       /* Otherwise, just the calibration is allowed */
 382:Drivers/STM32F0xx_HAL_Driver/Src/stm32f0xx_hal_rcc.c ****       else
 383:Drivers/STM32F0xx_HAL_Driver/Src/stm32f0xx_hal_rcc.c ****       {
 384:Drivers/STM32F0xx_HAL_Driver/Src/stm32f0xx_hal_rcc.c ****         /* Adjusts the Internal High Speed oscillator (HSI) calibration value.*/
 385:Drivers/STM32F0xx_HAL_Driver/Src/stm32f0xx_hal_rcc.c ****         __HAL_RCC_HSI_CALIBRATIONVALUE_ADJUST(RCC_OscInitStruct->HSICalibrationValue);
 386:Drivers/STM32F0xx_HAL_Driver/Src/stm32f0xx_hal_rcc.c ****       }
 387:Drivers/STM32F0xx_HAL_Driver/Src/stm32f0xx_hal_rcc.c ****     }
 388:Drivers/STM32F0xx_HAL_Driver/Src/stm32f0xx_hal_rcc.c ****     else
 389:Drivers/STM32F0xx_HAL_Driver/Src/stm32f0xx_hal_rcc.c ****     {
 390:Drivers/STM32F0xx_HAL_Driver/Src/stm32f0xx_hal_rcc.c ****       /* Check the HSI State */
 391:Drivers/STM32F0xx_HAL_Driver/Src/stm32f0xx_hal_rcc.c ****       if(RCC_OscInitStruct->HSIState != RCC_HSI_OFF)
 331              		.loc 1 391 7 is_stmt 1 view .LVU92
 332              		.loc 1 391 27 is_stmt 0 view .LVU93
 333 007a E368     		ldr	r3, [r4, #12]
 334              		.loc 1 391 9 view .LVU94
 335 007c 002B     		cmp	r3, #0
 336 007e 00D1     		bne	.LCB283
 337 0080 85E0     		b	.L37	@long jump
 338              	.LCB283:
 392:Drivers/STM32F0xx_HAL_Driver/Src/stm32f0xx_hal_rcc.c ****       {
 393:Drivers/STM32F0xx_HAL_Driver/Src/stm32f0xx_hal_rcc.c ****        /* Enable the Internal High Speed oscillator (HSI). */
 394:Drivers/STM32F0xx_HAL_Driver/Src/stm32f0xx_hal_rcc.c ****         __HAL_RCC_HSI_ENABLE();
 339              		.loc 1 394 9 is_stmt 1 view .LVU95
 340 0082 934A     		ldr	r2, .L127
 341 0084 1368     		ldr	r3, [r2]
 342 0086 0121     		movs	r1, #1
 343 0088 0B43     		orrs	r3, r1
 344 008a 1360     		str	r3, [r2]
 395:Drivers/STM32F0xx_HAL_Driver/Src/stm32f0xx_hal_rcc.c ****         
 396:Drivers/STM32F0xx_HAL_Driver/Src/stm32f0xx_hal_rcc.c ****         /* Get Start Tick */
 397:Drivers/STM32F0xx_HAL_Driver/Src/stm32f0xx_hal_rcc.c ****         tickstart = HAL_GetTick();
 345              		.loc 1 397 9 view .LVU96
 346              		.loc 1 397 21 is_stmt 0 view .LVU97
 347 008c FFF7FEFF 		bl	HAL_GetTick
 348              	.LVL16:
 349 0090 0500     		movs	r5, r0
 350              	.LVL17:
 398:Drivers/STM32F0xx_HAL_Driver/Src/stm32f0xx_hal_rcc.c ****         
 399:Drivers/STM32F0xx_HAL_Driver/Src/stm32f0xx_hal_rcc.c ****         /* Wait till HSI is ready */
 400:Drivers/STM32F0xx_HAL_Driver/Src/stm32f0xx_hal_rcc.c ****         while(__HAL_RCC_GET_FLAG(RCC_FLAG_HSIRDY) == RESET)
 351              		.loc 1 400 9 is_stmt 1 view .LVU98
 352              	.L38:
 353              		.loc 1 400 51 view .LVU99
 354              		.loc 1 400 15 is_stmt 0 view .LVU100
 355 0092 8F4B     		ldr	r3, .L127
 356 0094 1B68     		ldr	r3, [r3]
 357              		.loc 1 400 51 view .LVU101
ARM GAS  C:\Users\fastr\AppData\Local\Temp\ccSUdV1W.s 			page 15


 358 0096 9B07     		lsls	r3, r3, #30
 359 0098 70D4     		bmi	.L115
 401:Drivers/STM32F0xx_HAL_Driver/Src/stm32f0xx_hal_rcc.c ****         {
 402:Drivers/STM32F0xx_HAL_Driver/Src/stm32f0xx_hal_rcc.c ****           if((HAL_GetTick() - tickstart ) > HSI_TIMEOUT_VALUE)
 360              		.loc 1 402 11 is_stmt 1 view .LVU102
 361              		.loc 1 402 15 is_stmt 0 view .LVU103
 362 009a FFF7FEFF 		bl	HAL_GetTick
 363              	.LVL18:
 364              		.loc 1 402 29 discriminator 1 view .LVU104
 365 009e 401B     		subs	r0, r0, r5
 366              		.loc 1 402 13 discriminator 1 view .LVU105
 367 00a0 0228     		cmp	r0, #2
 368 00a2 F6D9     		bls	.L38
 403:Drivers/STM32F0xx_HAL_Driver/Src/stm32f0xx_hal_rcc.c ****           {
 404:Drivers/STM32F0xx_HAL_Driver/Src/stm32f0xx_hal_rcc.c ****             return HAL_TIMEOUT;
 369              		.loc 1 404 20 view .LVU106
 370 00a4 0320     		movs	r0, #3
 371 00a6 E2E1     		b	.L20
 372              	.LVL19:
 373              	.L112:
 331:Drivers/STM32F0xx_HAL_Driver/Src/stm32f0xx_hal_rcc.c ****       
 374              		.loc 1 331 7 is_stmt 1 discriminator 1 view .LVU107
 375 00a8 894A     		ldr	r2, .L127
 376 00aa 1168     		ldr	r1, [r2]
 377 00ac 8023     		movs	r3, #128
 378 00ae 5B02     		lsls	r3, r3, #9
 379 00b0 0B43     		orrs	r3, r1
 380 00b2 1360     		str	r3, [r2]
 381              	.L25:
 331:Drivers/STM32F0xx_HAL_Driver/Src/stm32f0xx_hal_rcc.c ****       
 382              		.loc 1 331 7 view .LVU108
 335:Drivers/STM32F0xx_HAL_Driver/Src/stm32f0xx_hal_rcc.c ****       {
 383              		.loc 1 335 7 view .LVU109
 335:Drivers/STM32F0xx_HAL_Driver/Src/stm32f0xx_hal_rcc.c ****       {
 384              		.loc 1 335 27 is_stmt 0 view .LVU110
 385 00b4 6368     		ldr	r3, [r4, #4]
 335:Drivers/STM32F0xx_HAL_Driver/Src/stm32f0xx_hal_rcc.c ****       {
 386              		.loc 1 335 9 view .LVU111
 387 00b6 002B     		cmp	r3, #0
 388 00b8 25D0     		beq	.L28
 338:Drivers/STM32F0xx_HAL_Driver/Src/stm32f0xx_hal_rcc.c ****         
 389              		.loc 1 338 9 is_stmt 1 view .LVU112
 338:Drivers/STM32F0xx_HAL_Driver/Src/stm32f0xx_hal_rcc.c ****         
 390              		.loc 1 338 21 is_stmt 0 view .LVU113
 391 00ba FFF7FEFF 		bl	HAL_GetTick
 392              	.LVL20:
 338:Drivers/STM32F0xx_HAL_Driver/Src/stm32f0xx_hal_rcc.c ****         
 393              		.loc 1 338 21 view .LVU114
 394 00be 0500     		movs	r5, r0
 395              	.LVL21:
 341:Drivers/STM32F0xx_HAL_Driver/Src/stm32f0xx_hal_rcc.c ****         {
 396              		.loc 1 341 9 is_stmt 1 view .LVU115
 397              	.L29:
 341:Drivers/STM32F0xx_HAL_Driver/Src/stm32f0xx_hal_rcc.c ****         {
 398              		.loc 1 341 51 view .LVU116
 341:Drivers/STM32F0xx_HAL_Driver/Src/stm32f0xx_hal_rcc.c ****         {
 399              		.loc 1 341 15 is_stmt 0 view .LVU117
ARM GAS  C:\Users\fastr\AppData\Local\Temp\ccSUdV1W.s 			page 16


 400 00c0 834B     		ldr	r3, .L127
 401 00c2 1B68     		ldr	r3, [r3]
 341:Drivers/STM32F0xx_HAL_Driver/Src/stm32f0xx_hal_rcc.c ****         {
 402              		.loc 1 341 51 view .LVU118
 403 00c4 9B03     		lsls	r3, r3, #14
 404 00c6 CAD4     		bmi	.L21
 343:Drivers/STM32F0xx_HAL_Driver/Src/stm32f0xx_hal_rcc.c ****           {
 405              		.loc 1 343 11 is_stmt 1 view .LVU119
 343:Drivers/STM32F0xx_HAL_Driver/Src/stm32f0xx_hal_rcc.c ****           {
 406              		.loc 1 343 15 is_stmt 0 view .LVU120
 407 00c8 FFF7FEFF 		bl	HAL_GetTick
 408              	.LVL22:
 343:Drivers/STM32F0xx_HAL_Driver/Src/stm32f0xx_hal_rcc.c ****           {
 409              		.loc 1 343 29 discriminator 1 view .LVU121
 410 00cc 401B     		subs	r0, r0, r5
 343:Drivers/STM32F0xx_HAL_Driver/Src/stm32f0xx_hal_rcc.c ****           {
 411              		.loc 1 343 13 discriminator 1 view .LVU122
 412 00ce 6428     		cmp	r0, #100
 413 00d0 F6D9     		bls	.L29
 345:Drivers/STM32F0xx_HAL_Driver/Src/stm32f0xx_hal_rcc.c ****           }
 414              		.loc 1 345 20 view .LVU123
 415 00d2 0320     		movs	r0, #3
 416 00d4 CBE1     		b	.L20
 417              	.LVL23:
 418              	.L26:
 331:Drivers/STM32F0xx_HAL_Driver/Src/stm32f0xx_hal_rcc.c ****       
 419              		.loc 1 331 7 is_stmt 1 discriminator 4 view .LVU124
 420 00d6 052B     		cmp	r3, #5
 421 00d8 09D0     		beq	.L116
 331:Drivers/STM32F0xx_HAL_Driver/Src/stm32f0xx_hal_rcc.c ****       
 422              		.loc 1 331 7 discriminator 6 view .LVU125
 423 00da 7D4B     		ldr	r3, .L127
 424 00dc 1A68     		ldr	r2, [r3]
 425 00de 7D49     		ldr	r1, .L127+4
 426 00e0 0A40     		ands	r2, r1
 427 00e2 1A60     		str	r2, [r3]
 331:Drivers/STM32F0xx_HAL_Driver/Src/stm32f0xx_hal_rcc.c ****       
 428              		.loc 1 331 7 view .LVU126
 331:Drivers/STM32F0xx_HAL_Driver/Src/stm32f0xx_hal_rcc.c ****       
 429              		.loc 1 331 7 is_stmt 0 discriminator 6 view .LVU127
 430 00e4 1A68     		ldr	r2, [r3]
 431 00e6 7C49     		ldr	r1, .L127+8
 432 00e8 0A40     		ands	r2, r1
 433 00ea 1A60     		str	r2, [r3]
 434 00ec E2E7     		b	.L25
 435              	.L116:
 331:Drivers/STM32F0xx_HAL_Driver/Src/stm32f0xx_hal_rcc.c ****       
 436              		.loc 1 331 7 is_stmt 1 discriminator 5 view .LVU128
 437 00ee 784B     		ldr	r3, .L127
 438 00f0 1968     		ldr	r1, [r3]
 439 00f2 8022     		movs	r2, #128
 440 00f4 D202     		lsls	r2, r2, #11
 441 00f6 0A43     		orrs	r2, r1
 442 00f8 1A60     		str	r2, [r3]
 331:Drivers/STM32F0xx_HAL_Driver/Src/stm32f0xx_hal_rcc.c ****       
 443              		.loc 1 331 7 view .LVU129
 331:Drivers/STM32F0xx_HAL_Driver/Src/stm32f0xx_hal_rcc.c ****       
ARM GAS  C:\Users\fastr\AppData\Local\Temp\ccSUdV1W.s 			page 17


 444              		.loc 1 331 7 is_stmt 0 discriminator 5 view .LVU130
 445 00fa 1968     		ldr	r1, [r3]
 446 00fc 8022     		movs	r2, #128
 447 00fe 5202     		lsls	r2, r2, #9
 448 0100 0A43     		orrs	r2, r1
 449 0102 1A60     		str	r2, [r3]
 450 0104 D6E7     		b	.L25
 451              	.L28:
 352:Drivers/STM32F0xx_HAL_Driver/Src/stm32f0xx_hal_rcc.c ****         
 452              		.loc 1 352 9 is_stmt 1 view .LVU131
 352:Drivers/STM32F0xx_HAL_Driver/Src/stm32f0xx_hal_rcc.c ****         
 453              		.loc 1 352 21 is_stmt 0 view .LVU132
 454 0106 FFF7FEFF 		bl	HAL_GetTick
 455              	.LVL24:
 352:Drivers/STM32F0xx_HAL_Driver/Src/stm32f0xx_hal_rcc.c ****         
 456              		.loc 1 352 21 view .LVU133
 457 010a 0500     		movs	r5, r0
 458              	.LVL25:
 355:Drivers/STM32F0xx_HAL_Driver/Src/stm32f0xx_hal_rcc.c ****         {
 459              		.loc 1 355 9 is_stmt 1 view .LVU134
 460              	.L31:
 355:Drivers/STM32F0xx_HAL_Driver/Src/stm32f0xx_hal_rcc.c ****         {
 461              		.loc 1 355 51 view .LVU135
 355:Drivers/STM32F0xx_HAL_Driver/Src/stm32f0xx_hal_rcc.c ****         {
 462              		.loc 1 355 15 is_stmt 0 view .LVU136
 463 010c 704B     		ldr	r3, .L127
 464 010e 1B68     		ldr	r3, [r3]
 355:Drivers/STM32F0xx_HAL_Driver/Src/stm32f0xx_hal_rcc.c ****         {
 465              		.loc 1 355 51 view .LVU137
 466 0110 9B03     		lsls	r3, r3, #14
 467 0112 A4D5     		bpl	.L21
 357:Drivers/STM32F0xx_HAL_Driver/Src/stm32f0xx_hal_rcc.c ****           {
 468              		.loc 1 357 12 is_stmt 1 view .LVU138
 357:Drivers/STM32F0xx_HAL_Driver/Src/stm32f0xx_hal_rcc.c ****           {
 469              		.loc 1 357 16 is_stmt 0 view .LVU139
 470 0114 FFF7FEFF 		bl	HAL_GetTick
 471              	.LVL26:
 357:Drivers/STM32F0xx_HAL_Driver/Src/stm32f0xx_hal_rcc.c ****           {
 472              		.loc 1 357 30 discriminator 1 view .LVU140
 473 0118 401B     		subs	r0, r0, r5
 357:Drivers/STM32F0xx_HAL_Driver/Src/stm32f0xx_hal_rcc.c ****           {
 474              		.loc 1 357 14 discriminator 1 view .LVU141
 475 011a 6428     		cmp	r0, #100
 476 011c F6D9     		bls	.L31
 359:Drivers/STM32F0xx_HAL_Driver/Src/stm32f0xx_hal_rcc.c ****           }
 477              		.loc 1 359 20 view .LVU142
 478 011e 0320     		movs	r0, #3
 479 0120 A5E1     		b	.L20
 480              	.LVL27:
 481              	.L114:
 374:Drivers/STM32F0xx_HAL_Driver/Src/stm32f0xx_hal_rcc.c ****     {
 482              		.loc 1 374 82 discriminator 1 view .LVU143
 483 0122 6B4B     		ldr	r3, .L127
 484 0124 5B68     		ldr	r3, [r3, #4]
 374:Drivers/STM32F0xx_HAL_Driver/Src/stm32f0xx_hal_rcc.c ****     {
 485              		.loc 1 374 78 discriminator 1 view .LVU144
 486 0126 DB03     		lsls	r3, r3, #15
ARM GAS  C:\Users\fastr\AppData\Local\Temp\ccSUdV1W.s 			page 18


 487 0128 A7D4     		bmi	.L35
 488              	.L34:
 377:Drivers/STM32F0xx_HAL_Driver/Src/stm32f0xx_hal_rcc.c ****       {
 489              		.loc 1 377 7 is_stmt 1 view .LVU145
 377:Drivers/STM32F0xx_HAL_Driver/Src/stm32f0xx_hal_rcc.c ****       {
 490              		.loc 1 377 11 is_stmt 0 view .LVU146
 491 012a 694B     		ldr	r3, .L127
 492 012c 1B68     		ldr	r3, [r3]
 377:Drivers/STM32F0xx_HAL_Driver/Src/stm32f0xx_hal_rcc.c ****       {
 493              		.loc 1 377 9 view .LVU147
 494 012e 9B07     		lsls	r3, r3, #30
 495 0130 03D5     		bpl	.L36
 377:Drivers/STM32F0xx_HAL_Driver/Src/stm32f0xx_hal_rcc.c ****       {
 496              		.loc 1 377 78 discriminator 1 view .LVU148
 497 0132 E368     		ldr	r3, [r4, #12]
 377:Drivers/STM32F0xx_HAL_Driver/Src/stm32f0xx_hal_rcc.c ****       {
 498              		.loc 1 377 57 discriminator 1 view .LVU149
 499 0134 012B     		cmp	r3, #1
 500 0136 00D0     		beq	.LCB442
 501 0138 9DE1     		b	.L82	@long jump
 502              	.LCB442:
 503              	.L36:
 385:Drivers/STM32F0xx_HAL_Driver/Src/stm32f0xx_hal_rcc.c ****       }
 504              		.loc 1 385 9 is_stmt 1 view .LVU150
 505 013a 6549     		ldr	r1, .L127
 506 013c 0B68     		ldr	r3, [r1]
 507 013e F822     		movs	r2, #248
 508 0140 9343     		bics	r3, r2
 509 0142 2269     		ldr	r2, [r4, #16]
 510 0144 D200     		lsls	r2, r2, #3
 511 0146 1343     		orrs	r3, r2
 512 0148 0B60     		str	r3, [r1]
 513              	.L33:
 405:Drivers/STM32F0xx_HAL_Driver/Src/stm32f0xx_hal_rcc.c ****           }
 406:Drivers/STM32F0xx_HAL_Driver/Src/stm32f0xx_hal_rcc.c ****         }
 407:Drivers/STM32F0xx_HAL_Driver/Src/stm32f0xx_hal_rcc.c ****                 
 408:Drivers/STM32F0xx_HAL_Driver/Src/stm32f0xx_hal_rcc.c ****         /* Adjusts the Internal High Speed oscillator (HSI) calibration value.*/
 409:Drivers/STM32F0xx_HAL_Driver/Src/stm32f0xx_hal_rcc.c ****         __HAL_RCC_HSI_CALIBRATIONVALUE_ADJUST(RCC_OscInitStruct->HSICalibrationValue);
 410:Drivers/STM32F0xx_HAL_Driver/Src/stm32f0xx_hal_rcc.c ****       }
 411:Drivers/STM32F0xx_HAL_Driver/Src/stm32f0xx_hal_rcc.c ****       else
 412:Drivers/STM32F0xx_HAL_Driver/Src/stm32f0xx_hal_rcc.c ****       {
 413:Drivers/STM32F0xx_HAL_Driver/Src/stm32f0xx_hal_rcc.c ****         /* Disable the Internal High Speed oscillator (HSI). */
 414:Drivers/STM32F0xx_HAL_Driver/Src/stm32f0xx_hal_rcc.c ****         __HAL_RCC_HSI_DISABLE();
 415:Drivers/STM32F0xx_HAL_Driver/Src/stm32f0xx_hal_rcc.c ****         
 416:Drivers/STM32F0xx_HAL_Driver/Src/stm32f0xx_hal_rcc.c ****         /* Get Start Tick */
 417:Drivers/STM32F0xx_HAL_Driver/Src/stm32f0xx_hal_rcc.c ****         tickstart = HAL_GetTick();
 418:Drivers/STM32F0xx_HAL_Driver/Src/stm32f0xx_hal_rcc.c ****         
 419:Drivers/STM32F0xx_HAL_Driver/Src/stm32f0xx_hal_rcc.c ****         /* Wait till HSI is disabled */
 420:Drivers/STM32F0xx_HAL_Driver/Src/stm32f0xx_hal_rcc.c ****         while(__HAL_RCC_GET_FLAG(RCC_FLAG_HSIRDY) != RESET)
 421:Drivers/STM32F0xx_HAL_Driver/Src/stm32f0xx_hal_rcc.c ****         {
 422:Drivers/STM32F0xx_HAL_Driver/Src/stm32f0xx_hal_rcc.c ****           if((HAL_GetTick() - tickstart ) > HSI_TIMEOUT_VALUE)
 423:Drivers/STM32F0xx_HAL_Driver/Src/stm32f0xx_hal_rcc.c ****           {
 424:Drivers/STM32F0xx_HAL_Driver/Src/stm32f0xx_hal_rcc.c ****             return HAL_TIMEOUT;
 425:Drivers/STM32F0xx_HAL_Driver/Src/stm32f0xx_hal_rcc.c ****           }
 426:Drivers/STM32F0xx_HAL_Driver/Src/stm32f0xx_hal_rcc.c ****         }
 427:Drivers/STM32F0xx_HAL_Driver/Src/stm32f0xx_hal_rcc.c ****       }
 428:Drivers/STM32F0xx_HAL_Driver/Src/stm32f0xx_hal_rcc.c ****     }
ARM GAS  C:\Users\fastr\AppData\Local\Temp\ccSUdV1W.s 			page 19


 429:Drivers/STM32F0xx_HAL_Driver/Src/stm32f0xx_hal_rcc.c ****   }
 430:Drivers/STM32F0xx_HAL_Driver/Src/stm32f0xx_hal_rcc.c ****   /*------------------------------ LSI Configuration -------------------------*/ 
 431:Drivers/STM32F0xx_HAL_Driver/Src/stm32f0xx_hal_rcc.c ****   if(((RCC_OscInitStruct->OscillatorType) & RCC_OSCILLATORTYPE_LSI) == RCC_OSCILLATORTYPE_LSI)
 514              		.loc 1 431 3 view .LVU151
 515              		.loc 1 431 25 is_stmt 0 view .LVU152
 516 014a 2368     		ldr	r3, [r4]
 517              		.loc 1 431 5 view .LVU153
 518 014c 1B07     		lsls	r3, r3, #28
 519 014e 44D5     		bpl	.L42
 432:Drivers/STM32F0xx_HAL_Driver/Src/stm32f0xx_hal_rcc.c ****   {
 433:Drivers/STM32F0xx_HAL_Driver/Src/stm32f0xx_hal_rcc.c ****     /* Check the parameters */
 434:Drivers/STM32F0xx_HAL_Driver/Src/stm32f0xx_hal_rcc.c ****     assert_param(IS_RCC_LSI(RCC_OscInitStruct->LSIState));
 520              		.loc 1 434 5 is_stmt 1 view .LVU154
 435:Drivers/STM32F0xx_HAL_Driver/Src/stm32f0xx_hal_rcc.c ****     
 436:Drivers/STM32F0xx_HAL_Driver/Src/stm32f0xx_hal_rcc.c ****     /* Check the LSI State */
 437:Drivers/STM32F0xx_HAL_Driver/Src/stm32f0xx_hal_rcc.c ****     if(RCC_OscInitStruct->LSIState != RCC_LSI_OFF)
 521              		.loc 1 437 5 view .LVU155
 522              		.loc 1 437 25 is_stmt 0 view .LVU156
 523 0150 E369     		ldr	r3, [r4, #28]
 524              		.loc 1 437 7 view .LVU157
 525 0152 002B     		cmp	r3, #0
 526 0154 2ED0     		beq	.L43
 438:Drivers/STM32F0xx_HAL_Driver/Src/stm32f0xx_hal_rcc.c ****     {
 439:Drivers/STM32F0xx_HAL_Driver/Src/stm32f0xx_hal_rcc.c ****       /* Enable the Internal Low Speed oscillator (LSI). */
 440:Drivers/STM32F0xx_HAL_Driver/Src/stm32f0xx_hal_rcc.c ****       __HAL_RCC_LSI_ENABLE();
 527              		.loc 1 440 7 is_stmt 1 view .LVU158
 528 0156 5E4A     		ldr	r2, .L127
 529 0158 536A     		ldr	r3, [r2, #36]
 530 015a 0121     		movs	r1, #1
 531 015c 0B43     		orrs	r3, r1
 532 015e 5362     		str	r3, [r2, #36]
 441:Drivers/STM32F0xx_HAL_Driver/Src/stm32f0xx_hal_rcc.c ****       
 442:Drivers/STM32F0xx_HAL_Driver/Src/stm32f0xx_hal_rcc.c ****       /* Get Start Tick */
 443:Drivers/STM32F0xx_HAL_Driver/Src/stm32f0xx_hal_rcc.c ****       tickstart = HAL_GetTick();
 533              		.loc 1 443 7 view .LVU159
 534              		.loc 1 443 19 is_stmt 0 view .LVU160
 535 0160 FFF7FEFF 		bl	HAL_GetTick
 536              	.LVL28:
 537 0164 0500     		movs	r5, r0
 538              	.LVL29:
 444:Drivers/STM32F0xx_HAL_Driver/Src/stm32f0xx_hal_rcc.c ****       
 445:Drivers/STM32F0xx_HAL_Driver/Src/stm32f0xx_hal_rcc.c ****       /* Wait till LSI is ready */  
 446:Drivers/STM32F0xx_HAL_Driver/Src/stm32f0xx_hal_rcc.c ****       while(__HAL_RCC_GET_FLAG(RCC_FLAG_LSIRDY) == RESET)
 539              		.loc 1 446 7 is_stmt 1 view .LVU161
 540              	.L44:
 541              		.loc 1 446 49 view .LVU162
 542              		.loc 1 446 13 is_stmt 0 view .LVU163
 543 0166 5A4B     		ldr	r3, .L127
 544 0168 5B6A     		ldr	r3, [r3, #36]
 545              		.loc 1 446 49 view .LVU164
 546 016a 9B07     		lsls	r3, r3, #30
 547 016c 35D4     		bmi	.L42
 447:Drivers/STM32F0xx_HAL_Driver/Src/stm32f0xx_hal_rcc.c ****       {
 448:Drivers/STM32F0xx_HAL_Driver/Src/stm32f0xx_hal_rcc.c ****         if((HAL_GetTick() - tickstart ) > LSI_TIMEOUT_VALUE)
 548              		.loc 1 448 9 is_stmt 1 view .LVU165
 549              		.loc 1 448 13 is_stmt 0 view .LVU166
 550 016e FFF7FEFF 		bl	HAL_GetTick
ARM GAS  C:\Users\fastr\AppData\Local\Temp\ccSUdV1W.s 			page 20


 551              	.LVL30:
 552              		.loc 1 448 27 discriminator 1 view .LVU167
 553 0172 401B     		subs	r0, r0, r5
 554              		.loc 1 448 11 discriminator 1 view .LVU168
 555 0174 0228     		cmp	r0, #2
 556 0176 F6D9     		bls	.L44
 449:Drivers/STM32F0xx_HAL_Driver/Src/stm32f0xx_hal_rcc.c ****         {
 450:Drivers/STM32F0xx_HAL_Driver/Src/stm32f0xx_hal_rcc.c ****           return HAL_TIMEOUT;
 557              		.loc 1 450 18 view .LVU169
 558 0178 0320     		movs	r0, #3
 559 017a 78E1     		b	.L20
 560              	.L115:
 409:Drivers/STM32F0xx_HAL_Driver/Src/stm32f0xx_hal_rcc.c ****       }
 561              		.loc 1 409 9 is_stmt 1 view .LVU170
 562 017c 5449     		ldr	r1, .L127
 563 017e 0B68     		ldr	r3, [r1]
 564 0180 F822     		movs	r2, #248
 565 0182 9343     		bics	r3, r2
 566 0184 2269     		ldr	r2, [r4, #16]
 567 0186 D200     		lsls	r2, r2, #3
 568 0188 1343     		orrs	r3, r2
 569 018a 0B60     		str	r3, [r1]
 570 018c DDE7     		b	.L33
 571              	.LVL31:
 572              	.L37:
 414:Drivers/STM32F0xx_HAL_Driver/Src/stm32f0xx_hal_rcc.c ****         
 573              		.loc 1 414 9 view .LVU171
 574 018e 504A     		ldr	r2, .L127
 575 0190 1368     		ldr	r3, [r2]
 576 0192 0121     		movs	r1, #1
 577 0194 8B43     		bics	r3, r1
 578 0196 1360     		str	r3, [r2]
 417:Drivers/STM32F0xx_HAL_Driver/Src/stm32f0xx_hal_rcc.c ****         
 579              		.loc 1 417 9 view .LVU172
 417:Drivers/STM32F0xx_HAL_Driver/Src/stm32f0xx_hal_rcc.c ****         
 580              		.loc 1 417 21 is_stmt 0 view .LVU173
 581 0198 FFF7FEFF 		bl	HAL_GetTick
 582              	.LVL32:
 583 019c 0500     		movs	r5, r0
 584              	.LVL33:
 420:Drivers/STM32F0xx_HAL_Driver/Src/stm32f0xx_hal_rcc.c ****         {
 585              		.loc 1 420 9 is_stmt 1 view .LVU174
 586              	.L40:
 420:Drivers/STM32F0xx_HAL_Driver/Src/stm32f0xx_hal_rcc.c ****         {
 587              		.loc 1 420 51 view .LVU175
 420:Drivers/STM32F0xx_HAL_Driver/Src/stm32f0xx_hal_rcc.c ****         {
 588              		.loc 1 420 15 is_stmt 0 view .LVU176
 589 019e 4C4B     		ldr	r3, .L127
 590 01a0 1B68     		ldr	r3, [r3]
 420:Drivers/STM32F0xx_HAL_Driver/Src/stm32f0xx_hal_rcc.c ****         {
 591              		.loc 1 420 51 view .LVU177
 592 01a2 9B07     		lsls	r3, r3, #30
 593 01a4 D1D5     		bpl	.L33
 422:Drivers/STM32F0xx_HAL_Driver/Src/stm32f0xx_hal_rcc.c ****           {
 594              		.loc 1 422 11 is_stmt 1 view .LVU178
 422:Drivers/STM32F0xx_HAL_Driver/Src/stm32f0xx_hal_rcc.c ****           {
 595              		.loc 1 422 15 is_stmt 0 view .LVU179
ARM GAS  C:\Users\fastr\AppData\Local\Temp\ccSUdV1W.s 			page 21


 596 01a6 FFF7FEFF 		bl	HAL_GetTick
 597              	.LVL34:
 422:Drivers/STM32F0xx_HAL_Driver/Src/stm32f0xx_hal_rcc.c ****           {
 598              		.loc 1 422 29 discriminator 1 view .LVU180
 599 01aa 401B     		subs	r0, r0, r5
 422:Drivers/STM32F0xx_HAL_Driver/Src/stm32f0xx_hal_rcc.c ****           {
 600              		.loc 1 422 13 discriminator 1 view .LVU181
 601 01ac 0228     		cmp	r0, #2
 602 01ae F6D9     		bls	.L40
 424:Drivers/STM32F0xx_HAL_Driver/Src/stm32f0xx_hal_rcc.c ****           }
 603              		.loc 1 424 20 view .LVU182
 604 01b0 0320     		movs	r0, #3
 605 01b2 5CE1     		b	.L20
 606              	.LVL35:
 607              	.L43:
 451:Drivers/STM32F0xx_HAL_Driver/Src/stm32f0xx_hal_rcc.c ****         }
 452:Drivers/STM32F0xx_HAL_Driver/Src/stm32f0xx_hal_rcc.c ****       }
 453:Drivers/STM32F0xx_HAL_Driver/Src/stm32f0xx_hal_rcc.c ****     }
 454:Drivers/STM32F0xx_HAL_Driver/Src/stm32f0xx_hal_rcc.c ****     else
 455:Drivers/STM32F0xx_HAL_Driver/Src/stm32f0xx_hal_rcc.c ****     {
 456:Drivers/STM32F0xx_HAL_Driver/Src/stm32f0xx_hal_rcc.c ****       /* Disable the Internal Low Speed oscillator (LSI). */
 457:Drivers/STM32F0xx_HAL_Driver/Src/stm32f0xx_hal_rcc.c ****       __HAL_RCC_LSI_DISABLE();
 608              		.loc 1 457 7 is_stmt 1 view .LVU183
 609 01b4 464A     		ldr	r2, .L127
 610 01b6 536A     		ldr	r3, [r2, #36]
 611 01b8 0121     		movs	r1, #1
 612 01ba 8B43     		bics	r3, r1
 613 01bc 5362     		str	r3, [r2, #36]
 458:Drivers/STM32F0xx_HAL_Driver/Src/stm32f0xx_hal_rcc.c ****       
 459:Drivers/STM32F0xx_HAL_Driver/Src/stm32f0xx_hal_rcc.c ****       /* Get Start Tick */
 460:Drivers/STM32F0xx_HAL_Driver/Src/stm32f0xx_hal_rcc.c ****       tickstart = HAL_GetTick();
 614              		.loc 1 460 7 view .LVU184
 615              		.loc 1 460 19 is_stmt 0 view .LVU185
 616 01be FFF7FEFF 		bl	HAL_GetTick
 617              	.LVL36:
 618 01c2 0500     		movs	r5, r0
 619              	.LVL37:
 461:Drivers/STM32F0xx_HAL_Driver/Src/stm32f0xx_hal_rcc.c ****       
 462:Drivers/STM32F0xx_HAL_Driver/Src/stm32f0xx_hal_rcc.c ****       /* Wait till LSI is disabled */  
 463:Drivers/STM32F0xx_HAL_Driver/Src/stm32f0xx_hal_rcc.c ****       while(__HAL_RCC_GET_FLAG(RCC_FLAG_LSIRDY) != RESET)
 620              		.loc 1 463 7 is_stmt 1 view .LVU186
 621              	.L46:
 622              		.loc 1 463 49 view .LVU187
 623              		.loc 1 463 13 is_stmt 0 view .LVU188
 624 01c4 424B     		ldr	r3, .L127
 625 01c6 5B6A     		ldr	r3, [r3, #36]
 626              		.loc 1 463 49 view .LVU189
 627 01c8 9B07     		lsls	r3, r3, #30
 628 01ca 06D5     		bpl	.L42
 464:Drivers/STM32F0xx_HAL_Driver/Src/stm32f0xx_hal_rcc.c ****       {
 465:Drivers/STM32F0xx_HAL_Driver/Src/stm32f0xx_hal_rcc.c ****         if((HAL_GetTick() - tickstart ) > LSI_TIMEOUT_VALUE)
 629              		.loc 1 465 9 is_stmt 1 view .LVU190
 630              		.loc 1 465 13 is_stmt 0 view .LVU191
 631 01cc FFF7FEFF 		bl	HAL_GetTick
 632              	.LVL38:
 633              		.loc 1 465 27 discriminator 1 view .LVU192
 634 01d0 401B     		subs	r0, r0, r5
ARM GAS  C:\Users\fastr\AppData\Local\Temp\ccSUdV1W.s 			page 22


 635              		.loc 1 465 11 discriminator 1 view .LVU193
 636 01d2 0228     		cmp	r0, #2
 637 01d4 F6D9     		bls	.L46
 466:Drivers/STM32F0xx_HAL_Driver/Src/stm32f0xx_hal_rcc.c ****         {
 467:Drivers/STM32F0xx_HAL_Driver/Src/stm32f0xx_hal_rcc.c ****           return HAL_TIMEOUT;
 638              		.loc 1 467 18 view .LVU194
 639 01d6 0320     		movs	r0, #3
 640 01d8 49E1     		b	.L20
 641              	.LVL39:
 642              	.L42:
 468:Drivers/STM32F0xx_HAL_Driver/Src/stm32f0xx_hal_rcc.c ****         }
 469:Drivers/STM32F0xx_HAL_Driver/Src/stm32f0xx_hal_rcc.c ****       }
 470:Drivers/STM32F0xx_HAL_Driver/Src/stm32f0xx_hal_rcc.c ****     }
 471:Drivers/STM32F0xx_HAL_Driver/Src/stm32f0xx_hal_rcc.c ****   }
 472:Drivers/STM32F0xx_HAL_Driver/Src/stm32f0xx_hal_rcc.c ****   /*------------------------------ LSE Configuration -------------------------*/ 
 473:Drivers/STM32F0xx_HAL_Driver/Src/stm32f0xx_hal_rcc.c ****   if(((RCC_OscInitStruct->OscillatorType) & RCC_OSCILLATORTYPE_LSE) == RCC_OSCILLATORTYPE_LSE)
 643              		.loc 1 473 3 is_stmt 1 view .LVU195
 644              		.loc 1 473 25 is_stmt 0 view .LVU196
 645 01da 2368     		ldr	r3, [r4]
 646              		.loc 1 473 5 view .LVU197
 647 01dc 5B07     		lsls	r3, r3, #29
 648 01de 00D4     		bmi	.LCB589
 649 01e0 82E0     		b	.L48	@long jump
 650              	.LCB589:
 651              	.LBB2:
 474:Drivers/STM32F0xx_HAL_Driver/Src/stm32f0xx_hal_rcc.c ****   {
 475:Drivers/STM32F0xx_HAL_Driver/Src/stm32f0xx_hal_rcc.c ****     FlagStatus       pwrclkchanged = RESET;
 652              		.loc 1 475 5 is_stmt 1 view .LVU198
 653              	.LVL40:
 476:Drivers/STM32F0xx_HAL_Driver/Src/stm32f0xx_hal_rcc.c ****     
 477:Drivers/STM32F0xx_HAL_Driver/Src/stm32f0xx_hal_rcc.c ****     /* Check the parameters */
 478:Drivers/STM32F0xx_HAL_Driver/Src/stm32f0xx_hal_rcc.c ****     assert_param(IS_RCC_LSE(RCC_OscInitStruct->LSEState));
 654              		.loc 1 478 5 view .LVU199
 479:Drivers/STM32F0xx_HAL_Driver/Src/stm32f0xx_hal_rcc.c **** 
 480:Drivers/STM32F0xx_HAL_Driver/Src/stm32f0xx_hal_rcc.c ****     /* Update LSE configuration in Backup Domain control register    */
 481:Drivers/STM32F0xx_HAL_Driver/Src/stm32f0xx_hal_rcc.c ****     /* Requires to enable write access to Backup Domain of necessary */
 482:Drivers/STM32F0xx_HAL_Driver/Src/stm32f0xx_hal_rcc.c ****     if(__HAL_RCC_PWR_IS_CLK_DISABLED())
 655              		.loc 1 482 5 view .LVU200
 656              		.loc 1 482 8 is_stmt 0 view .LVU201
 657 01e2 3B4B     		ldr	r3, .L127
 658 01e4 DB69     		ldr	r3, [r3, #28]
 659              		.loc 1 482 7 view .LVU202
 660 01e6 DB00     		lsls	r3, r3, #3
 661 01e8 1ED4     		bmi	.L87
 483:Drivers/STM32F0xx_HAL_Driver/Src/stm32f0xx_hal_rcc.c ****     {
 484:Drivers/STM32F0xx_HAL_Driver/Src/stm32f0xx_hal_rcc.c ****       __HAL_RCC_PWR_CLK_ENABLE();
 662              		.loc 1 484 7 is_stmt 1 view .LVU203
 663              	.LBB3:
 664              		.loc 1 484 7 view .LVU204
 665              		.loc 1 484 7 view .LVU205
 666 01ea 394B     		ldr	r3, .L127
 667 01ec DA69     		ldr	r2, [r3, #28]
 668 01ee 8021     		movs	r1, #128
 669 01f0 4905     		lsls	r1, r1, #21
 670 01f2 0A43     		orrs	r2, r1
 671 01f4 DA61     		str	r2, [r3, #28]
 672              		.loc 1 484 7 view .LVU206
ARM GAS  C:\Users\fastr\AppData\Local\Temp\ccSUdV1W.s 			page 23


 673 01f6 DB69     		ldr	r3, [r3, #28]
 674 01f8 0B40     		ands	r3, r1
 675 01fa 0193     		str	r3, [sp, #4]
 676              		.loc 1 484 7 view .LVU207
 677 01fc 019B     		ldr	r3, [sp, #4]
 678              	.LBE3:
 679              		.loc 1 484 7 view .LVU208
 485:Drivers/STM32F0xx_HAL_Driver/Src/stm32f0xx_hal_rcc.c ****       pwrclkchanged = SET;
 680              		.loc 1 485 7 view .LVU209
 681              	.LVL41:
 682              		.loc 1 485 21 is_stmt 0 view .LVU210
 683 01fe 0123     		movs	r3, #1
 684 0200 1E00     		movs	r6, r3
 685              	.LVL42:
 686              	.L49:
 486:Drivers/STM32F0xx_HAL_Driver/Src/stm32f0xx_hal_rcc.c ****     }
 487:Drivers/STM32F0xx_HAL_Driver/Src/stm32f0xx_hal_rcc.c ****     
 488:Drivers/STM32F0xx_HAL_Driver/Src/stm32f0xx_hal_rcc.c ****     if(HAL_IS_BIT_CLR(PWR->CR, PWR_CR_DBP))
 687              		.loc 1 488 5 is_stmt 1 view .LVU211
 688              		.loc 1 488 8 is_stmt 0 view .LVU212
 689 0202 364B     		ldr	r3, .L127+12
 690 0204 1B68     		ldr	r3, [r3]
 691              		.loc 1 488 7 view .LVU213
 692 0206 DB05     		lsls	r3, r3, #23
 693 0208 11D5     		bpl	.L117
 694              	.L50:
 489:Drivers/STM32F0xx_HAL_Driver/Src/stm32f0xx_hal_rcc.c ****     {
 490:Drivers/STM32F0xx_HAL_Driver/Src/stm32f0xx_hal_rcc.c ****       /* Enable write access to Backup domain */
 491:Drivers/STM32F0xx_HAL_Driver/Src/stm32f0xx_hal_rcc.c ****       SET_BIT(PWR->CR, PWR_CR_DBP);
 492:Drivers/STM32F0xx_HAL_Driver/Src/stm32f0xx_hal_rcc.c ****       
 493:Drivers/STM32F0xx_HAL_Driver/Src/stm32f0xx_hal_rcc.c ****       /* Wait for Backup domain Write protection disable */
 494:Drivers/STM32F0xx_HAL_Driver/Src/stm32f0xx_hal_rcc.c ****       tickstart = HAL_GetTick();
 495:Drivers/STM32F0xx_HAL_Driver/Src/stm32f0xx_hal_rcc.c **** 
 496:Drivers/STM32F0xx_HAL_Driver/Src/stm32f0xx_hal_rcc.c ****       while(HAL_IS_BIT_CLR(PWR->CR, PWR_CR_DBP))
 497:Drivers/STM32F0xx_HAL_Driver/Src/stm32f0xx_hal_rcc.c ****       {
 498:Drivers/STM32F0xx_HAL_Driver/Src/stm32f0xx_hal_rcc.c ****         if((HAL_GetTick() - tickstart) > RCC_DBP_TIMEOUT_VALUE)
 499:Drivers/STM32F0xx_HAL_Driver/Src/stm32f0xx_hal_rcc.c ****         {
 500:Drivers/STM32F0xx_HAL_Driver/Src/stm32f0xx_hal_rcc.c ****           return HAL_TIMEOUT;
 501:Drivers/STM32F0xx_HAL_Driver/Src/stm32f0xx_hal_rcc.c ****         }
 502:Drivers/STM32F0xx_HAL_Driver/Src/stm32f0xx_hal_rcc.c ****       }
 503:Drivers/STM32F0xx_HAL_Driver/Src/stm32f0xx_hal_rcc.c ****     }
 504:Drivers/STM32F0xx_HAL_Driver/Src/stm32f0xx_hal_rcc.c **** 
 505:Drivers/STM32F0xx_HAL_Driver/Src/stm32f0xx_hal_rcc.c ****     /* Set the new LSE configuration -----------------------------------------*/
 506:Drivers/STM32F0xx_HAL_Driver/Src/stm32f0xx_hal_rcc.c ****     __HAL_RCC_LSE_CONFIG(RCC_OscInitStruct->LSEState);
 695              		.loc 1 506 5 is_stmt 1 view .LVU214
 696              		.loc 1 506 5 view .LVU215
 697 020a A368     		ldr	r3, [r4, #8]
 698 020c 012B     		cmp	r3, #1
 699 020e 22D0     		beq	.L118
 700              		.loc 1 506 5 discriminator 2 view .LVU216
 701 0210 002B     		cmp	r3, #0
 702 0212 37D1     		bne	.L55
 703              		.loc 1 506 5 discriminator 3 view .LVU217
 704 0214 2E4B     		ldr	r3, .L127
 705 0216 1A6A     		ldr	r2, [r3, #32]
 706 0218 0121     		movs	r1, #1
 707 021a 8A43     		bics	r2, r1
ARM GAS  C:\Users\fastr\AppData\Local\Temp\ccSUdV1W.s 			page 24


 708 021c 1A62     		str	r2, [r3, #32]
 709              		.loc 1 506 5 view .LVU218
 710              		.loc 1 506 5 is_stmt 0 discriminator 3 view .LVU219
 711 021e 1A6A     		ldr	r2, [r3, #32]
 712 0220 0331     		adds	r1, r1, #3
 713 0222 8A43     		bics	r2, r1
 714 0224 1A62     		str	r2, [r3, #32]
 715 0226 1BE0     		b	.L54
 716              	.LVL43:
 717              	.L87:
 475:Drivers/STM32F0xx_HAL_Driver/Src/stm32f0xx_hal_rcc.c ****     
 718              		.loc 1 475 22 view .LVU220
 719 0228 0023     		movs	r3, #0
 720 022a 1E00     		movs	r6, r3
 721 022c E9E7     		b	.L49
 722              	.LVL44:
 723              	.L117:
 491:Drivers/STM32F0xx_HAL_Driver/Src/stm32f0xx_hal_rcc.c ****       
 724              		.loc 1 491 7 is_stmt 1 view .LVU221
 725 022e 2B4A     		ldr	r2, .L127+12
 726 0230 1168     		ldr	r1, [r2]
 727 0232 8023     		movs	r3, #128
 728 0234 5B00     		lsls	r3, r3, #1
 729 0236 0B43     		orrs	r3, r1
 730 0238 1360     		str	r3, [r2]
 494:Drivers/STM32F0xx_HAL_Driver/Src/stm32f0xx_hal_rcc.c **** 
 731              		.loc 1 494 7 view .LVU222
 494:Drivers/STM32F0xx_HAL_Driver/Src/stm32f0xx_hal_rcc.c **** 
 732              		.loc 1 494 19 is_stmt 0 view .LVU223
 733 023a FFF7FEFF 		bl	HAL_GetTick
 734              	.LVL45:
 735 023e 0500     		movs	r5, r0
 736              	.LVL46:
 496:Drivers/STM32F0xx_HAL_Driver/Src/stm32f0xx_hal_rcc.c ****       {
 737              		.loc 1 496 7 is_stmt 1 view .LVU224
 738              	.L51:
 496:Drivers/STM32F0xx_HAL_Driver/Src/stm32f0xx_hal_rcc.c ****       {
 739              		.loc 1 496 13 view .LVU225
 740 0240 264B     		ldr	r3, .L127+12
 741 0242 1B68     		ldr	r3, [r3]
 742 0244 DB05     		lsls	r3, r3, #23
 743 0246 E0D4     		bmi	.L50
 498:Drivers/STM32F0xx_HAL_Driver/Src/stm32f0xx_hal_rcc.c ****         {
 744              		.loc 1 498 9 view .LVU226
 498:Drivers/STM32F0xx_HAL_Driver/Src/stm32f0xx_hal_rcc.c ****         {
 745              		.loc 1 498 13 is_stmt 0 view .LVU227
 746 0248 FFF7FEFF 		bl	HAL_GetTick
 747              	.LVL47:
 498:Drivers/STM32F0xx_HAL_Driver/Src/stm32f0xx_hal_rcc.c ****         {
 748              		.loc 1 498 27 discriminator 1 view .LVU228
 749 024c 401B     		subs	r0, r0, r5
 498:Drivers/STM32F0xx_HAL_Driver/Src/stm32f0xx_hal_rcc.c ****         {
 750              		.loc 1 498 11 discriminator 1 view .LVU229
 751 024e 6428     		cmp	r0, #100
 752 0250 F6D9     		bls	.L51
 500:Drivers/STM32F0xx_HAL_Driver/Src/stm32f0xx_hal_rcc.c ****         }
 753              		.loc 1 500 18 view .LVU230
ARM GAS  C:\Users\fastr\AppData\Local\Temp\ccSUdV1W.s 			page 25


 754 0252 0320     		movs	r0, #3
 755 0254 0BE1     		b	.L20
 756              	.LVL48:
 757              	.L118:
 758              		.loc 1 506 5 is_stmt 1 discriminator 1 view .LVU231
 759 0256 1E4A     		ldr	r2, .L127
 760 0258 136A     		ldr	r3, [r2, #32]
 761 025a 0121     		movs	r1, #1
 762 025c 0B43     		orrs	r3, r1
 763 025e 1362     		str	r3, [r2, #32]
 764              	.L54:
 765              		.loc 1 506 5 view .LVU232
 507:Drivers/STM32F0xx_HAL_Driver/Src/stm32f0xx_hal_rcc.c ****     /* Check the LSE State */
 508:Drivers/STM32F0xx_HAL_Driver/Src/stm32f0xx_hal_rcc.c ****     if(RCC_OscInitStruct->LSEState != RCC_LSE_OFF)
 766              		.loc 1 508 5 view .LVU233
 767              		.loc 1 508 25 is_stmt 0 view .LVU234
 768 0260 A368     		ldr	r3, [r4, #8]
 769              		.loc 1 508 7 view .LVU235
 770 0262 002B     		cmp	r3, #0
 771 0264 24D0     		beq	.L57
 509:Drivers/STM32F0xx_HAL_Driver/Src/stm32f0xx_hal_rcc.c ****     {
 510:Drivers/STM32F0xx_HAL_Driver/Src/stm32f0xx_hal_rcc.c ****       /* Get Start Tick */
 511:Drivers/STM32F0xx_HAL_Driver/Src/stm32f0xx_hal_rcc.c ****       tickstart = HAL_GetTick();
 772              		.loc 1 511 7 is_stmt 1 view .LVU236
 773              		.loc 1 511 19 is_stmt 0 view .LVU237
 774 0266 FFF7FEFF 		bl	HAL_GetTick
 775              	.LVL49:
 776 026a 0500     		movs	r5, r0
 777              	.LVL50:
 512:Drivers/STM32F0xx_HAL_Driver/Src/stm32f0xx_hal_rcc.c ****       
 513:Drivers/STM32F0xx_HAL_Driver/Src/stm32f0xx_hal_rcc.c ****       /* Wait till LSE is ready */  
 514:Drivers/STM32F0xx_HAL_Driver/Src/stm32f0xx_hal_rcc.c ****       while(__HAL_RCC_GET_FLAG(RCC_FLAG_LSERDY) == RESET)
 778              		.loc 1 514 7 is_stmt 1 view .LVU238
 779              	.L58:
 780              		.loc 1 514 49 view .LVU239
 781              		.loc 1 514 13 is_stmt 0 view .LVU240
 782 026c 184B     		ldr	r3, .L127
 783 026e 1B6A     		ldr	r3, [r3, #32]
 784              		.loc 1 514 49 view .LVU241
 785 0270 9B07     		lsls	r3, r3, #30
 786 0272 37D4     		bmi	.L60
 515:Drivers/STM32F0xx_HAL_Driver/Src/stm32f0xx_hal_rcc.c ****       {
 516:Drivers/STM32F0xx_HAL_Driver/Src/stm32f0xx_hal_rcc.c ****         if((HAL_GetTick() - tickstart ) > RCC_LSE_TIMEOUT_VALUE)
 787              		.loc 1 516 9 is_stmt 1 view .LVU242
 788              		.loc 1 516 13 is_stmt 0 view .LVU243
 789 0274 FFF7FEFF 		bl	HAL_GetTick
 790              	.LVL51:
 791              		.loc 1 516 27 discriminator 1 view .LVU244
 792 0278 401B     		subs	r0, r0, r5
 793              		.loc 1 516 11 discriminator 1 view .LVU245
 794 027a 194B     		ldr	r3, .L127+16
 795 027c 9842     		cmp	r0, r3
 796 027e F5D9     		bls	.L58
 517:Drivers/STM32F0xx_HAL_Driver/Src/stm32f0xx_hal_rcc.c ****         {
 518:Drivers/STM32F0xx_HAL_Driver/Src/stm32f0xx_hal_rcc.c ****           return HAL_TIMEOUT;
 797              		.loc 1 518 18 view .LVU246
 798 0280 0320     		movs	r0, #3
ARM GAS  C:\Users\fastr\AppData\Local\Temp\ccSUdV1W.s 			page 26


 799 0282 F4E0     		b	.L20
 800              	.LVL52:
 801              	.L55:
 506:Drivers/STM32F0xx_HAL_Driver/Src/stm32f0xx_hal_rcc.c ****     /* Check the LSE State */
 802              		.loc 1 506 5 is_stmt 1 discriminator 4 view .LVU247
 803 0284 052B     		cmp	r3, #5
 804 0286 09D0     		beq	.L119
 506:Drivers/STM32F0xx_HAL_Driver/Src/stm32f0xx_hal_rcc.c ****     /* Check the LSE State */
 805              		.loc 1 506 5 discriminator 6 view .LVU248
 806 0288 114B     		ldr	r3, .L127
 807 028a 1A6A     		ldr	r2, [r3, #32]
 808 028c 0121     		movs	r1, #1
 809 028e 8A43     		bics	r2, r1
 810 0290 1A62     		str	r2, [r3, #32]
 506:Drivers/STM32F0xx_HAL_Driver/Src/stm32f0xx_hal_rcc.c ****     /* Check the LSE State */
 811              		.loc 1 506 5 view .LVU249
 506:Drivers/STM32F0xx_HAL_Driver/Src/stm32f0xx_hal_rcc.c ****     /* Check the LSE State */
 812              		.loc 1 506 5 is_stmt 0 discriminator 6 view .LVU250
 813 0292 1A6A     		ldr	r2, [r3, #32]
 814 0294 0331     		adds	r1, r1, #3
 815 0296 8A43     		bics	r2, r1
 816 0298 1A62     		str	r2, [r3, #32]
 817 029a E1E7     		b	.L54
 818              	.L119:
 506:Drivers/STM32F0xx_HAL_Driver/Src/stm32f0xx_hal_rcc.c ****     /* Check the LSE State */
 819              		.loc 1 506 5 is_stmt 1 discriminator 5 view .LVU251
 820 029c 0C4B     		ldr	r3, .L127
 821 029e 1A6A     		ldr	r2, [r3, #32]
 822 02a0 0421     		movs	r1, #4
 823 02a2 0A43     		orrs	r2, r1
 824 02a4 1A62     		str	r2, [r3, #32]
 506:Drivers/STM32F0xx_HAL_Driver/Src/stm32f0xx_hal_rcc.c ****     /* Check the LSE State */
 825              		.loc 1 506 5 view .LVU252
 506:Drivers/STM32F0xx_HAL_Driver/Src/stm32f0xx_hal_rcc.c ****     /* Check the LSE State */
 826              		.loc 1 506 5 is_stmt 0 discriminator 5 view .LVU253
 827 02a6 1A6A     		ldr	r2, [r3, #32]
 828 02a8 0339     		subs	r1, r1, #3
 829 02aa 0A43     		orrs	r2, r1
 830 02ac 1A62     		str	r2, [r3, #32]
 831 02ae D7E7     		b	.L54
 832              	.L57:
 519:Drivers/STM32F0xx_HAL_Driver/Src/stm32f0xx_hal_rcc.c ****         }
 520:Drivers/STM32F0xx_HAL_Driver/Src/stm32f0xx_hal_rcc.c ****       }
 521:Drivers/STM32F0xx_HAL_Driver/Src/stm32f0xx_hal_rcc.c ****     }
 522:Drivers/STM32F0xx_HAL_Driver/Src/stm32f0xx_hal_rcc.c ****     else
 523:Drivers/STM32F0xx_HAL_Driver/Src/stm32f0xx_hal_rcc.c ****     {
 524:Drivers/STM32F0xx_HAL_Driver/Src/stm32f0xx_hal_rcc.c ****       /* Get Start Tick */
 525:Drivers/STM32F0xx_HAL_Driver/Src/stm32f0xx_hal_rcc.c ****       tickstart = HAL_GetTick();
 833              		.loc 1 525 7 is_stmt 1 view .LVU254
 834              		.loc 1 525 19 is_stmt 0 view .LVU255
 835 02b0 FFF7FEFF 		bl	HAL_GetTick
 836              	.LVL53:
 837 02b4 0500     		movs	r5, r0
 838              	.LVL54:
 526:Drivers/STM32F0xx_HAL_Driver/Src/stm32f0xx_hal_rcc.c ****       
 527:Drivers/STM32F0xx_HAL_Driver/Src/stm32f0xx_hal_rcc.c ****       /* Wait till LSE is disabled */  
 528:Drivers/STM32F0xx_HAL_Driver/Src/stm32f0xx_hal_rcc.c ****       while(__HAL_RCC_GET_FLAG(RCC_FLAG_LSERDY) != RESET)
ARM GAS  C:\Users\fastr\AppData\Local\Temp\ccSUdV1W.s 			page 27


 839              		.loc 1 528 7 is_stmt 1 view .LVU256
 840              	.L61:
 841              		.loc 1 528 49 view .LVU257
 842              		.loc 1 528 13 is_stmt 0 view .LVU258
 843 02b6 064B     		ldr	r3, .L127
 844 02b8 1B6A     		ldr	r3, [r3, #32]
 845              		.loc 1 528 49 view .LVU259
 846 02ba 9B07     		lsls	r3, r3, #30
 847 02bc 12D5     		bpl	.L60
 529:Drivers/STM32F0xx_HAL_Driver/Src/stm32f0xx_hal_rcc.c ****       {
 530:Drivers/STM32F0xx_HAL_Driver/Src/stm32f0xx_hal_rcc.c ****         if((HAL_GetTick() - tickstart ) > RCC_LSE_TIMEOUT_VALUE)
 848              		.loc 1 530 9 is_stmt 1 view .LVU260
 849              		.loc 1 530 13 is_stmt 0 view .LVU261
 850 02be FFF7FEFF 		bl	HAL_GetTick
 851              	.LVL55:
 852              		.loc 1 530 27 discriminator 1 view .LVU262
 853 02c2 401B     		subs	r0, r0, r5
 854              		.loc 1 530 11 discriminator 1 view .LVU263
 855 02c4 064B     		ldr	r3, .L127+16
 856 02c6 9842     		cmp	r0, r3
 857 02c8 F5D9     		bls	.L61
 531:Drivers/STM32F0xx_HAL_Driver/Src/stm32f0xx_hal_rcc.c ****         {
 532:Drivers/STM32F0xx_HAL_Driver/Src/stm32f0xx_hal_rcc.c ****           return HAL_TIMEOUT;
 858              		.loc 1 532 18 view .LVU264
 859 02ca 0320     		movs	r0, #3
 860 02cc CFE0     		b	.L20
 861              	.L128:
 862 02ce C046     		.align	2
 863              	.L127:
 864 02d0 00100240 		.word	1073876992
 865 02d4 FFFFFEFF 		.word	-65537
 866 02d8 FFFFFBFF 		.word	-262145
 867 02dc 00700040 		.word	1073770496
 868 02e0 88130000 		.word	5000
 869              	.L60:
 533:Drivers/STM32F0xx_HAL_Driver/Src/stm32f0xx_hal_rcc.c ****         }
 534:Drivers/STM32F0xx_HAL_Driver/Src/stm32f0xx_hal_rcc.c ****       }
 535:Drivers/STM32F0xx_HAL_Driver/Src/stm32f0xx_hal_rcc.c ****     }
 536:Drivers/STM32F0xx_HAL_Driver/Src/stm32f0xx_hal_rcc.c **** 
 537:Drivers/STM32F0xx_HAL_Driver/Src/stm32f0xx_hal_rcc.c ****     /* Require to disable power clock if necessary */
 538:Drivers/STM32F0xx_HAL_Driver/Src/stm32f0xx_hal_rcc.c ****     if(pwrclkchanged == SET)
 870              		.loc 1 538 5 is_stmt 1 view .LVU265
 871              		.loc 1 538 7 is_stmt 0 view .LVU266
 872 02e4 012E     		cmp	r6, #1
 873 02e6 33D0     		beq	.L120
 874              	.LVL56:
 875              	.L48:
 876              		.loc 1 538 7 view .LVU267
 877              	.LBE2:
 539:Drivers/STM32F0xx_HAL_Driver/Src/stm32f0xx_hal_rcc.c ****     {
 540:Drivers/STM32F0xx_HAL_Driver/Src/stm32f0xx_hal_rcc.c ****       __HAL_RCC_PWR_CLK_DISABLE();
 541:Drivers/STM32F0xx_HAL_Driver/Src/stm32f0xx_hal_rcc.c ****     }
 542:Drivers/STM32F0xx_HAL_Driver/Src/stm32f0xx_hal_rcc.c ****   }
 543:Drivers/STM32F0xx_HAL_Driver/Src/stm32f0xx_hal_rcc.c **** 
 544:Drivers/STM32F0xx_HAL_Driver/Src/stm32f0xx_hal_rcc.c ****   /*----------------------------- HSI14 Configuration --------------------------*/
 545:Drivers/STM32F0xx_HAL_Driver/Src/stm32f0xx_hal_rcc.c ****   if(((RCC_OscInitStruct->OscillatorType) & RCC_OSCILLATORTYPE_HSI14) == RCC_OSCILLATORTYPE_HSI14)
 878              		.loc 1 545 3 is_stmt 1 view .LVU268
ARM GAS  C:\Users\fastr\AppData\Local\Temp\ccSUdV1W.s 			page 28


 879              		.loc 1 545 25 is_stmt 0 view .LVU269
 880 02e8 2368     		ldr	r3, [r4]
 881              		.loc 1 545 5 view .LVU270
 882 02ea DB06     		lsls	r3, r3, #27
 883 02ec 10D5     		bpl	.L63
 546:Drivers/STM32F0xx_HAL_Driver/Src/stm32f0xx_hal_rcc.c ****   {
 547:Drivers/STM32F0xx_HAL_Driver/Src/stm32f0xx_hal_rcc.c ****     /* Check the parameters */
 548:Drivers/STM32F0xx_HAL_Driver/Src/stm32f0xx_hal_rcc.c ****     assert_param(IS_RCC_HSI14(RCC_OscInitStruct->HSI14State));
 884              		.loc 1 548 5 is_stmt 1 view .LVU271
 549:Drivers/STM32F0xx_HAL_Driver/Src/stm32f0xx_hal_rcc.c ****     assert_param(IS_RCC_CALIBRATION_VALUE(RCC_OscInitStruct->HSI14CalibrationValue));
 885              		.loc 1 549 5 view .LVU272
 550:Drivers/STM32F0xx_HAL_Driver/Src/stm32f0xx_hal_rcc.c **** 
 551:Drivers/STM32F0xx_HAL_Driver/Src/stm32f0xx_hal_rcc.c ****     /* Check the HSI14 State */
 552:Drivers/STM32F0xx_HAL_Driver/Src/stm32f0xx_hal_rcc.c ****     if(RCC_OscInitStruct->HSI14State == RCC_HSI14_ON)
 886              		.loc 1 552 5 view .LVU273
 887              		.loc 1 552 25 is_stmt 0 view .LVU274
 888 02ee 6369     		ldr	r3, [r4, #20]
 889              		.loc 1 552 7 view .LVU275
 890 02f0 012B     		cmp	r3, #1
 891 02f2 33D0     		beq	.L121
 553:Drivers/STM32F0xx_HAL_Driver/Src/stm32f0xx_hal_rcc.c ****     {
 554:Drivers/STM32F0xx_HAL_Driver/Src/stm32f0xx_hal_rcc.c ****       /* Disable ADC control of the Internal High Speed oscillator HSI14 */
 555:Drivers/STM32F0xx_HAL_Driver/Src/stm32f0xx_hal_rcc.c ****       __HAL_RCC_HSI14ADC_DISABLE();
 556:Drivers/STM32F0xx_HAL_Driver/Src/stm32f0xx_hal_rcc.c **** 
 557:Drivers/STM32F0xx_HAL_Driver/Src/stm32f0xx_hal_rcc.c ****       /* Enable the Internal High Speed oscillator (HSI). */
 558:Drivers/STM32F0xx_HAL_Driver/Src/stm32f0xx_hal_rcc.c ****       __HAL_RCC_HSI14_ENABLE();
 559:Drivers/STM32F0xx_HAL_Driver/Src/stm32f0xx_hal_rcc.c **** 
 560:Drivers/STM32F0xx_HAL_Driver/Src/stm32f0xx_hal_rcc.c ****       /* Get Start Tick */
 561:Drivers/STM32F0xx_HAL_Driver/Src/stm32f0xx_hal_rcc.c ****       tickstart = HAL_GetTick();
 562:Drivers/STM32F0xx_HAL_Driver/Src/stm32f0xx_hal_rcc.c ****       
 563:Drivers/STM32F0xx_HAL_Driver/Src/stm32f0xx_hal_rcc.c ****       /* Wait till HSI is ready */  
 564:Drivers/STM32F0xx_HAL_Driver/Src/stm32f0xx_hal_rcc.c ****       while(__HAL_RCC_GET_FLAG(RCC_FLAG_HSI14RDY) == RESET)
 565:Drivers/STM32F0xx_HAL_Driver/Src/stm32f0xx_hal_rcc.c ****       {
 566:Drivers/STM32F0xx_HAL_Driver/Src/stm32f0xx_hal_rcc.c ****         if((HAL_GetTick() - tickstart) > HSI14_TIMEOUT_VALUE)
 567:Drivers/STM32F0xx_HAL_Driver/Src/stm32f0xx_hal_rcc.c ****         {
 568:Drivers/STM32F0xx_HAL_Driver/Src/stm32f0xx_hal_rcc.c ****           return HAL_TIMEOUT;
 569:Drivers/STM32F0xx_HAL_Driver/Src/stm32f0xx_hal_rcc.c ****         }      
 570:Drivers/STM32F0xx_HAL_Driver/Src/stm32f0xx_hal_rcc.c ****       } 
 571:Drivers/STM32F0xx_HAL_Driver/Src/stm32f0xx_hal_rcc.c **** 
 572:Drivers/STM32F0xx_HAL_Driver/Src/stm32f0xx_hal_rcc.c ****       /* Adjusts the Internal High Speed oscillator 14Mhz (HSI14) calibration value. */
 573:Drivers/STM32F0xx_HAL_Driver/Src/stm32f0xx_hal_rcc.c ****       __HAL_RCC_HSI14_CALIBRATIONVALUE_ADJUST(RCC_OscInitStruct->HSI14CalibrationValue);
 574:Drivers/STM32F0xx_HAL_Driver/Src/stm32f0xx_hal_rcc.c ****     }
 575:Drivers/STM32F0xx_HAL_Driver/Src/stm32f0xx_hal_rcc.c ****     else if(RCC_OscInitStruct->HSI14State == RCC_HSI14_ADC_CONTROL)
 892              		.loc 1 575 10 is_stmt 1 view .LVU276
 893              		.loc 1 575 12 is_stmt 0 view .LVU277
 894 02f4 0533     		adds	r3, r3, #5
 895 02f6 51D1     		bne	.L67
 576:Drivers/STM32F0xx_HAL_Driver/Src/stm32f0xx_hal_rcc.c ****     {
 577:Drivers/STM32F0xx_HAL_Driver/Src/stm32f0xx_hal_rcc.c ****       /* Enable ADC control of the Internal High Speed oscillator HSI14 */
 578:Drivers/STM32F0xx_HAL_Driver/Src/stm32f0xx_hal_rcc.c ****       __HAL_RCC_HSI14ADC_ENABLE();
 896              		.loc 1 578 7 is_stmt 1 view .LVU278
 897 02f8 654A     		ldr	r2, .L129
 898 02fa 536B     		ldr	r3, [r2, #52]
 899 02fc 0421     		movs	r1, #4
 900 02fe 8B43     		bics	r3, r1
 901 0300 5363     		str	r3, [r2, #52]
 579:Drivers/STM32F0xx_HAL_Driver/Src/stm32f0xx_hal_rcc.c **** 
ARM GAS  C:\Users\fastr\AppData\Local\Temp\ccSUdV1W.s 			page 29


 580:Drivers/STM32F0xx_HAL_Driver/Src/stm32f0xx_hal_rcc.c ****       /* Adjusts the Internal High Speed oscillator 14Mhz (HSI14) calibration value. */
 581:Drivers/STM32F0xx_HAL_Driver/Src/stm32f0xx_hal_rcc.c ****       __HAL_RCC_HSI14_CALIBRATIONVALUE_ADJUST(RCC_OscInitStruct->HSI14CalibrationValue);
 902              		.loc 1 581 7 view .LVU279
 903 0302 536B     		ldr	r3, [r2, #52]
 904 0304 F431     		adds	r1, r1, #244
 905 0306 8B43     		bics	r3, r1
 906 0308 A169     		ldr	r1, [r4, #24]
 907 030a C900     		lsls	r1, r1, #3
 908 030c 0B43     		orrs	r3, r1
 909 030e 5363     		str	r3, [r2, #52]
 910              	.L63:
 582:Drivers/STM32F0xx_HAL_Driver/Src/stm32f0xx_hal_rcc.c ****     }
 583:Drivers/STM32F0xx_HAL_Driver/Src/stm32f0xx_hal_rcc.c ****     else
 584:Drivers/STM32F0xx_HAL_Driver/Src/stm32f0xx_hal_rcc.c ****     {
 585:Drivers/STM32F0xx_HAL_Driver/Src/stm32f0xx_hal_rcc.c ****       /* Disable ADC control of the Internal High Speed oscillator HSI14 */
 586:Drivers/STM32F0xx_HAL_Driver/Src/stm32f0xx_hal_rcc.c ****       __HAL_RCC_HSI14ADC_DISABLE();
 587:Drivers/STM32F0xx_HAL_Driver/Src/stm32f0xx_hal_rcc.c **** 
 588:Drivers/STM32F0xx_HAL_Driver/Src/stm32f0xx_hal_rcc.c ****       /* Disable the Internal High Speed oscillator (HSI). */
 589:Drivers/STM32F0xx_HAL_Driver/Src/stm32f0xx_hal_rcc.c ****       __HAL_RCC_HSI14_DISABLE();
 590:Drivers/STM32F0xx_HAL_Driver/Src/stm32f0xx_hal_rcc.c **** 
 591:Drivers/STM32F0xx_HAL_Driver/Src/stm32f0xx_hal_rcc.c ****       /* Get Start Tick */
 592:Drivers/STM32F0xx_HAL_Driver/Src/stm32f0xx_hal_rcc.c ****       tickstart = HAL_GetTick();
 593:Drivers/STM32F0xx_HAL_Driver/Src/stm32f0xx_hal_rcc.c ****       
 594:Drivers/STM32F0xx_HAL_Driver/Src/stm32f0xx_hal_rcc.c ****       /* Wait till HSI is ready */  
 595:Drivers/STM32F0xx_HAL_Driver/Src/stm32f0xx_hal_rcc.c ****       while(__HAL_RCC_GET_FLAG(RCC_FLAG_HSI14RDY) != RESET)
 596:Drivers/STM32F0xx_HAL_Driver/Src/stm32f0xx_hal_rcc.c ****       {
 597:Drivers/STM32F0xx_HAL_Driver/Src/stm32f0xx_hal_rcc.c ****         if((HAL_GetTick() - tickstart) > HSI14_TIMEOUT_VALUE)
 598:Drivers/STM32F0xx_HAL_Driver/Src/stm32f0xx_hal_rcc.c ****         {
 599:Drivers/STM32F0xx_HAL_Driver/Src/stm32f0xx_hal_rcc.c ****           return HAL_TIMEOUT;
 600:Drivers/STM32F0xx_HAL_Driver/Src/stm32f0xx_hal_rcc.c ****         }
 601:Drivers/STM32F0xx_HAL_Driver/Src/stm32f0xx_hal_rcc.c ****       }
 602:Drivers/STM32F0xx_HAL_Driver/Src/stm32f0xx_hal_rcc.c ****     }
 603:Drivers/STM32F0xx_HAL_Driver/Src/stm32f0xx_hal_rcc.c ****   }
 604:Drivers/STM32F0xx_HAL_Driver/Src/stm32f0xx_hal_rcc.c **** 
 605:Drivers/STM32F0xx_HAL_Driver/Src/stm32f0xx_hal_rcc.c **** #if defined(RCC_HSI48_SUPPORT)
 606:Drivers/STM32F0xx_HAL_Driver/Src/stm32f0xx_hal_rcc.c ****   /*----------------------------- HSI48 Configuration --------------------------*/
 607:Drivers/STM32F0xx_HAL_Driver/Src/stm32f0xx_hal_rcc.c ****   if(((RCC_OscInitStruct->OscillatorType) & RCC_OSCILLATORTYPE_HSI48) == RCC_OSCILLATORTYPE_HSI48)
 608:Drivers/STM32F0xx_HAL_Driver/Src/stm32f0xx_hal_rcc.c ****   {
 609:Drivers/STM32F0xx_HAL_Driver/Src/stm32f0xx_hal_rcc.c ****     /* Check the parameters */
 610:Drivers/STM32F0xx_HAL_Driver/Src/stm32f0xx_hal_rcc.c ****     assert_param(IS_RCC_HSI48(RCC_OscInitStruct->HSI48State));
 611:Drivers/STM32F0xx_HAL_Driver/Src/stm32f0xx_hal_rcc.c **** 
 612:Drivers/STM32F0xx_HAL_Driver/Src/stm32f0xx_hal_rcc.c ****     /* When the HSI48 is used as system clock it is not allowed to be disabled */
 613:Drivers/STM32F0xx_HAL_Driver/Src/stm32f0xx_hal_rcc.c ****     if((__HAL_RCC_GET_SYSCLK_SOURCE() == RCC_SYSCLKSOURCE_STATUS_HSI48) ||
 614:Drivers/STM32F0xx_HAL_Driver/Src/stm32f0xx_hal_rcc.c ****        ((__HAL_RCC_GET_SYSCLK_SOURCE() == RCC_SYSCLKSOURCE_STATUS_PLLCLK) && (__HAL_RCC_GET_PLL_OSC
 615:Drivers/STM32F0xx_HAL_Driver/Src/stm32f0xx_hal_rcc.c ****     {
 616:Drivers/STM32F0xx_HAL_Driver/Src/stm32f0xx_hal_rcc.c ****       if((__HAL_RCC_GET_FLAG(RCC_FLAG_HSI48RDY) != RESET) && (RCC_OscInitStruct->HSI48State != RCC_
 617:Drivers/STM32F0xx_HAL_Driver/Src/stm32f0xx_hal_rcc.c ****       {
 618:Drivers/STM32F0xx_HAL_Driver/Src/stm32f0xx_hal_rcc.c ****         return HAL_ERROR;
 619:Drivers/STM32F0xx_HAL_Driver/Src/stm32f0xx_hal_rcc.c ****       }
 620:Drivers/STM32F0xx_HAL_Driver/Src/stm32f0xx_hal_rcc.c ****     }
 621:Drivers/STM32F0xx_HAL_Driver/Src/stm32f0xx_hal_rcc.c ****     else
 622:Drivers/STM32F0xx_HAL_Driver/Src/stm32f0xx_hal_rcc.c ****     {
 623:Drivers/STM32F0xx_HAL_Driver/Src/stm32f0xx_hal_rcc.c ****       /* Check the HSI48 State */
 624:Drivers/STM32F0xx_HAL_Driver/Src/stm32f0xx_hal_rcc.c ****       if(RCC_OscInitStruct->HSI48State != RCC_HSI48_OFF)
 625:Drivers/STM32F0xx_HAL_Driver/Src/stm32f0xx_hal_rcc.c ****       {
 626:Drivers/STM32F0xx_HAL_Driver/Src/stm32f0xx_hal_rcc.c ****         /* Enable the Internal High Speed oscillator (HSI48). */
 627:Drivers/STM32F0xx_HAL_Driver/Src/stm32f0xx_hal_rcc.c ****         __HAL_RCC_HSI48_ENABLE();
ARM GAS  C:\Users\fastr\AppData\Local\Temp\ccSUdV1W.s 			page 30


 628:Drivers/STM32F0xx_HAL_Driver/Src/stm32f0xx_hal_rcc.c **** 
 629:Drivers/STM32F0xx_HAL_Driver/Src/stm32f0xx_hal_rcc.c ****         /* Get Start Tick */
 630:Drivers/STM32F0xx_HAL_Driver/Src/stm32f0xx_hal_rcc.c ****         tickstart = HAL_GetTick();
 631:Drivers/STM32F0xx_HAL_Driver/Src/stm32f0xx_hal_rcc.c ****       
 632:Drivers/STM32F0xx_HAL_Driver/Src/stm32f0xx_hal_rcc.c ****         /* Wait till HSI48 is ready */  
 633:Drivers/STM32F0xx_HAL_Driver/Src/stm32f0xx_hal_rcc.c ****         while(__HAL_RCC_GET_FLAG(RCC_FLAG_HSI48RDY) == RESET)
 634:Drivers/STM32F0xx_HAL_Driver/Src/stm32f0xx_hal_rcc.c ****         {
 635:Drivers/STM32F0xx_HAL_Driver/Src/stm32f0xx_hal_rcc.c ****           if((HAL_GetTick() - tickstart) > HSI48_TIMEOUT_VALUE)
 636:Drivers/STM32F0xx_HAL_Driver/Src/stm32f0xx_hal_rcc.c ****           {
 637:Drivers/STM32F0xx_HAL_Driver/Src/stm32f0xx_hal_rcc.c ****             return HAL_TIMEOUT;
 638:Drivers/STM32F0xx_HAL_Driver/Src/stm32f0xx_hal_rcc.c ****           }
 639:Drivers/STM32F0xx_HAL_Driver/Src/stm32f0xx_hal_rcc.c ****         } 
 640:Drivers/STM32F0xx_HAL_Driver/Src/stm32f0xx_hal_rcc.c ****       }
 641:Drivers/STM32F0xx_HAL_Driver/Src/stm32f0xx_hal_rcc.c ****       else
 642:Drivers/STM32F0xx_HAL_Driver/Src/stm32f0xx_hal_rcc.c ****       {
 643:Drivers/STM32F0xx_HAL_Driver/Src/stm32f0xx_hal_rcc.c ****         /* Disable the Internal High Speed oscillator (HSI48). */
 644:Drivers/STM32F0xx_HAL_Driver/Src/stm32f0xx_hal_rcc.c ****         __HAL_RCC_HSI48_DISABLE();
 645:Drivers/STM32F0xx_HAL_Driver/Src/stm32f0xx_hal_rcc.c **** 
 646:Drivers/STM32F0xx_HAL_Driver/Src/stm32f0xx_hal_rcc.c ****         /* Get Start Tick */
 647:Drivers/STM32F0xx_HAL_Driver/Src/stm32f0xx_hal_rcc.c ****         tickstart = HAL_GetTick();
 648:Drivers/STM32F0xx_HAL_Driver/Src/stm32f0xx_hal_rcc.c ****       
 649:Drivers/STM32F0xx_HAL_Driver/Src/stm32f0xx_hal_rcc.c ****         /* Wait till HSI48 is ready */  
 650:Drivers/STM32F0xx_HAL_Driver/Src/stm32f0xx_hal_rcc.c ****         while(__HAL_RCC_GET_FLAG(RCC_FLAG_HSI48RDY) != RESET)
 651:Drivers/STM32F0xx_HAL_Driver/Src/stm32f0xx_hal_rcc.c ****         {
 652:Drivers/STM32F0xx_HAL_Driver/Src/stm32f0xx_hal_rcc.c ****           if((HAL_GetTick() - tickstart) > HSI48_TIMEOUT_VALUE)
 653:Drivers/STM32F0xx_HAL_Driver/Src/stm32f0xx_hal_rcc.c ****           {
 654:Drivers/STM32F0xx_HAL_Driver/Src/stm32f0xx_hal_rcc.c ****             return HAL_TIMEOUT;
 655:Drivers/STM32F0xx_HAL_Driver/Src/stm32f0xx_hal_rcc.c ****           }
 656:Drivers/STM32F0xx_HAL_Driver/Src/stm32f0xx_hal_rcc.c ****         }
 657:Drivers/STM32F0xx_HAL_Driver/Src/stm32f0xx_hal_rcc.c ****       }
 658:Drivers/STM32F0xx_HAL_Driver/Src/stm32f0xx_hal_rcc.c ****     }
 659:Drivers/STM32F0xx_HAL_Driver/Src/stm32f0xx_hal_rcc.c ****   }
 660:Drivers/STM32F0xx_HAL_Driver/Src/stm32f0xx_hal_rcc.c **** #endif /* RCC_HSI48_SUPPORT */
 661:Drivers/STM32F0xx_HAL_Driver/Src/stm32f0xx_hal_rcc.c ****        
 662:Drivers/STM32F0xx_HAL_Driver/Src/stm32f0xx_hal_rcc.c ****   /*-------------------------------- PLL Configuration -----------------------*/
 663:Drivers/STM32F0xx_HAL_Driver/Src/stm32f0xx_hal_rcc.c ****   /* Check the parameters */
 664:Drivers/STM32F0xx_HAL_Driver/Src/stm32f0xx_hal_rcc.c ****   assert_param(IS_RCC_PLL(RCC_OscInitStruct->PLL.PLLState));
 911              		.loc 1 664 3 view .LVU280
 665:Drivers/STM32F0xx_HAL_Driver/Src/stm32f0xx_hal_rcc.c ****   if ((RCC_OscInitStruct->PLL.PLLState) != RCC_PLL_NONE)
 912              		.loc 1 665 3 view .LVU281
 913              		.loc 1 665 30 is_stmt 0 view .LVU282
 914 0310 236A     		ldr	r3, [r4, #32]
 915              		.loc 1 665 6 view .LVU283
 916 0312 002B     		cmp	r3, #0
 917 0314 00D1     		bne	.LCB859
 918 0316 B0E0     		b	.L93	@long jump
 919              	.LCB859:
 666:Drivers/STM32F0xx_HAL_Driver/Src/stm32f0xx_hal_rcc.c ****   {
 667:Drivers/STM32F0xx_HAL_Driver/Src/stm32f0xx_hal_rcc.c ****     /* Check if the PLL is used as system clock or not */
 668:Drivers/STM32F0xx_HAL_Driver/Src/stm32f0xx_hal_rcc.c ****     if(__HAL_RCC_GET_SYSCLK_SOURCE() != RCC_SYSCLKSOURCE_STATUS_PLLCLK)
 920              		.loc 1 668 5 is_stmt 1 view .LVU284
 921              		.loc 1 668 8 is_stmt 0 view .LVU285
 922 0318 5D4A     		ldr	r2, .L129
 923 031a 5168     		ldr	r1, [r2, #4]
 924 031c 0C22     		movs	r2, #12
 925 031e 0A40     		ands	r2, r1
 926              		.loc 1 668 7 view .LVU286
ARM GAS  C:\Users\fastr\AppData\Local\Temp\ccSUdV1W.s 			page 31


 927 0320 082A     		cmp	r2, #8
 928 0322 00D1     		bne	.LCB866
 929 0324 8AE0     		b	.L70	@long jump
 930              	.LCB866:
 669:Drivers/STM32F0xx_HAL_Driver/Src/stm32f0xx_hal_rcc.c ****     { 
 670:Drivers/STM32F0xx_HAL_Driver/Src/stm32f0xx_hal_rcc.c ****       if((RCC_OscInitStruct->PLL.PLLState) == RCC_PLL_ON)
 931              		.loc 1 670 7 is_stmt 1 view .LVU287
 932              		.loc 1 670 9 is_stmt 0 view .LVU288
 933 0326 022B     		cmp	r3, #2
 934 0328 4FD0     		beq	.L122
 671:Drivers/STM32F0xx_HAL_Driver/Src/stm32f0xx_hal_rcc.c ****       {
 672:Drivers/STM32F0xx_HAL_Driver/Src/stm32f0xx_hal_rcc.c ****         /* Check the parameters */
 673:Drivers/STM32F0xx_HAL_Driver/Src/stm32f0xx_hal_rcc.c ****         assert_param(IS_RCC_PLLSOURCE(RCC_OscInitStruct->PLL.PLLSource));
 674:Drivers/STM32F0xx_HAL_Driver/Src/stm32f0xx_hal_rcc.c ****         assert_param(IS_RCC_PLL_MUL(RCC_OscInitStruct->PLL.PLLMUL));
 675:Drivers/STM32F0xx_HAL_Driver/Src/stm32f0xx_hal_rcc.c ****         assert_param(IS_RCC_PREDIV(RCC_OscInitStruct->PLL.PREDIV));
 676:Drivers/STM32F0xx_HAL_Driver/Src/stm32f0xx_hal_rcc.c ****   
 677:Drivers/STM32F0xx_HAL_Driver/Src/stm32f0xx_hal_rcc.c ****         /* Disable the main PLL. */
 678:Drivers/STM32F0xx_HAL_Driver/Src/stm32f0xx_hal_rcc.c ****         __HAL_RCC_PLL_DISABLE();
 679:Drivers/STM32F0xx_HAL_Driver/Src/stm32f0xx_hal_rcc.c ****         
 680:Drivers/STM32F0xx_HAL_Driver/Src/stm32f0xx_hal_rcc.c ****         /* Get Start Tick */
 681:Drivers/STM32F0xx_HAL_Driver/Src/stm32f0xx_hal_rcc.c ****         tickstart = HAL_GetTick();
 682:Drivers/STM32F0xx_HAL_Driver/Src/stm32f0xx_hal_rcc.c ****         
 683:Drivers/STM32F0xx_HAL_Driver/Src/stm32f0xx_hal_rcc.c ****         /* Wait till PLL is disabled */
 684:Drivers/STM32F0xx_HAL_Driver/Src/stm32f0xx_hal_rcc.c ****         while(__HAL_RCC_GET_FLAG(RCC_FLAG_PLLRDY)  != RESET)
 685:Drivers/STM32F0xx_HAL_Driver/Src/stm32f0xx_hal_rcc.c ****         {
 686:Drivers/STM32F0xx_HAL_Driver/Src/stm32f0xx_hal_rcc.c ****           if((HAL_GetTick() - tickstart ) > PLL_TIMEOUT_VALUE)
 687:Drivers/STM32F0xx_HAL_Driver/Src/stm32f0xx_hal_rcc.c ****           {
 688:Drivers/STM32F0xx_HAL_Driver/Src/stm32f0xx_hal_rcc.c ****             return HAL_TIMEOUT;
 689:Drivers/STM32F0xx_HAL_Driver/Src/stm32f0xx_hal_rcc.c ****           }
 690:Drivers/STM32F0xx_HAL_Driver/Src/stm32f0xx_hal_rcc.c ****         }
 691:Drivers/STM32F0xx_HAL_Driver/Src/stm32f0xx_hal_rcc.c **** 
 692:Drivers/STM32F0xx_HAL_Driver/Src/stm32f0xx_hal_rcc.c ****         /* Configure the main PLL clock source, predivider and multiplication factor. */
 693:Drivers/STM32F0xx_HAL_Driver/Src/stm32f0xx_hal_rcc.c ****         __HAL_RCC_PLL_CONFIG(RCC_OscInitStruct->PLL.PLLSource,
 694:Drivers/STM32F0xx_HAL_Driver/Src/stm32f0xx_hal_rcc.c ****                              RCC_OscInitStruct->PLL.PREDIV,
 695:Drivers/STM32F0xx_HAL_Driver/Src/stm32f0xx_hal_rcc.c ****                              RCC_OscInitStruct->PLL.PLLMUL);
 696:Drivers/STM32F0xx_HAL_Driver/Src/stm32f0xx_hal_rcc.c ****         /* Enable the main PLL. */
 697:Drivers/STM32F0xx_HAL_Driver/Src/stm32f0xx_hal_rcc.c ****         __HAL_RCC_PLL_ENABLE();
 698:Drivers/STM32F0xx_HAL_Driver/Src/stm32f0xx_hal_rcc.c ****         
 699:Drivers/STM32F0xx_HAL_Driver/Src/stm32f0xx_hal_rcc.c ****         /* Get Start Tick */
 700:Drivers/STM32F0xx_HAL_Driver/Src/stm32f0xx_hal_rcc.c ****         tickstart = HAL_GetTick();
 701:Drivers/STM32F0xx_HAL_Driver/Src/stm32f0xx_hal_rcc.c ****         
 702:Drivers/STM32F0xx_HAL_Driver/Src/stm32f0xx_hal_rcc.c ****         /* Wait till PLL is ready */
 703:Drivers/STM32F0xx_HAL_Driver/Src/stm32f0xx_hal_rcc.c ****         while(__HAL_RCC_GET_FLAG(RCC_FLAG_PLLRDY)  == RESET)
 704:Drivers/STM32F0xx_HAL_Driver/Src/stm32f0xx_hal_rcc.c ****         {
 705:Drivers/STM32F0xx_HAL_Driver/Src/stm32f0xx_hal_rcc.c ****           if((HAL_GetTick() - tickstart ) > PLL_TIMEOUT_VALUE)
 706:Drivers/STM32F0xx_HAL_Driver/Src/stm32f0xx_hal_rcc.c ****           {
 707:Drivers/STM32F0xx_HAL_Driver/Src/stm32f0xx_hal_rcc.c ****             return HAL_TIMEOUT;
 708:Drivers/STM32F0xx_HAL_Driver/Src/stm32f0xx_hal_rcc.c ****           }
 709:Drivers/STM32F0xx_HAL_Driver/Src/stm32f0xx_hal_rcc.c ****         }
 710:Drivers/STM32F0xx_HAL_Driver/Src/stm32f0xx_hal_rcc.c ****       }
 711:Drivers/STM32F0xx_HAL_Driver/Src/stm32f0xx_hal_rcc.c ****       else
 712:Drivers/STM32F0xx_HAL_Driver/Src/stm32f0xx_hal_rcc.c ****       {
 713:Drivers/STM32F0xx_HAL_Driver/Src/stm32f0xx_hal_rcc.c ****         /* Disable the main PLL. */
 714:Drivers/STM32F0xx_HAL_Driver/Src/stm32f0xx_hal_rcc.c ****         __HAL_RCC_PLL_DISABLE();
 935              		.loc 1 714 9 is_stmt 1 view .LVU289
 936 032a 594A     		ldr	r2, .L129
 937 032c 1368     		ldr	r3, [r2]
ARM GAS  C:\Users\fastr\AppData\Local\Temp\ccSUdV1W.s 			page 32


 938 032e 5949     		ldr	r1, .L129+4
 939 0330 0B40     		ands	r3, r1
 940 0332 1360     		str	r3, [r2]
 715:Drivers/STM32F0xx_HAL_Driver/Src/stm32f0xx_hal_rcc.c ****  
 716:Drivers/STM32F0xx_HAL_Driver/Src/stm32f0xx_hal_rcc.c ****         /* Get Start Tick */
 717:Drivers/STM32F0xx_HAL_Driver/Src/stm32f0xx_hal_rcc.c ****         tickstart = HAL_GetTick();
 941              		.loc 1 717 9 view .LVU290
 942              		.loc 1 717 21 is_stmt 0 view .LVU291
 943 0334 FFF7FEFF 		bl	HAL_GetTick
 944              	.LVL57:
 945 0338 0400     		movs	r4, r0
 946              	.LVL58:
 718:Drivers/STM32F0xx_HAL_Driver/Src/stm32f0xx_hal_rcc.c ****         
 719:Drivers/STM32F0xx_HAL_Driver/Src/stm32f0xx_hal_rcc.c ****         /* Wait till PLL is disabled */  
 720:Drivers/STM32F0xx_HAL_Driver/Src/stm32f0xx_hal_rcc.c ****         while(__HAL_RCC_GET_FLAG(RCC_FLAG_PLLRDY)  != RESET)
 947              		.loc 1 720 9 is_stmt 1 view .LVU292
 948              	.L76:
 949              		.loc 1 720 52 view .LVU293
 950              		.loc 1 720 15 is_stmt 0 view .LVU294
 951 033a 554B     		ldr	r3, .L129
 952 033c 1B68     		ldr	r3, [r3]
 953              		.loc 1 720 52 view .LVU295
 954 033e 9B01     		lsls	r3, r3, #6
 955 0340 7AD5     		bpl	.L123
 721:Drivers/STM32F0xx_HAL_Driver/Src/stm32f0xx_hal_rcc.c ****         {
 722:Drivers/STM32F0xx_HAL_Driver/Src/stm32f0xx_hal_rcc.c ****           if((HAL_GetTick() - tickstart ) > PLL_TIMEOUT_VALUE)
 956              		.loc 1 722 11 is_stmt 1 view .LVU296
 957              		.loc 1 722 15 is_stmt 0 view .LVU297
 958 0342 FFF7FEFF 		bl	HAL_GetTick
 959              	.LVL59:
 960              		.loc 1 722 29 discriminator 1 view .LVU298
 961 0346 001B     		subs	r0, r0, r4
 962              		.loc 1 722 13 discriminator 1 view .LVU299
 963 0348 0228     		cmp	r0, #2
 964 034a F6D9     		bls	.L76
 723:Drivers/STM32F0xx_HAL_Driver/Src/stm32f0xx_hal_rcc.c ****           {
 724:Drivers/STM32F0xx_HAL_Driver/Src/stm32f0xx_hal_rcc.c ****             return HAL_TIMEOUT;
 965              		.loc 1 724 20 view .LVU300
 966 034c 0320     		movs	r0, #3
 967 034e 8EE0     		b	.L20
 968              	.LVL60:
 969              	.L120:
 970              	.LBB4:
 540:Drivers/STM32F0xx_HAL_Driver/Src/stm32f0xx_hal_rcc.c ****     }
 971              		.loc 1 540 7 is_stmt 1 view .LVU301
 972 0350 4F4A     		ldr	r2, .L129
 973 0352 D369     		ldr	r3, [r2, #28]
 974 0354 5049     		ldr	r1, .L129+8
 975 0356 0B40     		ands	r3, r1
 976 0358 D361     		str	r3, [r2, #28]
 977 035a C5E7     		b	.L48
 978              	.LVL61:
 979              	.L121:
 540:Drivers/STM32F0xx_HAL_Driver/Src/stm32f0xx_hal_rcc.c ****     }
 980              		.loc 1 540 7 is_stmt 0 view .LVU302
 981              	.LBE4:
 555:Drivers/STM32F0xx_HAL_Driver/Src/stm32f0xx_hal_rcc.c **** 
ARM GAS  C:\Users\fastr\AppData\Local\Temp\ccSUdV1W.s 			page 33


 982              		.loc 1 555 7 is_stmt 1 view .LVU303
 983 035c 4C4B     		ldr	r3, .L129
 984 035e 5A6B     		ldr	r2, [r3, #52]
 985 0360 0421     		movs	r1, #4
 986 0362 0A43     		orrs	r2, r1
 987 0364 5A63     		str	r2, [r3, #52]
 558:Drivers/STM32F0xx_HAL_Driver/Src/stm32f0xx_hal_rcc.c **** 
 988              		.loc 1 558 7 view .LVU304
 989 0366 5A6B     		ldr	r2, [r3, #52]
 990 0368 0339     		subs	r1, r1, #3
 991 036a 0A43     		orrs	r2, r1
 992 036c 5A63     		str	r2, [r3, #52]
 561:Drivers/STM32F0xx_HAL_Driver/Src/stm32f0xx_hal_rcc.c ****       
 993              		.loc 1 561 7 view .LVU305
 561:Drivers/STM32F0xx_HAL_Driver/Src/stm32f0xx_hal_rcc.c ****       
 994              		.loc 1 561 19 is_stmt 0 view .LVU306
 995 036e FFF7FEFF 		bl	HAL_GetTick
 996              	.LVL62:
 997 0372 0500     		movs	r5, r0
 998              	.LVL63:
 564:Drivers/STM32F0xx_HAL_Driver/Src/stm32f0xx_hal_rcc.c ****       {
 999              		.loc 1 564 7 is_stmt 1 view .LVU307
 1000              	.L65:
 564:Drivers/STM32F0xx_HAL_Driver/Src/stm32f0xx_hal_rcc.c ****       {
 1001              		.loc 1 564 51 view .LVU308
 564:Drivers/STM32F0xx_HAL_Driver/Src/stm32f0xx_hal_rcc.c ****       {
 1002              		.loc 1 564 13 is_stmt 0 view .LVU309
 1003 0374 464B     		ldr	r3, .L129
 1004 0376 5B6B     		ldr	r3, [r3, #52]
 564:Drivers/STM32F0xx_HAL_Driver/Src/stm32f0xx_hal_rcc.c ****       {
 1005              		.loc 1 564 51 view .LVU310
 1006 0378 9B07     		lsls	r3, r3, #30
 1007 037a 06D4     		bmi	.L124
 566:Drivers/STM32F0xx_HAL_Driver/Src/stm32f0xx_hal_rcc.c ****         {
 1008              		.loc 1 566 9 is_stmt 1 view .LVU311
 566:Drivers/STM32F0xx_HAL_Driver/Src/stm32f0xx_hal_rcc.c ****         {
 1009              		.loc 1 566 13 is_stmt 0 view .LVU312
 1010 037c FFF7FEFF 		bl	HAL_GetTick
 1011              	.LVL64:
 566:Drivers/STM32F0xx_HAL_Driver/Src/stm32f0xx_hal_rcc.c ****         {
 1012              		.loc 1 566 27 discriminator 1 view .LVU313
 1013 0380 401B     		subs	r0, r0, r5
 566:Drivers/STM32F0xx_HAL_Driver/Src/stm32f0xx_hal_rcc.c ****         {
 1014              		.loc 1 566 11 discriminator 1 view .LVU314
 1015 0382 0228     		cmp	r0, #2
 1016 0384 F6D9     		bls	.L65
 568:Drivers/STM32F0xx_HAL_Driver/Src/stm32f0xx_hal_rcc.c ****         }      
 1017              		.loc 1 568 18 view .LVU315
 1018 0386 0320     		movs	r0, #3
 1019 0388 71E0     		b	.L20
 1020              	.L124:
 573:Drivers/STM32F0xx_HAL_Driver/Src/stm32f0xx_hal_rcc.c ****     }
 1021              		.loc 1 573 7 is_stmt 1 view .LVU316
 1022 038a 4149     		ldr	r1, .L129
 1023 038c 4B6B     		ldr	r3, [r1, #52]
 1024 038e F822     		movs	r2, #248
 1025 0390 9343     		bics	r3, r2
ARM GAS  C:\Users\fastr\AppData\Local\Temp\ccSUdV1W.s 			page 34


 1026 0392 A269     		ldr	r2, [r4, #24]
 1027 0394 D200     		lsls	r2, r2, #3
 1028 0396 1343     		orrs	r3, r2
 1029 0398 4B63     		str	r3, [r1, #52]
 1030 039a B9E7     		b	.L63
 1031              	.LVL65:
 1032              	.L67:
 586:Drivers/STM32F0xx_HAL_Driver/Src/stm32f0xx_hal_rcc.c **** 
 1033              		.loc 1 586 7 view .LVU317
 1034 039c 3C4B     		ldr	r3, .L129
 1035 039e 5A6B     		ldr	r2, [r3, #52]
 1036 03a0 0421     		movs	r1, #4
 1037 03a2 0A43     		orrs	r2, r1
 1038 03a4 5A63     		str	r2, [r3, #52]
 589:Drivers/STM32F0xx_HAL_Driver/Src/stm32f0xx_hal_rcc.c **** 
 1039              		.loc 1 589 7 view .LVU318
 1040 03a6 5A6B     		ldr	r2, [r3, #52]
 1041 03a8 0339     		subs	r1, r1, #3
 1042 03aa 8A43     		bics	r2, r1
 1043 03ac 5A63     		str	r2, [r3, #52]
 592:Drivers/STM32F0xx_HAL_Driver/Src/stm32f0xx_hal_rcc.c ****       
 1044              		.loc 1 592 7 view .LVU319
 592:Drivers/STM32F0xx_HAL_Driver/Src/stm32f0xx_hal_rcc.c ****       
 1045              		.loc 1 592 19 is_stmt 0 view .LVU320
 1046 03ae FFF7FEFF 		bl	HAL_GetTick
 1047              	.LVL66:
 1048 03b2 0500     		movs	r5, r0
 1049              	.LVL67:
 595:Drivers/STM32F0xx_HAL_Driver/Src/stm32f0xx_hal_rcc.c ****       {
 1050              		.loc 1 595 7 is_stmt 1 view .LVU321
 1051              	.L68:
 595:Drivers/STM32F0xx_HAL_Driver/Src/stm32f0xx_hal_rcc.c ****       {
 1052              		.loc 1 595 51 view .LVU322
 595:Drivers/STM32F0xx_HAL_Driver/Src/stm32f0xx_hal_rcc.c ****       {
 1053              		.loc 1 595 13 is_stmt 0 view .LVU323
 1054 03b4 364B     		ldr	r3, .L129
 1055 03b6 5B6B     		ldr	r3, [r3, #52]
 595:Drivers/STM32F0xx_HAL_Driver/Src/stm32f0xx_hal_rcc.c ****       {
 1056              		.loc 1 595 51 view .LVU324
 1057 03b8 9B07     		lsls	r3, r3, #30
 1058 03ba A9D5     		bpl	.L63
 597:Drivers/STM32F0xx_HAL_Driver/Src/stm32f0xx_hal_rcc.c ****         {
 1059              		.loc 1 597 9 is_stmt 1 view .LVU325
 597:Drivers/STM32F0xx_HAL_Driver/Src/stm32f0xx_hal_rcc.c ****         {
 1060              		.loc 1 597 13 is_stmt 0 view .LVU326
 1061 03bc FFF7FEFF 		bl	HAL_GetTick
 1062              	.LVL68:
 597:Drivers/STM32F0xx_HAL_Driver/Src/stm32f0xx_hal_rcc.c ****         {
 1063              		.loc 1 597 27 discriminator 1 view .LVU327
 1064 03c0 401B     		subs	r0, r0, r5
 597:Drivers/STM32F0xx_HAL_Driver/Src/stm32f0xx_hal_rcc.c ****         {
 1065              		.loc 1 597 11 discriminator 1 view .LVU328
 1066 03c2 0228     		cmp	r0, #2
 1067 03c4 F6D9     		bls	.L68
 599:Drivers/STM32F0xx_HAL_Driver/Src/stm32f0xx_hal_rcc.c ****         }
 1068              		.loc 1 599 18 view .LVU329
 1069 03c6 0320     		movs	r0, #3
ARM GAS  C:\Users\fastr\AppData\Local\Temp\ccSUdV1W.s 			page 35


 1070 03c8 51E0     		b	.L20
 1071              	.LVL69:
 1072              	.L122:
 673:Drivers/STM32F0xx_HAL_Driver/Src/stm32f0xx_hal_rcc.c ****         assert_param(IS_RCC_PLL_MUL(RCC_OscInitStruct->PLL.PLLMUL));
 1073              		.loc 1 673 9 is_stmt 1 view .LVU330
 674:Drivers/STM32F0xx_HAL_Driver/Src/stm32f0xx_hal_rcc.c ****         assert_param(IS_RCC_PREDIV(RCC_OscInitStruct->PLL.PREDIV));
 1074              		.loc 1 674 9 view .LVU331
 675:Drivers/STM32F0xx_HAL_Driver/Src/stm32f0xx_hal_rcc.c ****   
 1075              		.loc 1 675 9 view .LVU332
 678:Drivers/STM32F0xx_HAL_Driver/Src/stm32f0xx_hal_rcc.c ****         
 1076              		.loc 1 678 9 view .LVU333
 1077 03ca 314A     		ldr	r2, .L129
 1078 03cc 1368     		ldr	r3, [r2]
 1079 03ce 3149     		ldr	r1, .L129+4
 1080 03d0 0B40     		ands	r3, r1
 1081 03d2 1360     		str	r3, [r2]
 681:Drivers/STM32F0xx_HAL_Driver/Src/stm32f0xx_hal_rcc.c ****         
 1082              		.loc 1 681 9 view .LVU334
 681:Drivers/STM32F0xx_HAL_Driver/Src/stm32f0xx_hal_rcc.c ****         
 1083              		.loc 1 681 21 is_stmt 0 view .LVU335
 1084 03d4 FFF7FEFF 		bl	HAL_GetTick
 1085              	.LVL70:
 1086 03d8 0500     		movs	r5, r0
 1087              	.LVL71:
 684:Drivers/STM32F0xx_HAL_Driver/Src/stm32f0xx_hal_rcc.c ****         {
 1088              		.loc 1 684 9 is_stmt 1 view .LVU336
 1089              	.L72:
 684:Drivers/STM32F0xx_HAL_Driver/Src/stm32f0xx_hal_rcc.c ****         {
 1090              		.loc 1 684 52 view .LVU337
 684:Drivers/STM32F0xx_HAL_Driver/Src/stm32f0xx_hal_rcc.c ****         {
 1091              		.loc 1 684 15 is_stmt 0 view .LVU338
 1092 03da 2D4B     		ldr	r3, .L129
 1093 03dc 1B68     		ldr	r3, [r3]
 684:Drivers/STM32F0xx_HAL_Driver/Src/stm32f0xx_hal_rcc.c ****         {
 1094              		.loc 1 684 52 view .LVU339
 1095 03de 9B01     		lsls	r3, r3, #6
 1096 03e0 06D5     		bpl	.L125
 686:Drivers/STM32F0xx_HAL_Driver/Src/stm32f0xx_hal_rcc.c ****           {
 1097              		.loc 1 686 11 is_stmt 1 view .LVU340
 686:Drivers/STM32F0xx_HAL_Driver/Src/stm32f0xx_hal_rcc.c ****           {
 1098              		.loc 1 686 15 is_stmt 0 view .LVU341
 1099 03e2 FFF7FEFF 		bl	HAL_GetTick
 1100              	.LVL72:
 686:Drivers/STM32F0xx_HAL_Driver/Src/stm32f0xx_hal_rcc.c ****           {
 1101              		.loc 1 686 29 discriminator 1 view .LVU342
 1102 03e6 401B     		subs	r0, r0, r5
 686:Drivers/STM32F0xx_HAL_Driver/Src/stm32f0xx_hal_rcc.c ****           {
 1103              		.loc 1 686 13 discriminator 1 view .LVU343
 1104 03e8 0228     		cmp	r0, #2
 1105 03ea F6D9     		bls	.L72
 688:Drivers/STM32F0xx_HAL_Driver/Src/stm32f0xx_hal_rcc.c ****           }
 1106              		.loc 1 688 20 view .LVU344
 1107 03ec 0320     		movs	r0, #3
 1108 03ee 3EE0     		b	.L20
 1109              	.L125:
 693:Drivers/STM32F0xx_HAL_Driver/Src/stm32f0xx_hal_rcc.c ****                              RCC_OscInitStruct->PLL.PREDIV,
 1110              		.loc 1 693 9 is_stmt 1 view .LVU345
ARM GAS  C:\Users\fastr\AppData\Local\Temp\ccSUdV1W.s 			page 36


 693:Drivers/STM32F0xx_HAL_Driver/Src/stm32f0xx_hal_rcc.c ****                              RCC_OscInitStruct->PLL.PREDIV,
 1111              		.loc 1 693 9 view .LVU346
 1112 03f0 274B     		ldr	r3, .L129
 1113 03f2 DA6A     		ldr	r2, [r3, #44]
 1114 03f4 0F21     		movs	r1, #15
 1115 03f6 8A43     		bics	r2, r1
 1116 03f8 E16A     		ldr	r1, [r4, #44]
 1117 03fa 0A43     		orrs	r2, r1
 1118 03fc DA62     		str	r2, [r3, #44]
 693:Drivers/STM32F0xx_HAL_Driver/Src/stm32f0xx_hal_rcc.c ****                              RCC_OscInitStruct->PLL.PREDIV,
 1119              		.loc 1 693 9 view .LVU347
 1120 03fe 5A68     		ldr	r2, [r3, #4]
 1121 0400 2649     		ldr	r1, .L129+12
 1122 0402 0A40     		ands	r2, r1
 1123 0404 A16A     		ldr	r1, [r4, #40]
 1124 0406 606A     		ldr	r0, [r4, #36]
 1125 0408 0143     		orrs	r1, r0
 1126 040a 0A43     		orrs	r2, r1
 1127 040c 5A60     		str	r2, [r3, #4]
 693:Drivers/STM32F0xx_HAL_Driver/Src/stm32f0xx_hal_rcc.c ****                              RCC_OscInitStruct->PLL.PREDIV,
 1128              		.loc 1 693 9 view .LVU348
 697:Drivers/STM32F0xx_HAL_Driver/Src/stm32f0xx_hal_rcc.c ****         
 1129              		.loc 1 697 9 view .LVU349
 1130 040e 1968     		ldr	r1, [r3]
 1131 0410 8022     		movs	r2, #128
 1132 0412 5204     		lsls	r2, r2, #17
 1133 0414 0A43     		orrs	r2, r1
 1134 0416 1A60     		str	r2, [r3]
 700:Drivers/STM32F0xx_HAL_Driver/Src/stm32f0xx_hal_rcc.c ****         
 1135              		.loc 1 700 9 view .LVU350
 700:Drivers/STM32F0xx_HAL_Driver/Src/stm32f0xx_hal_rcc.c ****         
 1136              		.loc 1 700 21 is_stmt 0 view .LVU351
 1137 0418 FFF7FEFF 		bl	HAL_GetTick
 1138              	.LVL73:
 1139 041c 0400     		movs	r4, r0
 1140              	.LVL74:
 703:Drivers/STM32F0xx_HAL_Driver/Src/stm32f0xx_hal_rcc.c ****         {
 1141              		.loc 1 703 9 is_stmt 1 view .LVU352
 1142              	.L74:
 703:Drivers/STM32F0xx_HAL_Driver/Src/stm32f0xx_hal_rcc.c ****         {
 1143              		.loc 1 703 52 view .LVU353
 703:Drivers/STM32F0xx_HAL_Driver/Src/stm32f0xx_hal_rcc.c ****         {
 1144              		.loc 1 703 15 is_stmt 0 view .LVU354
 1145 041e 1C4B     		ldr	r3, .L129
 1146 0420 1B68     		ldr	r3, [r3]
 703:Drivers/STM32F0xx_HAL_Driver/Src/stm32f0xx_hal_rcc.c ****         {
 1147              		.loc 1 703 52 view .LVU355
 1148 0422 9B01     		lsls	r3, r3, #6
 1149 0424 06D4     		bmi	.L126
 705:Drivers/STM32F0xx_HAL_Driver/Src/stm32f0xx_hal_rcc.c ****           {
 1150              		.loc 1 705 11 is_stmt 1 view .LVU356
 705:Drivers/STM32F0xx_HAL_Driver/Src/stm32f0xx_hal_rcc.c ****           {
 1151              		.loc 1 705 15 is_stmt 0 view .LVU357
 1152 0426 FFF7FEFF 		bl	HAL_GetTick
 1153              	.LVL75:
 705:Drivers/STM32F0xx_HAL_Driver/Src/stm32f0xx_hal_rcc.c ****           {
 1154              		.loc 1 705 29 discriminator 1 view .LVU358
ARM GAS  C:\Users\fastr\AppData\Local\Temp\ccSUdV1W.s 			page 37


 1155 042a 001B     		subs	r0, r0, r4
 705:Drivers/STM32F0xx_HAL_Driver/Src/stm32f0xx_hal_rcc.c ****           {
 1156              		.loc 1 705 13 discriminator 1 view .LVU359
 1157 042c 0228     		cmp	r0, #2
 1158 042e F6D9     		bls	.L74
 707:Drivers/STM32F0xx_HAL_Driver/Src/stm32f0xx_hal_rcc.c ****           }
 1159              		.loc 1 707 20 view .LVU360
 1160 0430 0320     		movs	r0, #3
 1161 0432 1CE0     		b	.L20
 1162              	.L126:
 725:Drivers/STM32F0xx_HAL_Driver/Src/stm32f0xx_hal_rcc.c ****           }
 726:Drivers/STM32F0xx_HAL_Driver/Src/stm32f0xx_hal_rcc.c ****         }
 727:Drivers/STM32F0xx_HAL_Driver/Src/stm32f0xx_hal_rcc.c ****       }
 728:Drivers/STM32F0xx_HAL_Driver/Src/stm32f0xx_hal_rcc.c ****     }
 729:Drivers/STM32F0xx_HAL_Driver/Src/stm32f0xx_hal_rcc.c ****     else
 730:Drivers/STM32F0xx_HAL_Driver/Src/stm32f0xx_hal_rcc.c ****     {
 731:Drivers/STM32F0xx_HAL_Driver/Src/stm32f0xx_hal_rcc.c ****       /* Check if there is a request to disable the PLL used as System clock source */
 732:Drivers/STM32F0xx_HAL_Driver/Src/stm32f0xx_hal_rcc.c ****       if((RCC_OscInitStruct->PLL.PLLState) == RCC_PLL_OFF)
 733:Drivers/STM32F0xx_HAL_Driver/Src/stm32f0xx_hal_rcc.c ****       {
 734:Drivers/STM32F0xx_HAL_Driver/Src/stm32f0xx_hal_rcc.c ****         return HAL_ERROR;
 735:Drivers/STM32F0xx_HAL_Driver/Src/stm32f0xx_hal_rcc.c ****       }
 736:Drivers/STM32F0xx_HAL_Driver/Src/stm32f0xx_hal_rcc.c ****       else
 737:Drivers/STM32F0xx_HAL_Driver/Src/stm32f0xx_hal_rcc.c ****       {
 738:Drivers/STM32F0xx_HAL_Driver/Src/stm32f0xx_hal_rcc.c ****         /* Do not return HAL_ERROR if request repeats the current configuration */
 739:Drivers/STM32F0xx_HAL_Driver/Src/stm32f0xx_hal_rcc.c ****         pll_config  = RCC->CFGR;
 740:Drivers/STM32F0xx_HAL_Driver/Src/stm32f0xx_hal_rcc.c ****         pll_config2 = RCC->CFGR2;
 741:Drivers/STM32F0xx_HAL_Driver/Src/stm32f0xx_hal_rcc.c ****         if((READ_BIT(pll_config,  RCC_CFGR_PLLSRC)  != RCC_OscInitStruct->PLL.PLLSource) ||
 742:Drivers/STM32F0xx_HAL_Driver/Src/stm32f0xx_hal_rcc.c ****            (READ_BIT(pll_config2, RCC_CFGR2_PREDIV) != RCC_OscInitStruct->PLL.PREDIV)    ||
 743:Drivers/STM32F0xx_HAL_Driver/Src/stm32f0xx_hal_rcc.c ****            (READ_BIT(pll_config,  RCC_CFGR_PLLMUL)  != RCC_OscInitStruct->PLL.PLLMUL))
 744:Drivers/STM32F0xx_HAL_Driver/Src/stm32f0xx_hal_rcc.c ****         {
 745:Drivers/STM32F0xx_HAL_Driver/Src/stm32f0xx_hal_rcc.c ****           return HAL_ERROR;
 746:Drivers/STM32F0xx_HAL_Driver/Src/stm32f0xx_hal_rcc.c ****         }
 747:Drivers/STM32F0xx_HAL_Driver/Src/stm32f0xx_hal_rcc.c ****       }
 748:Drivers/STM32F0xx_HAL_Driver/Src/stm32f0xx_hal_rcc.c ****     }
 749:Drivers/STM32F0xx_HAL_Driver/Src/stm32f0xx_hal_rcc.c ****   }
 750:Drivers/STM32F0xx_HAL_Driver/Src/stm32f0xx_hal_rcc.c **** 
 751:Drivers/STM32F0xx_HAL_Driver/Src/stm32f0xx_hal_rcc.c ****   return HAL_OK;
 1163              		.loc 1 751 10 view .LVU361
 1164 0434 0020     		movs	r0, #0
 1165 0436 1AE0     		b	.L20
 1166              	.L123:
 1167              		.loc 1 751 10 view .LVU362
 1168 0438 0020     		movs	r0, #0
 1169 043a 18E0     		b	.L20
 1170              	.LVL76:
 1171              	.L70:
 732:Drivers/STM32F0xx_HAL_Driver/Src/stm32f0xx_hal_rcc.c ****       {
 1172              		.loc 1 732 7 is_stmt 1 view .LVU363
 732:Drivers/STM32F0xx_HAL_Driver/Src/stm32f0xx_hal_rcc.c ****       {
 1173              		.loc 1 732 9 is_stmt 0 view .LVU364
 1174 043c 012B     		cmp	r3, #1
 1175 043e 1ED0     		beq	.L97
 739:Drivers/STM32F0xx_HAL_Driver/Src/stm32f0xx_hal_rcc.c ****         pll_config2 = RCC->CFGR2;
 1176              		.loc 1 739 9 is_stmt 1 view .LVU365
 739:Drivers/STM32F0xx_HAL_Driver/Src/stm32f0xx_hal_rcc.c ****         pll_config2 = RCC->CFGR2;
 1177              		.loc 1 739 21 is_stmt 0 view .LVU366
 1178 0440 134B     		ldr	r3, .L129
ARM GAS  C:\Users\fastr\AppData\Local\Temp\ccSUdV1W.s 			page 38


 1179 0442 5A68     		ldr	r2, [r3, #4]
 1180              	.LVL77:
 740:Drivers/STM32F0xx_HAL_Driver/Src/stm32f0xx_hal_rcc.c ****         if((READ_BIT(pll_config,  RCC_CFGR_PLLSRC)  != RCC_OscInitStruct->PLL.PLLSource) ||
 1181              		.loc 1 740 9 is_stmt 1 view .LVU367
 740:Drivers/STM32F0xx_HAL_Driver/Src/stm32f0xx_hal_rcc.c ****         if((READ_BIT(pll_config,  RCC_CFGR_PLLSRC)  != RCC_OscInitStruct->PLL.PLLSource) ||
 1182              		.loc 1 740 21 is_stmt 0 view .LVU368
 1183 0444 D86A     		ldr	r0, [r3, #44]
 1184              	.LVL78:
 741:Drivers/STM32F0xx_HAL_Driver/Src/stm32f0xx_hal_rcc.c ****            (READ_BIT(pll_config2, RCC_CFGR2_PREDIV) != RCC_OscInitStruct->PLL.PREDIV)    ||
 1185              		.loc 1 741 9 is_stmt 1 view .LVU369
 741:Drivers/STM32F0xx_HAL_Driver/Src/stm32f0xx_hal_rcc.c ****            (READ_BIT(pll_config2, RCC_CFGR2_PREDIV) != RCC_OscInitStruct->PLL.PREDIV)    ||
 1186              		.loc 1 741 13 is_stmt 0 view .LVU370
 1187 0446 8023     		movs	r3, #128
 1188 0448 5B02     		lsls	r3, r3, #9
 1189 044a 1340     		ands	r3, r2
 741:Drivers/STM32F0xx_HAL_Driver/Src/stm32f0xx_hal_rcc.c ****            (READ_BIT(pll_config2, RCC_CFGR2_PREDIV) != RCC_OscInitStruct->PLL.PREDIV)    ||
 1190              		.loc 1 741 78 view .LVU371
 1191 044c 616A     		ldr	r1, [r4, #36]
 741:Drivers/STM32F0xx_HAL_Driver/Src/stm32f0xx_hal_rcc.c ****            (READ_BIT(pll_config2, RCC_CFGR2_PREDIV) != RCC_OscInitStruct->PLL.PREDIV)    ||
 1192              		.loc 1 741 11 view .LVU372
 1193 044e 8B42     		cmp	r3, r1
 1194 0450 17D1     		bne	.L98
 742:Drivers/STM32F0xx_HAL_Driver/Src/stm32f0xx_hal_rcc.c ****            (READ_BIT(pll_config,  RCC_CFGR_PLLMUL)  != RCC_OscInitStruct->PLL.PLLMUL))
 1195              		.loc 1 742 13 view .LVU373
 1196 0452 0F23     		movs	r3, #15
 1197 0454 0340     		ands	r3, r0
 742:Drivers/STM32F0xx_HAL_Driver/Src/stm32f0xx_hal_rcc.c ****            (READ_BIT(pll_config,  RCC_CFGR_PLLMUL)  != RCC_OscInitStruct->PLL.PLLMUL))
 1198              		.loc 1 742 78 view .LVU374
 1199 0456 E16A     		ldr	r1, [r4, #44]
 741:Drivers/STM32F0xx_HAL_Driver/Src/stm32f0xx_hal_rcc.c ****            (READ_BIT(pll_config2, RCC_CFGR2_PREDIV) != RCC_OscInitStruct->PLL.PREDIV)    ||
 1200              		.loc 1 741 90 discriminator 1 view .LVU375
 1201 0458 8B42     		cmp	r3, r1
 1202 045a 14D1     		bne	.L99
 743:Drivers/STM32F0xx_HAL_Driver/Src/stm32f0xx_hal_rcc.c ****         {
 1203              		.loc 1 743 13 view .LVU376
 1204 045c F023     		movs	r3, #240
 1205 045e 9B03     		lsls	r3, r3, #14
 1206 0460 1A40     		ands	r2, r3
 1207              	.LVL79:
 743:Drivers/STM32F0xx_HAL_Driver/Src/stm32f0xx_hal_rcc.c ****         {
 1208              		.loc 1 743 78 view .LVU377
 1209 0462 A36A     		ldr	r3, [r4, #40]
 742:Drivers/STM32F0xx_HAL_Driver/Src/stm32f0xx_hal_rcc.c ****            (READ_BIT(pll_config,  RCC_CFGR_PLLMUL)  != RCC_OscInitStruct->PLL.PLLMUL))
 1210              		.loc 1 742 90 view .LVU378
 1211 0464 9A42     		cmp	r2, r3
 1212 0466 10D1     		bne	.L100
 1213              		.loc 1 751 10 view .LVU379
 1214 0468 0020     		movs	r0, #0
 1215              	.LVL80:
 1216              		.loc 1 751 10 view .LVU380
 1217 046a 00E0     		b	.L20
 1218              	.LVL81:
 1219              	.L78:
 307:Drivers/STM32F0xx_HAL_Driver/Src/stm32f0xx_hal_rcc.c ****   }
 1220              		.loc 1 307 12 view .LVU381
 1221 046c 0120     		movs	r0, #1
 1222              	.LVL82:
ARM GAS  C:\Users\fastr\AppData\Local\Temp\ccSUdV1W.s 			page 39


 1223              	.L20:
 752:Drivers/STM32F0xx_HAL_Driver/Src/stm32f0xx_hal_rcc.c **** }
 1224              		.loc 1 752 1 view .LVU382
 1225 046e 02B0     		add	sp, sp, #8
 1226              		@ sp needed
 1227 0470 70BD     		pop	{r4, r5, r6, pc}
 1228              	.LVL83:
 1229              	.L113:
 325:Drivers/STM32F0xx_HAL_Driver/Src/stm32f0xx_hal_rcc.c ****       }
 1230              		.loc 1 325 16 view .LVU383
 1231 0472 0120     		movs	r0, #1
 1232              	.LVL84:
 325:Drivers/STM32F0xx_HAL_Driver/Src/stm32f0xx_hal_rcc.c ****       }
 1233              		.loc 1 325 16 view .LVU384
 1234 0474 FBE7     		b	.L20
 1235              	.L82:
 379:Drivers/STM32F0xx_HAL_Driver/Src/stm32f0xx_hal_rcc.c ****       }
 1236              		.loc 1 379 16 view .LVU385
 1237 0476 0120     		movs	r0, #1
 1238 0478 F9E7     		b	.L20
 1239              	.L93:
 751:Drivers/STM32F0xx_HAL_Driver/Src/stm32f0xx_hal_rcc.c **** }
 1240              		.loc 1 751 10 view .LVU386
 1241 047a 0020     		movs	r0, #0
 1242 047c F7E7     		b	.L20
 1243              	.L97:
 734:Drivers/STM32F0xx_HAL_Driver/Src/stm32f0xx_hal_rcc.c ****       }
 1244              		.loc 1 734 16 view .LVU387
 1245 047e 0120     		movs	r0, #1
 1246 0480 F5E7     		b	.L20
 1247              	.LVL85:
 1248              	.L98:
 745:Drivers/STM32F0xx_HAL_Driver/Src/stm32f0xx_hal_rcc.c ****         }
 1249              		.loc 1 745 18 view .LVU388
 1250 0482 0120     		movs	r0, #1
 1251              	.LVL86:
 745:Drivers/STM32F0xx_HAL_Driver/Src/stm32f0xx_hal_rcc.c ****         }
 1252              		.loc 1 745 18 view .LVU389
 1253 0484 F3E7     		b	.L20
 1254              	.LVL87:
 1255              	.L99:
 745:Drivers/STM32F0xx_HAL_Driver/Src/stm32f0xx_hal_rcc.c ****         }
 1256              		.loc 1 745 18 view .LVU390
 1257 0486 0120     		movs	r0, #1
 1258              	.LVL88:
 745:Drivers/STM32F0xx_HAL_Driver/Src/stm32f0xx_hal_rcc.c ****         }
 1259              		.loc 1 745 18 view .LVU391
 1260 0488 F1E7     		b	.L20
 1261              	.LVL89:
 1262              	.L100:
 745:Drivers/STM32F0xx_HAL_Driver/Src/stm32f0xx_hal_rcc.c ****         }
 1263              		.loc 1 745 18 view .LVU392
 1264 048a 0120     		movs	r0, #1
 1265              	.LVL90:
 745:Drivers/STM32F0xx_HAL_Driver/Src/stm32f0xx_hal_rcc.c ****         }
 1266              		.loc 1 745 18 view .LVU393
 1267 048c EFE7     		b	.L20
ARM GAS  C:\Users\fastr\AppData\Local\Temp\ccSUdV1W.s 			page 40


 1268              	.L130:
 1269 048e C046     		.align	2
 1270              	.L129:
 1271 0490 00100240 		.word	1073876992
 1272 0494 FFFFFFFE 		.word	-16777217
 1273 0498 FFFFFFEF 		.word	-268435457
 1274 049c FFFFC2FF 		.word	-3997697
 1275              		.cfi_endproc
 1276              	.LFE41:
 1278              		.section	.text.HAL_RCC_MCOConfig,"ax",%progbits
 1279              		.align	1
 1280              		.global	HAL_RCC_MCOConfig
 1281              		.syntax unified
 1282              		.code	16
 1283              		.thumb_func
 1285              	HAL_RCC_MCOConfig:
 1286              	.LVL91:
 1287              	.LFB43:
 753:Drivers/STM32F0xx_HAL_Driver/Src/stm32f0xx_hal_rcc.c **** 
 754:Drivers/STM32F0xx_HAL_Driver/Src/stm32f0xx_hal_rcc.c **** /**
 755:Drivers/STM32F0xx_HAL_Driver/Src/stm32f0xx_hal_rcc.c ****   * @brief  Initializes the CPU, AHB and APB buses clocks according to the specified 
 756:Drivers/STM32F0xx_HAL_Driver/Src/stm32f0xx_hal_rcc.c ****   *         parameters in the RCC_ClkInitStruct.
 757:Drivers/STM32F0xx_HAL_Driver/Src/stm32f0xx_hal_rcc.c ****   * @param  RCC_ClkInitStruct pointer to an RCC_OscInitTypeDef structure that
 758:Drivers/STM32F0xx_HAL_Driver/Src/stm32f0xx_hal_rcc.c ****   *         contains the configuration information for the RCC peripheral.
 759:Drivers/STM32F0xx_HAL_Driver/Src/stm32f0xx_hal_rcc.c ****   * @param  FLatency FLASH Latency                   
 760:Drivers/STM32F0xx_HAL_Driver/Src/stm32f0xx_hal_rcc.c ****   *          The value of this parameter depend on device used within the same series
 761:Drivers/STM32F0xx_HAL_Driver/Src/stm32f0xx_hal_rcc.c ****   * @note   The SystemCoreClock CMSIS variable is used to store System Clock Frequency 
 762:Drivers/STM32F0xx_HAL_Driver/Src/stm32f0xx_hal_rcc.c ****   *         and updated by @ref HAL_RCC_GetHCLKFreq() function called within this function
 763:Drivers/STM32F0xx_HAL_Driver/Src/stm32f0xx_hal_rcc.c ****   *
 764:Drivers/STM32F0xx_HAL_Driver/Src/stm32f0xx_hal_rcc.c ****   * @note   The HSI is used (enabled by hardware) as system clock source after
 765:Drivers/STM32F0xx_HAL_Driver/Src/stm32f0xx_hal_rcc.c ****   *         start-up from Reset, wake-up from STOP and STANDBY mode, or in case
 766:Drivers/STM32F0xx_HAL_Driver/Src/stm32f0xx_hal_rcc.c ****   *         of failure of the HSE used directly or indirectly as system clock
 767:Drivers/STM32F0xx_HAL_Driver/Src/stm32f0xx_hal_rcc.c ****   *         (if the Clock Security System CSS is enabled).
 768:Drivers/STM32F0xx_HAL_Driver/Src/stm32f0xx_hal_rcc.c ****   *           
 769:Drivers/STM32F0xx_HAL_Driver/Src/stm32f0xx_hal_rcc.c ****   * @note   A switch from one clock source to another occurs only if the target
 770:Drivers/STM32F0xx_HAL_Driver/Src/stm32f0xx_hal_rcc.c ****   *         clock source is ready (clock stable after start-up delay or PLL locked). 
 771:Drivers/STM32F0xx_HAL_Driver/Src/stm32f0xx_hal_rcc.c ****   *         If a clock source which is not yet ready is selected, the switch will
 772:Drivers/STM32F0xx_HAL_Driver/Src/stm32f0xx_hal_rcc.c ****   *         occur when the clock source will be ready. 
 773:Drivers/STM32F0xx_HAL_Driver/Src/stm32f0xx_hal_rcc.c ****   *         You can use @ref HAL_RCC_GetClockConfig() function to know which clock is
 774:Drivers/STM32F0xx_HAL_Driver/Src/stm32f0xx_hal_rcc.c ****   *         currently used as system clock source.
 775:Drivers/STM32F0xx_HAL_Driver/Src/stm32f0xx_hal_rcc.c ****   * @retval HAL status
 776:Drivers/STM32F0xx_HAL_Driver/Src/stm32f0xx_hal_rcc.c ****   */
 777:Drivers/STM32F0xx_HAL_Driver/Src/stm32f0xx_hal_rcc.c **** HAL_StatusTypeDef HAL_RCC_ClockConfig(RCC_ClkInitTypeDef  *RCC_ClkInitStruct, uint32_t FLatency)
 778:Drivers/STM32F0xx_HAL_Driver/Src/stm32f0xx_hal_rcc.c **** {
 779:Drivers/STM32F0xx_HAL_Driver/Src/stm32f0xx_hal_rcc.c ****   uint32_t tickstart;
 780:Drivers/STM32F0xx_HAL_Driver/Src/stm32f0xx_hal_rcc.c **** 
 781:Drivers/STM32F0xx_HAL_Driver/Src/stm32f0xx_hal_rcc.c ****   /* Check Null pointer */
 782:Drivers/STM32F0xx_HAL_Driver/Src/stm32f0xx_hal_rcc.c ****   if(RCC_ClkInitStruct == NULL)
 783:Drivers/STM32F0xx_HAL_Driver/Src/stm32f0xx_hal_rcc.c ****   {
 784:Drivers/STM32F0xx_HAL_Driver/Src/stm32f0xx_hal_rcc.c ****     return HAL_ERROR;
 785:Drivers/STM32F0xx_HAL_Driver/Src/stm32f0xx_hal_rcc.c ****   }
 786:Drivers/STM32F0xx_HAL_Driver/Src/stm32f0xx_hal_rcc.c **** 
 787:Drivers/STM32F0xx_HAL_Driver/Src/stm32f0xx_hal_rcc.c ****   /* Check the parameters */
 788:Drivers/STM32F0xx_HAL_Driver/Src/stm32f0xx_hal_rcc.c ****   assert_param(IS_RCC_CLOCKTYPE(RCC_ClkInitStruct->ClockType));
 789:Drivers/STM32F0xx_HAL_Driver/Src/stm32f0xx_hal_rcc.c ****   assert_param(IS_FLASH_LATENCY(FLatency));
 790:Drivers/STM32F0xx_HAL_Driver/Src/stm32f0xx_hal_rcc.c **** 
 791:Drivers/STM32F0xx_HAL_Driver/Src/stm32f0xx_hal_rcc.c ****   /* To correctly read data from FLASH memory, the number of wait states (LATENCY) 
ARM GAS  C:\Users\fastr\AppData\Local\Temp\ccSUdV1W.s 			page 41


 792:Drivers/STM32F0xx_HAL_Driver/Src/stm32f0xx_hal_rcc.c ****   must be correctly programmed according to the frequency of the CPU clock 
 793:Drivers/STM32F0xx_HAL_Driver/Src/stm32f0xx_hal_rcc.c ****     (HCLK) of the device. */
 794:Drivers/STM32F0xx_HAL_Driver/Src/stm32f0xx_hal_rcc.c **** 
 795:Drivers/STM32F0xx_HAL_Driver/Src/stm32f0xx_hal_rcc.c ****   /* Increasing the number of wait states because of higher CPU frequency */
 796:Drivers/STM32F0xx_HAL_Driver/Src/stm32f0xx_hal_rcc.c ****   if(FLatency > __HAL_FLASH_GET_LATENCY())
 797:Drivers/STM32F0xx_HAL_Driver/Src/stm32f0xx_hal_rcc.c ****   {    
 798:Drivers/STM32F0xx_HAL_Driver/Src/stm32f0xx_hal_rcc.c ****     /* Program the new number of wait states to the LATENCY bits in the FLASH_ACR register */
 799:Drivers/STM32F0xx_HAL_Driver/Src/stm32f0xx_hal_rcc.c ****     __HAL_FLASH_SET_LATENCY(FLatency);
 800:Drivers/STM32F0xx_HAL_Driver/Src/stm32f0xx_hal_rcc.c ****     
 801:Drivers/STM32F0xx_HAL_Driver/Src/stm32f0xx_hal_rcc.c ****     /* Check that the new number of wait states is taken into account to access the Flash
 802:Drivers/STM32F0xx_HAL_Driver/Src/stm32f0xx_hal_rcc.c ****     memory by reading the FLASH_ACR register */
 803:Drivers/STM32F0xx_HAL_Driver/Src/stm32f0xx_hal_rcc.c ****     if(__HAL_FLASH_GET_LATENCY() != FLatency)
 804:Drivers/STM32F0xx_HAL_Driver/Src/stm32f0xx_hal_rcc.c ****     {
 805:Drivers/STM32F0xx_HAL_Driver/Src/stm32f0xx_hal_rcc.c ****       return HAL_ERROR;
 806:Drivers/STM32F0xx_HAL_Driver/Src/stm32f0xx_hal_rcc.c ****     }
 807:Drivers/STM32F0xx_HAL_Driver/Src/stm32f0xx_hal_rcc.c ****   }
 808:Drivers/STM32F0xx_HAL_Driver/Src/stm32f0xx_hal_rcc.c **** 
 809:Drivers/STM32F0xx_HAL_Driver/Src/stm32f0xx_hal_rcc.c ****   /*-------------------------- HCLK Configuration --------------------------*/
 810:Drivers/STM32F0xx_HAL_Driver/Src/stm32f0xx_hal_rcc.c ****   if(((RCC_ClkInitStruct->ClockType) & RCC_CLOCKTYPE_HCLK) == RCC_CLOCKTYPE_HCLK)
 811:Drivers/STM32F0xx_HAL_Driver/Src/stm32f0xx_hal_rcc.c ****   {
 812:Drivers/STM32F0xx_HAL_Driver/Src/stm32f0xx_hal_rcc.c ****     /* Set the highest APB divider in order to ensure that we do not go through
 813:Drivers/STM32F0xx_HAL_Driver/Src/stm32f0xx_hal_rcc.c ****        a non-spec phase whatever we decrease or increase HCLK. */
 814:Drivers/STM32F0xx_HAL_Driver/Src/stm32f0xx_hal_rcc.c ****     if(((RCC_ClkInitStruct->ClockType) & RCC_CLOCKTYPE_PCLK1) == RCC_CLOCKTYPE_PCLK1)
 815:Drivers/STM32F0xx_HAL_Driver/Src/stm32f0xx_hal_rcc.c ****     {
 816:Drivers/STM32F0xx_HAL_Driver/Src/stm32f0xx_hal_rcc.c ****       MODIFY_REG(RCC->CFGR, RCC_CFGR_PPRE, RCC_HCLK_DIV16);
 817:Drivers/STM32F0xx_HAL_Driver/Src/stm32f0xx_hal_rcc.c ****     }
 818:Drivers/STM32F0xx_HAL_Driver/Src/stm32f0xx_hal_rcc.c **** 
 819:Drivers/STM32F0xx_HAL_Driver/Src/stm32f0xx_hal_rcc.c ****     /* Set the new HCLK clock divider */
 820:Drivers/STM32F0xx_HAL_Driver/Src/stm32f0xx_hal_rcc.c ****     assert_param(IS_RCC_HCLK(RCC_ClkInitStruct->AHBCLKDivider));
 821:Drivers/STM32F0xx_HAL_Driver/Src/stm32f0xx_hal_rcc.c ****     MODIFY_REG(RCC->CFGR, RCC_CFGR_HPRE, RCC_ClkInitStruct->AHBCLKDivider);
 822:Drivers/STM32F0xx_HAL_Driver/Src/stm32f0xx_hal_rcc.c ****   }
 823:Drivers/STM32F0xx_HAL_Driver/Src/stm32f0xx_hal_rcc.c **** 
 824:Drivers/STM32F0xx_HAL_Driver/Src/stm32f0xx_hal_rcc.c ****   /*------------------------- SYSCLK Configuration ---------------------------*/ 
 825:Drivers/STM32F0xx_HAL_Driver/Src/stm32f0xx_hal_rcc.c ****   if(((RCC_ClkInitStruct->ClockType) & RCC_CLOCKTYPE_SYSCLK) == RCC_CLOCKTYPE_SYSCLK)
 826:Drivers/STM32F0xx_HAL_Driver/Src/stm32f0xx_hal_rcc.c ****   {
 827:Drivers/STM32F0xx_HAL_Driver/Src/stm32f0xx_hal_rcc.c ****     assert_param(IS_RCC_SYSCLKSOURCE(RCC_ClkInitStruct->SYSCLKSource));
 828:Drivers/STM32F0xx_HAL_Driver/Src/stm32f0xx_hal_rcc.c ****     
 829:Drivers/STM32F0xx_HAL_Driver/Src/stm32f0xx_hal_rcc.c ****     /* HSE is selected as System Clock Source */
 830:Drivers/STM32F0xx_HAL_Driver/Src/stm32f0xx_hal_rcc.c ****     if(RCC_ClkInitStruct->SYSCLKSource == RCC_SYSCLKSOURCE_HSE)
 831:Drivers/STM32F0xx_HAL_Driver/Src/stm32f0xx_hal_rcc.c ****     {
 832:Drivers/STM32F0xx_HAL_Driver/Src/stm32f0xx_hal_rcc.c ****       /* Check the HSE ready flag */  
 833:Drivers/STM32F0xx_HAL_Driver/Src/stm32f0xx_hal_rcc.c ****       if(__HAL_RCC_GET_FLAG(RCC_FLAG_HSERDY) == RESET)
 834:Drivers/STM32F0xx_HAL_Driver/Src/stm32f0xx_hal_rcc.c ****       {
 835:Drivers/STM32F0xx_HAL_Driver/Src/stm32f0xx_hal_rcc.c ****         return HAL_ERROR;
 836:Drivers/STM32F0xx_HAL_Driver/Src/stm32f0xx_hal_rcc.c ****       }
 837:Drivers/STM32F0xx_HAL_Driver/Src/stm32f0xx_hal_rcc.c ****     }
 838:Drivers/STM32F0xx_HAL_Driver/Src/stm32f0xx_hal_rcc.c ****     /* PLL is selected as System Clock Source */
 839:Drivers/STM32F0xx_HAL_Driver/Src/stm32f0xx_hal_rcc.c ****     else if(RCC_ClkInitStruct->SYSCLKSource == RCC_SYSCLKSOURCE_PLLCLK)
 840:Drivers/STM32F0xx_HAL_Driver/Src/stm32f0xx_hal_rcc.c ****     {
 841:Drivers/STM32F0xx_HAL_Driver/Src/stm32f0xx_hal_rcc.c ****       /* Check the PLL ready flag */  
 842:Drivers/STM32F0xx_HAL_Driver/Src/stm32f0xx_hal_rcc.c ****       if(__HAL_RCC_GET_FLAG(RCC_FLAG_PLLRDY) == RESET)
 843:Drivers/STM32F0xx_HAL_Driver/Src/stm32f0xx_hal_rcc.c ****       {
 844:Drivers/STM32F0xx_HAL_Driver/Src/stm32f0xx_hal_rcc.c ****         return HAL_ERROR;
 845:Drivers/STM32F0xx_HAL_Driver/Src/stm32f0xx_hal_rcc.c ****       }
 846:Drivers/STM32F0xx_HAL_Driver/Src/stm32f0xx_hal_rcc.c ****     }
 847:Drivers/STM32F0xx_HAL_Driver/Src/stm32f0xx_hal_rcc.c **** #if defined(RCC_CFGR_SWS_HSI48)
 848:Drivers/STM32F0xx_HAL_Driver/Src/stm32f0xx_hal_rcc.c ****     /* HSI48 is selected as System Clock Source */
ARM GAS  C:\Users\fastr\AppData\Local\Temp\ccSUdV1W.s 			page 42


 849:Drivers/STM32F0xx_HAL_Driver/Src/stm32f0xx_hal_rcc.c ****     else if(RCC_ClkInitStruct->SYSCLKSource == RCC_SYSCLKSOURCE_HSI48)
 850:Drivers/STM32F0xx_HAL_Driver/Src/stm32f0xx_hal_rcc.c ****     {
 851:Drivers/STM32F0xx_HAL_Driver/Src/stm32f0xx_hal_rcc.c ****       /* Check the HSI48 ready flag */
 852:Drivers/STM32F0xx_HAL_Driver/Src/stm32f0xx_hal_rcc.c ****       if(__HAL_RCC_GET_FLAG(RCC_FLAG_HSI48RDY) == RESET)
 853:Drivers/STM32F0xx_HAL_Driver/Src/stm32f0xx_hal_rcc.c ****       {
 854:Drivers/STM32F0xx_HAL_Driver/Src/stm32f0xx_hal_rcc.c ****         return HAL_ERROR;
 855:Drivers/STM32F0xx_HAL_Driver/Src/stm32f0xx_hal_rcc.c ****       }
 856:Drivers/STM32F0xx_HAL_Driver/Src/stm32f0xx_hal_rcc.c ****     }
 857:Drivers/STM32F0xx_HAL_Driver/Src/stm32f0xx_hal_rcc.c **** #endif /* RCC_CFGR_SWS_HSI48 */
 858:Drivers/STM32F0xx_HAL_Driver/Src/stm32f0xx_hal_rcc.c ****     /* HSI is selected as System Clock Source */
 859:Drivers/STM32F0xx_HAL_Driver/Src/stm32f0xx_hal_rcc.c ****     else
 860:Drivers/STM32F0xx_HAL_Driver/Src/stm32f0xx_hal_rcc.c ****     {
 861:Drivers/STM32F0xx_HAL_Driver/Src/stm32f0xx_hal_rcc.c ****       /* Check the HSI ready flag */  
 862:Drivers/STM32F0xx_HAL_Driver/Src/stm32f0xx_hal_rcc.c ****       if(__HAL_RCC_GET_FLAG(RCC_FLAG_HSIRDY) == RESET)
 863:Drivers/STM32F0xx_HAL_Driver/Src/stm32f0xx_hal_rcc.c ****       {
 864:Drivers/STM32F0xx_HAL_Driver/Src/stm32f0xx_hal_rcc.c ****         return HAL_ERROR;
 865:Drivers/STM32F0xx_HAL_Driver/Src/stm32f0xx_hal_rcc.c ****       }
 866:Drivers/STM32F0xx_HAL_Driver/Src/stm32f0xx_hal_rcc.c ****     }
 867:Drivers/STM32F0xx_HAL_Driver/Src/stm32f0xx_hal_rcc.c ****     __HAL_RCC_SYSCLK_CONFIG(RCC_ClkInitStruct->SYSCLKSource);
 868:Drivers/STM32F0xx_HAL_Driver/Src/stm32f0xx_hal_rcc.c **** 
 869:Drivers/STM32F0xx_HAL_Driver/Src/stm32f0xx_hal_rcc.c ****     /* Get Start Tick */
 870:Drivers/STM32F0xx_HAL_Driver/Src/stm32f0xx_hal_rcc.c ****     tickstart = HAL_GetTick();
 871:Drivers/STM32F0xx_HAL_Driver/Src/stm32f0xx_hal_rcc.c ****     
 872:Drivers/STM32F0xx_HAL_Driver/Src/stm32f0xx_hal_rcc.c ****     while (__HAL_RCC_GET_SYSCLK_SOURCE() != (RCC_ClkInitStruct->SYSCLKSource << RCC_CFGR_SWS_Pos))
 873:Drivers/STM32F0xx_HAL_Driver/Src/stm32f0xx_hal_rcc.c ****     {
 874:Drivers/STM32F0xx_HAL_Driver/Src/stm32f0xx_hal_rcc.c ****       if((HAL_GetTick() - tickstart ) > CLOCKSWITCH_TIMEOUT_VALUE)
 875:Drivers/STM32F0xx_HAL_Driver/Src/stm32f0xx_hal_rcc.c ****       {
 876:Drivers/STM32F0xx_HAL_Driver/Src/stm32f0xx_hal_rcc.c ****         return HAL_TIMEOUT;
 877:Drivers/STM32F0xx_HAL_Driver/Src/stm32f0xx_hal_rcc.c ****       }
 878:Drivers/STM32F0xx_HAL_Driver/Src/stm32f0xx_hal_rcc.c ****     }
 879:Drivers/STM32F0xx_HAL_Driver/Src/stm32f0xx_hal_rcc.c ****   }
 880:Drivers/STM32F0xx_HAL_Driver/Src/stm32f0xx_hal_rcc.c **** 
 881:Drivers/STM32F0xx_HAL_Driver/Src/stm32f0xx_hal_rcc.c ****   /* Decreasing the number of wait states because of lower CPU frequency */
 882:Drivers/STM32F0xx_HAL_Driver/Src/stm32f0xx_hal_rcc.c ****   if(FLatency < __HAL_FLASH_GET_LATENCY())
 883:Drivers/STM32F0xx_HAL_Driver/Src/stm32f0xx_hal_rcc.c ****   {    
 884:Drivers/STM32F0xx_HAL_Driver/Src/stm32f0xx_hal_rcc.c ****     /* Program the new number of wait states to the LATENCY bits in the FLASH_ACR register */
 885:Drivers/STM32F0xx_HAL_Driver/Src/stm32f0xx_hal_rcc.c ****     __HAL_FLASH_SET_LATENCY(FLatency);
 886:Drivers/STM32F0xx_HAL_Driver/Src/stm32f0xx_hal_rcc.c ****     
 887:Drivers/STM32F0xx_HAL_Driver/Src/stm32f0xx_hal_rcc.c ****     /* Check that the new number of wait states is taken into account to access the Flash
 888:Drivers/STM32F0xx_HAL_Driver/Src/stm32f0xx_hal_rcc.c ****     memory by reading the FLASH_ACR register */
 889:Drivers/STM32F0xx_HAL_Driver/Src/stm32f0xx_hal_rcc.c ****     if(__HAL_FLASH_GET_LATENCY() != FLatency)
 890:Drivers/STM32F0xx_HAL_Driver/Src/stm32f0xx_hal_rcc.c ****     {
 891:Drivers/STM32F0xx_HAL_Driver/Src/stm32f0xx_hal_rcc.c ****       return HAL_ERROR;
 892:Drivers/STM32F0xx_HAL_Driver/Src/stm32f0xx_hal_rcc.c ****     }
 893:Drivers/STM32F0xx_HAL_Driver/Src/stm32f0xx_hal_rcc.c ****   }    
 894:Drivers/STM32F0xx_HAL_Driver/Src/stm32f0xx_hal_rcc.c **** 
 895:Drivers/STM32F0xx_HAL_Driver/Src/stm32f0xx_hal_rcc.c ****   /*-------------------------- PCLK1 Configuration ---------------------------*/ 
 896:Drivers/STM32F0xx_HAL_Driver/Src/stm32f0xx_hal_rcc.c ****   if(((RCC_ClkInitStruct->ClockType) & RCC_CLOCKTYPE_PCLK1) == RCC_CLOCKTYPE_PCLK1)
 897:Drivers/STM32F0xx_HAL_Driver/Src/stm32f0xx_hal_rcc.c ****   {
 898:Drivers/STM32F0xx_HAL_Driver/Src/stm32f0xx_hal_rcc.c ****     assert_param(IS_RCC_PCLK(RCC_ClkInitStruct->APB1CLKDivider));
 899:Drivers/STM32F0xx_HAL_Driver/Src/stm32f0xx_hal_rcc.c ****     MODIFY_REG(RCC->CFGR, RCC_CFGR_PPRE, RCC_ClkInitStruct->APB1CLKDivider);
 900:Drivers/STM32F0xx_HAL_Driver/Src/stm32f0xx_hal_rcc.c ****   }
 901:Drivers/STM32F0xx_HAL_Driver/Src/stm32f0xx_hal_rcc.c ****   
 902:Drivers/STM32F0xx_HAL_Driver/Src/stm32f0xx_hal_rcc.c ****   /* Update the SystemCoreClock global variable */
 903:Drivers/STM32F0xx_HAL_Driver/Src/stm32f0xx_hal_rcc.c ****   SystemCoreClock = HAL_RCC_GetSysClockFreq() >> AHBPrescTable[(RCC->CFGR & RCC_CFGR_HPRE)>> RCC_CF
 904:Drivers/STM32F0xx_HAL_Driver/Src/stm32f0xx_hal_rcc.c **** 
 905:Drivers/STM32F0xx_HAL_Driver/Src/stm32f0xx_hal_rcc.c ****   /* Configure the source of time base considering new system clocks settings*/
ARM GAS  C:\Users\fastr\AppData\Local\Temp\ccSUdV1W.s 			page 43


 906:Drivers/STM32F0xx_HAL_Driver/Src/stm32f0xx_hal_rcc.c ****   HAL_InitTick (TICK_INT_PRIORITY);
 907:Drivers/STM32F0xx_HAL_Driver/Src/stm32f0xx_hal_rcc.c ****   
 908:Drivers/STM32F0xx_HAL_Driver/Src/stm32f0xx_hal_rcc.c ****   return HAL_OK;
 909:Drivers/STM32F0xx_HAL_Driver/Src/stm32f0xx_hal_rcc.c **** }
 910:Drivers/STM32F0xx_HAL_Driver/Src/stm32f0xx_hal_rcc.c **** 
 911:Drivers/STM32F0xx_HAL_Driver/Src/stm32f0xx_hal_rcc.c **** /**
 912:Drivers/STM32F0xx_HAL_Driver/Src/stm32f0xx_hal_rcc.c ****   * @}
 913:Drivers/STM32F0xx_HAL_Driver/Src/stm32f0xx_hal_rcc.c ****   */
 914:Drivers/STM32F0xx_HAL_Driver/Src/stm32f0xx_hal_rcc.c **** 
 915:Drivers/STM32F0xx_HAL_Driver/Src/stm32f0xx_hal_rcc.c **** /** @defgroup RCC_Exported_Functions_Group2 Peripheral Control functions
 916:Drivers/STM32F0xx_HAL_Driver/Src/stm32f0xx_hal_rcc.c ****   *  @brief   RCC clocks control functions
 917:Drivers/STM32F0xx_HAL_Driver/Src/stm32f0xx_hal_rcc.c ****   *
 918:Drivers/STM32F0xx_HAL_Driver/Src/stm32f0xx_hal_rcc.c ****   @verbatim   
 919:Drivers/STM32F0xx_HAL_Driver/Src/stm32f0xx_hal_rcc.c ****   ===============================================================================
 920:Drivers/STM32F0xx_HAL_Driver/Src/stm32f0xx_hal_rcc.c ****                   ##### Peripheral Control functions #####
 921:Drivers/STM32F0xx_HAL_Driver/Src/stm32f0xx_hal_rcc.c ****   ===============================================================================  
 922:Drivers/STM32F0xx_HAL_Driver/Src/stm32f0xx_hal_rcc.c ****     [..]
 923:Drivers/STM32F0xx_HAL_Driver/Src/stm32f0xx_hal_rcc.c ****     This subsection provides a set of functions allowing to control the RCC Clocks 
 924:Drivers/STM32F0xx_HAL_Driver/Src/stm32f0xx_hal_rcc.c ****     frequencies.
 925:Drivers/STM32F0xx_HAL_Driver/Src/stm32f0xx_hal_rcc.c **** 
 926:Drivers/STM32F0xx_HAL_Driver/Src/stm32f0xx_hal_rcc.c ****   @endverbatim
 927:Drivers/STM32F0xx_HAL_Driver/Src/stm32f0xx_hal_rcc.c ****   * @{
 928:Drivers/STM32F0xx_HAL_Driver/Src/stm32f0xx_hal_rcc.c ****   */
 929:Drivers/STM32F0xx_HAL_Driver/Src/stm32f0xx_hal_rcc.c **** 
 930:Drivers/STM32F0xx_HAL_Driver/Src/stm32f0xx_hal_rcc.c **** #if defined(RCC_CFGR_MCOPRE)
 931:Drivers/STM32F0xx_HAL_Driver/Src/stm32f0xx_hal_rcc.c **** /**
 932:Drivers/STM32F0xx_HAL_Driver/Src/stm32f0xx_hal_rcc.c ****   * @brief  Selects the clock source to output on MCO pin.
 933:Drivers/STM32F0xx_HAL_Driver/Src/stm32f0xx_hal_rcc.c ****   * @note   MCO pin should be configured in alternate function mode.
 934:Drivers/STM32F0xx_HAL_Driver/Src/stm32f0xx_hal_rcc.c ****   * @param  RCC_MCOx specifies the output direction for the clock source.
 935:Drivers/STM32F0xx_HAL_Driver/Src/stm32f0xx_hal_rcc.c ****   *          This parameter can be one of the following values:
 936:Drivers/STM32F0xx_HAL_Driver/Src/stm32f0xx_hal_rcc.c ****   *            @arg @ref RCC_MCO1 Clock source to output on MCO1 pin(PA8).
 937:Drivers/STM32F0xx_HAL_Driver/Src/stm32f0xx_hal_rcc.c ****   * @param  RCC_MCOSource specifies the clock source to output.
 938:Drivers/STM32F0xx_HAL_Driver/Src/stm32f0xx_hal_rcc.c ****   *          This parameter can be one of the following values:
 939:Drivers/STM32F0xx_HAL_Driver/Src/stm32f0xx_hal_rcc.c ****   *            @arg @ref RCC_MCO1SOURCE_NOCLOCK     No clock selected
 940:Drivers/STM32F0xx_HAL_Driver/Src/stm32f0xx_hal_rcc.c ****   *            @arg @ref RCC_MCO1SOURCE_SYSCLK      System Clock selected as MCO clock
 941:Drivers/STM32F0xx_HAL_Driver/Src/stm32f0xx_hal_rcc.c ****   *            @arg @ref RCC_MCO1SOURCE_HSI         HSI selected as MCO clock
 942:Drivers/STM32F0xx_HAL_Driver/Src/stm32f0xx_hal_rcc.c ****   *            @arg @ref RCC_MCO1SOURCE_HSE         HSE selected as MCO clock
 943:Drivers/STM32F0xx_HAL_Driver/Src/stm32f0xx_hal_rcc.c ****   *            @arg @ref RCC_MCO1SOURCE_LSI         LSI selected as MCO clock
 944:Drivers/STM32F0xx_HAL_Driver/Src/stm32f0xx_hal_rcc.c ****   *            @arg @ref RCC_MCO1SOURCE_LSE         LSE selected as MCO clock
 945:Drivers/STM32F0xx_HAL_Driver/Src/stm32f0xx_hal_rcc.c ****   *            @arg @ref RCC_MCO1SOURCE_HSI14       HSI14 selected as MCO clock
 946:Drivers/STM32F0xx_HAL_Driver/Src/stm32f0xx_hal_rcc.c ****   @if STM32F042x6
 947:Drivers/STM32F0xx_HAL_Driver/Src/stm32f0xx_hal_rcc.c ****   *            @arg @ref RCC_MCO1SOURCE_HSI48       HSI48 selected as MCO clock
 948:Drivers/STM32F0xx_HAL_Driver/Src/stm32f0xx_hal_rcc.c ****   *            @arg @ref RCC_MCO1SOURCE_PLLCLK      PLLCLK selected as MCO clock
 949:Drivers/STM32F0xx_HAL_Driver/Src/stm32f0xx_hal_rcc.c ****   @elseif STM32F048xx
 950:Drivers/STM32F0xx_HAL_Driver/Src/stm32f0xx_hal_rcc.c ****   *            @arg @ref RCC_MCO1SOURCE_HSI48       HSI48 selected as MCO clock
 951:Drivers/STM32F0xx_HAL_Driver/Src/stm32f0xx_hal_rcc.c ****   *            @arg @ref RCC_MCO1SOURCE_PLLCLK      PLLCLK selected as MCO clock
 952:Drivers/STM32F0xx_HAL_Driver/Src/stm32f0xx_hal_rcc.c ****   @elseif STM32F071xB
 953:Drivers/STM32F0xx_HAL_Driver/Src/stm32f0xx_hal_rcc.c ****   *            @arg @ref RCC_MCO1SOURCE_HSI48       HSI48 selected as MCO clock
 954:Drivers/STM32F0xx_HAL_Driver/Src/stm32f0xx_hal_rcc.c ****   *            @arg @ref RCC_MCO1SOURCE_PLLCLK      PLLCLK selected as MCO clock
 955:Drivers/STM32F0xx_HAL_Driver/Src/stm32f0xx_hal_rcc.c ****   @elseif STM32F072xB
 956:Drivers/STM32F0xx_HAL_Driver/Src/stm32f0xx_hal_rcc.c ****   *            @arg @ref RCC_MCO1SOURCE_HSI48       HSI48 selected as MCO clock
 957:Drivers/STM32F0xx_HAL_Driver/Src/stm32f0xx_hal_rcc.c ****   *            @arg @ref RCC_MCO1SOURCE_PLLCLK      PLLCLK selected as MCO clock
 958:Drivers/STM32F0xx_HAL_Driver/Src/stm32f0xx_hal_rcc.c ****   @elseif STM32F078xx
 959:Drivers/STM32F0xx_HAL_Driver/Src/stm32f0xx_hal_rcc.c ****   *            @arg @ref RCC_MCO1SOURCE_HSI48       HSI48 selected as MCO clock
 960:Drivers/STM32F0xx_HAL_Driver/Src/stm32f0xx_hal_rcc.c ****   *            @arg @ref RCC_MCO1SOURCE_PLLCLK      PLLCLK selected as MCO clock
 961:Drivers/STM32F0xx_HAL_Driver/Src/stm32f0xx_hal_rcc.c ****   @elseif STM32F091xC
 962:Drivers/STM32F0xx_HAL_Driver/Src/stm32f0xx_hal_rcc.c ****   *            @arg @ref RCC_MCO1SOURCE_HSI48       HSI48 selected as MCO clock
ARM GAS  C:\Users\fastr\AppData\Local\Temp\ccSUdV1W.s 			page 44


 963:Drivers/STM32F0xx_HAL_Driver/Src/stm32f0xx_hal_rcc.c ****   *            @arg @ref RCC_MCO1SOURCE_PLLCLK      PLLCLK selected as MCO clock
 964:Drivers/STM32F0xx_HAL_Driver/Src/stm32f0xx_hal_rcc.c ****   @elseif STM32F098xx
 965:Drivers/STM32F0xx_HAL_Driver/Src/stm32f0xx_hal_rcc.c ****   *            @arg @ref RCC_MCO1SOURCE_HSI48       HSI48 selected as MCO clock
 966:Drivers/STM32F0xx_HAL_Driver/Src/stm32f0xx_hal_rcc.c ****   *            @arg @ref RCC_MCO1SOURCE_PLLCLK      PLLCLK selected as MCO clock
 967:Drivers/STM32F0xx_HAL_Driver/Src/stm32f0xx_hal_rcc.c ****   @elif STM32F030x6
 968:Drivers/STM32F0xx_HAL_Driver/Src/stm32f0xx_hal_rcc.c ****   *            @arg @ref RCC_MCO1SOURCE_PLLCLK      PLLCLK selected as MCO clock
 969:Drivers/STM32F0xx_HAL_Driver/Src/stm32f0xx_hal_rcc.c ****   @elif STM32F030xC
 970:Drivers/STM32F0xx_HAL_Driver/Src/stm32f0xx_hal_rcc.c ****   *            @arg @ref RCC_MCO1SOURCE_PLLCLK      PLLCLK selected as MCO clock
 971:Drivers/STM32F0xx_HAL_Driver/Src/stm32f0xx_hal_rcc.c ****   @elif STM32F031x6
 972:Drivers/STM32F0xx_HAL_Driver/Src/stm32f0xx_hal_rcc.c ****   *            @arg @ref RCC_MCO1SOURCE_PLLCLK      PLLCLK selected as MCO clock
 973:Drivers/STM32F0xx_HAL_Driver/Src/stm32f0xx_hal_rcc.c ****   @elif STM32F038xx
 974:Drivers/STM32F0xx_HAL_Driver/Src/stm32f0xx_hal_rcc.c ****   *            @arg @ref RCC_MCO1SOURCE_PLLCLK      PLLCLK selected as MCO clock
 975:Drivers/STM32F0xx_HAL_Driver/Src/stm32f0xx_hal_rcc.c ****   @elif STM32F070x6
 976:Drivers/STM32F0xx_HAL_Driver/Src/stm32f0xx_hal_rcc.c ****   *            @arg @ref RCC_MCO1SOURCE_PLLCLK      PLLCLK selected as MCO clock
 977:Drivers/STM32F0xx_HAL_Driver/Src/stm32f0xx_hal_rcc.c ****   @elif STM32F070xB
 978:Drivers/STM32F0xx_HAL_Driver/Src/stm32f0xx_hal_rcc.c ****   *            @arg @ref RCC_MCO1SOURCE_PLLCLK      PLLCLK selected as MCO clock
 979:Drivers/STM32F0xx_HAL_Driver/Src/stm32f0xx_hal_rcc.c ****   @endif
 980:Drivers/STM32F0xx_HAL_Driver/Src/stm32f0xx_hal_rcc.c ****   *            @arg @ref RCC_MCO1SOURCE_PLLCLK_DIV2 PLLCLK Divided by 2 selected as MCO clock
 981:Drivers/STM32F0xx_HAL_Driver/Src/stm32f0xx_hal_rcc.c ****   * @param  RCC_MCODiv specifies the MCO DIV.
 982:Drivers/STM32F0xx_HAL_Driver/Src/stm32f0xx_hal_rcc.c ****   *          This parameter can be one of the following values:
 983:Drivers/STM32F0xx_HAL_Driver/Src/stm32f0xx_hal_rcc.c ****   *            @arg @ref RCC_MCODIV_1   no division applied to MCO clock
 984:Drivers/STM32F0xx_HAL_Driver/Src/stm32f0xx_hal_rcc.c ****   *            @arg @ref RCC_MCODIV_2   division by 2 applied to MCO clock
 985:Drivers/STM32F0xx_HAL_Driver/Src/stm32f0xx_hal_rcc.c ****   *            @arg @ref RCC_MCODIV_4   division by 4 applied to MCO clock
 986:Drivers/STM32F0xx_HAL_Driver/Src/stm32f0xx_hal_rcc.c ****   *            @arg @ref RCC_MCODIV_8   division by 8 applied to MCO clock
 987:Drivers/STM32F0xx_HAL_Driver/Src/stm32f0xx_hal_rcc.c ****   *            @arg @ref RCC_MCODIV_16  division by 16 applied to MCO clock
 988:Drivers/STM32F0xx_HAL_Driver/Src/stm32f0xx_hal_rcc.c ****   *            @arg @ref RCC_MCODIV_32  division by 32 applied to MCO clock
 989:Drivers/STM32F0xx_HAL_Driver/Src/stm32f0xx_hal_rcc.c ****   *            @arg @ref RCC_MCODIV_64  division by 64 applied to MCO clock
 990:Drivers/STM32F0xx_HAL_Driver/Src/stm32f0xx_hal_rcc.c ****   *            @arg @ref RCC_MCODIV_128 division by 128 applied to MCO clock
 991:Drivers/STM32F0xx_HAL_Driver/Src/stm32f0xx_hal_rcc.c ****   * @retval None
 992:Drivers/STM32F0xx_HAL_Driver/Src/stm32f0xx_hal_rcc.c ****   */
 993:Drivers/STM32F0xx_HAL_Driver/Src/stm32f0xx_hal_rcc.c **** #else
 994:Drivers/STM32F0xx_HAL_Driver/Src/stm32f0xx_hal_rcc.c **** /**
 995:Drivers/STM32F0xx_HAL_Driver/Src/stm32f0xx_hal_rcc.c ****   * @brief  Selects the clock source to output on MCO pin.
 996:Drivers/STM32F0xx_HAL_Driver/Src/stm32f0xx_hal_rcc.c ****   * @note   MCO pin should be configured in alternate function mode.
 997:Drivers/STM32F0xx_HAL_Driver/Src/stm32f0xx_hal_rcc.c ****   * @param  RCC_MCOx specifies the output direction for the clock source.
 998:Drivers/STM32F0xx_HAL_Driver/Src/stm32f0xx_hal_rcc.c ****   *          This parameter can be one of the following values:
 999:Drivers/STM32F0xx_HAL_Driver/Src/stm32f0xx_hal_rcc.c ****   *            @arg @ref RCC_MCO1 Clock source to output on MCO1 pin(PA8).
1000:Drivers/STM32F0xx_HAL_Driver/Src/stm32f0xx_hal_rcc.c ****   * @param  RCC_MCOSource specifies the clock source to output.
1001:Drivers/STM32F0xx_HAL_Driver/Src/stm32f0xx_hal_rcc.c ****   *          This parameter can be one of the following values:
1002:Drivers/STM32F0xx_HAL_Driver/Src/stm32f0xx_hal_rcc.c ****   *            @arg @ref RCC_MCO1SOURCE_NOCLOCK     No clock selected as MCO clock
1003:Drivers/STM32F0xx_HAL_Driver/Src/stm32f0xx_hal_rcc.c ****   *            @arg @ref RCC_MCO1SOURCE_SYSCLK      System clock selected as MCO clock
1004:Drivers/STM32F0xx_HAL_Driver/Src/stm32f0xx_hal_rcc.c ****   *            @arg @ref RCC_MCO1SOURCE_HSI         HSI selected as MCO clock
1005:Drivers/STM32F0xx_HAL_Driver/Src/stm32f0xx_hal_rcc.c ****   *            @arg @ref RCC_MCO1SOURCE_HSE         HSE selected as MCO clock
1006:Drivers/STM32F0xx_HAL_Driver/Src/stm32f0xx_hal_rcc.c ****   *            @arg @ref RCC_MCO1SOURCE_LSI         LSI selected as MCO clock
1007:Drivers/STM32F0xx_HAL_Driver/Src/stm32f0xx_hal_rcc.c ****   *            @arg @ref RCC_MCO1SOURCE_LSE         LSE selected as MCO clock
1008:Drivers/STM32F0xx_HAL_Driver/Src/stm32f0xx_hal_rcc.c ****   *            @arg @ref RCC_MCO1SOURCE_HSI14       HSI14 selected as MCO clock
1009:Drivers/STM32F0xx_HAL_Driver/Src/stm32f0xx_hal_rcc.c ****   *            @arg @ref RCC_MCO1SOURCE_PLLCLK_DIV2 PLLCLK Divided by 2 selected as MCO clock
1010:Drivers/STM32F0xx_HAL_Driver/Src/stm32f0xx_hal_rcc.c ****   * @param  RCC_MCODiv specifies the MCO DIV.
1011:Drivers/STM32F0xx_HAL_Driver/Src/stm32f0xx_hal_rcc.c ****   *          This parameter can be one of the following values:
1012:Drivers/STM32F0xx_HAL_Driver/Src/stm32f0xx_hal_rcc.c ****   *            @arg @ref RCC_MCODIV_1 no division applied to MCO clock
1013:Drivers/STM32F0xx_HAL_Driver/Src/stm32f0xx_hal_rcc.c ****   * @retval None
1014:Drivers/STM32F0xx_HAL_Driver/Src/stm32f0xx_hal_rcc.c ****   */
1015:Drivers/STM32F0xx_HAL_Driver/Src/stm32f0xx_hal_rcc.c **** #endif
1016:Drivers/STM32F0xx_HAL_Driver/Src/stm32f0xx_hal_rcc.c **** void HAL_RCC_MCOConfig(uint32_t RCC_MCOx, uint32_t RCC_MCOSource, uint32_t RCC_MCODiv)
1017:Drivers/STM32F0xx_HAL_Driver/Src/stm32f0xx_hal_rcc.c **** {
 1288              		.loc 1 1017 1 is_stmt 1 view -0
 1289              		.cfi_startproc
ARM GAS  C:\Users\fastr\AppData\Local\Temp\ccSUdV1W.s 			page 45


 1290              		@ args = 0, pretend = 0, frame = 24
 1291              		@ frame_needed = 0, uses_anonymous_args = 0
 1292              		.loc 1 1017 1 is_stmt 0 view .LVU395
 1293 0000 30B5     		push	{r4, r5, lr}
 1294              		.cfi_def_cfa_offset 12
 1295              		.cfi_offset 4, -12
 1296              		.cfi_offset 5, -8
 1297              		.cfi_offset 14, -4
 1298 0002 87B0     		sub	sp, sp, #28
 1299              		.cfi_def_cfa_offset 40
 1300 0004 0D00     		movs	r5, r1
1018:Drivers/STM32F0xx_HAL_Driver/Src/stm32f0xx_hal_rcc.c ****   GPIO_InitTypeDef gpio;
 1301              		.loc 1 1018 3 is_stmt 1 view .LVU396
1019:Drivers/STM32F0xx_HAL_Driver/Src/stm32f0xx_hal_rcc.c **** 
1020:Drivers/STM32F0xx_HAL_Driver/Src/stm32f0xx_hal_rcc.c ****   /* Check the parameters */
1021:Drivers/STM32F0xx_HAL_Driver/Src/stm32f0xx_hal_rcc.c ****   assert_param(IS_RCC_MCO(RCC_MCOx));
 1302              		.loc 1 1021 3 view .LVU397
1022:Drivers/STM32F0xx_HAL_Driver/Src/stm32f0xx_hal_rcc.c ****   assert_param(IS_RCC_MCODIV(RCC_MCODiv));
 1303              		.loc 1 1022 3 view .LVU398
1023:Drivers/STM32F0xx_HAL_Driver/Src/stm32f0xx_hal_rcc.c ****   assert_param(IS_RCC_MCO1SOURCE(RCC_MCOSource));
 1304              		.loc 1 1023 3 view .LVU399
1024:Drivers/STM32F0xx_HAL_Driver/Src/stm32f0xx_hal_rcc.c **** 
1025:Drivers/STM32F0xx_HAL_Driver/Src/stm32f0xx_hal_rcc.c ****   /* Prevent unused argument(s) compilation warning */
1026:Drivers/STM32F0xx_HAL_Driver/Src/stm32f0xx_hal_rcc.c ****   UNUSED(RCC_MCOx);
 1305              		.loc 1 1026 3 view .LVU400
1027:Drivers/STM32F0xx_HAL_Driver/Src/stm32f0xx_hal_rcc.c **** 
1028:Drivers/STM32F0xx_HAL_Driver/Src/stm32f0xx_hal_rcc.c ****   /* Configure the MCO1 pin in alternate function mode */
1029:Drivers/STM32F0xx_HAL_Driver/Src/stm32f0xx_hal_rcc.c ****   gpio.Mode      = GPIO_MODE_AF_PP;
 1306              		.loc 1 1029 3 view .LVU401
 1307              		.loc 1 1029 18 is_stmt 0 view .LVU402
 1308 0006 01A9     		add	r1, sp, #4
 1309              	.LVL92:
 1310              		.loc 1 1029 18 view .LVU403
 1311 0008 0223     		movs	r3, #2
 1312 000a 4B60     		str	r3, [r1, #4]
1030:Drivers/STM32F0xx_HAL_Driver/Src/stm32f0xx_hal_rcc.c ****   gpio.Speed     = GPIO_SPEED_FREQ_HIGH;
 1313              		.loc 1 1030 3 is_stmt 1 view .LVU404
 1314              		.loc 1 1030 18 is_stmt 0 view .LVU405
 1315 000c 0133     		adds	r3, r3, #1
 1316 000e CB60     		str	r3, [r1, #12]
1031:Drivers/STM32F0xx_HAL_Driver/Src/stm32f0xx_hal_rcc.c ****   gpio.Pull      = GPIO_NOPULL;
 1317              		.loc 1 1031 3 is_stmt 1 view .LVU406
 1318              		.loc 1 1031 18 is_stmt 0 view .LVU407
 1319 0010 0023     		movs	r3, #0
 1320 0012 8B60     		str	r3, [r1, #8]
1032:Drivers/STM32F0xx_HAL_Driver/Src/stm32f0xx_hal_rcc.c ****   gpio.Pin       = MCO1_PIN;
 1321              		.loc 1 1032 3 is_stmt 1 view .LVU408
 1322              		.loc 1 1032 18 is_stmt 0 view .LVU409
 1323 0014 8022     		movs	r2, #128
 1324              	.LVL93:
 1325              		.loc 1 1032 18 view .LVU410
 1326 0016 5200     		lsls	r2, r2, #1
 1327 0018 0192     		str	r2, [sp, #4]
1033:Drivers/STM32F0xx_HAL_Driver/Src/stm32f0xx_hal_rcc.c ****   gpio.Alternate = GPIO_AF0_MCO;
 1328              		.loc 1 1033 3 is_stmt 1 view .LVU411
 1329              		.loc 1 1033 18 is_stmt 0 view .LVU412
 1330 001a 0B61     		str	r3, [r1, #16]
ARM GAS  C:\Users\fastr\AppData\Local\Temp\ccSUdV1W.s 			page 46


1034:Drivers/STM32F0xx_HAL_Driver/Src/stm32f0xx_hal_rcc.c **** 
1035:Drivers/STM32F0xx_HAL_Driver/Src/stm32f0xx_hal_rcc.c ****   /* MCO1 Clock Enable */
1036:Drivers/STM32F0xx_HAL_Driver/Src/stm32f0xx_hal_rcc.c ****   MCO1_CLK_ENABLE();
 1331              		.loc 1 1036 3 is_stmt 1 view .LVU413
 1332              	.LBB5:
 1333              		.loc 1 1036 3 view .LVU414
 1334              		.loc 1 1036 3 view .LVU415
 1335 001c 0A4C     		ldr	r4, .L132
 1336 001e 6369     		ldr	r3, [r4, #20]
 1337 0020 8022     		movs	r2, #128
 1338 0022 9202     		lsls	r2, r2, #10
 1339 0024 1343     		orrs	r3, r2
 1340 0026 6361     		str	r3, [r4, #20]
 1341              		.loc 1 1036 3 view .LVU416
 1342 0028 6369     		ldr	r3, [r4, #20]
 1343 002a 1340     		ands	r3, r2
 1344 002c 0093     		str	r3, [sp]
 1345              		.loc 1 1036 3 view .LVU417
 1346 002e 009B     		ldr	r3, [sp]
 1347              	.LBE5:
 1348              		.loc 1 1036 3 view .LVU418
1037:Drivers/STM32F0xx_HAL_Driver/Src/stm32f0xx_hal_rcc.c ****   
1038:Drivers/STM32F0xx_HAL_Driver/Src/stm32f0xx_hal_rcc.c ****   HAL_GPIO_Init(MCO1_GPIO_PORT, &gpio);
 1349              		.loc 1 1038 3 view .LVU419
 1350 0030 9020     		movs	r0, #144
 1351              	.LVL94:
 1352              		.loc 1 1038 3 is_stmt 0 view .LVU420
 1353 0032 C005     		lsls	r0, r0, #23
 1354 0034 FFF7FEFF 		bl	HAL_GPIO_Init
 1355              	.LVL95:
1039:Drivers/STM32F0xx_HAL_Driver/Src/stm32f0xx_hal_rcc.c ****   
1040:Drivers/STM32F0xx_HAL_Driver/Src/stm32f0xx_hal_rcc.c ****   /* Configure the MCO clock source */
1041:Drivers/STM32F0xx_HAL_Driver/Src/stm32f0xx_hal_rcc.c ****   __HAL_RCC_MCO1_CONFIG(RCC_MCOSource, RCC_MCODiv);
 1356              		.loc 1 1041 3 is_stmt 1 view .LVU421
 1357 0038 6168     		ldr	r1, [r4, #4]
 1358 003a 044B     		ldr	r3, .L132+4
 1359 003c 1940     		ands	r1, r3
 1360 003e 2943     		orrs	r1, r5
 1361 0040 6160     		str	r1, [r4, #4]
1042:Drivers/STM32F0xx_HAL_Driver/Src/stm32f0xx_hal_rcc.c **** }
 1362              		.loc 1 1042 1 is_stmt 0 view .LVU422
 1363 0042 07B0     		add	sp, sp, #28
 1364              		@ sp needed
 1365              	.LVL96:
 1366              		.loc 1 1042 1 view .LVU423
 1367 0044 30BD     		pop	{r4, r5, pc}
 1368              	.L133:
 1369 0046 C046     		.align	2
 1370              	.L132:
 1371 0048 00100240 		.word	1073876992
 1372 004c FFFFFFF0 		.word	-251658241
 1373              		.cfi_endproc
 1374              	.LFE43:
 1376              		.section	.text.HAL_RCC_EnableCSS,"ax",%progbits
 1377              		.align	1
 1378              		.global	HAL_RCC_EnableCSS
 1379              		.syntax unified
ARM GAS  C:\Users\fastr\AppData\Local\Temp\ccSUdV1W.s 			page 47


 1380              		.code	16
 1381              		.thumb_func
 1383              	HAL_RCC_EnableCSS:
 1384              	.LFB44:
1043:Drivers/STM32F0xx_HAL_Driver/Src/stm32f0xx_hal_rcc.c **** 
1044:Drivers/STM32F0xx_HAL_Driver/Src/stm32f0xx_hal_rcc.c **** /**
1045:Drivers/STM32F0xx_HAL_Driver/Src/stm32f0xx_hal_rcc.c ****   * @brief  Enables the Clock Security System.
1046:Drivers/STM32F0xx_HAL_Driver/Src/stm32f0xx_hal_rcc.c ****   * @note   If a failure is detected on the HSE oscillator clock, this oscillator
1047:Drivers/STM32F0xx_HAL_Driver/Src/stm32f0xx_hal_rcc.c ****   *         is automatically disabled and an interrupt is generated to inform the
1048:Drivers/STM32F0xx_HAL_Driver/Src/stm32f0xx_hal_rcc.c ****   *         software about the failure (Clock Security System Interrupt, CSSI),
1049:Drivers/STM32F0xx_HAL_Driver/Src/stm32f0xx_hal_rcc.c ****   *         allowing the MCU to perform rescue operations. The CSSI is linked to 
1050:Drivers/STM32F0xx_HAL_Driver/Src/stm32f0xx_hal_rcc.c ****   *         the Cortex-M0 NMI (Non-Maskable Interrupt) exception vector.  
1051:Drivers/STM32F0xx_HAL_Driver/Src/stm32f0xx_hal_rcc.c ****   * @retval None
1052:Drivers/STM32F0xx_HAL_Driver/Src/stm32f0xx_hal_rcc.c ****   */
1053:Drivers/STM32F0xx_HAL_Driver/Src/stm32f0xx_hal_rcc.c **** void HAL_RCC_EnableCSS(void)
1054:Drivers/STM32F0xx_HAL_Driver/Src/stm32f0xx_hal_rcc.c **** {
 1385              		.loc 1 1054 1 is_stmt 1 view -0
 1386              		.cfi_startproc
 1387              		@ args = 0, pretend = 0, frame = 0
 1388              		@ frame_needed = 0, uses_anonymous_args = 0
 1389              		@ link register save eliminated.
1055:Drivers/STM32F0xx_HAL_Driver/Src/stm32f0xx_hal_rcc.c ****   SET_BIT(RCC->CR, RCC_CR_CSSON) ;
 1390              		.loc 1 1055 3 view .LVU425
 1391 0000 034A     		ldr	r2, .L135
 1392 0002 1168     		ldr	r1, [r2]
 1393 0004 8023     		movs	r3, #128
 1394 0006 1B03     		lsls	r3, r3, #12
 1395 0008 0B43     		orrs	r3, r1
 1396 000a 1360     		str	r3, [r2]
1056:Drivers/STM32F0xx_HAL_Driver/Src/stm32f0xx_hal_rcc.c **** }
 1397              		.loc 1 1056 1 is_stmt 0 view .LVU426
 1398              		@ sp needed
 1399 000c 7047     		bx	lr
 1400              	.L136:
 1401 000e C046     		.align	2
 1402              	.L135:
 1403 0010 00100240 		.word	1073876992
 1404              		.cfi_endproc
 1405              	.LFE44:
 1407              		.section	.text.HAL_RCC_DisableCSS,"ax",%progbits
 1408              		.align	1
 1409              		.global	HAL_RCC_DisableCSS
 1410              		.syntax unified
 1411              		.code	16
 1412              		.thumb_func
 1414              	HAL_RCC_DisableCSS:
 1415              	.LFB45:
1057:Drivers/STM32F0xx_HAL_Driver/Src/stm32f0xx_hal_rcc.c **** 
1058:Drivers/STM32F0xx_HAL_Driver/Src/stm32f0xx_hal_rcc.c **** /**
1059:Drivers/STM32F0xx_HAL_Driver/Src/stm32f0xx_hal_rcc.c ****   * @brief  Disables the Clock Security System.
1060:Drivers/STM32F0xx_HAL_Driver/Src/stm32f0xx_hal_rcc.c ****   * @retval None
1061:Drivers/STM32F0xx_HAL_Driver/Src/stm32f0xx_hal_rcc.c ****   */
1062:Drivers/STM32F0xx_HAL_Driver/Src/stm32f0xx_hal_rcc.c **** void HAL_RCC_DisableCSS(void)
1063:Drivers/STM32F0xx_HAL_Driver/Src/stm32f0xx_hal_rcc.c **** {
 1416              		.loc 1 1063 1 is_stmt 1 view -0
 1417              		.cfi_startproc
 1418              		@ args = 0, pretend = 0, frame = 0
ARM GAS  C:\Users\fastr\AppData\Local\Temp\ccSUdV1W.s 			page 48


 1419              		@ frame_needed = 0, uses_anonymous_args = 0
 1420              		@ link register save eliminated.
1064:Drivers/STM32F0xx_HAL_Driver/Src/stm32f0xx_hal_rcc.c ****   CLEAR_BIT(RCC->CR, RCC_CR_CSSON) ;
 1421              		.loc 1 1064 3 view .LVU428
 1422 0000 024A     		ldr	r2, .L138
 1423 0002 1368     		ldr	r3, [r2]
 1424 0004 0249     		ldr	r1, .L138+4
 1425 0006 0B40     		ands	r3, r1
 1426 0008 1360     		str	r3, [r2]
1065:Drivers/STM32F0xx_HAL_Driver/Src/stm32f0xx_hal_rcc.c **** }
 1427              		.loc 1 1065 1 is_stmt 0 view .LVU429
 1428              		@ sp needed
 1429 000a 7047     		bx	lr
 1430              	.L139:
 1431              		.align	2
 1432              	.L138:
 1433 000c 00100240 		.word	1073876992
 1434 0010 FFFFF7FF 		.word	-524289
 1435              		.cfi_endproc
 1436              	.LFE45:
 1438              		.section	.text.HAL_RCC_GetSysClockFreq,"ax",%progbits
 1439              		.align	1
 1440              		.global	HAL_RCC_GetSysClockFreq
 1441              		.syntax unified
 1442              		.code	16
 1443              		.thumb_func
 1445              	HAL_RCC_GetSysClockFreq:
 1446              	.LFB46:
1066:Drivers/STM32F0xx_HAL_Driver/Src/stm32f0xx_hal_rcc.c **** 
1067:Drivers/STM32F0xx_HAL_Driver/Src/stm32f0xx_hal_rcc.c **** /**
1068:Drivers/STM32F0xx_HAL_Driver/Src/stm32f0xx_hal_rcc.c ****   * @brief  Returns the SYSCLK frequency     
1069:Drivers/STM32F0xx_HAL_Driver/Src/stm32f0xx_hal_rcc.c ****   * @note   The system frequency computed by this function is not the real 
1070:Drivers/STM32F0xx_HAL_Driver/Src/stm32f0xx_hal_rcc.c ****   *         frequency in the chip. It is calculated based on the predefined 
1071:Drivers/STM32F0xx_HAL_Driver/Src/stm32f0xx_hal_rcc.c ****   *         constant and the selected clock source:
1072:Drivers/STM32F0xx_HAL_Driver/Src/stm32f0xx_hal_rcc.c ****   * @note     If SYSCLK source is HSI, function returns values based on HSI_VALUE(*)
1073:Drivers/STM32F0xx_HAL_Driver/Src/stm32f0xx_hal_rcc.c ****   * @note     If SYSCLK source is HSE, function returns a value based on HSE_VALUE
1074:Drivers/STM32F0xx_HAL_Driver/Src/stm32f0xx_hal_rcc.c ****   *           divided by PREDIV factor(**)
1075:Drivers/STM32F0xx_HAL_Driver/Src/stm32f0xx_hal_rcc.c ****   * @note     If SYSCLK source is PLL, function returns a value based on HSE_VALUE
1076:Drivers/STM32F0xx_HAL_Driver/Src/stm32f0xx_hal_rcc.c ****   *           divided by PREDIV factor(**) or depending on STM32F0xxxx devices either a value based
1077:Drivers/STM32F0xx_HAL_Driver/Src/stm32f0xx_hal_rcc.c ****   *           on HSI_VALUE divided by 2 or HSI_VALUE divided by PREDIV factor(*) multiplied by the 
1078:Drivers/STM32F0xx_HAL_Driver/Src/stm32f0xx_hal_rcc.c ****   *           PLL factor.
1079:Drivers/STM32F0xx_HAL_Driver/Src/stm32f0xx_hal_rcc.c ****   * @note     (*) HSI_VALUE is a constant defined in stm32f0xx_hal_conf.h file (default value
1080:Drivers/STM32F0xx_HAL_Driver/Src/stm32f0xx_hal_rcc.c ****   *               8 MHz) but the real value may vary depending on the variations
1081:Drivers/STM32F0xx_HAL_Driver/Src/stm32f0xx_hal_rcc.c ****   *               in voltage and temperature.
1082:Drivers/STM32F0xx_HAL_Driver/Src/stm32f0xx_hal_rcc.c ****   * @note     (**) HSE_VALUE is a constant defined in stm32f0xx_hal_conf.h file (default value
1083:Drivers/STM32F0xx_HAL_Driver/Src/stm32f0xx_hal_rcc.c ****   *                8 MHz), user has to ensure that HSE_VALUE is same as the real
1084:Drivers/STM32F0xx_HAL_Driver/Src/stm32f0xx_hal_rcc.c ****   *                frequency of the crystal used. Otherwise, this function may
1085:Drivers/STM32F0xx_HAL_Driver/Src/stm32f0xx_hal_rcc.c ****   *                have wrong result.
1086:Drivers/STM32F0xx_HAL_Driver/Src/stm32f0xx_hal_rcc.c ****   *                  
1087:Drivers/STM32F0xx_HAL_Driver/Src/stm32f0xx_hal_rcc.c ****   * @note   The result of this function could be not correct when using fractional
1088:Drivers/STM32F0xx_HAL_Driver/Src/stm32f0xx_hal_rcc.c ****   *         value for HSE crystal.
1089:Drivers/STM32F0xx_HAL_Driver/Src/stm32f0xx_hal_rcc.c ****   *           
1090:Drivers/STM32F0xx_HAL_Driver/Src/stm32f0xx_hal_rcc.c ****   * @note   This function can be used by the user application to compute the 
1091:Drivers/STM32F0xx_HAL_Driver/Src/stm32f0xx_hal_rcc.c ****   *         baud-rate for the communication peripherals or configure other parameters.
1092:Drivers/STM32F0xx_HAL_Driver/Src/stm32f0xx_hal_rcc.c ****   *           
1093:Drivers/STM32F0xx_HAL_Driver/Src/stm32f0xx_hal_rcc.c ****   * @note   Each time SYSCLK changes, this function must be called to update the
1094:Drivers/STM32F0xx_HAL_Driver/Src/stm32f0xx_hal_rcc.c ****   *         right SYSCLK value. Otherwise, any configuration based on this function will be incorre
ARM GAS  C:\Users\fastr\AppData\Local\Temp\ccSUdV1W.s 			page 49


1095:Drivers/STM32F0xx_HAL_Driver/Src/stm32f0xx_hal_rcc.c ****   *         
1096:Drivers/STM32F0xx_HAL_Driver/Src/stm32f0xx_hal_rcc.c ****   * @retval SYSCLK frequency
1097:Drivers/STM32F0xx_HAL_Driver/Src/stm32f0xx_hal_rcc.c ****   */
1098:Drivers/STM32F0xx_HAL_Driver/Src/stm32f0xx_hal_rcc.c **** uint32_t HAL_RCC_GetSysClockFreq(void)
1099:Drivers/STM32F0xx_HAL_Driver/Src/stm32f0xx_hal_rcc.c **** {
 1447              		.loc 1 1099 1 is_stmt 1 view -0
 1448              		.cfi_startproc
 1449              		@ args = 0, pretend = 0, frame = 0
 1450              		@ frame_needed = 0, uses_anonymous_args = 0
 1451 0000 10B5     		push	{r4, lr}
 1452              		.cfi_def_cfa_offset 8
 1453              		.cfi_offset 4, -8
 1454              		.cfi_offset 14, -4
1100:Drivers/STM32F0xx_HAL_Driver/Src/stm32f0xx_hal_rcc.c ****   static const uint8_t aPLLMULFactorTable[16U] = { 2U,  3U,  4U,  5U,  6U,  7U,  8U,  9U,
 1455              		.loc 1 1100 3 view .LVU431
1101:Drivers/STM32F0xx_HAL_Driver/Src/stm32f0xx_hal_rcc.c ****                                                    10U, 11U, 12U, 13U, 14U, 15U, 16U, 16U};
1102:Drivers/STM32F0xx_HAL_Driver/Src/stm32f0xx_hal_rcc.c ****   static const uint8_t aPredivFactorTable[16U] = { 1U, 2U,  3U,  4U,  5U,  6U,  7U,  8U,
 1456              		.loc 1 1102 3 view .LVU432
1103:Drivers/STM32F0xx_HAL_Driver/Src/stm32f0xx_hal_rcc.c ****                                                    9U,10U, 11U, 12U, 13U, 14U, 15U, 16U};
1104:Drivers/STM32F0xx_HAL_Driver/Src/stm32f0xx_hal_rcc.c **** 
1105:Drivers/STM32F0xx_HAL_Driver/Src/stm32f0xx_hal_rcc.c ****   uint32_t tmpreg = 0U, prediv = 0U, pllclk = 0U, pllmul = 0U;
 1457              		.loc 1 1105 3 view .LVU433
 1458              	.LVL97:
1106:Drivers/STM32F0xx_HAL_Driver/Src/stm32f0xx_hal_rcc.c ****   uint32_t sysclockfreq = 0U;
 1459              		.loc 1 1106 3 view .LVU434
1107:Drivers/STM32F0xx_HAL_Driver/Src/stm32f0xx_hal_rcc.c ****   
1108:Drivers/STM32F0xx_HAL_Driver/Src/stm32f0xx_hal_rcc.c ****   tmpreg = RCC->CFGR;
 1460              		.loc 1 1108 3 view .LVU435
 1461              		.loc 1 1108 10 is_stmt 0 view .LVU436
 1462 0002 114B     		ldr	r3, .L145
 1463 0004 5A68     		ldr	r2, [r3, #4]
 1464              	.LVL98:
1109:Drivers/STM32F0xx_HAL_Driver/Src/stm32f0xx_hal_rcc.c ****   
1110:Drivers/STM32F0xx_HAL_Driver/Src/stm32f0xx_hal_rcc.c ****   /* Get SYSCLK source -------------------------------------------------------*/
1111:Drivers/STM32F0xx_HAL_Driver/Src/stm32f0xx_hal_rcc.c ****   switch (tmpreg & RCC_CFGR_SWS)
 1465              		.loc 1 1111 3 is_stmt 1 view .LVU437
 1466              		.loc 1 1111 18 is_stmt 0 view .LVU438
 1467 0006 0C23     		movs	r3, #12
 1468 0008 1340     		ands	r3, r2
 1469              		.loc 1 1111 3 view .LVU439
 1470 000a 082B     		cmp	r3, #8
 1471 000c 01D0     		beq	.L144
1112:Drivers/STM32F0xx_HAL_Driver/Src/stm32f0xx_hal_rcc.c ****   {
1113:Drivers/STM32F0xx_HAL_Driver/Src/stm32f0xx_hal_rcc.c ****     case RCC_SYSCLKSOURCE_STATUS_HSE:  /* HSE used as system clock */
1114:Drivers/STM32F0xx_HAL_Driver/Src/stm32f0xx_hal_rcc.c ****     {
1115:Drivers/STM32F0xx_HAL_Driver/Src/stm32f0xx_hal_rcc.c ****       sysclockfreq = HSE_VALUE;
 1472              		.loc 1 1115 20 view .LVU440
 1473 000e 0F48     		ldr	r0, .L145+4
 1474              	.LVL99:
1116:Drivers/STM32F0xx_HAL_Driver/Src/stm32f0xx_hal_rcc.c ****       break;
1117:Drivers/STM32F0xx_HAL_Driver/Src/stm32f0xx_hal_rcc.c ****     }
1118:Drivers/STM32F0xx_HAL_Driver/Src/stm32f0xx_hal_rcc.c ****     case RCC_SYSCLKSOURCE_STATUS_PLLCLK:  /* PLL used as system clock */
1119:Drivers/STM32F0xx_HAL_Driver/Src/stm32f0xx_hal_rcc.c ****     {
1120:Drivers/STM32F0xx_HAL_Driver/Src/stm32f0xx_hal_rcc.c ****       pllmul = aPLLMULFactorTable[(uint32_t)(tmpreg & RCC_CFGR_PLLMUL) >> RCC_CFGR_PLLMUL_BITNUMBER
1121:Drivers/STM32F0xx_HAL_Driver/Src/stm32f0xx_hal_rcc.c ****       prediv = aPredivFactorTable[(uint32_t)(RCC->CFGR2 & RCC_CFGR2_PREDIV) >> RCC_CFGR2_PREDIV_BIT
1122:Drivers/STM32F0xx_HAL_Driver/Src/stm32f0xx_hal_rcc.c ****       if ((tmpreg & RCC_CFGR_PLLSRC) == RCC_PLLSOURCE_HSE)
1123:Drivers/STM32F0xx_HAL_Driver/Src/stm32f0xx_hal_rcc.c ****       {
ARM GAS  C:\Users\fastr\AppData\Local\Temp\ccSUdV1W.s 			page 50


1124:Drivers/STM32F0xx_HAL_Driver/Src/stm32f0xx_hal_rcc.c ****         /* HSE used as PLL clock source : PLLCLK = HSE/PREDIV * PLLMUL */
1125:Drivers/STM32F0xx_HAL_Driver/Src/stm32f0xx_hal_rcc.c ****         pllclk = (uint32_t)((uint64_t) HSE_VALUE / (uint64_t) (prediv)) * ((uint64_t) pllmul);
1126:Drivers/STM32F0xx_HAL_Driver/Src/stm32f0xx_hal_rcc.c ****       }
1127:Drivers/STM32F0xx_HAL_Driver/Src/stm32f0xx_hal_rcc.c **** #if defined(RCC_CFGR_PLLSRC_HSI48_PREDIV)
1128:Drivers/STM32F0xx_HAL_Driver/Src/stm32f0xx_hal_rcc.c ****       else if ((tmpreg & RCC_CFGR_PLLSRC) == RCC_PLLSOURCE_HSI48)
1129:Drivers/STM32F0xx_HAL_Driver/Src/stm32f0xx_hal_rcc.c ****       {
1130:Drivers/STM32F0xx_HAL_Driver/Src/stm32f0xx_hal_rcc.c ****         /* HSI48 used as PLL clock source : PLLCLK = HSI48/PREDIV * PLLMUL */
1131:Drivers/STM32F0xx_HAL_Driver/Src/stm32f0xx_hal_rcc.c ****         pllclk = (uint32_t)((uint64_t) HSI48_VALUE / (uint64_t) (prediv)) * ((uint64_t) pllmul);
1132:Drivers/STM32F0xx_HAL_Driver/Src/stm32f0xx_hal_rcc.c ****       }
1133:Drivers/STM32F0xx_HAL_Driver/Src/stm32f0xx_hal_rcc.c **** #endif /* RCC_CFGR_PLLSRC_HSI48_PREDIV */
1134:Drivers/STM32F0xx_HAL_Driver/Src/stm32f0xx_hal_rcc.c ****       else
1135:Drivers/STM32F0xx_HAL_Driver/Src/stm32f0xx_hal_rcc.c ****       {
1136:Drivers/STM32F0xx_HAL_Driver/Src/stm32f0xx_hal_rcc.c **** #if  (defined(STM32F042x6) || defined(STM32F048xx) || defined(STM32F070x6) || defined(STM32F071xB) 
1137:Drivers/STM32F0xx_HAL_Driver/Src/stm32f0xx_hal_rcc.c ****         /* HSI used as PLL clock source : PLLCLK = HSI/PREDIV * PLLMUL */
1138:Drivers/STM32F0xx_HAL_Driver/Src/stm32f0xx_hal_rcc.c ****         pllclk = (uint32_t)((uint64_t) HSI_VALUE / (uint64_t) (prediv)) * ((uint64_t) pllmul);
1139:Drivers/STM32F0xx_HAL_Driver/Src/stm32f0xx_hal_rcc.c **** #else
1140:Drivers/STM32F0xx_HAL_Driver/Src/stm32f0xx_hal_rcc.c ****         /* HSI used as PLL clock source : PLLCLK = HSI/2 * PLLMUL */
1141:Drivers/STM32F0xx_HAL_Driver/Src/stm32f0xx_hal_rcc.c ****         pllclk = (uint32_t)((uint64_t) (HSI_VALUE >> 1U) * ((uint64_t) pllmul));
1142:Drivers/STM32F0xx_HAL_Driver/Src/stm32f0xx_hal_rcc.c **** #endif
1143:Drivers/STM32F0xx_HAL_Driver/Src/stm32f0xx_hal_rcc.c ****       }
1144:Drivers/STM32F0xx_HAL_Driver/Src/stm32f0xx_hal_rcc.c ****       sysclockfreq = pllclk;
1145:Drivers/STM32F0xx_HAL_Driver/Src/stm32f0xx_hal_rcc.c ****       break;
1146:Drivers/STM32F0xx_HAL_Driver/Src/stm32f0xx_hal_rcc.c ****     }
1147:Drivers/STM32F0xx_HAL_Driver/Src/stm32f0xx_hal_rcc.c **** #if defined(RCC_CFGR_SWS_HSI48)
1148:Drivers/STM32F0xx_HAL_Driver/Src/stm32f0xx_hal_rcc.c ****     case RCC_SYSCLKSOURCE_STATUS_HSI48:    /* HSI48 used as system clock source */
1149:Drivers/STM32F0xx_HAL_Driver/Src/stm32f0xx_hal_rcc.c ****     {
1150:Drivers/STM32F0xx_HAL_Driver/Src/stm32f0xx_hal_rcc.c ****       sysclockfreq = HSI48_VALUE;
1151:Drivers/STM32F0xx_HAL_Driver/Src/stm32f0xx_hal_rcc.c ****       break;
1152:Drivers/STM32F0xx_HAL_Driver/Src/stm32f0xx_hal_rcc.c ****     }
1153:Drivers/STM32F0xx_HAL_Driver/Src/stm32f0xx_hal_rcc.c **** #endif /* RCC_CFGR_SWS_HSI48 */
1154:Drivers/STM32F0xx_HAL_Driver/Src/stm32f0xx_hal_rcc.c ****     case RCC_SYSCLKSOURCE_STATUS_HSI:  /* HSI used as system clock source */
1155:Drivers/STM32F0xx_HAL_Driver/Src/stm32f0xx_hal_rcc.c ****     default: /* HSI used as system clock */
1156:Drivers/STM32F0xx_HAL_Driver/Src/stm32f0xx_hal_rcc.c ****     {
1157:Drivers/STM32F0xx_HAL_Driver/Src/stm32f0xx_hal_rcc.c ****       sysclockfreq = HSI_VALUE;
1158:Drivers/STM32F0xx_HAL_Driver/Src/stm32f0xx_hal_rcc.c ****       break;
1159:Drivers/STM32F0xx_HAL_Driver/Src/stm32f0xx_hal_rcc.c ****     }
1160:Drivers/STM32F0xx_HAL_Driver/Src/stm32f0xx_hal_rcc.c ****   }
1161:Drivers/STM32F0xx_HAL_Driver/Src/stm32f0xx_hal_rcc.c ****   return sysclockfreq;
 1475              		.loc 1 1161 3 is_stmt 1 view .LVU441
 1476              	.L140:
1162:Drivers/STM32F0xx_HAL_Driver/Src/stm32f0xx_hal_rcc.c **** }
 1477              		.loc 1 1162 1 is_stmt 0 view .LVU442
 1478              		@ sp needed
 1479 0010 10BD     		pop	{r4, pc}
 1480              	.LVL100:
 1481              	.L144:
1120:Drivers/STM32F0xx_HAL_Driver/Src/stm32f0xx_hal_rcc.c ****       prediv = aPredivFactorTable[(uint32_t)(RCC->CFGR2 & RCC_CFGR2_PREDIV) >> RCC_CFGR2_PREDIV_BIT
 1482              		.loc 1 1120 7 is_stmt 1 view .LVU443
1120:Drivers/STM32F0xx_HAL_Driver/Src/stm32f0xx_hal_rcc.c ****       prediv = aPredivFactorTable[(uint32_t)(RCC->CFGR2 & RCC_CFGR2_PREDIV) >> RCC_CFGR2_PREDIV_BIT
 1483              		.loc 1 1120 72 is_stmt 0 view .LVU444
 1484 0012 910C     		lsrs	r1, r2, #18
 1485 0014 0733     		adds	r3, r3, #7
 1486 0016 1940     		ands	r1, r3
1120:Drivers/STM32F0xx_HAL_Driver/Src/stm32f0xx_hal_rcc.c ****       prediv = aPredivFactorTable[(uint32_t)(RCC->CFGR2 & RCC_CFGR2_PREDIV) >> RCC_CFGR2_PREDIV_BIT
 1487              		.loc 1 1120 34 view .LVU445
 1488 0018 0D48     		ldr	r0, .L145+8
 1489 001a 445C     		ldrb	r4, [r0, r1]
ARM GAS  C:\Users\fastr\AppData\Local\Temp\ccSUdV1W.s 			page 51


 1490              	.LVL101:
1121:Drivers/STM32F0xx_HAL_Driver/Src/stm32f0xx_hal_rcc.c ****       if ((tmpreg & RCC_CFGR_PLLSRC) == RCC_PLLSOURCE_HSE)
 1491              		.loc 1 1121 7 is_stmt 1 view .LVU446
1121:Drivers/STM32F0xx_HAL_Driver/Src/stm32f0xx_hal_rcc.c ****       if ((tmpreg & RCC_CFGR_PLLSRC) == RCC_PLLSOURCE_HSE)
 1492              		.loc 1 1121 49 is_stmt 0 view .LVU447
 1493 001c 0A49     		ldr	r1, .L145
 1494 001e C96A     		ldr	r1, [r1, #44]
1121:Drivers/STM32F0xx_HAL_Driver/Src/stm32f0xx_hal_rcc.c ****       if ((tmpreg & RCC_CFGR_PLLSRC) == RCC_PLLSOURCE_HSE)
 1495              		.loc 1 1121 77 view .LVU448
 1496 0020 0B40     		ands	r3, r1
1121:Drivers/STM32F0xx_HAL_Driver/Src/stm32f0xx_hal_rcc.c ****       if ((tmpreg & RCC_CFGR_PLLSRC) == RCC_PLLSOURCE_HSE)
 1497              		.loc 1 1121 34 view .LVU449
 1498 0022 0C49     		ldr	r1, .L145+12
 1499 0024 C95C     		ldrb	r1, [r1, r3]
 1500              	.LVL102:
1122:Drivers/STM32F0xx_HAL_Driver/Src/stm32f0xx_hal_rcc.c ****       {
 1501              		.loc 1 1122 7 is_stmt 1 view .LVU450
1122:Drivers/STM32F0xx_HAL_Driver/Src/stm32f0xx_hal_rcc.c ****       {
 1502              		.loc 1 1122 10 is_stmt 0 view .LVU451
 1503 0026 D203     		lsls	r2, r2, #15
 1504 0028 05D5     		bpl	.L142
 1505              	.LVL103:
1125:Drivers/STM32F0xx_HAL_Driver/Src/stm32f0xx_hal_rcc.c ****       }
 1506              		.loc 1 1125 9 is_stmt 1 view .LVU452
1125:Drivers/STM32F0xx_HAL_Driver/Src/stm32f0xx_hal_rcc.c ****       }
 1507              		.loc 1 1125 18 is_stmt 0 view .LVU453
 1508 002a 0848     		ldr	r0, .L145+4
 1509 002c FFF7FEFF 		bl	__aeabi_uidiv
 1510              	.LVL104:
1125:Drivers/STM32F0xx_HAL_Driver/Src/stm32f0xx_hal_rcc.c ****       }
 1511              		.loc 1 1125 16 view .LVU454
 1512 0030 4443     		muls	r4, r0
 1513              	.LVL105:
1125:Drivers/STM32F0xx_HAL_Driver/Src/stm32f0xx_hal_rcc.c ****       }
 1514              		.loc 1 1125 16 view .LVU455
 1515 0032 2000     		movs	r0, r4
 1516              	.LVL106:
1125:Drivers/STM32F0xx_HAL_Driver/Src/stm32f0xx_hal_rcc.c ****       }
 1517              		.loc 1 1125 16 view .LVU456
 1518 0034 ECE7     		b	.L140
 1519              	.LVL107:
 1520              	.L142:
1141:Drivers/STM32F0xx_HAL_Driver/Src/stm32f0xx_hal_rcc.c **** #endif
 1521              		.loc 1 1141 9 is_stmt 1 view .LVU457
1141:Drivers/STM32F0xx_HAL_Driver/Src/stm32f0xx_hal_rcc.c **** #endif
 1522              		.loc 1 1141 16 is_stmt 0 view .LVU458
 1523 0036 6201     		lsls	r2, r4, #5
 1524 0038 121B     		subs	r2, r2, r4
 1525 003a 9301     		lsls	r3, r2, #6
 1526 003c 9B1A     		subs	r3, r3, r2
 1527 003e DB00     		lsls	r3, r3, #3
 1528 0040 A446     		mov	ip, r4
 1529 0042 6344     		add	r3, r3, ip
 1530 0044 1802     		lsls	r0, r3, #8
 1531              	.LVL108:
1141:Drivers/STM32F0xx_HAL_Driver/Src/stm32f0xx_hal_rcc.c **** #endif
 1532              		.loc 1 1141 16 view .LVU459
ARM GAS  C:\Users\fastr\AppData\Local\Temp\ccSUdV1W.s 			page 52


 1533 0046 E3E7     		b	.L140
 1534              	.L146:
 1535              		.align	2
 1536              	.L145:
 1537 0048 00100240 		.word	1073876992
 1538 004c 00127A00 		.word	8000000
 1539 0050 00000000 		.word	aPLLMULFactorTable.1
 1540 0054 00000000 		.word	aPredivFactorTable.0
 1541              		.cfi_endproc
 1542              	.LFE46:
 1544              		.section	.text.HAL_RCC_ClockConfig,"ax",%progbits
 1545              		.align	1
 1546              		.global	HAL_RCC_ClockConfig
 1547              		.syntax unified
 1548              		.code	16
 1549              		.thumb_func
 1551              	HAL_RCC_ClockConfig:
 1552              	.LVL109:
 1553              	.LFB42:
 778:Drivers/STM32F0xx_HAL_Driver/Src/stm32f0xx_hal_rcc.c ****   uint32_t tickstart;
 1554              		.loc 1 778 1 is_stmt 1 view -0
 1555              		.cfi_startproc
 1556              		@ args = 0, pretend = 0, frame = 0
 1557              		@ frame_needed = 0, uses_anonymous_args = 0
 778:Drivers/STM32F0xx_HAL_Driver/Src/stm32f0xx_hal_rcc.c ****   uint32_t tickstart;
 1558              		.loc 1 778 1 is_stmt 0 view .LVU461
 1559 0000 70B5     		push	{r4, r5, r6, lr}
 1560              		.cfi_def_cfa_offset 16
 1561              		.cfi_offset 4, -16
 1562              		.cfi_offset 5, -12
 1563              		.cfi_offset 6, -8
 1564              		.cfi_offset 14, -4
 1565 0002 0400     		movs	r4, r0
 1566 0004 0D00     		movs	r5, r1
 779:Drivers/STM32F0xx_HAL_Driver/Src/stm32f0xx_hal_rcc.c **** 
 1567              		.loc 1 779 3 is_stmt 1 view .LVU462
 782:Drivers/STM32F0xx_HAL_Driver/Src/stm32f0xx_hal_rcc.c ****   {
 1568              		.loc 1 782 3 view .LVU463
 782:Drivers/STM32F0xx_HAL_Driver/Src/stm32f0xx_hal_rcc.c ****   {
 1569              		.loc 1 782 5 is_stmt 0 view .LVU464
 1570 0006 0028     		cmp	r0, #0
 1571 0008 00D1     		bne	.LCB1484
 1572 000a 7EE0     		b	.L160	@long jump
 1573              	.LCB1484:
 788:Drivers/STM32F0xx_HAL_Driver/Src/stm32f0xx_hal_rcc.c ****   assert_param(IS_FLASH_LATENCY(FLatency));
 1574              		.loc 1 788 3 is_stmt 1 view .LVU465
 789:Drivers/STM32F0xx_HAL_Driver/Src/stm32f0xx_hal_rcc.c **** 
 1575              		.loc 1 789 3 view .LVU466
 796:Drivers/STM32F0xx_HAL_Driver/Src/stm32f0xx_hal_rcc.c ****   {    
 1576              		.loc 1 796 3 view .LVU467
 796:Drivers/STM32F0xx_HAL_Driver/Src/stm32f0xx_hal_rcc.c ****   {    
 1577              		.loc 1 796 17 is_stmt 0 view .LVU468
 1578 000c 434B     		ldr	r3, .L175
 1579 000e 1A68     		ldr	r2, [r3]
 1580 0010 0123     		movs	r3, #1
 1581 0012 1340     		ands	r3, r2
 796:Drivers/STM32F0xx_HAL_Driver/Src/stm32f0xx_hal_rcc.c ****   {    
ARM GAS  C:\Users\fastr\AppData\Local\Temp\ccSUdV1W.s 			page 53


 1582              		.loc 1 796 5 view .LVU469
 1583 0014 8B42     		cmp	r3, r1
 1584 0016 0AD2     		bcs	.L149
 799:Drivers/STM32F0xx_HAL_Driver/Src/stm32f0xx_hal_rcc.c ****     
 1585              		.loc 1 799 5 is_stmt 1 view .LVU470
 1586 0018 4049     		ldr	r1, .L175
 1587              	.LVL110:
 799:Drivers/STM32F0xx_HAL_Driver/Src/stm32f0xx_hal_rcc.c ****     
 1588              		.loc 1 799 5 is_stmt 0 view .LVU471
 1589 001a 0B68     		ldr	r3, [r1]
 1590 001c 0122     		movs	r2, #1
 1591 001e 9343     		bics	r3, r2
 1592 0020 2B43     		orrs	r3, r5
 1593 0022 0B60     		str	r3, [r1]
 803:Drivers/STM32F0xx_HAL_Driver/Src/stm32f0xx_hal_rcc.c ****     {
 1594              		.loc 1 803 5 is_stmt 1 view .LVU472
 803:Drivers/STM32F0xx_HAL_Driver/Src/stm32f0xx_hal_rcc.c ****     {
 1595              		.loc 1 803 8 is_stmt 0 view .LVU473
 1596 0024 0B68     		ldr	r3, [r1]
 1597 0026 1A40     		ands	r2, r3
 803:Drivers/STM32F0xx_HAL_Driver/Src/stm32f0xx_hal_rcc.c ****     {
 1598              		.loc 1 803 7 view .LVU474
 1599 0028 AA42     		cmp	r2, r5
 1600 002a 00D0     		beq	.LCB1506
 1601 002c 6FE0     		b	.L161	@long jump
 1602              	.LCB1506:
 1603              	.L149:
 810:Drivers/STM32F0xx_HAL_Driver/Src/stm32f0xx_hal_rcc.c ****   {
 1604              		.loc 1 810 3 is_stmt 1 view .LVU475
 810:Drivers/STM32F0xx_HAL_Driver/Src/stm32f0xx_hal_rcc.c ****   {
 1605              		.loc 1 810 25 is_stmt 0 view .LVU476
 1606 002e 2368     		ldr	r3, [r4]
 810:Drivers/STM32F0xx_HAL_Driver/Src/stm32f0xx_hal_rcc.c ****   {
 1607              		.loc 1 810 5 view .LVU477
 1608 0030 9A07     		lsls	r2, r3, #30
 1609 0032 0ED5     		bpl	.L150
 814:Drivers/STM32F0xx_HAL_Driver/Src/stm32f0xx_hal_rcc.c ****     {
 1610              		.loc 1 814 5 is_stmt 1 view .LVU478
 814:Drivers/STM32F0xx_HAL_Driver/Src/stm32f0xx_hal_rcc.c ****     {
 1611              		.loc 1 814 7 is_stmt 0 view .LVU479
 1612 0034 5B07     		lsls	r3, r3, #29
 1613 0036 05D5     		bpl	.L151
 816:Drivers/STM32F0xx_HAL_Driver/Src/stm32f0xx_hal_rcc.c ****     }
 1614              		.loc 1 816 7 is_stmt 1 view .LVU480
 1615 0038 394A     		ldr	r2, .L175+4
 1616 003a 5168     		ldr	r1, [r2, #4]
 1617 003c E023     		movs	r3, #224
 1618 003e DB00     		lsls	r3, r3, #3
 1619 0040 0B43     		orrs	r3, r1
 1620 0042 5360     		str	r3, [r2, #4]
 1621              	.L151:
 820:Drivers/STM32F0xx_HAL_Driver/Src/stm32f0xx_hal_rcc.c ****     MODIFY_REG(RCC->CFGR, RCC_CFGR_HPRE, RCC_ClkInitStruct->AHBCLKDivider);
 1622              		.loc 1 820 5 view .LVU481
 821:Drivers/STM32F0xx_HAL_Driver/Src/stm32f0xx_hal_rcc.c ****   }
 1623              		.loc 1 821 5 view .LVU482
 1624 0044 364A     		ldr	r2, .L175+4
 1625 0046 5368     		ldr	r3, [r2, #4]
ARM GAS  C:\Users\fastr\AppData\Local\Temp\ccSUdV1W.s 			page 54


 1626 0048 F021     		movs	r1, #240
 1627 004a 8B43     		bics	r3, r1
 1628 004c A168     		ldr	r1, [r4, #8]
 1629 004e 0B43     		orrs	r3, r1
 1630 0050 5360     		str	r3, [r2, #4]
 1631              	.L150:
 825:Drivers/STM32F0xx_HAL_Driver/Src/stm32f0xx_hal_rcc.c ****   {
 1632              		.loc 1 825 3 view .LVU483
 825:Drivers/STM32F0xx_HAL_Driver/Src/stm32f0xx_hal_rcc.c ****   {
 1633              		.loc 1 825 25 is_stmt 0 view .LVU484
 1634 0052 2368     		ldr	r3, [r4]
 825:Drivers/STM32F0xx_HAL_Driver/Src/stm32f0xx_hal_rcc.c ****   {
 1635              		.loc 1 825 5 view .LVU485
 1636 0054 DB07     		lsls	r3, r3, #31
 1637 0056 2DD5     		bpl	.L152
 827:Drivers/STM32F0xx_HAL_Driver/Src/stm32f0xx_hal_rcc.c ****     
 1638              		.loc 1 827 5 is_stmt 1 view .LVU486
 830:Drivers/STM32F0xx_HAL_Driver/Src/stm32f0xx_hal_rcc.c ****     {
 1639              		.loc 1 830 5 view .LVU487
 830:Drivers/STM32F0xx_HAL_Driver/Src/stm32f0xx_hal_rcc.c ****     {
 1640              		.loc 1 830 25 is_stmt 0 view .LVU488
 1641 0058 6368     		ldr	r3, [r4, #4]
 830:Drivers/STM32F0xx_HAL_Driver/Src/stm32f0xx_hal_rcc.c ****     {
 1642              		.loc 1 830 7 view .LVU489
 1643 005a 012B     		cmp	r3, #1
 1644 005c 1ED0     		beq	.L173
 839:Drivers/STM32F0xx_HAL_Driver/Src/stm32f0xx_hal_rcc.c ****     {
 1645              		.loc 1 839 10 is_stmt 1 view .LVU490
 839:Drivers/STM32F0xx_HAL_Driver/Src/stm32f0xx_hal_rcc.c ****     {
 1646              		.loc 1 839 12 is_stmt 0 view .LVU491
 1647 005e 022B     		cmp	r3, #2
 1648 0060 22D0     		beq	.L174
 862:Drivers/STM32F0xx_HAL_Driver/Src/stm32f0xx_hal_rcc.c ****       {
 1649              		.loc 1 862 7 is_stmt 1 view .LVU492
 862:Drivers/STM32F0xx_HAL_Driver/Src/stm32f0xx_hal_rcc.c ****       {
 1650              		.loc 1 862 10 is_stmt 0 view .LVU493
 1651 0062 2F4A     		ldr	r2, .L175+4
 1652 0064 1268     		ldr	r2, [r2]
 862:Drivers/STM32F0xx_HAL_Driver/Src/stm32f0xx_hal_rcc.c ****       {
 1653              		.loc 1 862 9 view .LVU494
 1654 0066 9207     		lsls	r2, r2, #30
 1655 0068 53D5     		bpl	.L164
 1656              	.L154:
 867:Drivers/STM32F0xx_HAL_Driver/Src/stm32f0xx_hal_rcc.c **** 
 1657              		.loc 1 867 5 is_stmt 1 view .LVU495
 1658 006a 2D49     		ldr	r1, .L175+4
 1659 006c 4A68     		ldr	r2, [r1, #4]
 1660 006e 0320     		movs	r0, #3
 1661              	.LVL111:
 867:Drivers/STM32F0xx_HAL_Driver/Src/stm32f0xx_hal_rcc.c **** 
 1662              		.loc 1 867 5 is_stmt 0 view .LVU496
 1663 0070 8243     		bics	r2, r0
 1664 0072 1343     		orrs	r3, r2
 1665 0074 4B60     		str	r3, [r1, #4]
 870:Drivers/STM32F0xx_HAL_Driver/Src/stm32f0xx_hal_rcc.c ****     
 1666              		.loc 1 870 5 is_stmt 1 view .LVU497
 870:Drivers/STM32F0xx_HAL_Driver/Src/stm32f0xx_hal_rcc.c ****     
ARM GAS  C:\Users\fastr\AppData\Local\Temp\ccSUdV1W.s 			page 55


 1667              		.loc 1 870 17 is_stmt 0 view .LVU498
 1668 0076 FFF7FEFF 		bl	HAL_GetTick
 1669              	.LVL112:
 1670 007a 0600     		movs	r6, r0
 1671              	.LVL113:
 872:Drivers/STM32F0xx_HAL_Driver/Src/stm32f0xx_hal_rcc.c ****     {
 1672              		.loc 1 872 5 is_stmt 1 view .LVU499
 1673              	.L156:
 872:Drivers/STM32F0xx_HAL_Driver/Src/stm32f0xx_hal_rcc.c ****     {
 1674              		.loc 1 872 42 view .LVU500
 872:Drivers/STM32F0xx_HAL_Driver/Src/stm32f0xx_hal_rcc.c ****     {
 1675              		.loc 1 872 12 is_stmt 0 view .LVU501
 1676 007c 284B     		ldr	r3, .L175+4
 1677 007e 5B68     		ldr	r3, [r3, #4]
 1678 0080 0C22     		movs	r2, #12
 1679 0082 1A40     		ands	r2, r3
 872:Drivers/STM32F0xx_HAL_Driver/Src/stm32f0xx_hal_rcc.c ****     {
 1680              		.loc 1 872 63 view .LVU502
 1681 0084 6368     		ldr	r3, [r4, #4]
 872:Drivers/STM32F0xx_HAL_Driver/Src/stm32f0xx_hal_rcc.c ****     {
 1682              		.loc 1 872 78 view .LVU503
 1683 0086 9B00     		lsls	r3, r3, #2
 872:Drivers/STM32F0xx_HAL_Driver/Src/stm32f0xx_hal_rcc.c ****     {
 1684              		.loc 1 872 42 view .LVU504
 1685 0088 9A42     		cmp	r2, r3
 1686 008a 13D0     		beq	.L152
 874:Drivers/STM32F0xx_HAL_Driver/Src/stm32f0xx_hal_rcc.c ****       {
 1687              		.loc 1 874 7 is_stmt 1 view .LVU505
 874:Drivers/STM32F0xx_HAL_Driver/Src/stm32f0xx_hal_rcc.c ****       {
 1688              		.loc 1 874 11 is_stmt 0 view .LVU506
 1689 008c FFF7FEFF 		bl	HAL_GetTick
 1690              	.LVL114:
 874:Drivers/STM32F0xx_HAL_Driver/Src/stm32f0xx_hal_rcc.c ****       {
 1691              		.loc 1 874 25 discriminator 1 view .LVU507
 1692 0090 801B     		subs	r0, r0, r6
 874:Drivers/STM32F0xx_HAL_Driver/Src/stm32f0xx_hal_rcc.c ****       {
 1693              		.loc 1 874 9 discriminator 1 view .LVU508
 1694 0092 244B     		ldr	r3, .L175+8
 1695 0094 9842     		cmp	r0, r3
 1696 0096 F1D9     		bls	.L156
 876:Drivers/STM32F0xx_HAL_Driver/Src/stm32f0xx_hal_rcc.c ****       }
 1697              		.loc 1 876 16 view .LVU509
 1698 0098 0320     		movs	r0, #3
 1699 009a 35E0     		b	.L148
 1700              	.LVL115:
 1701              	.L173:
 833:Drivers/STM32F0xx_HAL_Driver/Src/stm32f0xx_hal_rcc.c ****       {
 1702              		.loc 1 833 7 is_stmt 1 view .LVU510
 833:Drivers/STM32F0xx_HAL_Driver/Src/stm32f0xx_hal_rcc.c ****       {
 1703              		.loc 1 833 10 is_stmt 0 view .LVU511
 1704 009c 204A     		ldr	r2, .L175+4
 1705 009e 1268     		ldr	r2, [r2]
 833:Drivers/STM32F0xx_HAL_Driver/Src/stm32f0xx_hal_rcc.c ****       {
 1706              		.loc 1 833 9 view .LVU512
 1707 00a0 9203     		lsls	r2, r2, #14
 1708 00a2 E2D4     		bmi	.L154
 835:Drivers/STM32F0xx_HAL_Driver/Src/stm32f0xx_hal_rcc.c ****       }
ARM GAS  C:\Users\fastr\AppData\Local\Temp\ccSUdV1W.s 			page 56


 1709              		.loc 1 835 16 view .LVU513
 1710 00a4 0120     		movs	r0, #1
 1711              	.LVL116:
 835:Drivers/STM32F0xx_HAL_Driver/Src/stm32f0xx_hal_rcc.c ****       }
 1712              		.loc 1 835 16 view .LVU514
 1713 00a6 2FE0     		b	.L148
 1714              	.LVL117:
 1715              	.L174:
 842:Drivers/STM32F0xx_HAL_Driver/Src/stm32f0xx_hal_rcc.c ****       {
 1716              		.loc 1 842 7 is_stmt 1 view .LVU515
 842:Drivers/STM32F0xx_HAL_Driver/Src/stm32f0xx_hal_rcc.c ****       {
 1717              		.loc 1 842 10 is_stmt 0 view .LVU516
 1718 00a8 1D4A     		ldr	r2, .L175+4
 1719 00aa 1268     		ldr	r2, [r2]
 842:Drivers/STM32F0xx_HAL_Driver/Src/stm32f0xx_hal_rcc.c ****       {
 1720              		.loc 1 842 9 view .LVU517
 1721 00ac 9201     		lsls	r2, r2, #6
 1722 00ae DCD4     		bmi	.L154
 844:Drivers/STM32F0xx_HAL_Driver/Src/stm32f0xx_hal_rcc.c ****       }
 1723              		.loc 1 844 16 view .LVU518
 1724 00b0 0120     		movs	r0, #1
 1725              	.LVL118:
 844:Drivers/STM32F0xx_HAL_Driver/Src/stm32f0xx_hal_rcc.c ****       }
 1726              		.loc 1 844 16 view .LVU519
 1727 00b2 29E0     		b	.L148
 1728              	.L152:
 882:Drivers/STM32F0xx_HAL_Driver/Src/stm32f0xx_hal_rcc.c ****   {    
 1729              		.loc 1 882 3 is_stmt 1 view .LVU520
 882:Drivers/STM32F0xx_HAL_Driver/Src/stm32f0xx_hal_rcc.c ****   {    
 1730              		.loc 1 882 17 is_stmt 0 view .LVU521
 1731 00b4 194B     		ldr	r3, .L175
 1732 00b6 1A68     		ldr	r2, [r3]
 1733 00b8 0123     		movs	r3, #1
 1734 00ba 1340     		ands	r3, r2
 882:Drivers/STM32F0xx_HAL_Driver/Src/stm32f0xx_hal_rcc.c ****   {    
 1735              		.loc 1 882 5 view .LVU522
 1736 00bc AB42     		cmp	r3, r5
 1737 00be 09D9     		bls	.L158
 885:Drivers/STM32F0xx_HAL_Driver/Src/stm32f0xx_hal_rcc.c ****     
 1738              		.loc 1 885 5 is_stmt 1 view .LVU523
 1739 00c0 1649     		ldr	r1, .L175
 1740 00c2 0B68     		ldr	r3, [r1]
 1741 00c4 0122     		movs	r2, #1
 1742 00c6 9343     		bics	r3, r2
 1743 00c8 2B43     		orrs	r3, r5
 1744 00ca 0B60     		str	r3, [r1]
 889:Drivers/STM32F0xx_HAL_Driver/Src/stm32f0xx_hal_rcc.c ****     {
 1745              		.loc 1 889 5 view .LVU524
 889:Drivers/STM32F0xx_HAL_Driver/Src/stm32f0xx_hal_rcc.c ****     {
 1746              		.loc 1 889 8 is_stmt 0 view .LVU525
 1747 00cc 0B68     		ldr	r3, [r1]
 1748 00ce 1A40     		ands	r2, r3
 889:Drivers/STM32F0xx_HAL_Driver/Src/stm32f0xx_hal_rcc.c ****     {
 1749              		.loc 1 889 7 view .LVU526
 1750 00d0 AA42     		cmp	r2, r5
 1751 00d2 20D1     		bne	.L166
 1752              	.L158:
ARM GAS  C:\Users\fastr\AppData\Local\Temp\ccSUdV1W.s 			page 57


 896:Drivers/STM32F0xx_HAL_Driver/Src/stm32f0xx_hal_rcc.c ****   {
 1753              		.loc 1 896 3 is_stmt 1 view .LVU527
 896:Drivers/STM32F0xx_HAL_Driver/Src/stm32f0xx_hal_rcc.c ****   {
 1754              		.loc 1 896 25 is_stmt 0 view .LVU528
 1755 00d4 2368     		ldr	r3, [r4]
 896:Drivers/STM32F0xx_HAL_Driver/Src/stm32f0xx_hal_rcc.c ****   {
 1756              		.loc 1 896 5 view .LVU529
 1757 00d6 5B07     		lsls	r3, r3, #29
 1758 00d8 06D5     		bpl	.L159
 898:Drivers/STM32F0xx_HAL_Driver/Src/stm32f0xx_hal_rcc.c ****     MODIFY_REG(RCC->CFGR, RCC_CFGR_PPRE, RCC_ClkInitStruct->APB1CLKDivider);
 1759              		.loc 1 898 5 is_stmt 1 view .LVU530
 899:Drivers/STM32F0xx_HAL_Driver/Src/stm32f0xx_hal_rcc.c ****   }
 1760              		.loc 1 899 5 view .LVU531
 1761 00da 114A     		ldr	r2, .L175+4
 1762 00dc 5368     		ldr	r3, [r2, #4]
 1763 00de 1249     		ldr	r1, .L175+12
 1764 00e0 0B40     		ands	r3, r1
 1765 00e2 E168     		ldr	r1, [r4, #12]
 1766 00e4 0B43     		orrs	r3, r1
 1767 00e6 5360     		str	r3, [r2, #4]
 1768              	.L159:
 903:Drivers/STM32F0xx_HAL_Driver/Src/stm32f0xx_hal_rcc.c **** 
 1769              		.loc 1 903 3 view .LVU532
 903:Drivers/STM32F0xx_HAL_Driver/Src/stm32f0xx_hal_rcc.c **** 
 1770              		.loc 1 903 21 is_stmt 0 view .LVU533
 1771 00e8 FFF7FEFF 		bl	HAL_RCC_GetSysClockFreq
 1772              	.LVL119:
 903:Drivers/STM32F0xx_HAL_Driver/Src/stm32f0xx_hal_rcc.c **** 
 1773              		.loc 1 903 68 discriminator 1 view .LVU534
 1774 00ec 0C4B     		ldr	r3, .L175+4
 1775 00ee 5A68     		ldr	r2, [r3, #4]
 903:Drivers/STM32F0xx_HAL_Driver/Src/stm32f0xx_hal_rcc.c **** 
 1776              		.loc 1 903 91 discriminator 1 view .LVU535
 1777 00f0 1209     		lsrs	r2, r2, #4
 1778 00f2 0F23     		movs	r3, #15
 1779 00f4 1340     		ands	r3, r2
 903:Drivers/STM32F0xx_HAL_Driver/Src/stm32f0xx_hal_rcc.c **** 
 1780              		.loc 1 903 63 discriminator 1 view .LVU536
 1781 00f6 0D4A     		ldr	r2, .L175+16
 1782 00f8 D35C     		ldrb	r3, [r2, r3]
 903:Drivers/STM32F0xx_HAL_Driver/Src/stm32f0xx_hal_rcc.c **** 
 1783              		.loc 1 903 47 discriminator 1 view .LVU537
 1784 00fa D840     		lsrs	r0, r0, r3
 903:Drivers/STM32F0xx_HAL_Driver/Src/stm32f0xx_hal_rcc.c **** 
 1785              		.loc 1 903 19 discriminator 1 view .LVU538
 1786 00fc 0C4B     		ldr	r3, .L175+20
 1787 00fe 1860     		str	r0, [r3]
 906:Drivers/STM32F0xx_HAL_Driver/Src/stm32f0xx_hal_rcc.c ****   
 1788              		.loc 1 906 3 is_stmt 1 view .LVU539
 1789 0100 0320     		movs	r0, #3
 1790 0102 FFF7FEFF 		bl	HAL_InitTick
 1791              	.LVL120:
 908:Drivers/STM32F0xx_HAL_Driver/Src/stm32f0xx_hal_rcc.c **** }
 1792              		.loc 1 908 3 view .LVU540
 908:Drivers/STM32F0xx_HAL_Driver/Src/stm32f0xx_hal_rcc.c **** }
 1793              		.loc 1 908 10 is_stmt 0 view .LVU541
 1794 0106 0020     		movs	r0, #0
ARM GAS  C:\Users\fastr\AppData\Local\Temp\ccSUdV1W.s 			page 58


 1795              	.L148:
 909:Drivers/STM32F0xx_HAL_Driver/Src/stm32f0xx_hal_rcc.c **** 
 1796              		.loc 1 909 1 view .LVU542
 1797              		@ sp needed
 1798              	.LVL121:
 1799              	.LVL122:
 909:Drivers/STM32F0xx_HAL_Driver/Src/stm32f0xx_hal_rcc.c **** 
 1800              		.loc 1 909 1 view .LVU543
 1801 0108 70BD     		pop	{r4, r5, r6, pc}
 1802              	.LVL123:
 1803              	.L160:
 784:Drivers/STM32F0xx_HAL_Driver/Src/stm32f0xx_hal_rcc.c ****   }
 1804              		.loc 1 784 12 view .LVU544
 1805 010a 0120     		movs	r0, #1
 1806              	.LVL124:
 784:Drivers/STM32F0xx_HAL_Driver/Src/stm32f0xx_hal_rcc.c ****   }
 1807              		.loc 1 784 12 view .LVU545
 1808 010c FCE7     		b	.L148
 1809              	.LVL125:
 1810              	.L161:
 805:Drivers/STM32F0xx_HAL_Driver/Src/stm32f0xx_hal_rcc.c ****     }
 1811              		.loc 1 805 14 view .LVU546
 1812 010e 0120     		movs	r0, #1
 1813              	.LVL126:
 805:Drivers/STM32F0xx_HAL_Driver/Src/stm32f0xx_hal_rcc.c ****     }
 1814              		.loc 1 805 14 view .LVU547
 1815 0110 FAE7     		b	.L148
 1816              	.LVL127:
 1817              	.L164:
 864:Drivers/STM32F0xx_HAL_Driver/Src/stm32f0xx_hal_rcc.c ****       }
 1818              		.loc 1 864 16 view .LVU548
 1819 0112 0120     		movs	r0, #1
 1820              	.LVL128:
 864:Drivers/STM32F0xx_HAL_Driver/Src/stm32f0xx_hal_rcc.c ****       }
 1821              		.loc 1 864 16 view .LVU549
 1822 0114 F8E7     		b	.L148
 1823              	.L166:
 891:Drivers/STM32F0xx_HAL_Driver/Src/stm32f0xx_hal_rcc.c ****     }
 1824              		.loc 1 891 14 view .LVU550
 1825 0116 0120     		movs	r0, #1
 1826 0118 F6E7     		b	.L148
 1827              	.L176:
 1828 011a C046     		.align	2
 1829              	.L175:
 1830 011c 00200240 		.word	1073881088
 1831 0120 00100240 		.word	1073876992
 1832 0124 88130000 		.word	5000
 1833 0128 FFF8FFFF 		.word	-1793
 1834 012c 00000000 		.word	AHBPrescTable
 1835 0130 00000000 		.word	SystemCoreClock
 1836              		.cfi_endproc
 1837              	.LFE42:
 1839              		.section	.text.HAL_RCC_GetHCLKFreq,"ax",%progbits
 1840              		.align	1
 1841              		.global	HAL_RCC_GetHCLKFreq
 1842              		.syntax unified
 1843              		.code	16
ARM GAS  C:\Users\fastr\AppData\Local\Temp\ccSUdV1W.s 			page 59


 1844              		.thumb_func
 1846              	HAL_RCC_GetHCLKFreq:
 1847              	.LFB47:
1163:Drivers/STM32F0xx_HAL_Driver/Src/stm32f0xx_hal_rcc.c **** 
1164:Drivers/STM32F0xx_HAL_Driver/Src/stm32f0xx_hal_rcc.c **** /**
1165:Drivers/STM32F0xx_HAL_Driver/Src/stm32f0xx_hal_rcc.c ****   * @brief  Returns the HCLK frequency     
1166:Drivers/STM32F0xx_HAL_Driver/Src/stm32f0xx_hal_rcc.c ****   * @note   Each time HCLK changes, this function must be called to update the
1167:Drivers/STM32F0xx_HAL_Driver/Src/stm32f0xx_hal_rcc.c ****   *         right HCLK value. Otherwise, any configuration based on this function will be incorrect
1168:Drivers/STM32F0xx_HAL_Driver/Src/stm32f0xx_hal_rcc.c ****   * 
1169:Drivers/STM32F0xx_HAL_Driver/Src/stm32f0xx_hal_rcc.c ****   * @note   The SystemCoreClock CMSIS variable is used to store System Clock Frequency 
1170:Drivers/STM32F0xx_HAL_Driver/Src/stm32f0xx_hal_rcc.c ****   *         and updated within this function
1171:Drivers/STM32F0xx_HAL_Driver/Src/stm32f0xx_hal_rcc.c ****   * @retval HCLK frequency
1172:Drivers/STM32F0xx_HAL_Driver/Src/stm32f0xx_hal_rcc.c ****   */
1173:Drivers/STM32F0xx_HAL_Driver/Src/stm32f0xx_hal_rcc.c **** uint32_t HAL_RCC_GetHCLKFreq(void)
1174:Drivers/STM32F0xx_HAL_Driver/Src/stm32f0xx_hal_rcc.c **** {
 1848              		.loc 1 1174 1 is_stmt 1 view -0
 1849              		.cfi_startproc
 1850              		@ args = 0, pretend = 0, frame = 0
 1851              		@ frame_needed = 0, uses_anonymous_args = 0
 1852              		@ link register save eliminated.
1175:Drivers/STM32F0xx_HAL_Driver/Src/stm32f0xx_hal_rcc.c ****   return SystemCoreClock;
 1853              		.loc 1 1175 3 view .LVU552
 1854              		.loc 1 1175 10 is_stmt 0 view .LVU553
 1855 0000 014B     		ldr	r3, .L178
 1856              		.loc 1 1175 10 discriminator 1 view .LVU554
 1857 0002 1868     		ldr	r0, [r3]
1176:Drivers/STM32F0xx_HAL_Driver/Src/stm32f0xx_hal_rcc.c **** }
 1858              		.loc 1 1176 1 view .LVU555
 1859              		@ sp needed
 1860 0004 7047     		bx	lr
 1861              	.L179:
 1862 0006 C046     		.align	2
 1863              	.L178:
 1864 0008 00000000 		.word	SystemCoreClock
 1865              		.cfi_endproc
 1866              	.LFE47:
 1868              		.section	.text.HAL_RCC_GetPCLK1Freq,"ax",%progbits
 1869              		.align	1
 1870              		.global	HAL_RCC_GetPCLK1Freq
 1871              		.syntax unified
 1872              		.code	16
 1873              		.thumb_func
 1875              	HAL_RCC_GetPCLK1Freq:
 1876              	.LFB48:
1177:Drivers/STM32F0xx_HAL_Driver/Src/stm32f0xx_hal_rcc.c **** 
1178:Drivers/STM32F0xx_HAL_Driver/Src/stm32f0xx_hal_rcc.c **** /**
1179:Drivers/STM32F0xx_HAL_Driver/Src/stm32f0xx_hal_rcc.c ****   * @brief  Returns the PCLK1 frequency     
1180:Drivers/STM32F0xx_HAL_Driver/Src/stm32f0xx_hal_rcc.c ****   * @note   Each time PCLK1 changes, this function must be called to update the
1181:Drivers/STM32F0xx_HAL_Driver/Src/stm32f0xx_hal_rcc.c ****   *         right PCLK1 value. Otherwise, any configuration based on this function will be incorrec
1182:Drivers/STM32F0xx_HAL_Driver/Src/stm32f0xx_hal_rcc.c ****   * @retval PCLK1 frequency
1183:Drivers/STM32F0xx_HAL_Driver/Src/stm32f0xx_hal_rcc.c ****   */
1184:Drivers/STM32F0xx_HAL_Driver/Src/stm32f0xx_hal_rcc.c **** uint32_t HAL_RCC_GetPCLK1Freq(void)
1185:Drivers/STM32F0xx_HAL_Driver/Src/stm32f0xx_hal_rcc.c **** {
 1877              		.loc 1 1185 1 is_stmt 1 view -0
 1878              		.cfi_startproc
 1879              		@ args = 0, pretend = 0, frame = 0
 1880              		@ frame_needed = 0, uses_anonymous_args = 0
ARM GAS  C:\Users\fastr\AppData\Local\Temp\ccSUdV1W.s 			page 60


 1881 0000 10B5     		push	{r4, lr}
 1882              		.cfi_def_cfa_offset 8
 1883              		.cfi_offset 4, -8
 1884              		.cfi_offset 14, -4
1186:Drivers/STM32F0xx_HAL_Driver/Src/stm32f0xx_hal_rcc.c ****   /* Get HCLK source and Compute PCLK1 frequency ---------------------------*/
1187:Drivers/STM32F0xx_HAL_Driver/Src/stm32f0xx_hal_rcc.c ****   return (HAL_RCC_GetHCLKFreq() >> APBPrescTable[(RCC->CFGR & RCC_CFGR_PPRE) >> RCC_CFGR_PPRE_BITNU
 1885              		.loc 1 1187 3 view .LVU557
 1886              		.loc 1 1187 11 is_stmt 0 view .LVU558
 1887 0002 FFF7FEFF 		bl	HAL_RCC_GetHCLKFreq
 1888              	.LVL129:
 1889              		.loc 1 1187 54 discriminator 1 view .LVU559
 1890 0006 044B     		ldr	r3, .L181
 1891 0008 5A68     		ldr	r2, [r3, #4]
 1892              		.loc 1 1187 78 discriminator 1 view .LVU560
 1893 000a 120A     		lsrs	r2, r2, #8
 1894 000c 0723     		movs	r3, #7
 1895 000e 1340     		ands	r3, r2
 1896              		.loc 1 1187 49 discriminator 1 view .LVU561
 1897 0010 024A     		ldr	r2, .L181+4
 1898 0012 D35C     		ldrb	r3, [r2, r3]
 1899              		.loc 1 1187 33 discriminator 1 view .LVU562
 1900 0014 D840     		lsrs	r0, r0, r3
1188:Drivers/STM32F0xx_HAL_Driver/Src/stm32f0xx_hal_rcc.c **** }    
 1901              		.loc 1 1188 1 view .LVU563
 1902              		@ sp needed
 1903 0016 10BD     		pop	{r4, pc}
 1904              	.L182:
 1905              		.align	2
 1906              	.L181:
 1907 0018 00100240 		.word	1073876992
 1908 001c 00000000 		.word	APBPrescTable
 1909              		.cfi_endproc
 1910              	.LFE48:
 1912              		.section	.text.HAL_RCC_GetOscConfig,"ax",%progbits
 1913              		.align	1
 1914              		.global	HAL_RCC_GetOscConfig
 1915              		.syntax unified
 1916              		.code	16
 1917              		.thumb_func
 1919              	HAL_RCC_GetOscConfig:
 1920              	.LVL130:
 1921              	.LFB49:
1189:Drivers/STM32F0xx_HAL_Driver/Src/stm32f0xx_hal_rcc.c **** 
1190:Drivers/STM32F0xx_HAL_Driver/Src/stm32f0xx_hal_rcc.c **** /**
1191:Drivers/STM32F0xx_HAL_Driver/Src/stm32f0xx_hal_rcc.c ****   * @brief  Configures the RCC_OscInitStruct according to the internal 
1192:Drivers/STM32F0xx_HAL_Driver/Src/stm32f0xx_hal_rcc.c ****   * RCC configuration registers.
1193:Drivers/STM32F0xx_HAL_Driver/Src/stm32f0xx_hal_rcc.c ****   * @param  RCC_OscInitStruct pointer to an RCC_OscInitTypeDef structure that 
1194:Drivers/STM32F0xx_HAL_Driver/Src/stm32f0xx_hal_rcc.c ****   * will be configured.
1195:Drivers/STM32F0xx_HAL_Driver/Src/stm32f0xx_hal_rcc.c ****   * @retval None
1196:Drivers/STM32F0xx_HAL_Driver/Src/stm32f0xx_hal_rcc.c ****   */
1197:Drivers/STM32F0xx_HAL_Driver/Src/stm32f0xx_hal_rcc.c **** void HAL_RCC_GetOscConfig(RCC_OscInitTypeDef  *RCC_OscInitStruct)
1198:Drivers/STM32F0xx_HAL_Driver/Src/stm32f0xx_hal_rcc.c **** {
 1922              		.loc 1 1198 1 is_stmt 1 view -0
 1923              		.cfi_startproc
 1924              		@ args = 0, pretend = 0, frame = 0
 1925              		@ frame_needed = 0, uses_anonymous_args = 0
 1926              		@ link register save eliminated.
ARM GAS  C:\Users\fastr\AppData\Local\Temp\ccSUdV1W.s 			page 61


1199:Drivers/STM32F0xx_HAL_Driver/Src/stm32f0xx_hal_rcc.c ****   /* Check the parameters */
1200:Drivers/STM32F0xx_HAL_Driver/Src/stm32f0xx_hal_rcc.c ****   assert_param(RCC_OscInitStruct != NULL);
 1927              		.loc 1 1200 3 view .LVU565
1201:Drivers/STM32F0xx_HAL_Driver/Src/stm32f0xx_hal_rcc.c **** 
1202:Drivers/STM32F0xx_HAL_Driver/Src/stm32f0xx_hal_rcc.c ****   /* Set all possible values for the Oscillator type parameter ---------------*/
1203:Drivers/STM32F0xx_HAL_Driver/Src/stm32f0xx_hal_rcc.c ****   RCC_OscInitStruct->OscillatorType = RCC_OSCILLATORTYPE_HSE | RCC_OSCILLATORTYPE_HSI  \
 1928              		.loc 1 1203 3 view .LVU566
 1929              		.loc 1 1203 37 is_stmt 0 view .LVU567
 1930 0000 1F23     		movs	r3, #31
 1931 0002 0360     		str	r3, [r0]
1204:Drivers/STM32F0xx_HAL_Driver/Src/stm32f0xx_hal_rcc.c ****                   | RCC_OSCILLATORTYPE_LSE | RCC_OSCILLATORTYPE_LSI | RCC_OSCILLATORTYPE_HSI14;
1205:Drivers/STM32F0xx_HAL_Driver/Src/stm32f0xx_hal_rcc.c **** #if defined(RCC_HSI48_SUPPORT)
1206:Drivers/STM32F0xx_HAL_Driver/Src/stm32f0xx_hal_rcc.c ****   RCC_OscInitStruct->OscillatorType |= RCC_OSCILLATORTYPE_HSI48;
1207:Drivers/STM32F0xx_HAL_Driver/Src/stm32f0xx_hal_rcc.c **** #endif /* RCC_HSI48_SUPPORT */
1208:Drivers/STM32F0xx_HAL_Driver/Src/stm32f0xx_hal_rcc.c **** 
1209:Drivers/STM32F0xx_HAL_Driver/Src/stm32f0xx_hal_rcc.c **** 
1210:Drivers/STM32F0xx_HAL_Driver/Src/stm32f0xx_hal_rcc.c ****   /* Get the HSE configuration -----------------------------------------------*/
1211:Drivers/STM32F0xx_HAL_Driver/Src/stm32f0xx_hal_rcc.c ****   if((RCC->CR &RCC_CR_HSEBYP) == RCC_CR_HSEBYP)
 1932              		.loc 1 1211 3 is_stmt 1 view .LVU568
 1933              		.loc 1 1211 10 is_stmt 0 view .LVU569
 1934 0004 2E4B     		ldr	r3, .L198
 1935 0006 1B68     		ldr	r3, [r3]
 1936              		.loc 1 1211 5 view .LVU570
 1937 0008 5B03     		lsls	r3, r3, #13
 1938 000a 39D5     		bpl	.L184
1212:Drivers/STM32F0xx_HAL_Driver/Src/stm32f0xx_hal_rcc.c ****   {
1213:Drivers/STM32F0xx_HAL_Driver/Src/stm32f0xx_hal_rcc.c ****     RCC_OscInitStruct->HSEState = RCC_HSE_BYPASS;
 1939              		.loc 1 1213 5 is_stmt 1 view .LVU571
 1940              		.loc 1 1213 33 is_stmt 0 view .LVU572
 1941 000c 0523     		movs	r3, #5
 1942 000e 4360     		str	r3, [r0, #4]
 1943              	.L185:
1214:Drivers/STM32F0xx_HAL_Driver/Src/stm32f0xx_hal_rcc.c ****   }
1215:Drivers/STM32F0xx_HAL_Driver/Src/stm32f0xx_hal_rcc.c ****   else if((RCC->CR &RCC_CR_HSEON) == RCC_CR_HSEON)
1216:Drivers/STM32F0xx_HAL_Driver/Src/stm32f0xx_hal_rcc.c ****   {
1217:Drivers/STM32F0xx_HAL_Driver/Src/stm32f0xx_hal_rcc.c ****     RCC_OscInitStruct->HSEState = RCC_HSE_ON;
1218:Drivers/STM32F0xx_HAL_Driver/Src/stm32f0xx_hal_rcc.c ****   }
1219:Drivers/STM32F0xx_HAL_Driver/Src/stm32f0xx_hal_rcc.c ****   else
1220:Drivers/STM32F0xx_HAL_Driver/Src/stm32f0xx_hal_rcc.c ****   {
1221:Drivers/STM32F0xx_HAL_Driver/Src/stm32f0xx_hal_rcc.c ****     RCC_OscInitStruct->HSEState = RCC_HSE_OFF;
1222:Drivers/STM32F0xx_HAL_Driver/Src/stm32f0xx_hal_rcc.c ****   }
1223:Drivers/STM32F0xx_HAL_Driver/Src/stm32f0xx_hal_rcc.c **** 
1224:Drivers/STM32F0xx_HAL_Driver/Src/stm32f0xx_hal_rcc.c ****   /* Get the HSI configuration -----------------------------------------------*/
1225:Drivers/STM32F0xx_HAL_Driver/Src/stm32f0xx_hal_rcc.c ****   if((RCC->CR &RCC_CR_HSION) == RCC_CR_HSION)
 1944              		.loc 1 1225 3 is_stmt 1 view .LVU573
 1945              		.loc 1 1225 10 is_stmt 0 view .LVU574
 1946 0010 2B4B     		ldr	r3, .L198
 1947 0012 1B68     		ldr	r3, [r3]
 1948              		.loc 1 1225 5 view .LVU575
 1949 0014 DB07     		lsls	r3, r3, #31
 1950 0016 3DD5     		bpl	.L187
1226:Drivers/STM32F0xx_HAL_Driver/Src/stm32f0xx_hal_rcc.c ****   {
1227:Drivers/STM32F0xx_HAL_Driver/Src/stm32f0xx_hal_rcc.c ****     RCC_OscInitStruct->HSIState = RCC_HSI_ON;
 1951              		.loc 1 1227 5 is_stmt 1 view .LVU576
 1952              		.loc 1 1227 33 is_stmt 0 view .LVU577
 1953 0018 0123     		movs	r3, #1
 1954 001a C360     		str	r3, [r0, #12]
ARM GAS  C:\Users\fastr\AppData\Local\Temp\ccSUdV1W.s 			page 62


 1955              	.L188:
1228:Drivers/STM32F0xx_HAL_Driver/Src/stm32f0xx_hal_rcc.c ****   }
1229:Drivers/STM32F0xx_HAL_Driver/Src/stm32f0xx_hal_rcc.c ****   else
1230:Drivers/STM32F0xx_HAL_Driver/Src/stm32f0xx_hal_rcc.c ****   {
1231:Drivers/STM32F0xx_HAL_Driver/Src/stm32f0xx_hal_rcc.c ****     RCC_OscInitStruct->HSIState = RCC_HSI_OFF;
1232:Drivers/STM32F0xx_HAL_Driver/Src/stm32f0xx_hal_rcc.c ****   }
1233:Drivers/STM32F0xx_HAL_Driver/Src/stm32f0xx_hal_rcc.c ****   
1234:Drivers/STM32F0xx_HAL_Driver/Src/stm32f0xx_hal_rcc.c ****   RCC_OscInitStruct->HSICalibrationValue = (uint32_t)((RCC->CR &RCC_CR_HSITRIM) >> RCC_CR_HSITRIM_B
 1956              		.loc 1 1234 3 is_stmt 1 view .LVU578
 1957              		.loc 1 1234 59 is_stmt 0 view .LVU579
 1958 001c 2849     		ldr	r1, .L198
 1959 001e 0A68     		ldr	r2, [r1]
 1960              		.loc 1 1234 44 view .LVU580
 1961 0020 D208     		lsrs	r2, r2, #3
 1962 0022 1F23     		movs	r3, #31
 1963 0024 1340     		ands	r3, r2
 1964              		.loc 1 1234 42 view .LVU581
 1965 0026 0361     		str	r3, [r0, #16]
1235:Drivers/STM32F0xx_HAL_Driver/Src/stm32f0xx_hal_rcc.c ****   
1236:Drivers/STM32F0xx_HAL_Driver/Src/stm32f0xx_hal_rcc.c ****   /* Get the LSE configuration -----------------------------------------------*/
1237:Drivers/STM32F0xx_HAL_Driver/Src/stm32f0xx_hal_rcc.c ****   if((RCC->BDCR &RCC_BDCR_LSEBYP) == RCC_BDCR_LSEBYP)
 1966              		.loc 1 1237 3 is_stmt 1 view .LVU582
 1967              		.loc 1 1237 10 is_stmt 0 view .LVU583
 1968 0028 0B6A     		ldr	r3, [r1, #32]
 1969              		.loc 1 1237 5 view .LVU584
 1970 002a 5B07     		lsls	r3, r3, #29
 1971 002c 35D5     		bpl	.L189
1238:Drivers/STM32F0xx_HAL_Driver/Src/stm32f0xx_hal_rcc.c ****   {
1239:Drivers/STM32F0xx_HAL_Driver/Src/stm32f0xx_hal_rcc.c ****     RCC_OscInitStruct->LSEState = RCC_LSE_BYPASS;
 1972              		.loc 1 1239 5 is_stmt 1 view .LVU585
 1973              		.loc 1 1239 33 is_stmt 0 view .LVU586
 1974 002e 0523     		movs	r3, #5
 1975 0030 8360     		str	r3, [r0, #8]
 1976              	.L190:
1240:Drivers/STM32F0xx_HAL_Driver/Src/stm32f0xx_hal_rcc.c ****   }
1241:Drivers/STM32F0xx_HAL_Driver/Src/stm32f0xx_hal_rcc.c ****   else if((RCC->BDCR &RCC_BDCR_LSEON) == RCC_BDCR_LSEON)
1242:Drivers/STM32F0xx_HAL_Driver/Src/stm32f0xx_hal_rcc.c ****   {
1243:Drivers/STM32F0xx_HAL_Driver/Src/stm32f0xx_hal_rcc.c ****     RCC_OscInitStruct->LSEState = RCC_LSE_ON;
1244:Drivers/STM32F0xx_HAL_Driver/Src/stm32f0xx_hal_rcc.c ****   }
1245:Drivers/STM32F0xx_HAL_Driver/Src/stm32f0xx_hal_rcc.c ****   else
1246:Drivers/STM32F0xx_HAL_Driver/Src/stm32f0xx_hal_rcc.c ****   {
1247:Drivers/STM32F0xx_HAL_Driver/Src/stm32f0xx_hal_rcc.c ****     RCC_OscInitStruct->LSEState = RCC_LSE_OFF;
1248:Drivers/STM32F0xx_HAL_Driver/Src/stm32f0xx_hal_rcc.c ****   }
1249:Drivers/STM32F0xx_HAL_Driver/Src/stm32f0xx_hal_rcc.c ****   
1250:Drivers/STM32F0xx_HAL_Driver/Src/stm32f0xx_hal_rcc.c ****   /* Get the LSI configuration -----------------------------------------------*/
1251:Drivers/STM32F0xx_HAL_Driver/Src/stm32f0xx_hal_rcc.c ****   if((RCC->CSR &RCC_CSR_LSION) == RCC_CSR_LSION)
 1977              		.loc 1 1251 3 is_stmt 1 view .LVU587
 1978              		.loc 1 1251 10 is_stmt 0 view .LVU588
 1979 0032 234B     		ldr	r3, .L198
 1980 0034 5B6A     		ldr	r3, [r3, #36]
 1981              		.loc 1 1251 5 view .LVU589
 1982 0036 DB07     		lsls	r3, r3, #31
 1983 0038 39D5     		bpl	.L192
1252:Drivers/STM32F0xx_HAL_Driver/Src/stm32f0xx_hal_rcc.c ****   {
1253:Drivers/STM32F0xx_HAL_Driver/Src/stm32f0xx_hal_rcc.c ****     RCC_OscInitStruct->LSIState = RCC_LSI_ON;
 1984              		.loc 1 1253 5 is_stmt 1 view .LVU590
 1985              		.loc 1 1253 33 is_stmt 0 view .LVU591
ARM GAS  C:\Users\fastr\AppData\Local\Temp\ccSUdV1W.s 			page 63


 1986 003a 0123     		movs	r3, #1
 1987 003c C361     		str	r3, [r0, #28]
 1988              	.L193:
1254:Drivers/STM32F0xx_HAL_Driver/Src/stm32f0xx_hal_rcc.c ****   }
1255:Drivers/STM32F0xx_HAL_Driver/Src/stm32f0xx_hal_rcc.c ****   else
1256:Drivers/STM32F0xx_HAL_Driver/Src/stm32f0xx_hal_rcc.c ****   {
1257:Drivers/STM32F0xx_HAL_Driver/Src/stm32f0xx_hal_rcc.c ****     RCC_OscInitStruct->LSIState = RCC_LSI_OFF;
1258:Drivers/STM32F0xx_HAL_Driver/Src/stm32f0xx_hal_rcc.c ****   }
1259:Drivers/STM32F0xx_HAL_Driver/Src/stm32f0xx_hal_rcc.c ****   
1260:Drivers/STM32F0xx_HAL_Driver/Src/stm32f0xx_hal_rcc.c ****   /* Get the HSI14 configuration -----------------------------------------------*/
1261:Drivers/STM32F0xx_HAL_Driver/Src/stm32f0xx_hal_rcc.c ****   if((RCC->CR2 & RCC_CR2_HSI14ON) == RCC_CR2_HSI14ON)
 1989              		.loc 1 1261 3 is_stmt 1 view .LVU592
 1990              		.loc 1 1261 10 is_stmt 0 view .LVU593
 1991 003e 204B     		ldr	r3, .L198
 1992 0040 5B6B     		ldr	r3, [r3, #52]
 1993              		.loc 1 1261 5 view .LVU594
 1994 0042 DB07     		lsls	r3, r3, #31
 1995 0044 36D5     		bpl	.L194
1262:Drivers/STM32F0xx_HAL_Driver/Src/stm32f0xx_hal_rcc.c ****   {
1263:Drivers/STM32F0xx_HAL_Driver/Src/stm32f0xx_hal_rcc.c ****     RCC_OscInitStruct->HSI14State = RCC_HSI_ON;
 1996              		.loc 1 1263 5 is_stmt 1 view .LVU595
 1997              		.loc 1 1263 35 is_stmt 0 view .LVU596
 1998 0046 0123     		movs	r3, #1
 1999 0048 4361     		str	r3, [r0, #20]
 2000              	.L195:
1264:Drivers/STM32F0xx_HAL_Driver/Src/stm32f0xx_hal_rcc.c ****   }
1265:Drivers/STM32F0xx_HAL_Driver/Src/stm32f0xx_hal_rcc.c ****   else
1266:Drivers/STM32F0xx_HAL_Driver/Src/stm32f0xx_hal_rcc.c ****   {
1267:Drivers/STM32F0xx_HAL_Driver/Src/stm32f0xx_hal_rcc.c ****     RCC_OscInitStruct->HSI14State = RCC_HSI_OFF;
1268:Drivers/STM32F0xx_HAL_Driver/Src/stm32f0xx_hal_rcc.c ****   }
1269:Drivers/STM32F0xx_HAL_Driver/Src/stm32f0xx_hal_rcc.c **** 
1270:Drivers/STM32F0xx_HAL_Driver/Src/stm32f0xx_hal_rcc.c ****   RCC_OscInitStruct->HSI14CalibrationValue = (uint32_t)((RCC->CR2 & RCC_CR2_HSI14TRIM) >> RCC_HSI14
 2001              		.loc 1 1270 3 is_stmt 1 view .LVU597
 2002              		.loc 1 1270 61 is_stmt 0 view .LVU598
 2003 004a 1D49     		ldr	r1, .L198
 2004 004c 4A6B     		ldr	r2, [r1, #52]
 2005              		.loc 1 1270 46 view .LVU599
 2006 004e D208     		lsrs	r2, r2, #3
 2007 0050 1F23     		movs	r3, #31
 2008 0052 1340     		ands	r3, r2
 2009              		.loc 1 1270 44 view .LVU600
 2010 0054 8361     		str	r3, [r0, #24]
1271:Drivers/STM32F0xx_HAL_Driver/Src/stm32f0xx_hal_rcc.c ****   
1272:Drivers/STM32F0xx_HAL_Driver/Src/stm32f0xx_hal_rcc.c **** #if defined(RCC_HSI48_SUPPORT)
1273:Drivers/STM32F0xx_HAL_Driver/Src/stm32f0xx_hal_rcc.c ****   /* Get the HSI48 configuration if any-----------------------------------------*/
1274:Drivers/STM32F0xx_HAL_Driver/Src/stm32f0xx_hal_rcc.c ****   RCC_OscInitStruct->HSI48State = __HAL_RCC_GET_HSI48_STATE();
1275:Drivers/STM32F0xx_HAL_Driver/Src/stm32f0xx_hal_rcc.c **** #endif /* RCC_HSI48_SUPPORT */
1276:Drivers/STM32F0xx_HAL_Driver/Src/stm32f0xx_hal_rcc.c **** 
1277:Drivers/STM32F0xx_HAL_Driver/Src/stm32f0xx_hal_rcc.c ****   /* Get the PLL configuration -----------------------------------------------*/
1278:Drivers/STM32F0xx_HAL_Driver/Src/stm32f0xx_hal_rcc.c ****   if((RCC->CR &RCC_CR_PLLON) == RCC_CR_PLLON)
 2011              		.loc 1 1278 3 is_stmt 1 view .LVU601
 2012              		.loc 1 1278 10 is_stmt 0 view .LVU602
 2013 0056 0B68     		ldr	r3, [r1]
 2014              		.loc 1 1278 5 view .LVU603
 2015 0058 DB01     		lsls	r3, r3, #7
 2016 005a 2ED5     		bpl	.L196
1279:Drivers/STM32F0xx_HAL_Driver/Src/stm32f0xx_hal_rcc.c ****   {
ARM GAS  C:\Users\fastr\AppData\Local\Temp\ccSUdV1W.s 			page 64


1280:Drivers/STM32F0xx_HAL_Driver/Src/stm32f0xx_hal_rcc.c ****     RCC_OscInitStruct->PLL.PLLState = RCC_PLL_ON;
 2017              		.loc 1 1280 5 is_stmt 1 view .LVU604
 2018              		.loc 1 1280 37 is_stmt 0 view .LVU605
 2019 005c 0223     		movs	r3, #2
 2020 005e 0362     		str	r3, [r0, #32]
 2021              	.L197:
1281:Drivers/STM32F0xx_HAL_Driver/Src/stm32f0xx_hal_rcc.c ****   }
1282:Drivers/STM32F0xx_HAL_Driver/Src/stm32f0xx_hal_rcc.c ****   else
1283:Drivers/STM32F0xx_HAL_Driver/Src/stm32f0xx_hal_rcc.c ****   {
1284:Drivers/STM32F0xx_HAL_Driver/Src/stm32f0xx_hal_rcc.c ****     RCC_OscInitStruct->PLL.PLLState = RCC_PLL_OFF;
1285:Drivers/STM32F0xx_HAL_Driver/Src/stm32f0xx_hal_rcc.c ****   }
1286:Drivers/STM32F0xx_HAL_Driver/Src/stm32f0xx_hal_rcc.c ****   RCC_OscInitStruct->PLL.PLLSource = (uint32_t)(RCC->CFGR & RCC_CFGR_PLLSRC);
 2022              		.loc 1 1286 3 is_stmt 1 view .LVU606
 2023              		.loc 1 1286 52 is_stmt 0 view .LVU607
 2024 0060 174B     		ldr	r3, .L198
 2025 0062 5A68     		ldr	r2, [r3, #4]
 2026              		.loc 1 1286 38 view .LVU608
 2027 0064 8021     		movs	r1, #128
 2028 0066 4902     		lsls	r1, r1, #9
 2029 0068 0A40     		ands	r2, r1
 2030              		.loc 1 1286 36 view .LVU609
 2031 006a 4262     		str	r2, [r0, #36]
1287:Drivers/STM32F0xx_HAL_Driver/Src/stm32f0xx_hal_rcc.c ****   RCC_OscInitStruct->PLL.PLLMUL = (uint32_t)(RCC->CFGR & RCC_CFGR_PLLMUL);
 2032              		.loc 1 1287 3 is_stmt 1 view .LVU610
 2033              		.loc 1 1287 49 is_stmt 0 view .LVU611
 2034 006c 5A68     		ldr	r2, [r3, #4]
 2035              		.loc 1 1287 35 view .LVU612
 2036 006e F021     		movs	r1, #240
 2037 0070 8903     		lsls	r1, r1, #14
 2038 0072 0A40     		ands	r2, r1
 2039              		.loc 1 1287 33 view .LVU613
 2040 0074 8262     		str	r2, [r0, #40]
1288:Drivers/STM32F0xx_HAL_Driver/Src/stm32f0xx_hal_rcc.c ****   RCC_OscInitStruct->PLL.PREDIV = (uint32_t)(RCC->CFGR2 & RCC_CFGR2_PREDIV);
 2041              		.loc 1 1288 3 is_stmt 1 view .LVU614
 2042              		.loc 1 1288 49 is_stmt 0 view .LVU615
 2043 0076 DA6A     		ldr	r2, [r3, #44]
 2044              		.loc 1 1288 35 view .LVU616
 2045 0078 0F23     		movs	r3, #15
 2046 007a 1340     		ands	r3, r2
 2047              		.loc 1 1288 33 view .LVU617
 2048 007c C362     		str	r3, [r0, #44]
1289:Drivers/STM32F0xx_HAL_Driver/Src/stm32f0xx_hal_rcc.c **** }
 2049              		.loc 1 1289 1 view .LVU618
 2050              		@ sp needed
 2051 007e 7047     		bx	lr
 2052              	.L184:
1215:Drivers/STM32F0xx_HAL_Driver/Src/stm32f0xx_hal_rcc.c ****   {
 2053              		.loc 1 1215 8 is_stmt 1 view .LVU619
1215:Drivers/STM32F0xx_HAL_Driver/Src/stm32f0xx_hal_rcc.c ****   {
 2054              		.loc 1 1215 15 is_stmt 0 view .LVU620
 2055 0080 0F4B     		ldr	r3, .L198
 2056 0082 1B68     		ldr	r3, [r3]
1215:Drivers/STM32F0xx_HAL_Driver/Src/stm32f0xx_hal_rcc.c ****   {
 2057              		.loc 1 1215 10 view .LVU621
 2058 0084 DB03     		lsls	r3, r3, #15
 2059 0086 02D5     		bpl	.L186
1217:Drivers/STM32F0xx_HAL_Driver/Src/stm32f0xx_hal_rcc.c ****   }
ARM GAS  C:\Users\fastr\AppData\Local\Temp\ccSUdV1W.s 			page 65


 2060              		.loc 1 1217 5 is_stmt 1 view .LVU622
1217:Drivers/STM32F0xx_HAL_Driver/Src/stm32f0xx_hal_rcc.c ****   }
 2061              		.loc 1 1217 33 is_stmt 0 view .LVU623
 2062 0088 0123     		movs	r3, #1
 2063 008a 4360     		str	r3, [r0, #4]
 2064 008c C0E7     		b	.L185
 2065              	.L186:
1221:Drivers/STM32F0xx_HAL_Driver/Src/stm32f0xx_hal_rcc.c ****   }
 2066              		.loc 1 1221 5 is_stmt 1 view .LVU624
1221:Drivers/STM32F0xx_HAL_Driver/Src/stm32f0xx_hal_rcc.c ****   }
 2067              		.loc 1 1221 33 is_stmt 0 view .LVU625
 2068 008e 0023     		movs	r3, #0
 2069 0090 4360     		str	r3, [r0, #4]
 2070 0092 BDE7     		b	.L185
 2071              	.L187:
1231:Drivers/STM32F0xx_HAL_Driver/Src/stm32f0xx_hal_rcc.c ****   }
 2072              		.loc 1 1231 5 is_stmt 1 view .LVU626
1231:Drivers/STM32F0xx_HAL_Driver/Src/stm32f0xx_hal_rcc.c ****   }
 2073              		.loc 1 1231 33 is_stmt 0 view .LVU627
 2074 0094 0023     		movs	r3, #0
 2075 0096 C360     		str	r3, [r0, #12]
 2076 0098 C0E7     		b	.L188
 2077              	.L189:
1241:Drivers/STM32F0xx_HAL_Driver/Src/stm32f0xx_hal_rcc.c ****   {
 2078              		.loc 1 1241 8 is_stmt 1 view .LVU628
1241:Drivers/STM32F0xx_HAL_Driver/Src/stm32f0xx_hal_rcc.c ****   {
 2079              		.loc 1 1241 15 is_stmt 0 view .LVU629
 2080 009a 094B     		ldr	r3, .L198
 2081 009c 1B6A     		ldr	r3, [r3, #32]
1241:Drivers/STM32F0xx_HAL_Driver/Src/stm32f0xx_hal_rcc.c ****   {
 2082              		.loc 1 1241 10 view .LVU630
 2083 009e DB07     		lsls	r3, r3, #31
 2084 00a0 02D5     		bpl	.L191
1243:Drivers/STM32F0xx_HAL_Driver/Src/stm32f0xx_hal_rcc.c ****   }
 2085              		.loc 1 1243 5 is_stmt 1 view .LVU631
1243:Drivers/STM32F0xx_HAL_Driver/Src/stm32f0xx_hal_rcc.c ****   }
 2086              		.loc 1 1243 33 is_stmt 0 view .LVU632
 2087 00a2 0123     		movs	r3, #1
 2088 00a4 8360     		str	r3, [r0, #8]
 2089 00a6 C4E7     		b	.L190
 2090              	.L191:
1247:Drivers/STM32F0xx_HAL_Driver/Src/stm32f0xx_hal_rcc.c ****   }
 2091              		.loc 1 1247 5 is_stmt 1 view .LVU633
1247:Drivers/STM32F0xx_HAL_Driver/Src/stm32f0xx_hal_rcc.c ****   }
 2092              		.loc 1 1247 33 is_stmt 0 view .LVU634
 2093 00a8 0023     		movs	r3, #0
 2094 00aa 8360     		str	r3, [r0, #8]
 2095 00ac C1E7     		b	.L190
 2096              	.L192:
1257:Drivers/STM32F0xx_HAL_Driver/Src/stm32f0xx_hal_rcc.c ****   }
 2097              		.loc 1 1257 5 is_stmt 1 view .LVU635
1257:Drivers/STM32F0xx_HAL_Driver/Src/stm32f0xx_hal_rcc.c ****   }
 2098              		.loc 1 1257 33 is_stmt 0 view .LVU636
 2099 00ae 0023     		movs	r3, #0
 2100 00b0 C361     		str	r3, [r0, #28]
 2101 00b2 C4E7     		b	.L193
 2102              	.L194:
ARM GAS  C:\Users\fastr\AppData\Local\Temp\ccSUdV1W.s 			page 66


1267:Drivers/STM32F0xx_HAL_Driver/Src/stm32f0xx_hal_rcc.c ****   }
 2103              		.loc 1 1267 5 is_stmt 1 view .LVU637
1267:Drivers/STM32F0xx_HAL_Driver/Src/stm32f0xx_hal_rcc.c ****   }
 2104              		.loc 1 1267 35 is_stmt 0 view .LVU638
 2105 00b4 0023     		movs	r3, #0
 2106 00b6 4361     		str	r3, [r0, #20]
 2107 00b8 C7E7     		b	.L195
 2108              	.L196:
1284:Drivers/STM32F0xx_HAL_Driver/Src/stm32f0xx_hal_rcc.c ****   }
 2109              		.loc 1 1284 5 is_stmt 1 view .LVU639
1284:Drivers/STM32F0xx_HAL_Driver/Src/stm32f0xx_hal_rcc.c ****   }
 2110              		.loc 1 1284 37 is_stmt 0 view .LVU640
 2111 00ba 0123     		movs	r3, #1
 2112 00bc 0362     		str	r3, [r0, #32]
 2113 00be CFE7     		b	.L197
 2114              	.L199:
 2115              		.align	2
 2116              	.L198:
 2117 00c0 00100240 		.word	1073876992
 2118              		.cfi_endproc
 2119              	.LFE49:
 2121              		.section	.text.HAL_RCC_GetClockConfig,"ax",%progbits
 2122              		.align	1
 2123              		.global	HAL_RCC_GetClockConfig
 2124              		.syntax unified
 2125              		.code	16
 2126              		.thumb_func
 2128              	HAL_RCC_GetClockConfig:
 2129              	.LVL131:
 2130              	.LFB50:
1290:Drivers/STM32F0xx_HAL_Driver/Src/stm32f0xx_hal_rcc.c **** 
1291:Drivers/STM32F0xx_HAL_Driver/Src/stm32f0xx_hal_rcc.c **** /**
1292:Drivers/STM32F0xx_HAL_Driver/Src/stm32f0xx_hal_rcc.c ****   * @brief  Get the RCC_ClkInitStruct according to the internal 
1293:Drivers/STM32F0xx_HAL_Driver/Src/stm32f0xx_hal_rcc.c ****   * RCC configuration registers.
1294:Drivers/STM32F0xx_HAL_Driver/Src/stm32f0xx_hal_rcc.c ****   * @param  RCC_ClkInitStruct pointer to an RCC_ClkInitTypeDef structure that 
1295:Drivers/STM32F0xx_HAL_Driver/Src/stm32f0xx_hal_rcc.c ****   * contains the current clock configuration.
1296:Drivers/STM32F0xx_HAL_Driver/Src/stm32f0xx_hal_rcc.c ****   * @param  pFLatency Pointer on the Flash Latency.
1297:Drivers/STM32F0xx_HAL_Driver/Src/stm32f0xx_hal_rcc.c ****   * @retval None
1298:Drivers/STM32F0xx_HAL_Driver/Src/stm32f0xx_hal_rcc.c ****   */
1299:Drivers/STM32F0xx_HAL_Driver/Src/stm32f0xx_hal_rcc.c **** void HAL_RCC_GetClockConfig(RCC_ClkInitTypeDef  *RCC_ClkInitStruct, uint32_t *pFLatency)
1300:Drivers/STM32F0xx_HAL_Driver/Src/stm32f0xx_hal_rcc.c **** {
 2131              		.loc 1 1300 1 is_stmt 1 view -0
 2132              		.cfi_startproc
 2133              		@ args = 0, pretend = 0, frame = 0
 2134              		@ frame_needed = 0, uses_anonymous_args = 0
 2135              		.loc 1 1300 1 is_stmt 0 view .LVU642
 2136 0000 10B5     		push	{r4, lr}
 2137              		.cfi_def_cfa_offset 8
 2138              		.cfi_offset 4, -8
 2139              		.cfi_offset 14, -4
1301:Drivers/STM32F0xx_HAL_Driver/Src/stm32f0xx_hal_rcc.c ****   /* Check the parameters */
1302:Drivers/STM32F0xx_HAL_Driver/Src/stm32f0xx_hal_rcc.c ****   assert_param(RCC_ClkInitStruct != NULL);
 2140              		.loc 1 1302 3 is_stmt 1 view .LVU643
1303:Drivers/STM32F0xx_HAL_Driver/Src/stm32f0xx_hal_rcc.c ****   assert_param(pFLatency != NULL);
 2141              		.loc 1 1303 3 view .LVU644
1304:Drivers/STM32F0xx_HAL_Driver/Src/stm32f0xx_hal_rcc.c **** 
1305:Drivers/STM32F0xx_HAL_Driver/Src/stm32f0xx_hal_rcc.c ****   /* Set all possible values for the Clock type parameter --------------------*/
ARM GAS  C:\Users\fastr\AppData\Local\Temp\ccSUdV1W.s 			page 67


1306:Drivers/STM32F0xx_HAL_Driver/Src/stm32f0xx_hal_rcc.c ****   RCC_ClkInitStruct->ClockType = RCC_CLOCKTYPE_SYSCLK | RCC_CLOCKTYPE_HCLK | RCC_CLOCKTYPE_PCLK1;
 2142              		.loc 1 1306 3 view .LVU645
 2143              		.loc 1 1306 32 is_stmt 0 view .LVU646
 2144 0002 0723     		movs	r3, #7
 2145 0004 0360     		str	r3, [r0]
1307:Drivers/STM32F0xx_HAL_Driver/Src/stm32f0xx_hal_rcc.c ****   
1308:Drivers/STM32F0xx_HAL_Driver/Src/stm32f0xx_hal_rcc.c ****   /* Get the SYSCLK configuration --------------------------------------------*/ 
1309:Drivers/STM32F0xx_HAL_Driver/Src/stm32f0xx_hal_rcc.c ****   RCC_ClkInitStruct->SYSCLKSource = (uint32_t)(RCC->CFGR & RCC_CFGR_SW);
 2146              		.loc 1 1309 3 is_stmt 1 view .LVU647
 2147              		.loc 1 1309 51 is_stmt 0 view .LVU648
 2148 0006 0C4B     		ldr	r3, .L201
 2149 0008 5A68     		ldr	r2, [r3, #4]
 2150 000a 9446     		mov	ip, r2
 2151              		.loc 1 1309 37 view .LVU649
 2152 000c 0322     		movs	r2, #3
 2153 000e 6446     		mov	r4, ip
 2154 0010 2240     		ands	r2, r4
 2155              		.loc 1 1309 35 view .LVU650
 2156 0012 4260     		str	r2, [r0, #4]
1310:Drivers/STM32F0xx_HAL_Driver/Src/stm32f0xx_hal_rcc.c ****   
1311:Drivers/STM32F0xx_HAL_Driver/Src/stm32f0xx_hal_rcc.c ****   /* Get the HCLK configuration ----------------------------------------------*/ 
1312:Drivers/STM32F0xx_HAL_Driver/Src/stm32f0xx_hal_rcc.c ****   RCC_ClkInitStruct->AHBCLKDivider = (uint32_t)(RCC->CFGR & RCC_CFGR_HPRE); 
 2157              		.loc 1 1312 3 is_stmt 1 view .LVU651
 2158              		.loc 1 1312 52 is_stmt 0 view .LVU652
 2159 0014 5A68     		ldr	r2, [r3, #4]
 2160 0016 9446     		mov	ip, r2
 2161              		.loc 1 1312 38 view .LVU653
 2162 0018 F022     		movs	r2, #240
 2163 001a 6446     		mov	r4, ip
 2164 001c 2240     		ands	r2, r4
 2165              		.loc 1 1312 36 view .LVU654
 2166 001e 8260     		str	r2, [r0, #8]
1313:Drivers/STM32F0xx_HAL_Driver/Src/stm32f0xx_hal_rcc.c ****   
1314:Drivers/STM32F0xx_HAL_Driver/Src/stm32f0xx_hal_rcc.c ****   /* Get the APB1 configuration ----------------------------------------------*/ 
1315:Drivers/STM32F0xx_HAL_Driver/Src/stm32f0xx_hal_rcc.c ****   RCC_ClkInitStruct->APB1CLKDivider = (uint32_t)(RCC->CFGR & RCC_CFGR_PPRE);   
 2167              		.loc 1 1315 3 is_stmt 1 view .LVU655
 2168              		.loc 1 1315 53 is_stmt 0 view .LVU656
 2169 0020 5B68     		ldr	r3, [r3, #4]
 2170              		.loc 1 1315 39 view .LVU657
 2171 0022 E022     		movs	r2, #224
 2172 0024 D200     		lsls	r2, r2, #3
 2173 0026 1340     		ands	r3, r2
 2174              		.loc 1 1315 37 view .LVU658
 2175 0028 C360     		str	r3, [r0, #12]
1316:Drivers/STM32F0xx_HAL_Driver/Src/stm32f0xx_hal_rcc.c ****   /* Get the Flash Wait State (Latency) configuration ------------------------*/   
1317:Drivers/STM32F0xx_HAL_Driver/Src/stm32f0xx_hal_rcc.c ****   *pFLatency = __HAL_FLASH_GET_LATENCY(); 
 2176              		.loc 1 1317 3 is_stmt 1 view .LVU659
 2177              		.loc 1 1317 16 is_stmt 0 view .LVU660
 2178 002a 044B     		ldr	r3, .L201+4
 2179 002c 1A68     		ldr	r2, [r3]
 2180 002e 0123     		movs	r3, #1
 2181 0030 1340     		ands	r3, r2
 2182              		.loc 1 1317 14 view .LVU661
 2183 0032 0B60     		str	r3, [r1]
1318:Drivers/STM32F0xx_HAL_Driver/Src/stm32f0xx_hal_rcc.c **** }
 2184              		.loc 1 1318 1 view .LVU662
 2185              		@ sp needed
ARM GAS  C:\Users\fastr\AppData\Local\Temp\ccSUdV1W.s 			page 68


 2186 0034 10BD     		pop	{r4, pc}
 2187              	.L202:
 2188 0036 C046     		.align	2
 2189              	.L201:
 2190 0038 00100240 		.word	1073876992
 2191 003c 00200240 		.word	1073881088
 2192              		.cfi_endproc
 2193              	.LFE50:
 2195              		.section	.text.HAL_RCC_CSSCallback,"ax",%progbits
 2196              		.align	1
 2197              		.weak	HAL_RCC_CSSCallback
 2198              		.syntax unified
 2199              		.code	16
 2200              		.thumb_func
 2202              	HAL_RCC_CSSCallback:
 2203              	.LFB52:
1319:Drivers/STM32F0xx_HAL_Driver/Src/stm32f0xx_hal_rcc.c **** 
1320:Drivers/STM32F0xx_HAL_Driver/Src/stm32f0xx_hal_rcc.c **** /**
1321:Drivers/STM32F0xx_HAL_Driver/Src/stm32f0xx_hal_rcc.c ****   * @brief This function handles the RCC CSS interrupt request.
1322:Drivers/STM32F0xx_HAL_Driver/Src/stm32f0xx_hal_rcc.c ****   * @note This API should be called under the NMI_Handler().
1323:Drivers/STM32F0xx_HAL_Driver/Src/stm32f0xx_hal_rcc.c ****   * @retval None
1324:Drivers/STM32F0xx_HAL_Driver/Src/stm32f0xx_hal_rcc.c ****   */
1325:Drivers/STM32F0xx_HAL_Driver/Src/stm32f0xx_hal_rcc.c **** void HAL_RCC_NMI_IRQHandler(void)
1326:Drivers/STM32F0xx_HAL_Driver/Src/stm32f0xx_hal_rcc.c **** {
1327:Drivers/STM32F0xx_HAL_Driver/Src/stm32f0xx_hal_rcc.c ****   /* Check RCC CSSF flag  */
1328:Drivers/STM32F0xx_HAL_Driver/Src/stm32f0xx_hal_rcc.c ****   if(__HAL_RCC_GET_IT(RCC_IT_CSS))
1329:Drivers/STM32F0xx_HAL_Driver/Src/stm32f0xx_hal_rcc.c ****   {
1330:Drivers/STM32F0xx_HAL_Driver/Src/stm32f0xx_hal_rcc.c ****     /* RCC Clock Security System interrupt user callback */
1331:Drivers/STM32F0xx_HAL_Driver/Src/stm32f0xx_hal_rcc.c ****     HAL_RCC_CSSCallback();
1332:Drivers/STM32F0xx_HAL_Driver/Src/stm32f0xx_hal_rcc.c ****     
1333:Drivers/STM32F0xx_HAL_Driver/Src/stm32f0xx_hal_rcc.c ****     /* Clear RCC CSS pending bit */
1334:Drivers/STM32F0xx_HAL_Driver/Src/stm32f0xx_hal_rcc.c ****     __HAL_RCC_CLEAR_IT(RCC_IT_CSS);
1335:Drivers/STM32F0xx_HAL_Driver/Src/stm32f0xx_hal_rcc.c ****   }
1336:Drivers/STM32F0xx_HAL_Driver/Src/stm32f0xx_hal_rcc.c **** }
1337:Drivers/STM32F0xx_HAL_Driver/Src/stm32f0xx_hal_rcc.c **** 
1338:Drivers/STM32F0xx_HAL_Driver/Src/stm32f0xx_hal_rcc.c **** /**
1339:Drivers/STM32F0xx_HAL_Driver/Src/stm32f0xx_hal_rcc.c ****   * @brief  RCC Clock Security System interrupt callback
1340:Drivers/STM32F0xx_HAL_Driver/Src/stm32f0xx_hal_rcc.c ****   * @retval none
1341:Drivers/STM32F0xx_HAL_Driver/Src/stm32f0xx_hal_rcc.c ****   */
1342:Drivers/STM32F0xx_HAL_Driver/Src/stm32f0xx_hal_rcc.c **** __weak void HAL_RCC_CSSCallback(void)
1343:Drivers/STM32F0xx_HAL_Driver/Src/stm32f0xx_hal_rcc.c **** {
 2204              		.loc 1 1343 1 is_stmt 1 view -0
 2205              		.cfi_startproc
 2206              		@ args = 0, pretend = 0, frame = 0
 2207              		@ frame_needed = 0, uses_anonymous_args = 0
 2208              		@ link register save eliminated.
1344:Drivers/STM32F0xx_HAL_Driver/Src/stm32f0xx_hal_rcc.c ****   /* NOTE : This function Should not be modified, when the callback is needed,
1345:Drivers/STM32F0xx_HAL_Driver/Src/stm32f0xx_hal_rcc.c ****     the HAL_RCC_CSSCallback could be implemented in the user file
1346:Drivers/STM32F0xx_HAL_Driver/Src/stm32f0xx_hal_rcc.c ****     */ 
1347:Drivers/STM32F0xx_HAL_Driver/Src/stm32f0xx_hal_rcc.c **** }
 2209              		.loc 1 1347 1 view .LVU664
 2210              		@ sp needed
 2211 0000 7047     		bx	lr
 2212              		.cfi_endproc
 2213              	.LFE52:
 2215              		.section	.text.HAL_RCC_NMI_IRQHandler,"ax",%progbits
 2216              		.align	1
ARM GAS  C:\Users\fastr\AppData\Local\Temp\ccSUdV1W.s 			page 69


 2217              		.global	HAL_RCC_NMI_IRQHandler
 2218              		.syntax unified
 2219              		.code	16
 2220              		.thumb_func
 2222              	HAL_RCC_NMI_IRQHandler:
 2223              	.LFB51:
1326:Drivers/STM32F0xx_HAL_Driver/Src/stm32f0xx_hal_rcc.c ****   /* Check RCC CSSF flag  */
 2224              		.loc 1 1326 1 view -0
 2225              		.cfi_startproc
 2226              		@ args = 0, pretend = 0, frame = 0
 2227              		@ frame_needed = 0, uses_anonymous_args = 0
 2228 0000 10B5     		push	{r4, lr}
 2229              		.cfi_def_cfa_offset 8
 2230              		.cfi_offset 4, -8
 2231              		.cfi_offset 14, -4
1328:Drivers/STM32F0xx_HAL_Driver/Src/stm32f0xx_hal_rcc.c ****   {
 2232              		.loc 1 1328 3 view .LVU666
1328:Drivers/STM32F0xx_HAL_Driver/Src/stm32f0xx_hal_rcc.c ****   {
 2233              		.loc 1 1328 6 is_stmt 0 view .LVU667
 2234 0002 054B     		ldr	r3, .L208
 2235 0004 9B68     		ldr	r3, [r3, #8]
1328:Drivers/STM32F0xx_HAL_Driver/Src/stm32f0xx_hal_rcc.c ****   {
 2236              		.loc 1 1328 5 view .LVU668
 2237 0006 1B06     		lsls	r3, r3, #24
 2238 0008 00D4     		bmi	.L207
 2239              	.L204:
1336:Drivers/STM32F0xx_HAL_Driver/Src/stm32f0xx_hal_rcc.c **** 
 2240              		.loc 1 1336 1 view .LVU669
 2241              		@ sp needed
 2242 000a 10BD     		pop	{r4, pc}
 2243              	.L207:
1331:Drivers/STM32F0xx_HAL_Driver/Src/stm32f0xx_hal_rcc.c ****     
 2244              		.loc 1 1331 5 is_stmt 1 view .LVU670
 2245 000c FFF7FEFF 		bl	HAL_RCC_CSSCallback
 2246              	.LVL132:
1334:Drivers/STM32F0xx_HAL_Driver/Src/stm32f0xx_hal_rcc.c ****   }
 2247              		.loc 1 1334 5 view .LVU671
 2248 0010 024B     		ldr	r3, .L208+4
 2249 0012 8022     		movs	r2, #128
 2250 0014 1A70     		strb	r2, [r3]
1336:Drivers/STM32F0xx_HAL_Driver/Src/stm32f0xx_hal_rcc.c **** 
 2251              		.loc 1 1336 1 is_stmt 0 view .LVU672
 2252 0016 F8E7     		b	.L204
 2253              	.L209:
 2254              		.align	2
 2255              	.L208:
 2256 0018 00100240 		.word	1073876992
 2257 001c 0A100240 		.word	1073877002
 2258              		.cfi_endproc
 2259              	.LFE51:
 2261              		.section	.rodata.aPredivFactorTable.0,"a"
 2262              		.align	2
 2265              	aPredivFactorTable.0:
 2266 0000 01020304 		.ascii	"\001\002\003\004\005\006\007\010\011\012\013\014\015"
 2266      05060708 
 2266      090A0B0C 
 2266      0D
ARM GAS  C:\Users\fastr\AppData\Local\Temp\ccSUdV1W.s 			page 70


 2267 000d 0E0F10   		.ascii	"\016\017\020"
 2268              		.section	.rodata.aPLLMULFactorTable.1,"a"
 2269              		.align	2
 2272              	aPLLMULFactorTable.1:
 2273 0000 02030405 		.ascii	"\002\003\004\005\006\007\010\011\012\013\014\015\016"
 2273      06070809 
 2273      0A0B0C0D 
 2273      0E
 2274 000d 0F1010   		.ascii	"\017\020\020"
 2275              		.text
 2276              	.Letext0:
 2277              		.file 2 "C:/Users/fastr/AppData/Roaming/Code/User/globalStorage/bmd.stm32-for-vscode/@xpack-dev-to
 2278              		.file 3 "C:/Users/fastr/AppData/Roaming/Code/User/globalStorage/bmd.stm32-for-vscode/@xpack-dev-to
 2279              		.file 4 "Drivers/CMSIS/Device/ST/STM32F0xx/Include/system_stm32f0xx.h"
 2280              		.file 5 "Drivers/CMSIS/Device/ST/STM32F0xx/Include/stm32f051x8.h"
 2281              		.file 6 "Drivers/CMSIS/Device/ST/STM32F0xx/Include/stm32f0xx.h"
 2282              		.file 7 "Drivers/STM32F0xx_HAL_Driver/Inc/stm32f0xx_hal_def.h"
 2283              		.file 8 "Drivers/STM32F0xx_HAL_Driver/Inc/stm32f0xx_hal_rcc.h"
 2284              		.file 9 "Drivers/STM32F0xx_HAL_Driver/Inc/stm32f0xx_hal_gpio.h"
 2285              		.file 10 "Drivers/STM32F0xx_HAL_Driver/Inc/stm32f0xx_hal.h"
ARM GAS  C:\Users\fastr\AppData\Local\Temp\ccSUdV1W.s 			page 71


DEFINED SYMBOLS
                            *ABS*:00000000 stm32f0xx_hal_rcc.c
C:\Users\fastr\AppData\Local\Temp\ccSUdV1W.s:19     .text.HAL_RCC_DeInit:00000000 $t
C:\Users\fastr\AppData\Local\Temp\ccSUdV1W.s:25     .text.HAL_RCC_DeInit:00000000 HAL_RCC_DeInit
C:\Users\fastr\AppData\Local\Temp\ccSUdV1W.s:192    .text.HAL_RCC_DeInit:000000ac $d
C:\Users\fastr\AppData\Local\Temp\ccSUdV1W.s:204    .text.HAL_RCC_OscConfig:00000000 $t
C:\Users\fastr\AppData\Local\Temp\ccSUdV1W.s:210    .text.HAL_RCC_OscConfig:00000000 HAL_RCC_OscConfig
C:\Users\fastr\AppData\Local\Temp\ccSUdV1W.s:864    .text.HAL_RCC_OscConfig:000002d0 $d
C:\Users\fastr\AppData\Local\Temp\ccSUdV1W.s:872    .text.HAL_RCC_OscConfig:000002e4 $t
C:\Users\fastr\AppData\Local\Temp\ccSUdV1W.s:1271   .text.HAL_RCC_OscConfig:00000490 $d
C:\Users\fastr\AppData\Local\Temp\ccSUdV1W.s:1279   .text.HAL_RCC_MCOConfig:00000000 $t
C:\Users\fastr\AppData\Local\Temp\ccSUdV1W.s:1285   .text.HAL_RCC_MCOConfig:00000000 HAL_RCC_MCOConfig
C:\Users\fastr\AppData\Local\Temp\ccSUdV1W.s:1371   .text.HAL_RCC_MCOConfig:00000048 $d
C:\Users\fastr\AppData\Local\Temp\ccSUdV1W.s:1377   .text.HAL_RCC_EnableCSS:00000000 $t
C:\Users\fastr\AppData\Local\Temp\ccSUdV1W.s:1383   .text.HAL_RCC_EnableCSS:00000000 HAL_RCC_EnableCSS
C:\Users\fastr\AppData\Local\Temp\ccSUdV1W.s:1403   .text.HAL_RCC_EnableCSS:00000010 $d
C:\Users\fastr\AppData\Local\Temp\ccSUdV1W.s:1408   .text.HAL_RCC_DisableCSS:00000000 $t
C:\Users\fastr\AppData\Local\Temp\ccSUdV1W.s:1414   .text.HAL_RCC_DisableCSS:00000000 HAL_RCC_DisableCSS
C:\Users\fastr\AppData\Local\Temp\ccSUdV1W.s:1433   .text.HAL_RCC_DisableCSS:0000000c $d
C:\Users\fastr\AppData\Local\Temp\ccSUdV1W.s:1439   .text.HAL_RCC_GetSysClockFreq:00000000 $t
C:\Users\fastr\AppData\Local\Temp\ccSUdV1W.s:1445   .text.HAL_RCC_GetSysClockFreq:00000000 HAL_RCC_GetSysClockFreq
C:\Users\fastr\AppData\Local\Temp\ccSUdV1W.s:1537   .text.HAL_RCC_GetSysClockFreq:00000048 $d
C:\Users\fastr\AppData\Local\Temp\ccSUdV1W.s:2272   .rodata.aPLLMULFactorTable.1:00000000 aPLLMULFactorTable.1
C:\Users\fastr\AppData\Local\Temp\ccSUdV1W.s:2265   .rodata.aPredivFactorTable.0:00000000 aPredivFactorTable.0
C:\Users\fastr\AppData\Local\Temp\ccSUdV1W.s:1545   .text.HAL_RCC_ClockConfig:00000000 $t
C:\Users\fastr\AppData\Local\Temp\ccSUdV1W.s:1551   .text.HAL_RCC_ClockConfig:00000000 HAL_RCC_ClockConfig
C:\Users\fastr\AppData\Local\Temp\ccSUdV1W.s:1830   .text.HAL_RCC_ClockConfig:0000011c $d
C:\Users\fastr\AppData\Local\Temp\ccSUdV1W.s:1840   .text.HAL_RCC_GetHCLKFreq:00000000 $t
C:\Users\fastr\AppData\Local\Temp\ccSUdV1W.s:1846   .text.HAL_RCC_GetHCLKFreq:00000000 HAL_RCC_GetHCLKFreq
C:\Users\fastr\AppData\Local\Temp\ccSUdV1W.s:1864   .text.HAL_RCC_GetHCLKFreq:00000008 $d
C:\Users\fastr\AppData\Local\Temp\ccSUdV1W.s:1869   .text.HAL_RCC_GetPCLK1Freq:00000000 $t
C:\Users\fastr\AppData\Local\Temp\ccSUdV1W.s:1875   .text.HAL_RCC_GetPCLK1Freq:00000000 HAL_RCC_GetPCLK1Freq
C:\Users\fastr\AppData\Local\Temp\ccSUdV1W.s:1907   .text.HAL_RCC_GetPCLK1Freq:00000018 $d
C:\Users\fastr\AppData\Local\Temp\ccSUdV1W.s:1913   .text.HAL_RCC_GetOscConfig:00000000 $t
C:\Users\fastr\AppData\Local\Temp\ccSUdV1W.s:1919   .text.HAL_RCC_GetOscConfig:00000000 HAL_RCC_GetOscConfig
C:\Users\fastr\AppData\Local\Temp\ccSUdV1W.s:2117   .text.HAL_RCC_GetOscConfig:000000c0 $d
C:\Users\fastr\AppData\Local\Temp\ccSUdV1W.s:2122   .text.HAL_RCC_GetClockConfig:00000000 $t
C:\Users\fastr\AppData\Local\Temp\ccSUdV1W.s:2128   .text.HAL_RCC_GetClockConfig:00000000 HAL_RCC_GetClockConfig
C:\Users\fastr\AppData\Local\Temp\ccSUdV1W.s:2190   .text.HAL_RCC_GetClockConfig:00000038 $d
C:\Users\fastr\AppData\Local\Temp\ccSUdV1W.s:2196   .text.HAL_RCC_CSSCallback:00000000 $t
C:\Users\fastr\AppData\Local\Temp\ccSUdV1W.s:2202   .text.HAL_RCC_CSSCallback:00000000 HAL_RCC_CSSCallback
C:\Users\fastr\AppData\Local\Temp\ccSUdV1W.s:2216   .text.HAL_RCC_NMI_IRQHandler:00000000 $t
C:\Users\fastr\AppData\Local\Temp\ccSUdV1W.s:2222   .text.HAL_RCC_NMI_IRQHandler:00000000 HAL_RCC_NMI_IRQHandler
C:\Users\fastr\AppData\Local\Temp\ccSUdV1W.s:2256   .text.HAL_RCC_NMI_IRQHandler:00000018 $d
C:\Users\fastr\AppData\Local\Temp\ccSUdV1W.s:2262   .rodata.aPredivFactorTable.0:00000000 $d
C:\Users\fastr\AppData\Local\Temp\ccSUdV1W.s:2269   .rodata.aPLLMULFactorTable.1:00000000 $d

UNDEFINED SYMBOLS
HAL_GetTick
HAL_InitTick
SystemCoreClock
uwTickPrio
HAL_GPIO_Init
__aeabi_uidiv
AHBPrescTable
APBPrescTable
