ARM GAS  C:\Users\fastr\AppData\Local\Temp\ccA1eAIM.s 			page 1


   1              		.cpu cortex-m0
   2              		.arch armv6s-m
   3              		.fpu softvfp
   4              		.eabi_attribute 20, 1
   5              		.eabi_attribute 21, 1
   6              		.eabi_attribute 23, 3
   7              		.eabi_attribute 24, 1
   8              		.eabi_attribute 25, 1
   9              		.eabi_attribute 26, 1
  10              		.eabi_attribute 30, 1
  11              		.eabi_attribute 34, 0
  12              		.eabi_attribute 18, 4
  13              		.file	"stm32f0xx_hal_gpio.c"
  14              		.text
  15              	.Ltext0:
  16              		.cfi_sections	.debug_frame
  17              		.file 1 "Drivers/STM32F0xx_HAL_Driver/Src/stm32f0xx_hal_gpio.c"
  18              		.section	.text.HAL_GPIO_Init,"ax",%progbits
  19              		.align	1
  20              		.global	HAL_GPIO_Init
  21              		.syntax unified
  22              		.code	16
  23              		.thumb_func
  25              	HAL_GPIO_Init:
  26              	.LVL0:
  27              	.LFB40:
   1:Drivers/STM32F0xx_HAL_Driver/Src/stm32f0xx_hal_gpio.c **** /**
   2:Drivers/STM32F0xx_HAL_Driver/Src/stm32f0xx_hal_gpio.c ****   ******************************************************************************
   3:Drivers/STM32F0xx_HAL_Driver/Src/stm32f0xx_hal_gpio.c ****   * @file    stm32f0xx_hal_gpio.c
   4:Drivers/STM32F0xx_HAL_Driver/Src/stm32f0xx_hal_gpio.c ****   * @author  MCD Application Team
   5:Drivers/STM32F0xx_HAL_Driver/Src/stm32f0xx_hal_gpio.c ****   * @brief   GPIO HAL module driver.
   6:Drivers/STM32F0xx_HAL_Driver/Src/stm32f0xx_hal_gpio.c ****   *          This file provides firmware functions to manage the following 
   7:Drivers/STM32F0xx_HAL_Driver/Src/stm32f0xx_hal_gpio.c ****   *          functionalities of the General Purpose Input/Output (GPIO) peripheral:
   8:Drivers/STM32F0xx_HAL_Driver/Src/stm32f0xx_hal_gpio.c ****   *           + Initialization and de-initialization functions
   9:Drivers/STM32F0xx_HAL_Driver/Src/stm32f0xx_hal_gpio.c ****   *           + IO operation functions
  10:Drivers/STM32F0xx_HAL_Driver/Src/stm32f0xx_hal_gpio.c ****   *
  11:Drivers/STM32F0xx_HAL_Driver/Src/stm32f0xx_hal_gpio.c ****   ******************************************************************************
  12:Drivers/STM32F0xx_HAL_Driver/Src/stm32f0xx_hal_gpio.c ****   * @attention
  13:Drivers/STM32F0xx_HAL_Driver/Src/stm32f0xx_hal_gpio.c ****   *
  14:Drivers/STM32F0xx_HAL_Driver/Src/stm32f0xx_hal_gpio.c ****   * Copyright (c) 2016 STMicroelectronics.
  15:Drivers/STM32F0xx_HAL_Driver/Src/stm32f0xx_hal_gpio.c ****   * All rights reserved.
  16:Drivers/STM32F0xx_HAL_Driver/Src/stm32f0xx_hal_gpio.c ****   *
  17:Drivers/STM32F0xx_HAL_Driver/Src/stm32f0xx_hal_gpio.c ****   * This software is licensed under terms that can be found in the LICENSE file
  18:Drivers/STM32F0xx_HAL_Driver/Src/stm32f0xx_hal_gpio.c ****   * in the root directory of this software component.
  19:Drivers/STM32F0xx_HAL_Driver/Src/stm32f0xx_hal_gpio.c ****   * If no LICENSE file comes with this software, it is provided AS-IS.
  20:Drivers/STM32F0xx_HAL_Driver/Src/stm32f0xx_hal_gpio.c ****   *
  21:Drivers/STM32F0xx_HAL_Driver/Src/stm32f0xx_hal_gpio.c ****   ******************************************************************************
  22:Drivers/STM32F0xx_HAL_Driver/Src/stm32f0xx_hal_gpio.c ****   @verbatim
  23:Drivers/STM32F0xx_HAL_Driver/Src/stm32f0xx_hal_gpio.c ****   ==============================================================================
  24:Drivers/STM32F0xx_HAL_Driver/Src/stm32f0xx_hal_gpio.c ****                     ##### GPIO Peripheral features #####
  25:Drivers/STM32F0xx_HAL_Driver/Src/stm32f0xx_hal_gpio.c ****   ==============================================================================         
  26:Drivers/STM32F0xx_HAL_Driver/Src/stm32f0xx_hal_gpio.c ****   [..] 
  27:Drivers/STM32F0xx_HAL_Driver/Src/stm32f0xx_hal_gpio.c ****     (+) Each port bit of the general-purpose I/O (GPIO) ports can be individually
  28:Drivers/STM32F0xx_HAL_Driver/Src/stm32f0xx_hal_gpio.c ****   configured by software in several modes:
  29:Drivers/STM32F0xx_HAL_Driver/Src/stm32f0xx_hal_gpio.c ****         (++) Input mode
  30:Drivers/STM32F0xx_HAL_Driver/Src/stm32f0xx_hal_gpio.c ****         (++) Analog mode
  31:Drivers/STM32F0xx_HAL_Driver/Src/stm32f0xx_hal_gpio.c ****         (++) Output mode
ARM GAS  C:\Users\fastr\AppData\Local\Temp\ccA1eAIM.s 			page 2


  32:Drivers/STM32F0xx_HAL_Driver/Src/stm32f0xx_hal_gpio.c ****         (++) Alternate function mode
  33:Drivers/STM32F0xx_HAL_Driver/Src/stm32f0xx_hal_gpio.c ****         (++) External interrupt/event lines
  34:Drivers/STM32F0xx_HAL_Driver/Src/stm32f0xx_hal_gpio.c ****  
  35:Drivers/STM32F0xx_HAL_Driver/Src/stm32f0xx_hal_gpio.c ****     (+) During and just after reset, the alternate functions and external interrupt
  36:Drivers/STM32F0xx_HAL_Driver/Src/stm32f0xx_hal_gpio.c ****   lines are not active and the I/O ports are configured in input floating mode.
  37:Drivers/STM32F0xx_HAL_Driver/Src/stm32f0xx_hal_gpio.c ****   
  38:Drivers/STM32F0xx_HAL_Driver/Src/stm32f0xx_hal_gpio.c ****     (+) All GPIO pins have weak internal pull-up and pull-down resistors, which can be
  39:Drivers/STM32F0xx_HAL_Driver/Src/stm32f0xx_hal_gpio.c ****   activated or not.
  40:Drivers/STM32F0xx_HAL_Driver/Src/stm32f0xx_hal_gpio.c ****            
  41:Drivers/STM32F0xx_HAL_Driver/Src/stm32f0xx_hal_gpio.c ****     (+) In Output or Alternate mode, each IO can be configured on open-drain or push-pull
  42:Drivers/STM32F0xx_HAL_Driver/Src/stm32f0xx_hal_gpio.c ****   type and the IO speed can be selected depending on the VDD value.
  43:Drivers/STM32F0xx_HAL_Driver/Src/stm32f0xx_hal_gpio.c ****        
  44:Drivers/STM32F0xx_HAL_Driver/Src/stm32f0xx_hal_gpio.c ****     (+) The microcontroller IO pins are connected to onboard peripherals/modules through a
  45:Drivers/STM32F0xx_HAL_Driver/Src/stm32f0xx_hal_gpio.c ****         multiplexer that allows only one peripheral alternate function (AF) connected
  46:Drivers/STM32F0xx_HAL_Driver/Src/stm32f0xx_hal_gpio.c ****   to an IO pin at a time. In this way, there can be no conflict between peripherals 
  47:Drivers/STM32F0xx_HAL_Driver/Src/stm32f0xx_hal_gpio.c ****   sharing the same IO pin. 
  48:Drivers/STM32F0xx_HAL_Driver/Src/stm32f0xx_hal_gpio.c ****   
  49:Drivers/STM32F0xx_HAL_Driver/Src/stm32f0xx_hal_gpio.c ****     (+) All ports have external interrupt/event capability. To use external interrupt
  50:Drivers/STM32F0xx_HAL_Driver/Src/stm32f0xx_hal_gpio.c ****   lines, the port must be configured in input mode. All available GPIO pins are 
  51:Drivers/STM32F0xx_HAL_Driver/Src/stm32f0xx_hal_gpio.c ****   connected to the 16 external interrupt/event lines from EXTI0 to EXTI15.
  52:Drivers/STM32F0xx_HAL_Driver/Src/stm32f0xx_hal_gpio.c ****   
  53:Drivers/STM32F0xx_HAL_Driver/Src/stm32f0xx_hal_gpio.c ****     (+) The external interrupt/event controller consists of up to 28 edge detectors
  54:Drivers/STM32F0xx_HAL_Driver/Src/stm32f0xx_hal_gpio.c ****         (16 lines are connected to GPIO) for generating event/interrupt requests (each
  55:Drivers/STM32F0xx_HAL_Driver/Src/stm32f0xx_hal_gpio.c ****         input line can be independently configured to select the type (interrupt or event)
  56:Drivers/STM32F0xx_HAL_Driver/Src/stm32f0xx_hal_gpio.c ****         and the corresponding trigger event (rising or falling or both). Each line can
  57:Drivers/STM32F0xx_HAL_Driver/Src/stm32f0xx_hal_gpio.c ****         also be masked independently.
  58:Drivers/STM32F0xx_HAL_Driver/Src/stm32f0xx_hal_gpio.c ****    
  59:Drivers/STM32F0xx_HAL_Driver/Src/stm32f0xx_hal_gpio.c ****             ##### How to use this driver #####
  60:Drivers/STM32F0xx_HAL_Driver/Src/stm32f0xx_hal_gpio.c ****   ==============================================================================  
  61:Drivers/STM32F0xx_HAL_Driver/Src/stm32f0xx_hal_gpio.c ****   [..]
  62:Drivers/STM32F0xx_HAL_Driver/Src/stm32f0xx_hal_gpio.c ****    (#) Enable the GPIO AHB clock using the following function : __HAL_RCC_GPIOx_CLK_ENABLE(). 
  63:Drivers/STM32F0xx_HAL_Driver/Src/stm32f0xx_hal_gpio.c ****                                     
  64:Drivers/STM32F0xx_HAL_Driver/Src/stm32f0xx_hal_gpio.c ****    (#) Configure the GPIO pin(s) using HAL_GPIO_Init().
  65:Drivers/STM32F0xx_HAL_Driver/Src/stm32f0xx_hal_gpio.c ****        (++) Configure the IO mode using "Mode" member from GPIO_InitTypeDef structure
  66:Drivers/STM32F0xx_HAL_Driver/Src/stm32f0xx_hal_gpio.c ****        (++) Activate Pull-up, Pull-down resistor using "Pull" member from GPIO_InitTypeDef 
  67:Drivers/STM32F0xx_HAL_Driver/Src/stm32f0xx_hal_gpio.c ****             structure.
  68:Drivers/STM32F0xx_HAL_Driver/Src/stm32f0xx_hal_gpio.c ****        (++) In case of Output or alternate function mode selection: the speed is 
  69:Drivers/STM32F0xx_HAL_Driver/Src/stm32f0xx_hal_gpio.c ****              configured through "Speed" member from GPIO_InitTypeDef structure.
  70:Drivers/STM32F0xx_HAL_Driver/Src/stm32f0xx_hal_gpio.c ****         (++) In alternate mode is selection, the alternate function connected to the IO
  71:Drivers/STM32F0xx_HAL_Driver/Src/stm32f0xx_hal_gpio.c ****              is configured through "Alternate" member from GPIO_InitTypeDef structure.
  72:Drivers/STM32F0xx_HAL_Driver/Src/stm32f0xx_hal_gpio.c ****        (++) Analog mode is required when a pin is to be used as ADC channel 
  73:Drivers/STM32F0xx_HAL_Driver/Src/stm32f0xx_hal_gpio.c ****             or DAC output.
  74:Drivers/STM32F0xx_HAL_Driver/Src/stm32f0xx_hal_gpio.c ****        (++) In case of external interrupt/event selection the "Mode" member from 
  75:Drivers/STM32F0xx_HAL_Driver/Src/stm32f0xx_hal_gpio.c ****             GPIO_InitTypeDef structure select the type (interrupt or event) and 
  76:Drivers/STM32F0xx_HAL_Driver/Src/stm32f0xx_hal_gpio.c ****             the corresponding trigger event (rising or falling or both).
  77:Drivers/STM32F0xx_HAL_Driver/Src/stm32f0xx_hal_gpio.c ****   
  78:Drivers/STM32F0xx_HAL_Driver/Src/stm32f0xx_hal_gpio.c ****    (#) In case of external interrupt/event mode selection, configure NVIC IRQ priority 
  79:Drivers/STM32F0xx_HAL_Driver/Src/stm32f0xx_hal_gpio.c ****        mapped to the EXTI line using HAL_NVIC_SetPriority() and enable it using
  80:Drivers/STM32F0xx_HAL_Driver/Src/stm32f0xx_hal_gpio.c ****        HAL_NVIC_EnableIRQ().
  81:Drivers/STM32F0xx_HAL_Driver/Src/stm32f0xx_hal_gpio.c ****   
  82:Drivers/STM32F0xx_HAL_Driver/Src/stm32f0xx_hal_gpio.c ****    (#) HAL_GPIO_DeInit allows to set register values to their reset value. It's also 
  83:Drivers/STM32F0xx_HAL_Driver/Src/stm32f0xx_hal_gpio.c ****        recommended to use it to unconfigure pin which was used as an external interrupt 
  84:Drivers/STM32F0xx_HAL_Driver/Src/stm32f0xx_hal_gpio.c ****        or in event mode. That's the only way to reset corresponding bit in EXTI & SYSCFG 
  85:Drivers/STM32F0xx_HAL_Driver/Src/stm32f0xx_hal_gpio.c ****        registers.
  86:Drivers/STM32F0xx_HAL_Driver/Src/stm32f0xx_hal_gpio.c ****   
  87:Drivers/STM32F0xx_HAL_Driver/Src/stm32f0xx_hal_gpio.c ****    (#) To get the level of a pin configured in input mode use HAL_GPIO_ReadPin().
  88:Drivers/STM32F0xx_HAL_Driver/Src/stm32f0xx_hal_gpio.c ****   
ARM GAS  C:\Users\fastr\AppData\Local\Temp\ccA1eAIM.s 			page 3


  89:Drivers/STM32F0xx_HAL_Driver/Src/stm32f0xx_hal_gpio.c ****    (#) To set/reset the level of a pin configured in output mode use 
  90:Drivers/STM32F0xx_HAL_Driver/Src/stm32f0xx_hal_gpio.c ****        HAL_GPIO_WritePin()/HAL_GPIO_TogglePin().
  91:Drivers/STM32F0xx_HAL_Driver/Src/stm32f0xx_hal_gpio.c ****   
  92:Drivers/STM32F0xx_HAL_Driver/Src/stm32f0xx_hal_gpio.c ****    (#) To lock pin configuration until next reset use HAL_GPIO_LockPin().
  93:Drivers/STM32F0xx_HAL_Driver/Src/stm32f0xx_hal_gpio.c ****   
  94:Drivers/STM32F0xx_HAL_Driver/Src/stm32f0xx_hal_gpio.c ****    (#) During and just after reset, the alternate functions are not 
  95:Drivers/STM32F0xx_HAL_Driver/Src/stm32f0xx_hal_gpio.c ****        active and the GPIO pins are configured in input floating mode (except JTAG
  96:Drivers/STM32F0xx_HAL_Driver/Src/stm32f0xx_hal_gpio.c ****        pins).
  97:Drivers/STM32F0xx_HAL_Driver/Src/stm32f0xx_hal_gpio.c ****   
  98:Drivers/STM32F0xx_HAL_Driver/Src/stm32f0xx_hal_gpio.c ****    (#) The LSE oscillator pins OSC32_IN and OSC32_OUT can be used as general purpose 
  99:Drivers/STM32F0xx_HAL_Driver/Src/stm32f0xx_hal_gpio.c ****        (PC14 and PC15, respectively) when the LSE oscillator is off. The LSE has 
 100:Drivers/STM32F0xx_HAL_Driver/Src/stm32f0xx_hal_gpio.c ****        priority over the GPIO function.
 101:Drivers/STM32F0xx_HAL_Driver/Src/stm32f0xx_hal_gpio.c ****   
 102:Drivers/STM32F0xx_HAL_Driver/Src/stm32f0xx_hal_gpio.c ****    (#) The HSE oscillator pins OSC_IN/OSC_OUT can be used as 
 103:Drivers/STM32F0xx_HAL_Driver/Src/stm32f0xx_hal_gpio.c ****         general purpose PF0 and PF1, respectively, when the HSE oscillator is off.
 104:Drivers/STM32F0xx_HAL_Driver/Src/stm32f0xx_hal_gpio.c ****        The HSE has priority over the GPIO function.
 105:Drivers/STM32F0xx_HAL_Driver/Src/stm32f0xx_hal_gpio.c ****   
 106:Drivers/STM32F0xx_HAL_Driver/Src/stm32f0xx_hal_gpio.c ****   @endverbatim
 107:Drivers/STM32F0xx_HAL_Driver/Src/stm32f0xx_hal_gpio.c ****   ******************************************************************************
 108:Drivers/STM32F0xx_HAL_Driver/Src/stm32f0xx_hal_gpio.c ****   */
 109:Drivers/STM32F0xx_HAL_Driver/Src/stm32f0xx_hal_gpio.c **** 
 110:Drivers/STM32F0xx_HAL_Driver/Src/stm32f0xx_hal_gpio.c **** /* Includes ------------------------------------------------------------------*/
 111:Drivers/STM32F0xx_HAL_Driver/Src/stm32f0xx_hal_gpio.c **** #include "stm32f0xx_hal.h"
 112:Drivers/STM32F0xx_HAL_Driver/Src/stm32f0xx_hal_gpio.c **** 
 113:Drivers/STM32F0xx_HAL_Driver/Src/stm32f0xx_hal_gpio.c **** /** @addtogroup STM32F0xx_HAL_Driver
 114:Drivers/STM32F0xx_HAL_Driver/Src/stm32f0xx_hal_gpio.c ****   * @{
 115:Drivers/STM32F0xx_HAL_Driver/Src/stm32f0xx_hal_gpio.c ****   */
 116:Drivers/STM32F0xx_HAL_Driver/Src/stm32f0xx_hal_gpio.c **** 
 117:Drivers/STM32F0xx_HAL_Driver/Src/stm32f0xx_hal_gpio.c **** /** @defgroup GPIO GPIO
 118:Drivers/STM32F0xx_HAL_Driver/Src/stm32f0xx_hal_gpio.c ****   * @brief GPIO HAL module driver
 119:Drivers/STM32F0xx_HAL_Driver/Src/stm32f0xx_hal_gpio.c ****   * @{
 120:Drivers/STM32F0xx_HAL_Driver/Src/stm32f0xx_hal_gpio.c ****   */
 121:Drivers/STM32F0xx_HAL_Driver/Src/stm32f0xx_hal_gpio.c **** 
 122:Drivers/STM32F0xx_HAL_Driver/Src/stm32f0xx_hal_gpio.c **** /** MISRA C:2012 deviation rule has been granted for following rules:
 123:Drivers/STM32F0xx_HAL_Driver/Src/stm32f0xx_hal_gpio.c ****   * Rule-18.1_d - Medium: Array pointer `GPIOx' is accessed with index [..,..]
 124:Drivers/STM32F0xx_HAL_Driver/Src/stm32f0xx_hal_gpio.c ****   * which may be out of array bounds [..,UNKNOWN] in following APIs:
 125:Drivers/STM32F0xx_HAL_Driver/Src/stm32f0xx_hal_gpio.c ****   * HAL_GPIO_Init
 126:Drivers/STM32F0xx_HAL_Driver/Src/stm32f0xx_hal_gpio.c ****   * HAL_GPIO_DeInit
 127:Drivers/STM32F0xx_HAL_Driver/Src/stm32f0xx_hal_gpio.c ****   */
 128:Drivers/STM32F0xx_HAL_Driver/Src/stm32f0xx_hal_gpio.c **** 
 129:Drivers/STM32F0xx_HAL_Driver/Src/stm32f0xx_hal_gpio.c **** #ifdef HAL_GPIO_MODULE_ENABLED
 130:Drivers/STM32F0xx_HAL_Driver/Src/stm32f0xx_hal_gpio.c **** 
 131:Drivers/STM32F0xx_HAL_Driver/Src/stm32f0xx_hal_gpio.c **** /* Private typedef -----------------------------------------------------------*/
 132:Drivers/STM32F0xx_HAL_Driver/Src/stm32f0xx_hal_gpio.c **** /* Private defines -----------------------------------------------------------*/
 133:Drivers/STM32F0xx_HAL_Driver/Src/stm32f0xx_hal_gpio.c **** /** @addtogroup GPIO_Private_Constants GPIO Private Constants
 134:Drivers/STM32F0xx_HAL_Driver/Src/stm32f0xx_hal_gpio.c ****   * @{
 135:Drivers/STM32F0xx_HAL_Driver/Src/stm32f0xx_hal_gpio.c ****   */
 136:Drivers/STM32F0xx_HAL_Driver/Src/stm32f0xx_hal_gpio.c **** #define GPIO_NUMBER           16U
 137:Drivers/STM32F0xx_HAL_Driver/Src/stm32f0xx_hal_gpio.c **** /**
 138:Drivers/STM32F0xx_HAL_Driver/Src/stm32f0xx_hal_gpio.c ****   * @}
 139:Drivers/STM32F0xx_HAL_Driver/Src/stm32f0xx_hal_gpio.c ****   */
 140:Drivers/STM32F0xx_HAL_Driver/Src/stm32f0xx_hal_gpio.c **** 
 141:Drivers/STM32F0xx_HAL_Driver/Src/stm32f0xx_hal_gpio.c **** /* Private macros ------------------------------------------------------------*/
 142:Drivers/STM32F0xx_HAL_Driver/Src/stm32f0xx_hal_gpio.c **** /* Private variables ---------------------------------------------------------*/
 143:Drivers/STM32F0xx_HAL_Driver/Src/stm32f0xx_hal_gpio.c **** /* Private function prototypes -----------------------------------------------*/
 144:Drivers/STM32F0xx_HAL_Driver/Src/stm32f0xx_hal_gpio.c **** /* Exported functions --------------------------------------------------------*/
 145:Drivers/STM32F0xx_HAL_Driver/Src/stm32f0xx_hal_gpio.c **** 
ARM GAS  C:\Users\fastr\AppData\Local\Temp\ccA1eAIM.s 			page 4


 146:Drivers/STM32F0xx_HAL_Driver/Src/stm32f0xx_hal_gpio.c **** /** @defgroup GPIO_Exported_Functions GPIO Exported Functions
 147:Drivers/STM32F0xx_HAL_Driver/Src/stm32f0xx_hal_gpio.c ****   * @{
 148:Drivers/STM32F0xx_HAL_Driver/Src/stm32f0xx_hal_gpio.c ****   */
 149:Drivers/STM32F0xx_HAL_Driver/Src/stm32f0xx_hal_gpio.c **** 
 150:Drivers/STM32F0xx_HAL_Driver/Src/stm32f0xx_hal_gpio.c **** /** @defgroup GPIO_Exported_Functions_Group1 Initialization/de-initialization functions 
 151:Drivers/STM32F0xx_HAL_Driver/Src/stm32f0xx_hal_gpio.c ****  *  @brief    Initialization and Configuration functions 
 152:Drivers/STM32F0xx_HAL_Driver/Src/stm32f0xx_hal_gpio.c ****  *
 153:Drivers/STM32F0xx_HAL_Driver/Src/stm32f0xx_hal_gpio.c **** @verbatim    
 154:Drivers/STM32F0xx_HAL_Driver/Src/stm32f0xx_hal_gpio.c ****  ===============================================================================
 155:Drivers/STM32F0xx_HAL_Driver/Src/stm32f0xx_hal_gpio.c ****               ##### Initialization and de-initialization functions #####
 156:Drivers/STM32F0xx_HAL_Driver/Src/stm32f0xx_hal_gpio.c ****  ===============================================================================
 157:Drivers/STM32F0xx_HAL_Driver/Src/stm32f0xx_hal_gpio.c ****  
 158:Drivers/STM32F0xx_HAL_Driver/Src/stm32f0xx_hal_gpio.c **** @endverbatim
 159:Drivers/STM32F0xx_HAL_Driver/Src/stm32f0xx_hal_gpio.c ****   * @{
 160:Drivers/STM32F0xx_HAL_Driver/Src/stm32f0xx_hal_gpio.c ****   */
 161:Drivers/STM32F0xx_HAL_Driver/Src/stm32f0xx_hal_gpio.c **** 
 162:Drivers/STM32F0xx_HAL_Driver/Src/stm32f0xx_hal_gpio.c **** /**
 163:Drivers/STM32F0xx_HAL_Driver/Src/stm32f0xx_hal_gpio.c ****   * @brief  Initialize the GPIOx peripheral according to the specified parameters in the GPIO_Init.
 164:Drivers/STM32F0xx_HAL_Driver/Src/stm32f0xx_hal_gpio.c ****   * @param  GPIOx where x can be (A..F) to select the GPIO peripheral for STM32F0 family
 165:Drivers/STM32F0xx_HAL_Driver/Src/stm32f0xx_hal_gpio.c ****   * @param  GPIO_Init pointer to a GPIO_InitTypeDef structure that contains
 166:Drivers/STM32F0xx_HAL_Driver/Src/stm32f0xx_hal_gpio.c ****   *         the configuration information for the specified GPIO peripheral.
 167:Drivers/STM32F0xx_HAL_Driver/Src/stm32f0xx_hal_gpio.c ****   * @retval None
 168:Drivers/STM32F0xx_HAL_Driver/Src/stm32f0xx_hal_gpio.c ****   */
 169:Drivers/STM32F0xx_HAL_Driver/Src/stm32f0xx_hal_gpio.c **** void HAL_GPIO_Init(GPIO_TypeDef  *GPIOx, GPIO_InitTypeDef *GPIO_Init)
 170:Drivers/STM32F0xx_HAL_Driver/Src/stm32f0xx_hal_gpio.c **** {
  28              		.loc 1 170 1 view -0
  29              		.cfi_startproc
  30              		@ args = 0, pretend = 0, frame = 8
  31              		@ frame_needed = 0, uses_anonymous_args = 0
  32              		.loc 1 170 1 is_stmt 0 view .LVU1
  33 0000 F0B5     		push	{r4, r5, r6, r7, lr}
  34              		.cfi_def_cfa_offset 20
  35              		.cfi_offset 4, -20
  36              		.cfi_offset 5, -16
  37              		.cfi_offset 6, -12
  38              		.cfi_offset 7, -8
  39              		.cfi_offset 14, -4
  40 0002 83B0     		sub	sp, sp, #12
  41              		.cfi_def_cfa_offset 32
  42 0004 0400     		movs	r4, r0
 171:Drivers/STM32F0xx_HAL_Driver/Src/stm32f0xx_hal_gpio.c ****   uint32_t position = 0x00u;
  43              		.loc 1 171 3 is_stmt 1 view .LVU2
  44              	.LVL1:
 172:Drivers/STM32F0xx_HAL_Driver/Src/stm32f0xx_hal_gpio.c ****   uint32_t iocurrent;
  45              		.loc 1 172 3 view .LVU3
 173:Drivers/STM32F0xx_HAL_Driver/Src/stm32f0xx_hal_gpio.c ****   uint32_t temp;
  46              		.loc 1 173 3 view .LVU4
 174:Drivers/STM32F0xx_HAL_Driver/Src/stm32f0xx_hal_gpio.c **** 
 175:Drivers/STM32F0xx_HAL_Driver/Src/stm32f0xx_hal_gpio.c ****   /* Check the parameters */
 176:Drivers/STM32F0xx_HAL_Driver/Src/stm32f0xx_hal_gpio.c ****   assert_param(IS_GPIO_ALL_INSTANCE(GPIOx));
  47              		.loc 1 176 3 view .LVU5
 177:Drivers/STM32F0xx_HAL_Driver/Src/stm32f0xx_hal_gpio.c ****   assert_param(IS_GPIO_PIN(GPIO_Init->Pin));
  48              		.loc 1 177 3 view .LVU6
 178:Drivers/STM32F0xx_HAL_Driver/Src/stm32f0xx_hal_gpio.c ****   assert_param(IS_GPIO_MODE(GPIO_Init->Mode));
  49              		.loc 1 178 3 view .LVU7
 179:Drivers/STM32F0xx_HAL_Driver/Src/stm32f0xx_hal_gpio.c **** 
 180:Drivers/STM32F0xx_HAL_Driver/Src/stm32f0xx_hal_gpio.c ****   /* Configure the port pins */
ARM GAS  C:\Users\fastr\AppData\Local\Temp\ccA1eAIM.s 			page 5


 181:Drivers/STM32F0xx_HAL_Driver/Src/stm32f0xx_hal_gpio.c ****   while (((GPIO_Init->Pin) >> position) != 0x00u)
  50              		.loc 1 181 3 view .LVU8
 171:Drivers/STM32F0xx_HAL_Driver/Src/stm32f0xx_hal_gpio.c ****   uint32_t iocurrent;
  51              		.loc 1 171 12 is_stmt 0 view .LVU9
  52 0006 0023     		movs	r3, #0
  53              		.loc 1 181 9 view .LVU10
  54 0008 56E0     		b	.L2
  55              	.LVL2:
  56              	.L22:
 182:Drivers/STM32F0xx_HAL_Driver/Src/stm32f0xx_hal_gpio.c ****   {
 183:Drivers/STM32F0xx_HAL_Driver/Src/stm32f0xx_hal_gpio.c ****     /* Get current io position */
 184:Drivers/STM32F0xx_HAL_Driver/Src/stm32f0xx_hal_gpio.c ****     iocurrent = (GPIO_Init->Pin) & (1uL << position);
 185:Drivers/STM32F0xx_HAL_Driver/Src/stm32f0xx_hal_gpio.c **** 
 186:Drivers/STM32F0xx_HAL_Driver/Src/stm32f0xx_hal_gpio.c ****     if (iocurrent != 0x00u)
 187:Drivers/STM32F0xx_HAL_Driver/Src/stm32f0xx_hal_gpio.c ****     {
 188:Drivers/STM32F0xx_HAL_Driver/Src/stm32f0xx_hal_gpio.c ****       /*--------------------- GPIO Mode Configuration ------------------------*/
 189:Drivers/STM32F0xx_HAL_Driver/Src/stm32f0xx_hal_gpio.c ****       /* In case of Output or Alternate function mode selection */
 190:Drivers/STM32F0xx_HAL_Driver/Src/stm32f0xx_hal_gpio.c ****       if(((GPIO_Init->Mode & GPIO_MODE) == MODE_OUTPUT) ||
 191:Drivers/STM32F0xx_HAL_Driver/Src/stm32f0xx_hal_gpio.c ****          ((GPIO_Init->Mode & GPIO_MODE) == MODE_AF))
 192:Drivers/STM32F0xx_HAL_Driver/Src/stm32f0xx_hal_gpio.c ****       {
 193:Drivers/STM32F0xx_HAL_Driver/Src/stm32f0xx_hal_gpio.c ****         /* Check the Speed parameter */
 194:Drivers/STM32F0xx_HAL_Driver/Src/stm32f0xx_hal_gpio.c ****         assert_param(IS_GPIO_SPEED(GPIO_Init->Speed));
  57              		.loc 1 194 9 is_stmt 1 view .LVU11
 195:Drivers/STM32F0xx_HAL_Driver/Src/stm32f0xx_hal_gpio.c ****         /* Configure the IO Speed */
 196:Drivers/STM32F0xx_HAL_Driver/Src/stm32f0xx_hal_gpio.c ****         temp = GPIOx->OSPEEDR;
  58              		.loc 1 196 9 view .LVU12
  59              		.loc 1 196 14 is_stmt 0 view .LVU13
  60 000a A668     		ldr	r6, [r4, #8]
  61              	.LVL3:
 197:Drivers/STM32F0xx_HAL_Driver/Src/stm32f0xx_hal_gpio.c ****         temp &= ~(GPIO_OSPEEDER_OSPEEDR0 << (position * 2u));
  62              		.loc 1 197 9 is_stmt 1 view .LVU14
  63              		.loc 1 197 55 is_stmt 0 view .LVU15
  64 000c 5F00     		lsls	r7, r3, #1
  65              		.loc 1 197 42 view .LVU16
  66 000e 0320     		movs	r0, #3
  67 0010 B840     		lsls	r0, r0, r7
  68              		.loc 1 197 14 view .LVU17
  69 0012 8643     		bics	r6, r0
  70              	.LVL4:
 198:Drivers/STM32F0xx_HAL_Driver/Src/stm32f0xx_hal_gpio.c ****         temp |= (GPIO_Init->Speed << (position * 2u));
  71              		.loc 1 198 9 is_stmt 1 view .LVU18
  72              		.loc 1 198 27 is_stmt 0 view .LVU19
  73 0014 C868     		ldr	r0, [r1, #12]
  74              		.loc 1 198 35 view .LVU20
  75 0016 B840     		lsls	r0, r0, r7
  76              		.loc 1 198 14 view .LVU21
  77 0018 3043     		orrs	r0, r6
  78              	.LVL5:
 199:Drivers/STM32F0xx_HAL_Driver/Src/stm32f0xx_hal_gpio.c ****         GPIOx->OSPEEDR = temp;
  79              		.loc 1 199 9 is_stmt 1 view .LVU22
  80              		.loc 1 199 24 is_stmt 0 view .LVU23
  81 001a A060     		str	r0, [r4, #8]
 200:Drivers/STM32F0xx_HAL_Driver/Src/stm32f0xx_hal_gpio.c **** 
 201:Drivers/STM32F0xx_HAL_Driver/Src/stm32f0xx_hal_gpio.c ****         /* Configure the IO Output Type */
 202:Drivers/STM32F0xx_HAL_Driver/Src/stm32f0xx_hal_gpio.c ****         temp = GPIOx->OTYPER;
  82              		.loc 1 202 9 is_stmt 1 view .LVU24
  83              		.loc 1 202 14 is_stmt 0 view .LVU25
ARM GAS  C:\Users\fastr\AppData\Local\Temp\ccA1eAIM.s 			page 6


  84 001c 6068     		ldr	r0, [r4, #4]
  85              	.LVL6:
 203:Drivers/STM32F0xx_HAL_Driver/Src/stm32f0xx_hal_gpio.c ****         temp &= ~(GPIO_OTYPER_OT_0 << position) ;
  86              		.loc 1 203 9 is_stmt 1 view .LVU26
  87              		.loc 1 203 14 is_stmt 0 view .LVU27
  88 001e 9043     		bics	r0, r2
  89              	.LVL7:
 204:Drivers/STM32F0xx_HAL_Driver/Src/stm32f0xx_hal_gpio.c ****         temp |= (((GPIO_Init->Mode & OUTPUT_TYPE) >> OUTPUT_TYPE_Pos) << position);
  90              		.loc 1 204 9 is_stmt 1 view .LVU28
  91              		.loc 1 204 29 is_stmt 0 view .LVU29
  92 0020 4E68     		ldr	r6, [r1, #4]
  93              		.loc 1 204 51 view .LVU30
  94 0022 3609     		lsrs	r6, r6, #4
  95 0024 0122     		movs	r2, #1
  96 0026 3240     		ands	r2, r6
  97              		.loc 1 204 71 view .LVU31
  98 0028 9A40     		lsls	r2, r2, r3
  99              		.loc 1 204 14 view .LVU32
 100 002a 0243     		orrs	r2, r0
 101              	.LVL8:
 205:Drivers/STM32F0xx_HAL_Driver/Src/stm32f0xx_hal_gpio.c ****         GPIOx->OTYPER = temp;
 102              		.loc 1 205 9 is_stmt 1 view .LVU33
 103              		.loc 1 205 23 is_stmt 0 view .LVU34
 104 002c 6260     		str	r2, [r4, #4]
 105 002e 53E0     		b	.L4
 106              	.LVL9:
 107              	.L23:
 206:Drivers/STM32F0xx_HAL_Driver/Src/stm32f0xx_hal_gpio.c ****       }
 207:Drivers/STM32F0xx_HAL_Driver/Src/stm32f0xx_hal_gpio.c ****       
 208:Drivers/STM32F0xx_HAL_Driver/Src/stm32f0xx_hal_gpio.c ****       if((GPIO_Init->Mode & GPIO_MODE) != MODE_ANALOG)
 209:Drivers/STM32F0xx_HAL_Driver/Src/stm32f0xx_hal_gpio.c ****       {
 210:Drivers/STM32F0xx_HAL_Driver/Src/stm32f0xx_hal_gpio.c ****         /* Check the Pull parameter */
 211:Drivers/STM32F0xx_HAL_Driver/Src/stm32f0xx_hal_gpio.c ****         assert_param(IS_GPIO_PULL(GPIO_Init->Pull));
 212:Drivers/STM32F0xx_HAL_Driver/Src/stm32f0xx_hal_gpio.c **** 
 213:Drivers/STM32F0xx_HAL_Driver/Src/stm32f0xx_hal_gpio.c ****         /* Activate the Pull-up or Pull down resistor for the current IO */
 214:Drivers/STM32F0xx_HAL_Driver/Src/stm32f0xx_hal_gpio.c ****         temp = GPIOx->PUPDR;
 215:Drivers/STM32F0xx_HAL_Driver/Src/stm32f0xx_hal_gpio.c ****         temp &= ~(GPIO_PUPDR_PUPDR0 << (position * 2u));
 216:Drivers/STM32F0xx_HAL_Driver/Src/stm32f0xx_hal_gpio.c ****         temp |= ((GPIO_Init->Pull) << (position * 2u));
 217:Drivers/STM32F0xx_HAL_Driver/Src/stm32f0xx_hal_gpio.c ****         GPIOx->PUPDR = temp;
 218:Drivers/STM32F0xx_HAL_Driver/Src/stm32f0xx_hal_gpio.c ****       }
 219:Drivers/STM32F0xx_HAL_Driver/Src/stm32f0xx_hal_gpio.c **** 
 220:Drivers/STM32F0xx_HAL_Driver/Src/stm32f0xx_hal_gpio.c ****       /* In case of Alternate function mode selection */
 221:Drivers/STM32F0xx_HAL_Driver/Src/stm32f0xx_hal_gpio.c ****       if((GPIO_Init->Mode & GPIO_MODE) == MODE_AF)
 222:Drivers/STM32F0xx_HAL_Driver/Src/stm32f0xx_hal_gpio.c ****       {
 223:Drivers/STM32F0xx_HAL_Driver/Src/stm32f0xx_hal_gpio.c ****         /* Check the Alternate function parameters */
 224:Drivers/STM32F0xx_HAL_Driver/Src/stm32f0xx_hal_gpio.c ****         assert_param(IS_GPIO_AF_INSTANCE(GPIOx));
 108              		.loc 1 224 9 is_stmt 1 view .LVU35
 225:Drivers/STM32F0xx_HAL_Driver/Src/stm32f0xx_hal_gpio.c ****         assert_param(IS_GPIO_AF(GPIO_Init->Alternate));
 109              		.loc 1 225 9 view .LVU36
 226:Drivers/STM32F0xx_HAL_Driver/Src/stm32f0xx_hal_gpio.c **** 
 227:Drivers/STM32F0xx_HAL_Driver/Src/stm32f0xx_hal_gpio.c ****         /* Configure Alternate function mapped with the current IO */
 228:Drivers/STM32F0xx_HAL_Driver/Src/stm32f0xx_hal_gpio.c ****         temp = GPIOx->AFR[position >> 3u];
 110              		.loc 1 228 9 view .LVU37
 111              		.loc 1 228 36 is_stmt 0 view .LVU38
 112 0030 DE08     		lsrs	r6, r3, #3
 113              		.loc 1 228 14 view .LVU39
 114 0032 0836     		adds	r6, r6, #8
ARM GAS  C:\Users\fastr\AppData\Local\Temp\ccA1eAIM.s 			page 7


 115 0034 B600     		lsls	r6, r6, #2
 116 0036 3759     		ldr	r7, [r6, r4]
 117              	.LVL10:
 229:Drivers/STM32F0xx_HAL_Driver/Src/stm32f0xx_hal_gpio.c ****         temp &= ~(0xFu << ((position & 0x07u) * 4u));
 118              		.loc 1 229 9 is_stmt 1 view .LVU40
 119              		.loc 1 229 38 is_stmt 0 view .LVU41
 120 0038 0532     		adds	r2, r2, #5
 121 003a 1A40     		ands	r2, r3
 122              		.loc 1 229 47 view .LVU42
 123 003c 9200     		lsls	r2, r2, #2
 124              		.loc 1 229 24 view .LVU43
 125 003e 0F20     		movs	r0, #15
 126 0040 9040     		lsls	r0, r0, r2
 127              		.loc 1 229 14 view .LVU44
 128 0042 8743     		bics	r7, r0
 129              	.LVL11:
 230:Drivers/STM32F0xx_HAL_Driver/Src/stm32f0xx_hal_gpio.c ****         temp |= ((GPIO_Init->Alternate) << ((position & 0x07u) * 4u));
 130              		.loc 1 230 9 is_stmt 1 view .LVU45
 131              		.loc 1 230 28 is_stmt 0 view .LVU46
 132 0044 0869     		ldr	r0, [r1, #16]
 133              		.loc 1 230 41 view .LVU47
 134 0046 9040     		lsls	r0, r0, r2
 135 0048 0200     		movs	r2, r0
 136              		.loc 1 230 14 view .LVU48
 137 004a 3A43     		orrs	r2, r7
 138              	.LVL12:
 231:Drivers/STM32F0xx_HAL_Driver/Src/stm32f0xx_hal_gpio.c ****         GPIOx->AFR[position >> 3u] = temp;
 139              		.loc 1 231 9 is_stmt 1 view .LVU49
 140              		.loc 1 231 36 is_stmt 0 view .LVU50
 141 004c 3251     		str	r2, [r6, r4]
 142 004e 56E0     		b	.L6
 143              	.LVL13:
 144              	.L24:
 232:Drivers/STM32F0xx_HAL_Driver/Src/stm32f0xx_hal_gpio.c ****       }
 233:Drivers/STM32F0xx_HAL_Driver/Src/stm32f0xx_hal_gpio.c **** 
 234:Drivers/STM32F0xx_HAL_Driver/Src/stm32f0xx_hal_gpio.c ****       /* Configure IO Direction mode (Input, Output, Alternate or Analog) */
 235:Drivers/STM32F0xx_HAL_Driver/Src/stm32f0xx_hal_gpio.c ****       temp = GPIOx->MODER;
 236:Drivers/STM32F0xx_HAL_Driver/Src/stm32f0xx_hal_gpio.c ****       temp &= ~(GPIO_MODER_MODER0 << (position * 2u));
 237:Drivers/STM32F0xx_HAL_Driver/Src/stm32f0xx_hal_gpio.c ****       temp |= ((GPIO_Init->Mode & GPIO_MODE) << (position * 2u));
 238:Drivers/STM32F0xx_HAL_Driver/Src/stm32f0xx_hal_gpio.c ****       GPIOx->MODER = temp;
 239:Drivers/STM32F0xx_HAL_Driver/Src/stm32f0xx_hal_gpio.c **** 
 240:Drivers/STM32F0xx_HAL_Driver/Src/stm32f0xx_hal_gpio.c ****       /*--------------------- EXTI Mode Configuration ------------------------*/
 241:Drivers/STM32F0xx_HAL_Driver/Src/stm32f0xx_hal_gpio.c ****       /* Configure the External Interrupt or event for the current IO */
 242:Drivers/STM32F0xx_HAL_Driver/Src/stm32f0xx_hal_gpio.c ****       if((GPIO_Init->Mode & EXTI_MODE) != 0x00u)
 243:Drivers/STM32F0xx_HAL_Driver/Src/stm32f0xx_hal_gpio.c ****       {
 244:Drivers/STM32F0xx_HAL_Driver/Src/stm32f0xx_hal_gpio.c ****         /* Enable SYSCFG Clock */
 245:Drivers/STM32F0xx_HAL_Driver/Src/stm32f0xx_hal_gpio.c ****         __HAL_RCC_SYSCFG_CLK_ENABLE();
 246:Drivers/STM32F0xx_HAL_Driver/Src/stm32f0xx_hal_gpio.c **** 
 247:Drivers/STM32F0xx_HAL_Driver/Src/stm32f0xx_hal_gpio.c ****         temp = SYSCFG->EXTICR[position >> 2u];
 248:Drivers/STM32F0xx_HAL_Driver/Src/stm32f0xx_hal_gpio.c ****         temp &= ~(0x0FuL << (4u * (position & 0x03u)));
 249:Drivers/STM32F0xx_HAL_Driver/Src/stm32f0xx_hal_gpio.c ****         temp |= (GPIO_GET_INDEX(GPIOx) << (4u * (position & 0x03u)));
 145              		.loc 1 249 18 discriminator 7 view .LVU51
 146 0050 0326     		movs	r6, #3
 147 0052 00E0     		b	.L7
 148              	.L13:
 149              		.loc 1 249 18 discriminator 2 view .LVU52
 150 0054 0026     		movs	r6, #0
ARM GAS  C:\Users\fastr\AppData\Local\Temp\ccA1eAIM.s 			page 8


 151              	.L7:
 152              		.loc 1 249 40 discriminator 9 view .LVU53
 153 0056 8640     		lsls	r6, r6, r0
 154 0058 3000     		movs	r0, r6
 155              		.loc 1 249 14 discriminator 9 view .LVU54
 156 005a 3843     		orrs	r0, r7
 157              	.LVL14:
 250:Drivers/STM32F0xx_HAL_Driver/Src/stm32f0xx_hal_gpio.c ****         SYSCFG->EXTICR[position >> 2u] = temp;
 158              		.loc 1 250 9 is_stmt 1 view .LVU55
 159              		.loc 1 250 40 is_stmt 0 view .LVU56
 160 005c 0232     		adds	r2, r2, #2
 161 005e 9200     		lsls	r2, r2, #2
 162 0060 444E     		ldr	r6, .L25
 163 0062 9051     		str	r0, [r2, r6]
 251:Drivers/STM32F0xx_HAL_Driver/Src/stm32f0xx_hal_gpio.c **** 
 252:Drivers/STM32F0xx_HAL_Driver/Src/stm32f0xx_hal_gpio.c ****         /* Clear Rising Falling edge configuration */
 253:Drivers/STM32F0xx_HAL_Driver/Src/stm32f0xx_hal_gpio.c ****         temp = EXTI->RTSR;
 164              		.loc 1 253 9 is_stmt 1 view .LVU57
 165              		.loc 1 253 14 is_stmt 0 view .LVU58
 166 0064 444A     		ldr	r2, .L25+4
 167 0066 9768     		ldr	r7, [r2, #8]
 168              	.LVL15:
 254:Drivers/STM32F0xx_HAL_Driver/Src/stm32f0xx_hal_gpio.c ****         temp &= ~(iocurrent);
 169              		.loc 1 254 9 is_stmt 1 view .LVU59
 170              		.loc 1 254 17 is_stmt 0 view .LVU60
 171 0068 EA43     		mvns	r2, r5
 172              		.loc 1 254 14 view .LVU61
 173 006a 3E00     		movs	r6, r7
 174 006c AE43     		bics	r6, r5
 175              	.LVL16:
 255:Drivers/STM32F0xx_HAL_Driver/Src/stm32f0xx_hal_gpio.c ****         if((GPIO_Init->Mode & TRIGGER_RISING) != 0x00u)
 176              		.loc 1 255 9 is_stmt 1 view .LVU62
 177              		.loc 1 255 22 is_stmt 0 view .LVU63
 178 006e 4868     		ldr	r0, [r1, #4]
 179              		.loc 1 255 11 view .LVU64
 180 0070 C002     		lsls	r0, r0, #11
 181 0072 01D5     		bpl	.L8
 256:Drivers/STM32F0xx_HAL_Driver/Src/stm32f0xx_hal_gpio.c ****         {
 257:Drivers/STM32F0xx_HAL_Driver/Src/stm32f0xx_hal_gpio.c ****           temp |= iocurrent;
 182              		.loc 1 257 11 is_stmt 1 view .LVU65
 183              		.loc 1 257 16 is_stmt 0 view .LVU66
 184 0074 3E00     		movs	r6, r7
 185              	.LVL17:
 186              		.loc 1 257 16 view .LVU67
 187 0076 2E43     		orrs	r6, r5
 188              	.L8:
 189              	.LVL18:
 258:Drivers/STM32F0xx_HAL_Driver/Src/stm32f0xx_hal_gpio.c ****         }
 259:Drivers/STM32F0xx_HAL_Driver/Src/stm32f0xx_hal_gpio.c ****         EXTI->RTSR = temp;
 190              		.loc 1 259 9 is_stmt 1 view .LVU68
 191              		.loc 1 259 20 is_stmt 0 view .LVU69
 192 0078 3F48     		ldr	r0, .L25+4
 193 007a 8660     		str	r6, [r0, #8]
 260:Drivers/STM32F0xx_HAL_Driver/Src/stm32f0xx_hal_gpio.c **** 
 261:Drivers/STM32F0xx_HAL_Driver/Src/stm32f0xx_hal_gpio.c ****         temp = EXTI->FTSR;
 194              		.loc 1 261 9 is_stmt 1 view .LVU70
 195              		.loc 1 261 14 is_stmt 0 view .LVU71
ARM GAS  C:\Users\fastr\AppData\Local\Temp\ccA1eAIM.s 			page 9


 196 007c C768     		ldr	r7, [r0, #12]
 197              	.LVL19:
 262:Drivers/STM32F0xx_HAL_Driver/Src/stm32f0xx_hal_gpio.c ****         temp &= ~(iocurrent);
 198              		.loc 1 262 9 is_stmt 1 view .LVU72
 199              		.loc 1 262 14 is_stmt 0 view .LVU73
 200 007e 3E00     		movs	r6, r7
 201 0080 1640     		ands	r6, r2
 202              	.LVL20:
 263:Drivers/STM32F0xx_HAL_Driver/Src/stm32f0xx_hal_gpio.c ****         if((GPIO_Init->Mode & TRIGGER_FALLING) != 0x00u)
 203              		.loc 1 263 9 is_stmt 1 view .LVU74
 204              		.loc 1 263 22 is_stmt 0 view .LVU75
 205 0082 4868     		ldr	r0, [r1, #4]
 206              		.loc 1 263 11 view .LVU76
 207 0084 8002     		lsls	r0, r0, #10
 208 0086 01D5     		bpl	.L9
 264:Drivers/STM32F0xx_HAL_Driver/Src/stm32f0xx_hal_gpio.c ****         {
 265:Drivers/STM32F0xx_HAL_Driver/Src/stm32f0xx_hal_gpio.c ****           temp |= iocurrent;
 209              		.loc 1 265 11 is_stmt 1 view .LVU77
 210              		.loc 1 265 16 is_stmt 0 view .LVU78
 211 0088 3E00     		movs	r6, r7
 212              	.LVL21:
 213              		.loc 1 265 16 view .LVU79
 214 008a 2E43     		orrs	r6, r5
 215              	.L9:
 216              	.LVL22:
 266:Drivers/STM32F0xx_HAL_Driver/Src/stm32f0xx_hal_gpio.c ****         }
 267:Drivers/STM32F0xx_HAL_Driver/Src/stm32f0xx_hal_gpio.c ****         EXTI->FTSR = temp;
 217              		.loc 1 267 9 is_stmt 1 view .LVU80
 218              		.loc 1 267 20 is_stmt 0 view .LVU81
 219 008c 3A48     		ldr	r0, .L25+4
 220 008e C660     		str	r6, [r0, #12]
 268:Drivers/STM32F0xx_HAL_Driver/Src/stm32f0xx_hal_gpio.c **** 
 269:Drivers/STM32F0xx_HAL_Driver/Src/stm32f0xx_hal_gpio.c ****         /* Clear EXTI line configuration */
 270:Drivers/STM32F0xx_HAL_Driver/Src/stm32f0xx_hal_gpio.c ****         temp = EXTI->EMR;
 221              		.loc 1 270 9 is_stmt 1 view .LVU82
 222              		.loc 1 270 14 is_stmt 0 view .LVU83
 223 0090 4768     		ldr	r7, [r0, #4]
 224              	.LVL23:
 271:Drivers/STM32F0xx_HAL_Driver/Src/stm32f0xx_hal_gpio.c ****         temp &= ~(iocurrent);
 225              		.loc 1 271 9 is_stmt 1 view .LVU84
 226              		.loc 1 271 14 is_stmt 0 view .LVU85
 227 0092 3E00     		movs	r6, r7
 228 0094 1640     		ands	r6, r2
 229              	.LVL24:
 272:Drivers/STM32F0xx_HAL_Driver/Src/stm32f0xx_hal_gpio.c ****         if((GPIO_Init->Mode & EXTI_EVT) != 0x00u)
 230              		.loc 1 272 9 is_stmt 1 view .LVU86
 231              		.loc 1 272 22 is_stmt 0 view .LVU87
 232 0096 4868     		ldr	r0, [r1, #4]
 233              		.loc 1 272 11 view .LVU88
 234 0098 8003     		lsls	r0, r0, #14
 235 009a 01D5     		bpl	.L10
 273:Drivers/STM32F0xx_HAL_Driver/Src/stm32f0xx_hal_gpio.c ****         {
 274:Drivers/STM32F0xx_HAL_Driver/Src/stm32f0xx_hal_gpio.c ****           temp |= iocurrent;
 236              		.loc 1 274 11 is_stmt 1 view .LVU89
 237              		.loc 1 274 16 is_stmt 0 view .LVU90
 238 009c 3E00     		movs	r6, r7
 239              	.LVL25:
ARM GAS  C:\Users\fastr\AppData\Local\Temp\ccA1eAIM.s 			page 10


 240              		.loc 1 274 16 view .LVU91
 241 009e 2E43     		orrs	r6, r5
 242              	.L10:
 243              	.LVL26:
 275:Drivers/STM32F0xx_HAL_Driver/Src/stm32f0xx_hal_gpio.c ****         }
 276:Drivers/STM32F0xx_HAL_Driver/Src/stm32f0xx_hal_gpio.c ****         EXTI->EMR = temp;
 244              		.loc 1 276 9 is_stmt 1 view .LVU92
 245              		.loc 1 276 19 is_stmt 0 view .LVU93
 246 00a0 3548     		ldr	r0, .L25+4
 247 00a2 4660     		str	r6, [r0, #4]
 277:Drivers/STM32F0xx_HAL_Driver/Src/stm32f0xx_hal_gpio.c **** 
 278:Drivers/STM32F0xx_HAL_Driver/Src/stm32f0xx_hal_gpio.c ****         temp = EXTI->IMR;
 248              		.loc 1 278 9 is_stmt 1 view .LVU94
 249              		.loc 1 278 14 is_stmt 0 view .LVU95
 250 00a4 0668     		ldr	r6, [r0]
 251              	.LVL27:
 279:Drivers/STM32F0xx_HAL_Driver/Src/stm32f0xx_hal_gpio.c ****         temp &= ~(iocurrent);
 252              		.loc 1 279 9 is_stmt 1 view .LVU96
 253              		.loc 1 279 14 is_stmt 0 view .LVU97
 254 00a6 3240     		ands	r2, r6
 255              	.LVL28:
 280:Drivers/STM32F0xx_HAL_Driver/Src/stm32f0xx_hal_gpio.c ****         if((GPIO_Init->Mode & EXTI_IT) != 0x00u)
 256              		.loc 1 280 9 is_stmt 1 view .LVU98
 257              		.loc 1 280 22 is_stmt 0 view .LVU99
 258 00a8 4868     		ldr	r0, [r1, #4]
 259              		.loc 1 280 11 view .LVU100
 260 00aa C003     		lsls	r0, r0, #15
 261 00ac 01D5     		bpl	.L11
 281:Drivers/STM32F0xx_HAL_Driver/Src/stm32f0xx_hal_gpio.c ****         {
 282:Drivers/STM32F0xx_HAL_Driver/Src/stm32f0xx_hal_gpio.c ****           temp |= iocurrent;
 262              		.loc 1 282 11 is_stmt 1 view .LVU101
 263              		.loc 1 282 16 is_stmt 0 view .LVU102
 264 00ae 2A00     		movs	r2, r5
 265              	.LVL29:
 266              		.loc 1 282 16 view .LVU103
 267 00b0 3243     		orrs	r2, r6
 268              	.L11:
 269              	.LVL30:
 283:Drivers/STM32F0xx_HAL_Driver/Src/stm32f0xx_hal_gpio.c ****         }
 284:Drivers/STM32F0xx_HAL_Driver/Src/stm32f0xx_hal_gpio.c ****         EXTI->IMR = temp;
 270              		.loc 1 284 9 is_stmt 1 view .LVU104
 271              		.loc 1 284 19 is_stmt 0 view .LVU105
 272 00b2 3148     		ldr	r0, .L25+4
 273 00b4 0260     		str	r2, [r0]
 274              	.LVL31:
 275              	.L3:
 285:Drivers/STM32F0xx_HAL_Driver/Src/stm32f0xx_hal_gpio.c ****       }
 286:Drivers/STM32F0xx_HAL_Driver/Src/stm32f0xx_hal_gpio.c ****     }
 287:Drivers/STM32F0xx_HAL_Driver/Src/stm32f0xx_hal_gpio.c **** 
 288:Drivers/STM32F0xx_HAL_Driver/Src/stm32f0xx_hal_gpio.c ****     position++;
 276              		.loc 1 288 5 is_stmt 1 view .LVU106
 277              		.loc 1 288 13 is_stmt 0 view .LVU107
 278 00b6 0133     		adds	r3, r3, #1
 279              	.LVL32:
 280              	.L2:
 181:Drivers/STM32F0xx_HAL_Driver/Src/stm32f0xx_hal_gpio.c ****   {
 281              		.loc 1 181 41 is_stmt 1 view .LVU108
ARM GAS  C:\Users\fastr\AppData\Local\Temp\ccA1eAIM.s 			page 11


 181:Drivers/STM32F0xx_HAL_Driver/Src/stm32f0xx_hal_gpio.c ****   {
 282              		.loc 1 181 21 is_stmt 0 view .LVU109
 283 00b8 0868     		ldr	r0, [r1]
 181:Drivers/STM32F0xx_HAL_Driver/Src/stm32f0xx_hal_gpio.c ****   {
 284              		.loc 1 181 28 view .LVU110
 285 00ba 0200     		movs	r2, r0
 286 00bc DA40     		lsrs	r2, r2, r3
 181:Drivers/STM32F0xx_HAL_Driver/Src/stm32f0xx_hal_gpio.c ****   {
 287              		.loc 1 181 41 view .LVU111
 288 00be 56D0     		beq	.L21
 184:Drivers/STM32F0xx_HAL_Driver/Src/stm32f0xx_hal_gpio.c **** 
 289              		.loc 1 184 5 is_stmt 1 view .LVU112
 184:Drivers/STM32F0xx_HAL_Driver/Src/stm32f0xx_hal_gpio.c **** 
 290              		.loc 1 184 41 is_stmt 0 view .LVU113
 291 00c0 0122     		movs	r2, #1
 292 00c2 9A40     		lsls	r2, r2, r3
 184:Drivers/STM32F0xx_HAL_Driver/Src/stm32f0xx_hal_gpio.c **** 
 293              		.loc 1 184 15 view .LVU114
 294 00c4 0500     		movs	r5, r0
 295 00c6 1540     		ands	r5, r2
 296              	.LVL33:
 186:Drivers/STM32F0xx_HAL_Driver/Src/stm32f0xx_hal_gpio.c ****     {
 297              		.loc 1 186 5 is_stmt 1 view .LVU115
 186:Drivers/STM32F0xx_HAL_Driver/Src/stm32f0xx_hal_gpio.c ****     {
 298              		.loc 1 186 8 is_stmt 0 view .LVU116
 299 00c8 1042     		tst	r0, r2
 300 00ca F4D0     		beq	.L3
 190:Drivers/STM32F0xx_HAL_Driver/Src/stm32f0xx_hal_gpio.c ****          ((GPIO_Init->Mode & GPIO_MODE) == MODE_AF))
 301              		.loc 1 190 7 is_stmt 1 view .LVU117
 190:Drivers/STM32F0xx_HAL_Driver/Src/stm32f0xx_hal_gpio.c ****          ((GPIO_Init->Mode & GPIO_MODE) == MODE_AF))
 302              		.loc 1 190 21 is_stmt 0 view .LVU118
 303 00cc 4E68     		ldr	r6, [r1, #4]
 190:Drivers/STM32F0xx_HAL_Driver/Src/stm32f0xx_hal_gpio.c ****          ((GPIO_Init->Mode & GPIO_MODE) == MODE_AF))
 304              		.loc 1 190 28 view .LVU119
 305 00ce 0320     		movs	r0, #3
 306 00d0 3040     		ands	r0, r6
 190:Drivers/STM32F0xx_HAL_Driver/Src/stm32f0xx_hal_gpio.c ****          ((GPIO_Init->Mode & GPIO_MODE) == MODE_AF))
 307              		.loc 1 190 57 view .LVU120
 308 00d2 0138     		subs	r0, r0, #1
 190:Drivers/STM32F0xx_HAL_Driver/Src/stm32f0xx_hal_gpio.c ****          ((GPIO_Init->Mode & GPIO_MODE) == MODE_AF))
 309              		.loc 1 190 9 view .LVU121
 310 00d4 0128     		cmp	r0, #1
 311 00d6 98D9     		bls	.L22
 312              	.L4:
 208:Drivers/STM32F0xx_HAL_Driver/Src/stm32f0xx_hal_gpio.c ****       {
 313              		.loc 1 208 7 is_stmt 1 view .LVU122
 208:Drivers/STM32F0xx_HAL_Driver/Src/stm32f0xx_hal_gpio.c ****       {
 314              		.loc 1 208 20 is_stmt 0 view .LVU123
 315 00d8 4868     		ldr	r0, [r1, #4]
 208:Drivers/STM32F0xx_HAL_Driver/Src/stm32f0xx_hal_gpio.c ****       {
 316              		.loc 1 208 27 view .LVU124
 317 00da 0322     		movs	r2, #3
 318 00dc 0240     		ands	r2, r0
 208:Drivers/STM32F0xx_HAL_Driver/Src/stm32f0xx_hal_gpio.c ****       {
 319              		.loc 1 208 9 view .LVU125
 320 00de 032A     		cmp	r2, #3
 321 00e0 08D0     		beq	.L5
ARM GAS  C:\Users\fastr\AppData\Local\Temp\ccA1eAIM.s 			page 12


 211:Drivers/STM32F0xx_HAL_Driver/Src/stm32f0xx_hal_gpio.c **** 
 322              		.loc 1 211 9 is_stmt 1 view .LVU126
 214:Drivers/STM32F0xx_HAL_Driver/Src/stm32f0xx_hal_gpio.c ****         temp &= ~(GPIO_PUPDR_PUPDR0 << (position * 2u));
 323              		.loc 1 214 9 view .LVU127
 214:Drivers/STM32F0xx_HAL_Driver/Src/stm32f0xx_hal_gpio.c ****         temp &= ~(GPIO_PUPDR_PUPDR0 << (position * 2u));
 324              		.loc 1 214 14 is_stmt 0 view .LVU128
 325 00e2 E068     		ldr	r0, [r4, #12]
 326              	.LVL34:
 215:Drivers/STM32F0xx_HAL_Driver/Src/stm32f0xx_hal_gpio.c ****         temp |= ((GPIO_Init->Pull) << (position * 2u));
 327              		.loc 1 215 9 is_stmt 1 view .LVU129
 215:Drivers/STM32F0xx_HAL_Driver/Src/stm32f0xx_hal_gpio.c ****         temp |= ((GPIO_Init->Pull) << (position * 2u));
 328              		.loc 1 215 50 is_stmt 0 view .LVU130
 329 00e4 5E00     		lsls	r6, r3, #1
 215:Drivers/STM32F0xx_HAL_Driver/Src/stm32f0xx_hal_gpio.c ****         temp |= ((GPIO_Init->Pull) << (position * 2u));
 330              		.loc 1 215 37 view .LVU131
 331 00e6 0322     		movs	r2, #3
 332 00e8 B240     		lsls	r2, r2, r6
 215:Drivers/STM32F0xx_HAL_Driver/Src/stm32f0xx_hal_gpio.c ****         temp |= ((GPIO_Init->Pull) << (position * 2u));
 333              		.loc 1 215 14 view .LVU132
 334 00ea 9043     		bics	r0, r2
 335              	.LVL35:
 216:Drivers/STM32F0xx_HAL_Driver/Src/stm32f0xx_hal_gpio.c ****         GPIOx->PUPDR = temp;
 336              		.loc 1 216 9 is_stmt 1 view .LVU133
 216:Drivers/STM32F0xx_HAL_Driver/Src/stm32f0xx_hal_gpio.c ****         GPIOx->PUPDR = temp;
 337              		.loc 1 216 28 is_stmt 0 view .LVU134
 338 00ec 8A68     		ldr	r2, [r1, #8]
 216:Drivers/STM32F0xx_HAL_Driver/Src/stm32f0xx_hal_gpio.c ****         GPIOx->PUPDR = temp;
 339              		.loc 1 216 36 view .LVU135
 340 00ee B240     		lsls	r2, r2, r6
 216:Drivers/STM32F0xx_HAL_Driver/Src/stm32f0xx_hal_gpio.c ****         GPIOx->PUPDR = temp;
 341              		.loc 1 216 14 view .LVU136
 342 00f0 0243     		orrs	r2, r0
 343              	.LVL36:
 217:Drivers/STM32F0xx_HAL_Driver/Src/stm32f0xx_hal_gpio.c ****       }
 344              		.loc 1 217 9 is_stmt 1 view .LVU137
 217:Drivers/STM32F0xx_HAL_Driver/Src/stm32f0xx_hal_gpio.c ****       }
 345              		.loc 1 217 22 is_stmt 0 view .LVU138
 346 00f2 E260     		str	r2, [r4, #12]
 347              	.LVL37:
 348              	.L5:
 221:Drivers/STM32F0xx_HAL_Driver/Src/stm32f0xx_hal_gpio.c ****       {
 349              		.loc 1 221 7 is_stmt 1 view .LVU139
 221:Drivers/STM32F0xx_HAL_Driver/Src/stm32f0xx_hal_gpio.c ****       {
 350              		.loc 1 221 20 is_stmt 0 view .LVU140
 351 00f4 4868     		ldr	r0, [r1, #4]
 221:Drivers/STM32F0xx_HAL_Driver/Src/stm32f0xx_hal_gpio.c ****       {
 352              		.loc 1 221 27 view .LVU141
 353 00f6 0322     		movs	r2, #3
 354 00f8 0240     		ands	r2, r0
 221:Drivers/STM32F0xx_HAL_Driver/Src/stm32f0xx_hal_gpio.c ****       {
 355              		.loc 1 221 9 view .LVU142
 356 00fa 022A     		cmp	r2, #2
 357 00fc 98D0     		beq	.L23
 358              	.L6:
 235:Drivers/STM32F0xx_HAL_Driver/Src/stm32f0xx_hal_gpio.c ****       temp &= ~(GPIO_MODER_MODER0 << (position * 2u));
 359              		.loc 1 235 7 is_stmt 1 view .LVU143
 235:Drivers/STM32F0xx_HAL_Driver/Src/stm32f0xx_hal_gpio.c ****       temp &= ~(GPIO_MODER_MODER0 << (position * 2u));
ARM GAS  C:\Users\fastr\AppData\Local\Temp\ccA1eAIM.s 			page 13


 360              		.loc 1 235 12 is_stmt 0 view .LVU144
 361 00fe 2068     		ldr	r0, [r4]
 362              	.LVL38:
 236:Drivers/STM32F0xx_HAL_Driver/Src/stm32f0xx_hal_gpio.c ****       temp |= ((GPIO_Init->Mode & GPIO_MODE) << (position * 2u));
 363              		.loc 1 236 7 is_stmt 1 view .LVU145
 236:Drivers/STM32F0xx_HAL_Driver/Src/stm32f0xx_hal_gpio.c ****       temp |= ((GPIO_Init->Mode & GPIO_MODE) << (position * 2u));
 364              		.loc 1 236 48 is_stmt 0 view .LVU146
 365 0100 5E00     		lsls	r6, r3, #1
 236:Drivers/STM32F0xx_HAL_Driver/Src/stm32f0xx_hal_gpio.c ****       temp |= ((GPIO_Init->Mode & GPIO_MODE) << (position * 2u));
 366              		.loc 1 236 35 view .LVU147
 367 0102 0322     		movs	r2, #3
 368 0104 1700     		movs	r7, r2
 369 0106 B740     		lsls	r7, r7, r6
 236:Drivers/STM32F0xx_HAL_Driver/Src/stm32f0xx_hal_gpio.c ****       temp |= ((GPIO_Init->Mode & GPIO_MODE) << (position * 2u));
 370              		.loc 1 236 12 view .LVU148
 371 0108 B843     		bics	r0, r7
 372              	.LVL39:
 237:Drivers/STM32F0xx_HAL_Driver/Src/stm32f0xx_hal_gpio.c ****       GPIOx->MODER = temp;
 373              		.loc 1 237 7 is_stmt 1 view .LVU149
 237:Drivers/STM32F0xx_HAL_Driver/Src/stm32f0xx_hal_gpio.c ****       GPIOx->MODER = temp;
 374              		.loc 1 237 26 is_stmt 0 view .LVU150
 375 010a 4F68     		ldr	r7, [r1, #4]
 237:Drivers/STM32F0xx_HAL_Driver/Src/stm32f0xx_hal_gpio.c ****       GPIOx->MODER = temp;
 376              		.loc 1 237 33 view .LVU151
 377 010c 3A40     		ands	r2, r7
 237:Drivers/STM32F0xx_HAL_Driver/Src/stm32f0xx_hal_gpio.c ****       GPIOx->MODER = temp;
 378              		.loc 1 237 46 view .LVU152
 379 010e B240     		lsls	r2, r2, r6
 237:Drivers/STM32F0xx_HAL_Driver/Src/stm32f0xx_hal_gpio.c ****       GPIOx->MODER = temp;
 380              		.loc 1 237 12 view .LVU153
 381 0110 0243     		orrs	r2, r0
 382              	.LVL40:
 238:Drivers/STM32F0xx_HAL_Driver/Src/stm32f0xx_hal_gpio.c **** 
 383              		.loc 1 238 7 is_stmt 1 view .LVU154
 238:Drivers/STM32F0xx_HAL_Driver/Src/stm32f0xx_hal_gpio.c **** 
 384              		.loc 1 238 20 is_stmt 0 view .LVU155
 385 0112 2260     		str	r2, [r4]
 242:Drivers/STM32F0xx_HAL_Driver/Src/stm32f0xx_hal_gpio.c ****       {
 386              		.loc 1 242 7 is_stmt 1 view .LVU156
 242:Drivers/STM32F0xx_HAL_Driver/Src/stm32f0xx_hal_gpio.c ****       {
 387              		.loc 1 242 20 is_stmt 0 view .LVU157
 388 0114 4868     		ldr	r0, [r1, #4]
 242:Drivers/STM32F0xx_HAL_Driver/Src/stm32f0xx_hal_gpio.c ****       {
 389              		.loc 1 242 27 view .LVU158
 390 0116 C022     		movs	r2, #192
 391              	.LVL41:
 242:Drivers/STM32F0xx_HAL_Driver/Src/stm32f0xx_hal_gpio.c ****       {
 392              		.loc 1 242 27 view .LVU159
 393 0118 9202     		lsls	r2, r2, #10
 242:Drivers/STM32F0xx_HAL_Driver/Src/stm32f0xx_hal_gpio.c ****       {
 394              		.loc 1 242 9 view .LVU160
 395 011a 1042     		tst	r0, r2
 396 011c CBD0     		beq	.L3
 245:Drivers/STM32F0xx_HAL_Driver/Src/stm32f0xx_hal_gpio.c **** 
 397              		.loc 1 245 9 is_stmt 1 view .LVU161
 398              	.LBB2:
 245:Drivers/STM32F0xx_HAL_Driver/Src/stm32f0xx_hal_gpio.c **** 
ARM GAS  C:\Users\fastr\AppData\Local\Temp\ccA1eAIM.s 			page 14


 399              		.loc 1 245 9 view .LVU162
 245:Drivers/STM32F0xx_HAL_Driver/Src/stm32f0xx_hal_gpio.c **** 
 400              		.loc 1 245 9 view .LVU163
 401 011e 1748     		ldr	r0, .L25+8
 402 0120 8669     		ldr	r6, [r0, #24]
 403 0122 0122     		movs	r2, #1
 404 0124 1643     		orrs	r6, r2
 405 0126 8661     		str	r6, [r0, #24]
 406              	.LVL42:
 245:Drivers/STM32F0xx_HAL_Driver/Src/stm32f0xx_hal_gpio.c **** 
 407              		.loc 1 245 9 view .LVU164
 408 0128 8069     		ldr	r0, [r0, #24]
 409 012a 0240     		ands	r2, r0
 410 012c 0192     		str	r2, [sp, #4]
 245:Drivers/STM32F0xx_HAL_Driver/Src/stm32f0xx_hal_gpio.c **** 
 411              		.loc 1 245 9 view .LVU165
 412 012e 019A     		ldr	r2, [sp, #4]
 413              	.LBE2:
 245:Drivers/STM32F0xx_HAL_Driver/Src/stm32f0xx_hal_gpio.c **** 
 414              		.loc 1 245 9 view .LVU166
 247:Drivers/STM32F0xx_HAL_Driver/Src/stm32f0xx_hal_gpio.c ****         temp &= ~(0x0FuL << (4u * (position & 0x03u)));
 415              		.loc 1 247 9 view .LVU167
 247:Drivers/STM32F0xx_HAL_Driver/Src/stm32f0xx_hal_gpio.c ****         temp &= ~(0x0FuL << (4u * (position & 0x03u)));
 416              		.loc 1 247 40 is_stmt 0 view .LVU168
 417 0130 9A08     		lsrs	r2, r3, #2
 247:Drivers/STM32F0xx_HAL_Driver/Src/stm32f0xx_hal_gpio.c ****         temp &= ~(0x0FuL << (4u * (position & 0x03u)));
 418              		.loc 1 247 14 view .LVU169
 419 0132 901C     		adds	r0, r2, #2
 420 0134 8000     		lsls	r0, r0, #2
 421 0136 0F4E     		ldr	r6, .L25
 422 0138 8759     		ldr	r7, [r0, r6]
 423              	.LVL43:
 248:Drivers/STM32F0xx_HAL_Driver/Src/stm32f0xx_hal_gpio.c ****         temp |= (GPIO_GET_INDEX(GPIOx) << (4u * (position & 0x03u)));
 424              		.loc 1 248 9 is_stmt 1 view .LVU170
 248:Drivers/STM32F0xx_HAL_Driver/Src/stm32f0xx_hal_gpio.c ****         temp |= (GPIO_GET_INDEX(GPIOx) << (4u * (position & 0x03u)));
 425              		.loc 1 248 45 is_stmt 0 view .LVU171
 426 013a 0320     		movs	r0, #3
 427 013c 1840     		ands	r0, r3
 248:Drivers/STM32F0xx_HAL_Driver/Src/stm32f0xx_hal_gpio.c ****         temp |= (GPIO_GET_INDEX(GPIOx) << (4u * (position & 0x03u)));
 428              		.loc 1 248 33 view .LVU172
 429 013e 8000     		lsls	r0, r0, #2
 248:Drivers/STM32F0xx_HAL_Driver/Src/stm32f0xx_hal_gpio.c ****         temp |= (GPIO_GET_INDEX(GPIOx) << (4u * (position & 0x03u)));
 430              		.loc 1 248 26 view .LVU173
 431 0140 0F26     		movs	r6, #15
 432 0142 8640     		lsls	r6, r6, r0
 248:Drivers/STM32F0xx_HAL_Driver/Src/stm32f0xx_hal_gpio.c ****         temp |= (GPIO_GET_INDEX(GPIOx) << (4u * (position & 0x03u)));
 433              		.loc 1 248 14 view .LVU174
 434 0144 B743     		bics	r7, r6
 435              	.LVL44:
 249:Drivers/STM32F0xx_HAL_Driver/Src/stm32f0xx_hal_gpio.c ****         SYSCFG->EXTICR[position >> 2u] = temp;
 436              		.loc 1 249 9 is_stmt 1 view .LVU175
 249:Drivers/STM32F0xx_HAL_Driver/Src/stm32f0xx_hal_gpio.c ****         SYSCFG->EXTICR[position >> 2u] = temp;
 437              		.loc 1 249 18 is_stmt 0 view .LVU176
 438 0146 9026     		movs	r6, #144
 439 0148 F605     		lsls	r6, r6, #23
 440 014a B442     		cmp	r4, r6
 441 014c 82D0     		beq	.L13
ARM GAS  C:\Users\fastr\AppData\Local\Temp\ccA1eAIM.s 			page 15


 249:Drivers/STM32F0xx_HAL_Driver/Src/stm32f0xx_hal_gpio.c ****         SYSCFG->EXTICR[position >> 2u] = temp;
 442              		.loc 1 249 18 discriminator 1 view .LVU177
 443 014e 0C4E     		ldr	r6, .L25+12
 444 0150 B442     		cmp	r4, r6
 445 0152 08D0     		beq	.L14
 249:Drivers/STM32F0xx_HAL_Driver/Src/stm32f0xx_hal_gpio.c ****         SYSCFG->EXTICR[position >> 2u] = temp;
 446              		.loc 1 249 18 discriminator 3 view .LVU178
 447 0154 0B4E     		ldr	r6, .L25+16
 448 0156 B442     		cmp	r4, r6
 449 0158 07D0     		beq	.L15
 249:Drivers/STM32F0xx_HAL_Driver/Src/stm32f0xx_hal_gpio.c ****         SYSCFG->EXTICR[position >> 2u] = temp;
 450              		.loc 1 249 18 discriminator 5 view .LVU179
 451 015a 0B4E     		ldr	r6, .L25+20
 452 015c B442     		cmp	r4, r6
 453 015e 00D1     		bne	.LCB386
 454 0160 76E7     		b	.L24	@long jump
 455              	.LCB386:
 249:Drivers/STM32F0xx_HAL_Driver/Src/stm32f0xx_hal_gpio.c ****         SYSCFG->EXTICR[position >> 2u] = temp;
 456              		.loc 1 249 18 discriminator 8 view .LVU180
 457 0162 0526     		movs	r6, #5
 458 0164 77E7     		b	.L7
 459              	.L14:
 249:Drivers/STM32F0xx_HAL_Driver/Src/stm32f0xx_hal_gpio.c ****         SYSCFG->EXTICR[position >> 2u] = temp;
 460              		.loc 1 249 18 discriminator 4 view .LVU181
 461 0166 0126     		movs	r6, #1
 462 0168 75E7     		b	.L7
 463              	.L15:
 249:Drivers/STM32F0xx_HAL_Driver/Src/stm32f0xx_hal_gpio.c ****         SYSCFG->EXTICR[position >> 2u] = temp;
 464              		.loc 1 249 18 discriminator 6 view .LVU182
 465 016a 0226     		movs	r6, #2
 466 016c 73E7     		b	.L7
 467              	.LVL45:
 468              	.L21:
 289:Drivers/STM32F0xx_HAL_Driver/Src/stm32f0xx_hal_gpio.c ****   } 
 290:Drivers/STM32F0xx_HAL_Driver/Src/stm32f0xx_hal_gpio.c **** }
 469              		.loc 1 290 1 view .LVU183
 470 016e 03B0     		add	sp, sp, #12
 471              		@ sp needed
 472              	.LVL46:
 473              		.loc 1 290 1 view .LVU184
 474 0170 F0BD     		pop	{r4, r5, r6, r7, pc}
 475              	.L26:
 476 0172 C046     		.align	2
 477              	.L25:
 478 0174 00000140 		.word	1073807360
 479 0178 00040140 		.word	1073808384
 480 017c 00100240 		.word	1073876992
 481 0180 00040048 		.word	1207960576
 482 0184 00080048 		.word	1207961600
 483 0188 000C0048 		.word	1207962624
 484              		.cfi_endproc
 485              	.LFE40:
 487              		.section	.text.HAL_GPIO_DeInit,"ax",%progbits
 488              		.align	1
 489              		.global	HAL_GPIO_DeInit
 490              		.syntax unified
 491              		.code	16
ARM GAS  C:\Users\fastr\AppData\Local\Temp\ccA1eAIM.s 			page 16


 492              		.thumb_func
 494              	HAL_GPIO_DeInit:
 495              	.LVL47:
 496              	.LFB41:
 291:Drivers/STM32F0xx_HAL_Driver/Src/stm32f0xx_hal_gpio.c **** 
 292:Drivers/STM32F0xx_HAL_Driver/Src/stm32f0xx_hal_gpio.c **** /**
 293:Drivers/STM32F0xx_HAL_Driver/Src/stm32f0xx_hal_gpio.c ****   * @brief  De-initialize the GPIOx peripheral registers to their default reset values.
 294:Drivers/STM32F0xx_HAL_Driver/Src/stm32f0xx_hal_gpio.c ****   * @param  GPIOx where x can be (A..F) to select the GPIO peripheral for STM32F0 family
 295:Drivers/STM32F0xx_HAL_Driver/Src/stm32f0xx_hal_gpio.c ****   * @param  GPIO_Pin specifies the port bit to be written.
 296:Drivers/STM32F0xx_HAL_Driver/Src/stm32f0xx_hal_gpio.c ****   *         This parameter can be one of GPIO_PIN_x where x can be (0..15).
 297:Drivers/STM32F0xx_HAL_Driver/Src/stm32f0xx_hal_gpio.c ****   * @retval None
 298:Drivers/STM32F0xx_HAL_Driver/Src/stm32f0xx_hal_gpio.c ****   */
 299:Drivers/STM32F0xx_HAL_Driver/Src/stm32f0xx_hal_gpio.c **** void HAL_GPIO_DeInit(GPIO_TypeDef  *GPIOx, uint32_t GPIO_Pin)
 300:Drivers/STM32F0xx_HAL_Driver/Src/stm32f0xx_hal_gpio.c **** {
 497              		.loc 1 300 1 is_stmt 1 view -0
 498              		.cfi_startproc
 499              		@ args = 0, pretend = 0, frame = 0
 500              		@ frame_needed = 0, uses_anonymous_args = 0
 501              		.loc 1 300 1 is_stmt 0 view .LVU186
 502 0000 F0B5     		push	{r4, r5, r6, r7, lr}
 503              		.cfi_def_cfa_offset 20
 504              		.cfi_offset 4, -20
 505              		.cfi_offset 5, -16
 506              		.cfi_offset 6, -12
 507              		.cfi_offset 7, -8
 508              		.cfi_offset 14, -4
 509 0002 C646     		mov	lr, r8
 510 0004 00B5     		push	{lr}
 511              		.cfi_def_cfa_offset 24
 512              		.cfi_offset 8, -24
 513 0006 8846     		mov	r8, r1
 301:Drivers/STM32F0xx_HAL_Driver/Src/stm32f0xx_hal_gpio.c ****   uint32_t position = 0x00u;
 514              		.loc 1 301 3 is_stmt 1 view .LVU187
 515              	.LVL48:
 302:Drivers/STM32F0xx_HAL_Driver/Src/stm32f0xx_hal_gpio.c ****   uint32_t iocurrent;
 516              		.loc 1 302 3 view .LVU188
 303:Drivers/STM32F0xx_HAL_Driver/Src/stm32f0xx_hal_gpio.c ****   uint32_t tmp;
 517              		.loc 1 303 3 view .LVU189
 304:Drivers/STM32F0xx_HAL_Driver/Src/stm32f0xx_hal_gpio.c **** 
 305:Drivers/STM32F0xx_HAL_Driver/Src/stm32f0xx_hal_gpio.c ****   /* Check the parameters */
 306:Drivers/STM32F0xx_HAL_Driver/Src/stm32f0xx_hal_gpio.c ****   assert_param(IS_GPIO_ALL_INSTANCE(GPIOx));
 518              		.loc 1 306 3 view .LVU190
 307:Drivers/STM32F0xx_HAL_Driver/Src/stm32f0xx_hal_gpio.c ****   assert_param(IS_GPIO_PIN(GPIO_Pin));
 519              		.loc 1 307 3 view .LVU191
 308:Drivers/STM32F0xx_HAL_Driver/Src/stm32f0xx_hal_gpio.c **** 
 309:Drivers/STM32F0xx_HAL_Driver/Src/stm32f0xx_hal_gpio.c ****   /* Configure the port pins */
 310:Drivers/STM32F0xx_HAL_Driver/Src/stm32f0xx_hal_gpio.c ****   while ((GPIO_Pin >> position) != 0x00u)
 520              		.loc 1 310 3 view .LVU192
 301:Drivers/STM32F0xx_HAL_Driver/Src/stm32f0xx_hal_gpio.c ****   uint32_t iocurrent;
 521              		.loc 1 301 12 is_stmt 0 view .LVU193
 522 0008 0023     		movs	r3, #0
 523              		.loc 1 310 9 view .LVU194
 524 000a 20E0     		b	.L28
 525              	.LVL49:
 526              	.L39:
 311:Drivers/STM32F0xx_HAL_Driver/Src/stm32f0xx_hal_gpio.c ****   {
 312:Drivers/STM32F0xx_HAL_Driver/Src/stm32f0xx_hal_gpio.c ****     /* Get current io position */
ARM GAS  C:\Users\fastr\AppData\Local\Temp\ccA1eAIM.s 			page 17


 313:Drivers/STM32F0xx_HAL_Driver/Src/stm32f0xx_hal_gpio.c ****     iocurrent = (GPIO_Pin) & (1uL << position);
 314:Drivers/STM32F0xx_HAL_Driver/Src/stm32f0xx_hal_gpio.c **** 
 315:Drivers/STM32F0xx_HAL_Driver/Src/stm32f0xx_hal_gpio.c ****     if (iocurrent != 0x00u)
 316:Drivers/STM32F0xx_HAL_Driver/Src/stm32f0xx_hal_gpio.c ****     {
 317:Drivers/STM32F0xx_HAL_Driver/Src/stm32f0xx_hal_gpio.c ****       /*------------------------- EXTI Mode Configuration --------------------*/
 318:Drivers/STM32F0xx_HAL_Driver/Src/stm32f0xx_hal_gpio.c ****       /* Clear the External Interrupt or Event for the current IO */
 319:Drivers/STM32F0xx_HAL_Driver/Src/stm32f0xx_hal_gpio.c **** 
 320:Drivers/STM32F0xx_HAL_Driver/Src/stm32f0xx_hal_gpio.c ****       tmp = SYSCFG->EXTICR[position >> 2u];
 321:Drivers/STM32F0xx_HAL_Driver/Src/stm32f0xx_hal_gpio.c ****       tmp &= (0x0FuL << (4u * (position & 0x03u)));
 322:Drivers/STM32F0xx_HAL_Driver/Src/stm32f0xx_hal_gpio.c ****       if (tmp == (GPIO_GET_INDEX(GPIOx) << (4u * (position & 0x03u))))
 527              		.loc 1 322 19 discriminator 7 view .LVU195
 528 000c 0324     		movs	r4, #3
 529 000e 00E0     		b	.L30
 530              	.L33:
 531              		.loc 1 322 19 discriminator 2 view .LVU196
 532 0010 0024     		movs	r4, #0
 533              	.L30:
 534              		.loc 1 322 41 discriminator 9 view .LVU197
 535 0012 8C40     		lsls	r4, r4, r1
 536              		.loc 1 322 10 discriminator 9 view .LVU198
 537 0014 AC42     		cmp	r4, r5
 538 0016 43D0     		beq	.L37
 539              	.LVL50:
 540              	.L31:
 323:Drivers/STM32F0xx_HAL_Driver/Src/stm32f0xx_hal_gpio.c ****       {
 324:Drivers/STM32F0xx_HAL_Driver/Src/stm32f0xx_hal_gpio.c ****         /* Clear EXTI line configuration */
 325:Drivers/STM32F0xx_HAL_Driver/Src/stm32f0xx_hal_gpio.c ****         EXTI->IMR &= ~((uint32_t)iocurrent);
 326:Drivers/STM32F0xx_HAL_Driver/Src/stm32f0xx_hal_gpio.c ****         EXTI->EMR &= ~((uint32_t)iocurrent);
 327:Drivers/STM32F0xx_HAL_Driver/Src/stm32f0xx_hal_gpio.c ****         
 328:Drivers/STM32F0xx_HAL_Driver/Src/stm32f0xx_hal_gpio.c ****         /* Clear Rising Falling edge configuration */
 329:Drivers/STM32F0xx_HAL_Driver/Src/stm32f0xx_hal_gpio.c ****         EXTI->FTSR &= ~((uint32_t)iocurrent);
 330:Drivers/STM32F0xx_HAL_Driver/Src/stm32f0xx_hal_gpio.c ****         EXTI->RTSR &= ~((uint32_t)iocurrent);
 331:Drivers/STM32F0xx_HAL_Driver/Src/stm32f0xx_hal_gpio.c **** 
 332:Drivers/STM32F0xx_HAL_Driver/Src/stm32f0xx_hal_gpio.c ****         /* Configure the External Interrupt or event for the current IO */
 333:Drivers/STM32F0xx_HAL_Driver/Src/stm32f0xx_hal_gpio.c ****         tmp = 0x0FuL << (4u * (position & 0x03u));
 334:Drivers/STM32F0xx_HAL_Driver/Src/stm32f0xx_hal_gpio.c ****         SYSCFG->EXTICR[position >> 2u] &= ~tmp;
 335:Drivers/STM32F0xx_HAL_Driver/Src/stm32f0xx_hal_gpio.c ****       }
 336:Drivers/STM32F0xx_HAL_Driver/Src/stm32f0xx_hal_gpio.c **** 
 337:Drivers/STM32F0xx_HAL_Driver/Src/stm32f0xx_hal_gpio.c ****       /*------------------------- GPIO Mode Configuration --------------------*/
 338:Drivers/STM32F0xx_HAL_Driver/Src/stm32f0xx_hal_gpio.c ****       /* Configure IO Direction in Input Floating Mode */
 339:Drivers/STM32F0xx_HAL_Driver/Src/stm32f0xx_hal_gpio.c ****       GPIOx->MODER &= ~(GPIO_MODER_MODER0 << (position * 2u));
 541              		.loc 1 339 7 is_stmt 1 view .LVU199
 542              		.loc 1 339 12 is_stmt 0 view .LVU200
 543 0018 0168     		ldr	r1, [r0]
 544              		.loc 1 339 56 view .LVU201
 545 001a 5E00     		lsls	r6, r3, #1
 546              		.loc 1 339 43 view .LVU202
 547 001c 0325     		movs	r5, #3
 548 001e B540     		lsls	r5, r5, r6
 549              		.loc 1 339 20 view .LVU203
 550 0020 A943     		bics	r1, r5
 551 0022 0160     		str	r1, [r0]
 340:Drivers/STM32F0xx_HAL_Driver/Src/stm32f0xx_hal_gpio.c **** 
 341:Drivers/STM32F0xx_HAL_Driver/Src/stm32f0xx_hal_gpio.c ****       /* Configure the default Alternate Function in current IO */
 342:Drivers/STM32F0xx_HAL_Driver/Src/stm32f0xx_hal_gpio.c ****       GPIOx->AFR[position >> 3u] &= ~(0xFu << ((uint32_t)(position & 0x07u) * 4u)) ;
 552              		.loc 1 342 7 is_stmt 1 view .LVU204
 553              		.loc 1 342 17 is_stmt 0 view .LVU205
ARM GAS  C:\Users\fastr\AppData\Local\Temp\ccA1eAIM.s 			page 18


 554 0024 D908     		lsrs	r1, r3, #3
 555 0026 0831     		adds	r1, r1, #8
 556 0028 8900     		lsls	r1, r1, #2
 557 002a 0F58     		ldr	r7, [r1, r0]
 558              		.loc 1 342 48 view .LVU206
 559 002c 0726     		movs	r6, #7
 560 002e 1E40     		ands	r6, r3
 561              		.loc 1 342 77 view .LVU207
 562 0030 B600     		lsls	r6, r6, #2
 563              		.loc 1 342 44 view .LVU208
 564 0032 0F24     		movs	r4, #15
 565 0034 B440     		lsls	r4, r4, r6
 566              		.loc 1 342 34 view .LVU209
 567 0036 A743     		bics	r7, r4
 568 0038 0F50     		str	r7, [r1, r0]
 343:Drivers/STM32F0xx_HAL_Driver/Src/stm32f0xx_hal_gpio.c **** 
 344:Drivers/STM32F0xx_HAL_Driver/Src/stm32f0xx_hal_gpio.c ****       /* Deactivate the Pull-up and Pull-down resistor for the current IO */
 345:Drivers/STM32F0xx_HAL_Driver/Src/stm32f0xx_hal_gpio.c ****       GPIOx->PUPDR &= ~(GPIO_PUPDR_PUPDR0 << (position * 2u));
 569              		.loc 1 345 7 is_stmt 1 view .LVU210
 570              		.loc 1 345 12 is_stmt 0 view .LVU211
 571 003a C168     		ldr	r1, [r0, #12]
 572              		.loc 1 345 20 view .LVU212
 573 003c A943     		bics	r1, r5
 574 003e C160     		str	r1, [r0, #12]
 346:Drivers/STM32F0xx_HAL_Driver/Src/stm32f0xx_hal_gpio.c **** 
 347:Drivers/STM32F0xx_HAL_Driver/Src/stm32f0xx_hal_gpio.c ****       /* Configure the default value IO Output Type */
 348:Drivers/STM32F0xx_HAL_Driver/Src/stm32f0xx_hal_gpio.c ****       GPIOx->OTYPER  &= ~(GPIO_OTYPER_OT_0 << position) ;
 575              		.loc 1 348 7 is_stmt 1 view .LVU213
 576              		.loc 1 348 12 is_stmt 0 view .LVU214
 577 0040 4168     		ldr	r1, [r0, #4]
 578              		.loc 1 348 22 view .LVU215
 579 0042 9143     		bics	r1, r2
 580 0044 4160     		str	r1, [r0, #4]
 349:Drivers/STM32F0xx_HAL_Driver/Src/stm32f0xx_hal_gpio.c **** 
 350:Drivers/STM32F0xx_HAL_Driver/Src/stm32f0xx_hal_gpio.c ****       /* Configure the default value for IO Speed */
 351:Drivers/STM32F0xx_HAL_Driver/Src/stm32f0xx_hal_gpio.c ****       GPIOx->OSPEEDR &= ~(GPIO_OSPEEDER_OSPEEDR0 << (position * 2u));
 581              		.loc 1 351 7 is_stmt 1 view .LVU216
 582              		.loc 1 351 12 is_stmt 0 view .LVU217
 583 0046 8268     		ldr	r2, [r0, #8]
 584              	.LVL51:
 585              		.loc 1 351 22 view .LVU218
 586 0048 AA43     		bics	r2, r5
 587 004a 8260     		str	r2, [r0, #8]
 588              	.L29:
 352:Drivers/STM32F0xx_HAL_Driver/Src/stm32f0xx_hal_gpio.c **** 
 353:Drivers/STM32F0xx_HAL_Driver/Src/stm32f0xx_hal_gpio.c ****     }
 354:Drivers/STM32F0xx_HAL_Driver/Src/stm32f0xx_hal_gpio.c **** 
 355:Drivers/STM32F0xx_HAL_Driver/Src/stm32f0xx_hal_gpio.c ****     position++;
 589              		.loc 1 355 5 is_stmt 1 view .LVU219
 590              		.loc 1 355 13 is_stmt 0 view .LVU220
 591 004c 0133     		adds	r3, r3, #1
 592              	.LVL52:
 593              	.L28:
 310:Drivers/STM32F0xx_HAL_Driver/Src/stm32f0xx_hal_gpio.c ****   {
 594              		.loc 1 310 33 is_stmt 1 view .LVU221
 310:Drivers/STM32F0xx_HAL_Driver/Src/stm32f0xx_hal_gpio.c ****   {
 595              		.loc 1 310 20 is_stmt 0 view .LVU222
ARM GAS  C:\Users\fastr\AppData\Local\Temp\ccA1eAIM.s 			page 19


 596 004e 4246     		mov	r2, r8
 597 0050 DA40     		lsrs	r2, r2, r3
 310:Drivers/STM32F0xx_HAL_Driver/Src/stm32f0xx_hal_gpio.c ****   {
 598              		.loc 1 310 33 view .LVU223
 599 0052 3CD0     		beq	.L38
 313:Drivers/STM32F0xx_HAL_Driver/Src/stm32f0xx_hal_gpio.c **** 
 600              		.loc 1 313 5 is_stmt 1 view .LVU224
 313:Drivers/STM32F0xx_HAL_Driver/Src/stm32f0xx_hal_gpio.c **** 
 601              		.loc 1 313 35 is_stmt 0 view .LVU225
 602 0054 0122     		movs	r2, #1
 603 0056 9A40     		lsls	r2, r2, r3
 313:Drivers/STM32F0xx_HAL_Driver/Src/stm32f0xx_hal_gpio.c **** 
 604              		.loc 1 313 15 view .LVU226
 605 0058 4146     		mov	r1, r8
 606 005a 1140     		ands	r1, r2
 607 005c 8C46     		mov	ip, r1
 608              	.LVL53:
 315:Drivers/STM32F0xx_HAL_Driver/Src/stm32f0xx_hal_gpio.c ****     {
 609              		.loc 1 315 5 is_stmt 1 view .LVU227
 315:Drivers/STM32F0xx_HAL_Driver/Src/stm32f0xx_hal_gpio.c ****     {
 610              		.loc 1 315 8 is_stmt 0 view .LVU228
 611 005e 4146     		mov	r1, r8
 612              	.LVL54:
 315:Drivers/STM32F0xx_HAL_Driver/Src/stm32f0xx_hal_gpio.c ****     {
 613              		.loc 1 315 8 view .LVU229
 614 0060 1142     		tst	r1, r2
 615 0062 F3D0     		beq	.L29
 616              	.LVL55:
 320:Drivers/STM32F0xx_HAL_Driver/Src/stm32f0xx_hal_gpio.c ****       tmp &= (0x0FuL << (4u * (position & 0x03u)));
 617              		.loc 1 320 7 is_stmt 1 view .LVU230
 320:Drivers/STM32F0xx_HAL_Driver/Src/stm32f0xx_hal_gpio.c ****       tmp &= (0x0FuL << (4u * (position & 0x03u)));
 618              		.loc 1 320 37 is_stmt 0 view .LVU231
 619 0064 9F08     		lsrs	r7, r3, #2
 320:Drivers/STM32F0xx_HAL_Driver/Src/stm32f0xx_hal_gpio.c ****       tmp &= (0x0FuL << (4u * (position & 0x03u)));
 620              		.loc 1 320 11 view .LVU232
 621 0066 B91C     		adds	r1, r7, #2
 622              	.LVL56:
 320:Drivers/STM32F0xx_HAL_Driver/Src/stm32f0xx_hal_gpio.c ****       tmp &= (0x0FuL << (4u * (position & 0x03u)));
 623              		.loc 1 320 11 view .LVU233
 624 0068 8900     		lsls	r1, r1, #2
 625 006a 1A4D     		ldr	r5, .L40
 626 006c 4D59     		ldr	r5, [r1, r5]
 627              	.LVL57:
 321:Drivers/STM32F0xx_HAL_Driver/Src/stm32f0xx_hal_gpio.c ****       if (tmp == (GPIO_GET_INDEX(GPIOx) << (4u * (position & 0x03u))))
 628              		.loc 1 321 7 is_stmt 1 view .LVU234
 321:Drivers/STM32F0xx_HAL_Driver/Src/stm32f0xx_hal_gpio.c ****       if (tmp == (GPIO_GET_INDEX(GPIOx) << (4u * (position & 0x03u))))
 629              		.loc 1 321 41 is_stmt 0 view .LVU235
 630 006e 0326     		movs	r6, #3
 631 0070 1E40     		ands	r6, r3
 321:Drivers/STM32F0xx_HAL_Driver/Src/stm32f0xx_hal_gpio.c ****       if (tmp == (GPIO_GET_INDEX(GPIOx) << (4u * (position & 0x03u))))
 632              		.loc 1 321 29 view .LVU236
 633 0072 B100     		lsls	r1, r6, #2
 321:Drivers/STM32F0xx_HAL_Driver/Src/stm32f0xx_hal_gpio.c ****       if (tmp == (GPIO_GET_INDEX(GPIOx) << (4u * (position & 0x03u))))
 634              		.loc 1 321 22 view .LVU237
 635 0074 0F26     		movs	r6, #15
 636 0076 8E40     		lsls	r6, r6, r1
 321:Drivers/STM32F0xx_HAL_Driver/Src/stm32f0xx_hal_gpio.c ****       if (tmp == (GPIO_GET_INDEX(GPIOx) << (4u * (position & 0x03u))))
ARM GAS  C:\Users\fastr\AppData\Local\Temp\ccA1eAIM.s 			page 20


 637              		.loc 1 321 11 view .LVU238
 638 0078 3540     		ands	r5, r6
 639              	.LVL58:
 322:Drivers/STM32F0xx_HAL_Driver/Src/stm32f0xx_hal_gpio.c ****       {
 640              		.loc 1 322 7 is_stmt 1 view .LVU239
 322:Drivers/STM32F0xx_HAL_Driver/Src/stm32f0xx_hal_gpio.c ****       {
 641              		.loc 1 322 19 is_stmt 0 view .LVU240
 642 007a 9024     		movs	r4, #144
 643 007c E405     		lsls	r4, r4, #23
 644 007e A042     		cmp	r0, r4
 645 0080 C6D0     		beq	.L33
 322:Drivers/STM32F0xx_HAL_Driver/Src/stm32f0xx_hal_gpio.c ****       {
 646              		.loc 1 322 19 discriminator 1 view .LVU241
 647 0082 154C     		ldr	r4, .L40+4
 648 0084 A042     		cmp	r0, r4
 649 0086 07D0     		beq	.L34
 322:Drivers/STM32F0xx_HAL_Driver/Src/stm32f0xx_hal_gpio.c ****       {
 650              		.loc 1 322 19 discriminator 3 view .LVU242
 651 0088 144C     		ldr	r4, .L40+8
 652 008a A042     		cmp	r0, r4
 653 008c 06D0     		beq	.L35
 322:Drivers/STM32F0xx_HAL_Driver/Src/stm32f0xx_hal_gpio.c ****       {
 654              		.loc 1 322 19 discriminator 5 view .LVU243
 655 008e 144C     		ldr	r4, .L40+12
 656 0090 A042     		cmp	r0, r4
 657 0092 BBD0     		beq	.L39
 322:Drivers/STM32F0xx_HAL_Driver/Src/stm32f0xx_hal_gpio.c ****       {
 658              		.loc 1 322 19 discriminator 8 view .LVU244
 659 0094 0524     		movs	r4, #5
 660 0096 BCE7     		b	.L30
 661              	.L34:
 322:Drivers/STM32F0xx_HAL_Driver/Src/stm32f0xx_hal_gpio.c ****       {
 662              		.loc 1 322 19 discriminator 4 view .LVU245
 663 0098 0124     		movs	r4, #1
 664 009a BAE7     		b	.L30
 665              	.L35:
 322:Drivers/STM32F0xx_HAL_Driver/Src/stm32f0xx_hal_gpio.c ****       {
 666              		.loc 1 322 19 discriminator 6 view .LVU246
 667 009c 0224     		movs	r4, #2
 668 009e B8E7     		b	.L30
 669              	.L37:
 325:Drivers/STM32F0xx_HAL_Driver/Src/stm32f0xx_hal_gpio.c ****         EXTI->EMR &= ~((uint32_t)iocurrent);
 670              		.loc 1 325 9 is_stmt 1 view .LVU247
 325:Drivers/STM32F0xx_HAL_Driver/Src/stm32f0xx_hal_gpio.c ****         EXTI->EMR &= ~((uint32_t)iocurrent);
 671              		.loc 1 325 13 is_stmt 0 view .LVU248
 672 00a0 1049     		ldr	r1, .L40+16
 673 00a2 0D68     		ldr	r5, [r1]
 674              	.LVL59:
 325:Drivers/STM32F0xx_HAL_Driver/Src/stm32f0xx_hal_gpio.c ****         EXTI->EMR &= ~((uint32_t)iocurrent);
 675              		.loc 1 325 19 view .LVU249
 676 00a4 6446     		mov	r4, ip
 677 00a6 A543     		bics	r5, r4
 678 00a8 0D60     		str	r5, [r1]
 326:Drivers/STM32F0xx_HAL_Driver/Src/stm32f0xx_hal_gpio.c ****         
 679              		.loc 1 326 9 is_stmt 1 view .LVU250
 326:Drivers/STM32F0xx_HAL_Driver/Src/stm32f0xx_hal_gpio.c ****         
 680              		.loc 1 326 13 is_stmt 0 view .LVU251
ARM GAS  C:\Users\fastr\AppData\Local\Temp\ccA1eAIM.s 			page 21


 681 00aa 4D68     		ldr	r5, [r1, #4]
 326:Drivers/STM32F0xx_HAL_Driver/Src/stm32f0xx_hal_gpio.c ****         
 682              		.loc 1 326 19 view .LVU252
 683 00ac A543     		bics	r5, r4
 684 00ae 4D60     		str	r5, [r1, #4]
 329:Drivers/STM32F0xx_HAL_Driver/Src/stm32f0xx_hal_gpio.c ****         EXTI->RTSR &= ~((uint32_t)iocurrent);
 685              		.loc 1 329 9 is_stmt 1 view .LVU253
 329:Drivers/STM32F0xx_HAL_Driver/Src/stm32f0xx_hal_gpio.c ****         EXTI->RTSR &= ~((uint32_t)iocurrent);
 686              		.loc 1 329 13 is_stmt 0 view .LVU254
 687 00b0 CD68     		ldr	r5, [r1, #12]
 329:Drivers/STM32F0xx_HAL_Driver/Src/stm32f0xx_hal_gpio.c ****         EXTI->RTSR &= ~((uint32_t)iocurrent);
 688              		.loc 1 329 20 view .LVU255
 689 00b2 A543     		bics	r5, r4
 690 00b4 CD60     		str	r5, [r1, #12]
 330:Drivers/STM32F0xx_HAL_Driver/Src/stm32f0xx_hal_gpio.c **** 
 691              		.loc 1 330 9 is_stmt 1 view .LVU256
 330:Drivers/STM32F0xx_HAL_Driver/Src/stm32f0xx_hal_gpio.c **** 
 692              		.loc 1 330 13 is_stmt 0 view .LVU257
 693 00b6 8D68     		ldr	r5, [r1, #8]
 330:Drivers/STM32F0xx_HAL_Driver/Src/stm32f0xx_hal_gpio.c **** 
 694              		.loc 1 330 20 view .LVU258
 695 00b8 A543     		bics	r5, r4
 696 00ba 8D60     		str	r5, [r1, #8]
 333:Drivers/STM32F0xx_HAL_Driver/Src/stm32f0xx_hal_gpio.c ****         SYSCFG->EXTICR[position >> 2u] &= ~tmp;
 697              		.loc 1 333 9 is_stmt 1 view .LVU259
 698              	.LVL60:
 334:Drivers/STM32F0xx_HAL_Driver/Src/stm32f0xx_hal_gpio.c ****       }
 699              		.loc 1 334 9 view .LVU260
 334:Drivers/STM32F0xx_HAL_Driver/Src/stm32f0xx_hal_gpio.c ****       }
 700              		.loc 1 334 23 is_stmt 0 view .LVU261
 701 00bc 0549     		ldr	r1, .L40
 702 00be 8C46     		mov	ip, r1
 703              	.LVL61:
 334:Drivers/STM32F0xx_HAL_Driver/Src/stm32f0xx_hal_gpio.c ****       }
 704              		.loc 1 334 23 view .LVU262
 705 00c0 0237     		adds	r7, r7, #2
 706 00c2 B900     		lsls	r1, r7, #2
 707 00c4 6446     		mov	r4, ip
 708              	.LVL62:
 334:Drivers/STM32F0xx_HAL_Driver/Src/stm32f0xx_hal_gpio.c ****       }
 709              		.loc 1 334 23 view .LVU263
 710 00c6 0D59     		ldr	r5, [r1, r4]
 334:Drivers/STM32F0xx_HAL_Driver/Src/stm32f0xx_hal_gpio.c ****       }
 711              		.loc 1 334 40 view .LVU264
 712 00c8 B543     		bics	r5, r6
 713 00ca 0D51     		str	r5, [r1, r4]
 714 00cc A4E7     		b	.L31
 715              	.LVL63:
 716              	.L38:
 356:Drivers/STM32F0xx_HAL_Driver/Src/stm32f0xx_hal_gpio.c ****   }
 357:Drivers/STM32F0xx_HAL_Driver/Src/stm32f0xx_hal_gpio.c **** }
 717              		.loc 1 357 1 view .LVU265
 718              		@ sp needed
 719              	.LVL64:
 720              		.loc 1 357 1 view .LVU266
 721 00ce 80BC     		pop	{r7}
 722 00d0 B846     		mov	r8, r7
ARM GAS  C:\Users\fastr\AppData\Local\Temp\ccA1eAIM.s 			page 22


 723 00d2 F0BD     		pop	{r4, r5, r6, r7, pc}
 724              	.L41:
 725              		.align	2
 726              	.L40:
 727 00d4 00000140 		.word	1073807360
 728 00d8 00040048 		.word	1207960576
 729 00dc 00080048 		.word	1207961600
 730 00e0 000C0048 		.word	1207962624
 731 00e4 00040140 		.word	1073808384
 732              		.cfi_endproc
 733              	.LFE41:
 735              		.section	.text.HAL_GPIO_ReadPin,"ax",%progbits
 736              		.align	1
 737              		.global	HAL_GPIO_ReadPin
 738              		.syntax unified
 739              		.code	16
 740              		.thumb_func
 742              	HAL_GPIO_ReadPin:
 743              	.LVL65:
 744              	.LFB42:
 358:Drivers/STM32F0xx_HAL_Driver/Src/stm32f0xx_hal_gpio.c **** 
 359:Drivers/STM32F0xx_HAL_Driver/Src/stm32f0xx_hal_gpio.c **** /**
 360:Drivers/STM32F0xx_HAL_Driver/Src/stm32f0xx_hal_gpio.c ****   * @}
 361:Drivers/STM32F0xx_HAL_Driver/Src/stm32f0xx_hal_gpio.c ****   */
 362:Drivers/STM32F0xx_HAL_Driver/Src/stm32f0xx_hal_gpio.c **** 
 363:Drivers/STM32F0xx_HAL_Driver/Src/stm32f0xx_hal_gpio.c **** /** @defgroup GPIO_Exported_Functions_Group2 IO operation functions 
 364:Drivers/STM32F0xx_HAL_Driver/Src/stm32f0xx_hal_gpio.c ****  *  @brief GPIO Read, Write, Toggle, Lock and EXTI management functions.
 365:Drivers/STM32F0xx_HAL_Driver/Src/stm32f0xx_hal_gpio.c ****  *
 366:Drivers/STM32F0xx_HAL_Driver/Src/stm32f0xx_hal_gpio.c **** @verbatim   
 367:Drivers/STM32F0xx_HAL_Driver/Src/stm32f0xx_hal_gpio.c ****  ===============================================================================
 368:Drivers/STM32F0xx_HAL_Driver/Src/stm32f0xx_hal_gpio.c ****                        ##### IO operation functions #####
 369:Drivers/STM32F0xx_HAL_Driver/Src/stm32f0xx_hal_gpio.c ****  ===============================================================================  
 370:Drivers/STM32F0xx_HAL_Driver/Src/stm32f0xx_hal_gpio.c **** 
 371:Drivers/STM32F0xx_HAL_Driver/Src/stm32f0xx_hal_gpio.c **** @endverbatim
 372:Drivers/STM32F0xx_HAL_Driver/Src/stm32f0xx_hal_gpio.c ****   * @{
 373:Drivers/STM32F0xx_HAL_Driver/Src/stm32f0xx_hal_gpio.c ****   */
 374:Drivers/STM32F0xx_HAL_Driver/Src/stm32f0xx_hal_gpio.c **** 
 375:Drivers/STM32F0xx_HAL_Driver/Src/stm32f0xx_hal_gpio.c **** /**
 376:Drivers/STM32F0xx_HAL_Driver/Src/stm32f0xx_hal_gpio.c ****   * @brief  Read the specified input port pin.
 377:Drivers/STM32F0xx_HAL_Driver/Src/stm32f0xx_hal_gpio.c ****   * @param  GPIOx where x can be (A..F) to select the GPIO peripheral for STM32F0 family
 378:Drivers/STM32F0xx_HAL_Driver/Src/stm32f0xx_hal_gpio.c ****   * @param  GPIO_Pin specifies the port bit to read.
 379:Drivers/STM32F0xx_HAL_Driver/Src/stm32f0xx_hal_gpio.c ****   *         This parameter can be GPIO_PIN_x where x can be (0..15).
 380:Drivers/STM32F0xx_HAL_Driver/Src/stm32f0xx_hal_gpio.c ****   * @retval The input port pin value.
 381:Drivers/STM32F0xx_HAL_Driver/Src/stm32f0xx_hal_gpio.c ****   */
 382:Drivers/STM32F0xx_HAL_Driver/Src/stm32f0xx_hal_gpio.c **** GPIO_PinState HAL_GPIO_ReadPin(GPIO_TypeDef* GPIOx, uint16_t GPIO_Pin)
 383:Drivers/STM32F0xx_HAL_Driver/Src/stm32f0xx_hal_gpio.c **** {
 745              		.loc 1 383 1 is_stmt 1 view -0
 746              		.cfi_startproc
 747              		@ args = 0, pretend = 0, frame = 0
 748              		@ frame_needed = 0, uses_anonymous_args = 0
 749              		@ link register save eliminated.
 384:Drivers/STM32F0xx_HAL_Driver/Src/stm32f0xx_hal_gpio.c ****   GPIO_PinState bitstatus;
 750              		.loc 1 384 3 view .LVU268
 385:Drivers/STM32F0xx_HAL_Driver/Src/stm32f0xx_hal_gpio.c **** 
 386:Drivers/STM32F0xx_HAL_Driver/Src/stm32f0xx_hal_gpio.c ****   /* Check the parameters */
 387:Drivers/STM32F0xx_HAL_Driver/Src/stm32f0xx_hal_gpio.c ****   assert_param(IS_GPIO_PIN(GPIO_Pin));
 751              		.loc 1 387 3 view .LVU269
ARM GAS  C:\Users\fastr\AppData\Local\Temp\ccA1eAIM.s 			page 23


 388:Drivers/STM32F0xx_HAL_Driver/Src/stm32f0xx_hal_gpio.c **** 
 389:Drivers/STM32F0xx_HAL_Driver/Src/stm32f0xx_hal_gpio.c ****   if ((GPIOx->IDR & GPIO_Pin) != (uint32_t)GPIO_PIN_RESET)
 752              		.loc 1 389 3 view .LVU270
 753              		.loc 1 389 13 is_stmt 0 view .LVU271
 754 0000 0369     		ldr	r3, [r0, #16]
 755              		.loc 1 389 6 view .LVU272
 756 0002 0B42     		tst	r3, r1
 757 0004 01D0     		beq	.L44
 390:Drivers/STM32F0xx_HAL_Driver/Src/stm32f0xx_hal_gpio.c ****   {
 391:Drivers/STM32F0xx_HAL_Driver/Src/stm32f0xx_hal_gpio.c ****     bitstatus = GPIO_PIN_SET;
 758              		.loc 1 391 15 view .LVU273
 759 0006 0120     		movs	r0, #1
 760              	.LVL66:
 761              	.L43:
 392:Drivers/STM32F0xx_HAL_Driver/Src/stm32f0xx_hal_gpio.c ****   }
 393:Drivers/STM32F0xx_HAL_Driver/Src/stm32f0xx_hal_gpio.c ****   else
 394:Drivers/STM32F0xx_HAL_Driver/Src/stm32f0xx_hal_gpio.c ****   {
 395:Drivers/STM32F0xx_HAL_Driver/Src/stm32f0xx_hal_gpio.c ****     bitstatus = GPIO_PIN_RESET;
 396:Drivers/STM32F0xx_HAL_Driver/Src/stm32f0xx_hal_gpio.c ****   }
 397:Drivers/STM32F0xx_HAL_Driver/Src/stm32f0xx_hal_gpio.c ****   return bitstatus;
 762              		.loc 1 397 3 is_stmt 1 view .LVU274
 398:Drivers/STM32F0xx_HAL_Driver/Src/stm32f0xx_hal_gpio.c ****   }
 763              		.loc 1 398 3 is_stmt 0 view .LVU275
 764              		@ sp needed
 765 0008 7047     		bx	lr
 766              	.LVL67:
 767              	.L44:
 395:Drivers/STM32F0xx_HAL_Driver/Src/stm32f0xx_hal_gpio.c ****   }
 768              		.loc 1 395 15 view .LVU276
 769 000a 0020     		movs	r0, #0
 770              	.LVL68:
 395:Drivers/STM32F0xx_HAL_Driver/Src/stm32f0xx_hal_gpio.c ****   }
 771              		.loc 1 395 15 view .LVU277
 772 000c FCE7     		b	.L43
 773              		.cfi_endproc
 774              	.LFE42:
 776              		.section	.text.HAL_GPIO_WritePin,"ax",%progbits
 777              		.align	1
 778              		.global	HAL_GPIO_WritePin
 779              		.syntax unified
 780              		.code	16
 781              		.thumb_func
 783              	HAL_GPIO_WritePin:
 784              	.LVL69:
 785              	.LFB43:
 399:Drivers/STM32F0xx_HAL_Driver/Src/stm32f0xx_hal_gpio.c **** 
 400:Drivers/STM32F0xx_HAL_Driver/Src/stm32f0xx_hal_gpio.c **** /**
 401:Drivers/STM32F0xx_HAL_Driver/Src/stm32f0xx_hal_gpio.c ****   * @brief  Set or clear the selected data port bit.
 402:Drivers/STM32F0xx_HAL_Driver/Src/stm32f0xx_hal_gpio.c ****   * @note   This function uses GPIOx_BSRR and GPIOx_BRR registers to allow atomic read/modify
 403:Drivers/STM32F0xx_HAL_Driver/Src/stm32f0xx_hal_gpio.c ****   *         accesses. In this way, there is no risk of an IRQ occurring between
 404:Drivers/STM32F0xx_HAL_Driver/Src/stm32f0xx_hal_gpio.c ****   *         the read and the modify access.
 405:Drivers/STM32F0xx_HAL_Driver/Src/stm32f0xx_hal_gpio.c ****   *
 406:Drivers/STM32F0xx_HAL_Driver/Src/stm32f0xx_hal_gpio.c ****   * @param  GPIOx where x can be (A..H) to select the GPIO peripheral for STM32F0 family
 407:Drivers/STM32F0xx_HAL_Driver/Src/stm32f0xx_hal_gpio.c ****   * @param  GPIO_Pin specifies the port bit to be written.
 408:Drivers/STM32F0xx_HAL_Driver/Src/stm32f0xx_hal_gpio.c ****   *          This parameter can be one of GPIO_PIN_x where x can be (0..15).
 409:Drivers/STM32F0xx_HAL_Driver/Src/stm32f0xx_hal_gpio.c ****   * @param  PinState specifies the value to be written to the selected bit.
 410:Drivers/STM32F0xx_HAL_Driver/Src/stm32f0xx_hal_gpio.c ****   *          This parameter can be one of the GPIO_PinState enum values:
ARM GAS  C:\Users\fastr\AppData\Local\Temp\ccA1eAIM.s 			page 24


 411:Drivers/STM32F0xx_HAL_Driver/Src/stm32f0xx_hal_gpio.c ****   *            @arg GPIO_PIN_RESET: to clear the port pin
 412:Drivers/STM32F0xx_HAL_Driver/Src/stm32f0xx_hal_gpio.c ****   *            @arg GPIO_PIN_SET: to set the port pin
 413:Drivers/STM32F0xx_HAL_Driver/Src/stm32f0xx_hal_gpio.c ****   * @retval None
 414:Drivers/STM32F0xx_HAL_Driver/Src/stm32f0xx_hal_gpio.c ****   */
 415:Drivers/STM32F0xx_HAL_Driver/Src/stm32f0xx_hal_gpio.c **** void HAL_GPIO_WritePin(GPIO_TypeDef* GPIOx, uint16_t GPIO_Pin, GPIO_PinState PinState)
 416:Drivers/STM32F0xx_HAL_Driver/Src/stm32f0xx_hal_gpio.c **** {
 786              		.loc 1 416 1 is_stmt 1 view -0
 787              		.cfi_startproc
 788              		@ args = 0, pretend = 0, frame = 0
 789              		@ frame_needed = 0, uses_anonymous_args = 0
 790              		@ link register save eliminated.
 417:Drivers/STM32F0xx_HAL_Driver/Src/stm32f0xx_hal_gpio.c ****   /* Check the parameters */
 418:Drivers/STM32F0xx_HAL_Driver/Src/stm32f0xx_hal_gpio.c ****   assert_param(IS_GPIO_PIN(GPIO_Pin));
 791              		.loc 1 418 3 view .LVU279
 419:Drivers/STM32F0xx_HAL_Driver/Src/stm32f0xx_hal_gpio.c ****   assert_param(IS_GPIO_PIN_ACTION(PinState));
 792              		.loc 1 419 3 view .LVU280
 420:Drivers/STM32F0xx_HAL_Driver/Src/stm32f0xx_hal_gpio.c **** 
 421:Drivers/STM32F0xx_HAL_Driver/Src/stm32f0xx_hal_gpio.c ****   if (PinState != GPIO_PIN_RESET)
 793              		.loc 1 421 3 view .LVU281
 794              		.loc 1 421 6 is_stmt 0 view .LVU282
 795 0000 002A     		cmp	r2, #0
 796 0002 01D0     		beq	.L46
 422:Drivers/STM32F0xx_HAL_Driver/Src/stm32f0xx_hal_gpio.c ****   {
 423:Drivers/STM32F0xx_HAL_Driver/Src/stm32f0xx_hal_gpio.c ****     GPIOx->BSRR = (uint32_t)GPIO_Pin;
 797              		.loc 1 423 5 is_stmt 1 view .LVU283
 798              		.loc 1 423 17 is_stmt 0 view .LVU284
 799 0004 8161     		str	r1, [r0, #24]
 800              	.L45:
 424:Drivers/STM32F0xx_HAL_Driver/Src/stm32f0xx_hal_gpio.c ****   }
 425:Drivers/STM32F0xx_HAL_Driver/Src/stm32f0xx_hal_gpio.c ****   else
 426:Drivers/STM32F0xx_HAL_Driver/Src/stm32f0xx_hal_gpio.c ****   {
 427:Drivers/STM32F0xx_HAL_Driver/Src/stm32f0xx_hal_gpio.c ****     GPIOx->BRR = (uint32_t)GPIO_Pin;
 428:Drivers/STM32F0xx_HAL_Driver/Src/stm32f0xx_hal_gpio.c ****   }
 429:Drivers/STM32F0xx_HAL_Driver/Src/stm32f0xx_hal_gpio.c **** }
 801              		.loc 1 429 1 view .LVU285
 802              		@ sp needed
 803 0006 7047     		bx	lr
 804              	.L46:
 427:Drivers/STM32F0xx_HAL_Driver/Src/stm32f0xx_hal_gpio.c ****   }
 805              		.loc 1 427 5 is_stmt 1 view .LVU286
 427:Drivers/STM32F0xx_HAL_Driver/Src/stm32f0xx_hal_gpio.c ****   }
 806              		.loc 1 427 16 is_stmt 0 view .LVU287
 807 0008 8162     		str	r1, [r0, #40]
 808              		.loc 1 429 1 view .LVU288
 809 000a FCE7     		b	.L45
 810              		.cfi_endproc
 811              	.LFE43:
 813              		.section	.text.HAL_GPIO_TogglePin,"ax",%progbits
 814              		.align	1
 815              		.global	HAL_GPIO_TogglePin
 816              		.syntax unified
 817              		.code	16
 818              		.thumb_func
 820              	HAL_GPIO_TogglePin:
 821              	.LVL70:
 822              	.LFB44:
 430:Drivers/STM32F0xx_HAL_Driver/Src/stm32f0xx_hal_gpio.c ****   
ARM GAS  C:\Users\fastr\AppData\Local\Temp\ccA1eAIM.s 			page 25


 431:Drivers/STM32F0xx_HAL_Driver/Src/stm32f0xx_hal_gpio.c **** /**
 432:Drivers/STM32F0xx_HAL_Driver/Src/stm32f0xx_hal_gpio.c ****   * @brief  Toggle the specified GPIO pin.
 433:Drivers/STM32F0xx_HAL_Driver/Src/stm32f0xx_hal_gpio.c ****   * @param  GPIOx where x can be (A..F) to select the GPIO peripheral for STM32F0 family
 434:Drivers/STM32F0xx_HAL_Driver/Src/stm32f0xx_hal_gpio.c ****   * @param  GPIO_Pin specifies the pin to be toggled.
 435:Drivers/STM32F0xx_HAL_Driver/Src/stm32f0xx_hal_gpio.c ****   * @retval None
 436:Drivers/STM32F0xx_HAL_Driver/Src/stm32f0xx_hal_gpio.c ****   */
 437:Drivers/STM32F0xx_HAL_Driver/Src/stm32f0xx_hal_gpio.c **** void HAL_GPIO_TogglePin(GPIO_TypeDef* GPIOx, uint16_t GPIO_Pin)
 438:Drivers/STM32F0xx_HAL_Driver/Src/stm32f0xx_hal_gpio.c **** {
 823              		.loc 1 438 1 is_stmt 1 view -0
 824              		.cfi_startproc
 825              		@ args = 0, pretend = 0, frame = 0
 826              		@ frame_needed = 0, uses_anonymous_args = 0
 827              		@ link register save eliminated.
 439:Drivers/STM32F0xx_HAL_Driver/Src/stm32f0xx_hal_gpio.c ****   uint32_t odr;
 828              		.loc 1 439 3 view .LVU290
 440:Drivers/STM32F0xx_HAL_Driver/Src/stm32f0xx_hal_gpio.c **** 
 441:Drivers/STM32F0xx_HAL_Driver/Src/stm32f0xx_hal_gpio.c ****   /* Check the parameters */
 442:Drivers/STM32F0xx_HAL_Driver/Src/stm32f0xx_hal_gpio.c ****   assert_param(IS_GPIO_PIN(GPIO_Pin));
 829              		.loc 1 442 3 view .LVU291
 443:Drivers/STM32F0xx_HAL_Driver/Src/stm32f0xx_hal_gpio.c **** 
 444:Drivers/STM32F0xx_HAL_Driver/Src/stm32f0xx_hal_gpio.c ****   /* get current Output Data Register value */
 445:Drivers/STM32F0xx_HAL_Driver/Src/stm32f0xx_hal_gpio.c ****   odr = GPIOx->ODR;
 830              		.loc 1 445 3 view .LVU292
 831              		.loc 1 445 7 is_stmt 0 view .LVU293
 832 0000 4269     		ldr	r2, [r0, #20]
 833              	.LVL71:
 446:Drivers/STM32F0xx_HAL_Driver/Src/stm32f0xx_hal_gpio.c **** 
 447:Drivers/STM32F0xx_HAL_Driver/Src/stm32f0xx_hal_gpio.c ****   /* Set selected pins that were at low level, and reset ones that were high */
 448:Drivers/STM32F0xx_HAL_Driver/Src/stm32f0xx_hal_gpio.c ****   GPIOx->BSRR = ((odr & GPIO_Pin) << GPIO_NUMBER) | (~odr & GPIO_Pin);
 834              		.loc 1 448 3 is_stmt 1 view .LVU294
 835              		.loc 1 448 23 is_stmt 0 view .LVU295
 836 0002 1300     		movs	r3, r2
 837 0004 0B40     		ands	r3, r1
 838              		.loc 1 448 35 view .LVU296
 839 0006 1B04     		lsls	r3, r3, #16
 840              		.loc 1 448 59 view .LVU297
 841 0008 9143     		bics	r1, r2
 842              	.LVL72:
 843              		.loc 1 448 51 view .LVU298
 844 000a 0B43     		orrs	r3, r1
 845              		.loc 1 448 15 view .LVU299
 846 000c 8361     		str	r3, [r0, #24]
 449:Drivers/STM32F0xx_HAL_Driver/Src/stm32f0xx_hal_gpio.c **** }
 847              		.loc 1 449 1 view .LVU300
 848              		@ sp needed
 849 000e 7047     		bx	lr
 850              		.cfi_endproc
 851              	.LFE44:
 853              		.section	.text.HAL_GPIO_LockPin,"ax",%progbits
 854              		.align	1
 855              		.global	HAL_GPIO_LockPin
 856              		.syntax unified
 857              		.code	16
 858              		.thumb_func
 860              	HAL_GPIO_LockPin:
 861              	.LVL73:
 862              	.LFB45:
ARM GAS  C:\Users\fastr\AppData\Local\Temp\ccA1eAIM.s 			page 26


 450:Drivers/STM32F0xx_HAL_Driver/Src/stm32f0xx_hal_gpio.c **** 
 451:Drivers/STM32F0xx_HAL_Driver/Src/stm32f0xx_hal_gpio.c **** /**
 452:Drivers/STM32F0xx_HAL_Driver/Src/stm32f0xx_hal_gpio.c **** * @brief  Locks GPIO Pins configuration registers.
 453:Drivers/STM32F0xx_HAL_Driver/Src/stm32f0xx_hal_gpio.c **** * @note   The locked registers are GPIOx_MODER, GPIOx_OTYPER, GPIOx_OSPEEDR,
 454:Drivers/STM32F0xx_HAL_Driver/Src/stm32f0xx_hal_gpio.c **** *         GPIOx_PUPDR, GPIOx_AFRL and GPIOx_AFRH.
 455:Drivers/STM32F0xx_HAL_Driver/Src/stm32f0xx_hal_gpio.c **** * @note   The configuration of the locked GPIO pins can no longer be modified
 456:Drivers/STM32F0xx_HAL_Driver/Src/stm32f0xx_hal_gpio.c **** *         until the next reset.
 457:Drivers/STM32F0xx_HAL_Driver/Src/stm32f0xx_hal_gpio.c ****   * @param  GPIOx where x can be (A..F) to select the GPIO peripheral for STM32F0 family
 458:Drivers/STM32F0xx_HAL_Driver/Src/stm32f0xx_hal_gpio.c ****   * @param  GPIO_Pin specifies the port bits to be locked.
 459:Drivers/STM32F0xx_HAL_Driver/Src/stm32f0xx_hal_gpio.c **** *         This parameter can be any combination of GPIO_PIN_x where x can be (0..15).
 460:Drivers/STM32F0xx_HAL_Driver/Src/stm32f0xx_hal_gpio.c **** * @retval None
 461:Drivers/STM32F0xx_HAL_Driver/Src/stm32f0xx_hal_gpio.c **** */
 462:Drivers/STM32F0xx_HAL_Driver/Src/stm32f0xx_hal_gpio.c **** HAL_StatusTypeDef HAL_GPIO_LockPin(GPIO_TypeDef* GPIOx, uint16_t GPIO_Pin)
 463:Drivers/STM32F0xx_HAL_Driver/Src/stm32f0xx_hal_gpio.c **** {
 863              		.loc 1 463 1 is_stmt 1 view -0
 864              		.cfi_startproc
 865              		@ args = 0, pretend = 0, frame = 8
 866              		@ frame_needed = 0, uses_anonymous_args = 0
 867              		@ link register save eliminated.
 868              		.loc 1 463 1 is_stmt 0 view .LVU302
 869 0000 82B0     		sub	sp, sp, #8
 870              		.cfi_def_cfa_offset 8
 464:Drivers/STM32F0xx_HAL_Driver/Src/stm32f0xx_hal_gpio.c ****   __IO uint32_t tmp = GPIO_LCKR_LCKK;
 871              		.loc 1 464 3 is_stmt 1 view .LVU303
 872              		.loc 1 464 17 is_stmt 0 view .LVU304
 873 0002 8022     		movs	r2, #128
 874 0004 5202     		lsls	r2, r2, #9
 875 0006 0192     		str	r2, [sp, #4]
 465:Drivers/STM32F0xx_HAL_Driver/Src/stm32f0xx_hal_gpio.c **** 
 466:Drivers/STM32F0xx_HAL_Driver/Src/stm32f0xx_hal_gpio.c ****   /* Check the parameters */
 467:Drivers/STM32F0xx_HAL_Driver/Src/stm32f0xx_hal_gpio.c ****   assert_param(IS_GPIO_LOCK_INSTANCE(GPIOx));
 876              		.loc 1 467 3 is_stmt 1 view .LVU305
 468:Drivers/STM32F0xx_HAL_Driver/Src/stm32f0xx_hal_gpio.c ****   assert_param(IS_GPIO_PIN(GPIO_Pin));
 877              		.loc 1 468 3 view .LVU306
 469:Drivers/STM32F0xx_HAL_Driver/Src/stm32f0xx_hal_gpio.c **** 
 470:Drivers/STM32F0xx_HAL_Driver/Src/stm32f0xx_hal_gpio.c ****   /* Apply lock key write sequence */
 471:Drivers/STM32F0xx_HAL_Driver/Src/stm32f0xx_hal_gpio.c ****   SET_BIT(tmp, GPIO_Pin);
 878              		.loc 1 471 3 view .LVU307
 879 0008 019B     		ldr	r3, [sp, #4]
 880 000a 0B43     		orrs	r3, r1
 881 000c 0193     		str	r3, [sp, #4]
 472:Drivers/STM32F0xx_HAL_Driver/Src/stm32f0xx_hal_gpio.c ****   /* Set LCKx bit(s): LCKK='1' + LCK[15-0] */
 473:Drivers/STM32F0xx_HAL_Driver/Src/stm32f0xx_hal_gpio.c ****   GPIOx->LCKR = tmp;
 882              		.loc 1 473 3 view .LVU308
 883              		.loc 1 473 15 is_stmt 0 view .LVU309
 884 000e 019B     		ldr	r3, [sp, #4]
 885 0010 C361     		str	r3, [r0, #28]
 474:Drivers/STM32F0xx_HAL_Driver/Src/stm32f0xx_hal_gpio.c ****   /* Reset LCKx bit(s): LCKK='0' + LCK[15-0] */
 475:Drivers/STM32F0xx_HAL_Driver/Src/stm32f0xx_hal_gpio.c ****   GPIOx->LCKR = GPIO_Pin;
 886              		.loc 1 475 3 is_stmt 1 view .LVU310
 887              		.loc 1 475 15 is_stmt 0 view .LVU311
 888 0012 C161     		str	r1, [r0, #28]
 476:Drivers/STM32F0xx_HAL_Driver/Src/stm32f0xx_hal_gpio.c ****   /* Set LCKx bit(s): LCKK='1' + LCK[15-0] */
 477:Drivers/STM32F0xx_HAL_Driver/Src/stm32f0xx_hal_gpio.c ****   GPIOx->LCKR = tmp;
 889              		.loc 1 477 3 is_stmt 1 view .LVU312
 890              		.loc 1 477 15 is_stmt 0 view .LVU313
 891 0014 019B     		ldr	r3, [sp, #4]
ARM GAS  C:\Users\fastr\AppData\Local\Temp\ccA1eAIM.s 			page 27


 892 0016 C361     		str	r3, [r0, #28]
 478:Drivers/STM32F0xx_HAL_Driver/Src/stm32f0xx_hal_gpio.c ****   /* Read LCKK register. This read is mandatory to complete key lock sequence */
 479:Drivers/STM32F0xx_HAL_Driver/Src/stm32f0xx_hal_gpio.c ****   tmp = GPIOx->LCKR;
 893              		.loc 1 479 3 is_stmt 1 view .LVU314
 894              		.loc 1 479 14 is_stmt 0 view .LVU315
 895 0018 C369     		ldr	r3, [r0, #28]
 896              		.loc 1 479 7 view .LVU316
 897 001a 0193     		str	r3, [sp, #4]
 480:Drivers/STM32F0xx_HAL_Driver/Src/stm32f0xx_hal_gpio.c **** 
 481:Drivers/STM32F0xx_HAL_Driver/Src/stm32f0xx_hal_gpio.c ****   /* read again in order to confirm lock is active */
 482:Drivers/STM32F0xx_HAL_Driver/Src/stm32f0xx_hal_gpio.c ****  if((GPIOx->LCKR & GPIO_LCKR_LCKK) != 0x00u)
 898              		.loc 1 482 2 is_stmt 1 view .LVU317
 899              		.loc 1 482 11 is_stmt 0 view .LVU318
 900 001c C369     		ldr	r3, [r0, #28]
 901              		.loc 1 482 4 view .LVU319
 902 001e 1342     		tst	r3, r2
 903 0020 02D0     		beq	.L51
 483:Drivers/STM32F0xx_HAL_Driver/Src/stm32f0xx_hal_gpio.c ****   {
 484:Drivers/STM32F0xx_HAL_Driver/Src/stm32f0xx_hal_gpio.c ****     return HAL_OK;
 904              		.loc 1 484 12 view .LVU320
 905 0022 0020     		movs	r0, #0
 906              	.LVL74:
 907              	.L50:
 485:Drivers/STM32F0xx_HAL_Driver/Src/stm32f0xx_hal_gpio.c ****   }
 486:Drivers/STM32F0xx_HAL_Driver/Src/stm32f0xx_hal_gpio.c ****   else
 487:Drivers/STM32F0xx_HAL_Driver/Src/stm32f0xx_hal_gpio.c ****   {
 488:Drivers/STM32F0xx_HAL_Driver/Src/stm32f0xx_hal_gpio.c ****     return HAL_ERROR;
 489:Drivers/STM32F0xx_HAL_Driver/Src/stm32f0xx_hal_gpio.c ****   }
 490:Drivers/STM32F0xx_HAL_Driver/Src/stm32f0xx_hal_gpio.c **** }
 908              		.loc 1 490 1 view .LVU321
 909 0024 02B0     		add	sp, sp, #8
 910              		@ sp needed
 911 0026 7047     		bx	lr
 912              	.LVL75:
 913              	.L51:
 488:Drivers/STM32F0xx_HAL_Driver/Src/stm32f0xx_hal_gpio.c ****   }
 914              		.loc 1 488 12 view .LVU322
 915 0028 0120     		movs	r0, #1
 916              	.LVL76:
 488:Drivers/STM32F0xx_HAL_Driver/Src/stm32f0xx_hal_gpio.c ****   }
 917              		.loc 1 488 12 view .LVU323
 918 002a FBE7     		b	.L50
 919              		.cfi_endproc
 920              	.LFE45:
 922              		.section	.text.HAL_GPIO_EXTI_Callback,"ax",%progbits
 923              		.align	1
 924              		.weak	HAL_GPIO_EXTI_Callback
 925              		.syntax unified
 926              		.code	16
 927              		.thumb_func
 929              	HAL_GPIO_EXTI_Callback:
 930              	.LVL77:
 931              	.LFB47:
 491:Drivers/STM32F0xx_HAL_Driver/Src/stm32f0xx_hal_gpio.c **** 
 492:Drivers/STM32F0xx_HAL_Driver/Src/stm32f0xx_hal_gpio.c **** /**
 493:Drivers/STM32F0xx_HAL_Driver/Src/stm32f0xx_hal_gpio.c ****   * @brief  Handle EXTI interrupt request.
 494:Drivers/STM32F0xx_HAL_Driver/Src/stm32f0xx_hal_gpio.c ****   * @param  GPIO_Pin Specifies the port pin connected to corresponding EXTI line.
ARM GAS  C:\Users\fastr\AppData\Local\Temp\ccA1eAIM.s 			page 28


 495:Drivers/STM32F0xx_HAL_Driver/Src/stm32f0xx_hal_gpio.c ****   * @retval None
 496:Drivers/STM32F0xx_HAL_Driver/Src/stm32f0xx_hal_gpio.c ****   */
 497:Drivers/STM32F0xx_HAL_Driver/Src/stm32f0xx_hal_gpio.c **** void HAL_GPIO_EXTI_IRQHandler(uint16_t GPIO_Pin)
 498:Drivers/STM32F0xx_HAL_Driver/Src/stm32f0xx_hal_gpio.c **** {
 499:Drivers/STM32F0xx_HAL_Driver/Src/stm32f0xx_hal_gpio.c ****   /* EXTI line interrupt detected */
 500:Drivers/STM32F0xx_HAL_Driver/Src/stm32f0xx_hal_gpio.c ****   if(__HAL_GPIO_EXTI_GET_IT(GPIO_Pin) != 0x00u)
 501:Drivers/STM32F0xx_HAL_Driver/Src/stm32f0xx_hal_gpio.c ****   { 
 502:Drivers/STM32F0xx_HAL_Driver/Src/stm32f0xx_hal_gpio.c ****     __HAL_GPIO_EXTI_CLEAR_IT(GPIO_Pin);
 503:Drivers/STM32F0xx_HAL_Driver/Src/stm32f0xx_hal_gpio.c ****     HAL_GPIO_EXTI_Callback(GPIO_Pin);
 504:Drivers/STM32F0xx_HAL_Driver/Src/stm32f0xx_hal_gpio.c ****   }
 505:Drivers/STM32F0xx_HAL_Driver/Src/stm32f0xx_hal_gpio.c **** }
 506:Drivers/STM32F0xx_HAL_Driver/Src/stm32f0xx_hal_gpio.c **** 
 507:Drivers/STM32F0xx_HAL_Driver/Src/stm32f0xx_hal_gpio.c **** /**
 508:Drivers/STM32F0xx_HAL_Driver/Src/stm32f0xx_hal_gpio.c ****   * @brief  EXTI line detection callback.
 509:Drivers/STM32F0xx_HAL_Driver/Src/stm32f0xx_hal_gpio.c ****   * @param  GPIO_Pin Specifies the port pin connected to corresponding EXTI line.
 510:Drivers/STM32F0xx_HAL_Driver/Src/stm32f0xx_hal_gpio.c ****   * @retval None
 511:Drivers/STM32F0xx_HAL_Driver/Src/stm32f0xx_hal_gpio.c ****   */
 512:Drivers/STM32F0xx_HAL_Driver/Src/stm32f0xx_hal_gpio.c **** __weak void HAL_GPIO_EXTI_Callback(uint16_t GPIO_Pin)
 513:Drivers/STM32F0xx_HAL_Driver/Src/stm32f0xx_hal_gpio.c **** {
 932              		.loc 1 513 1 is_stmt 1 view -0
 933              		.cfi_startproc
 934              		@ args = 0, pretend = 0, frame = 0
 935              		@ frame_needed = 0, uses_anonymous_args = 0
 936              		@ link register save eliminated.
 514:Drivers/STM32F0xx_HAL_Driver/Src/stm32f0xx_hal_gpio.c ****   /* Prevent unused argument(s) compilation warning */
 515:Drivers/STM32F0xx_HAL_Driver/Src/stm32f0xx_hal_gpio.c ****   UNUSED(GPIO_Pin);
 937              		.loc 1 515 3 view .LVU325
 516:Drivers/STM32F0xx_HAL_Driver/Src/stm32f0xx_hal_gpio.c **** 
 517:Drivers/STM32F0xx_HAL_Driver/Src/stm32f0xx_hal_gpio.c ****   /* NOTE: This function should not be modified, when the callback is needed,
 518:Drivers/STM32F0xx_HAL_Driver/Src/stm32f0xx_hal_gpio.c ****             the HAL_GPIO_EXTI_Callback could be implemented in the user file
 519:Drivers/STM32F0xx_HAL_Driver/Src/stm32f0xx_hal_gpio.c ****    */ 
 520:Drivers/STM32F0xx_HAL_Driver/Src/stm32f0xx_hal_gpio.c **** }
 938              		.loc 1 520 1 is_stmt 0 view .LVU326
 939              		@ sp needed
 940 0000 7047     		bx	lr
 941              		.cfi_endproc
 942              	.LFE47:
 944              		.section	.text.HAL_GPIO_EXTI_IRQHandler,"ax",%progbits
 945              		.align	1
 946              		.global	HAL_GPIO_EXTI_IRQHandler
 947              		.syntax unified
 948              		.code	16
 949              		.thumb_func
 951              	HAL_GPIO_EXTI_IRQHandler:
 952              	.LVL78:
 953              	.LFB46:
 498:Drivers/STM32F0xx_HAL_Driver/Src/stm32f0xx_hal_gpio.c ****   /* EXTI line interrupt detected */
 954              		.loc 1 498 1 is_stmt 1 view -0
 955              		.cfi_startproc
 956              		@ args = 0, pretend = 0, frame = 0
 957              		@ frame_needed = 0, uses_anonymous_args = 0
 498:Drivers/STM32F0xx_HAL_Driver/Src/stm32f0xx_hal_gpio.c ****   /* EXTI line interrupt detected */
 958              		.loc 1 498 1 is_stmt 0 view .LVU328
 959 0000 10B5     		push	{r4, lr}
 960              		.cfi_def_cfa_offset 8
 961              		.cfi_offset 4, -8
 962              		.cfi_offset 14, -4
ARM GAS  C:\Users\fastr\AppData\Local\Temp\ccA1eAIM.s 			page 29


 500:Drivers/STM32F0xx_HAL_Driver/Src/stm32f0xx_hal_gpio.c ****   { 
 963              		.loc 1 500 3 is_stmt 1 view .LVU329
 500:Drivers/STM32F0xx_HAL_Driver/Src/stm32f0xx_hal_gpio.c ****   { 
 964              		.loc 1 500 6 is_stmt 0 view .LVU330
 965 0002 054B     		ldr	r3, .L56
 966 0004 5B69     		ldr	r3, [r3, #20]
 500:Drivers/STM32F0xx_HAL_Driver/Src/stm32f0xx_hal_gpio.c ****   { 
 967              		.loc 1 500 5 view .LVU331
 968 0006 1842     		tst	r0, r3
 969 0008 00D1     		bne	.L55
 970              	.LVL79:
 971              	.L53:
 505:Drivers/STM32F0xx_HAL_Driver/Src/stm32f0xx_hal_gpio.c **** 
 972              		.loc 1 505 1 view .LVU332
 973              		@ sp needed
 974 000a 10BD     		pop	{r4, pc}
 975              	.LVL80:
 976              	.L55:
 502:Drivers/STM32F0xx_HAL_Driver/Src/stm32f0xx_hal_gpio.c ****     HAL_GPIO_EXTI_Callback(GPIO_Pin);
 977              		.loc 1 502 5 is_stmt 1 view .LVU333
 978 000c 024B     		ldr	r3, .L56
 979 000e 5861     		str	r0, [r3, #20]
 503:Drivers/STM32F0xx_HAL_Driver/Src/stm32f0xx_hal_gpio.c ****   }
 980              		.loc 1 503 5 view .LVU334
 981 0010 FFF7FEFF 		bl	HAL_GPIO_EXTI_Callback
 982              	.LVL81:
 505:Drivers/STM32F0xx_HAL_Driver/Src/stm32f0xx_hal_gpio.c **** 
 983              		.loc 1 505 1 is_stmt 0 view .LVU335
 984 0014 F9E7     		b	.L53
 985              	.L57:
 986 0016 C046     		.align	2
 987              	.L56:
 988 0018 00040140 		.word	1073808384
 989              		.cfi_endproc
 990              	.LFE46:
 992              		.text
 993              	.Letext0:
 994              		.file 2 "C:/Users/fastr/AppData/Roaming/Code/User/globalStorage/bmd.stm32-for-vscode/@xpack-dev-to
 995              		.file 3 "C:/Users/fastr/AppData/Roaming/Code/User/globalStorage/bmd.stm32-for-vscode/@xpack-dev-to
 996              		.file 4 "Drivers/CMSIS/Device/ST/STM32F0xx/Include/stm32f051x8.h"
 997              		.file 5 "Drivers/STM32F0xx_HAL_Driver/Inc/stm32f0xx_hal_def.h"
 998              		.file 6 "Drivers/STM32F0xx_HAL_Driver/Inc/stm32f0xx_hal_gpio.h"
ARM GAS  C:\Users\fastr\AppData\Local\Temp\ccA1eAIM.s 			page 30


DEFINED SYMBOLS
                            *ABS*:00000000 stm32f0xx_hal_gpio.c
C:\Users\fastr\AppData\Local\Temp\ccA1eAIM.s:19     .text.HAL_GPIO_Init:00000000 $t
C:\Users\fastr\AppData\Local\Temp\ccA1eAIM.s:25     .text.HAL_GPIO_Init:00000000 HAL_GPIO_Init
C:\Users\fastr\AppData\Local\Temp\ccA1eAIM.s:478    .text.HAL_GPIO_Init:00000174 $d
C:\Users\fastr\AppData\Local\Temp\ccA1eAIM.s:488    .text.HAL_GPIO_DeInit:00000000 $t
C:\Users\fastr\AppData\Local\Temp\ccA1eAIM.s:494    .text.HAL_GPIO_DeInit:00000000 HAL_GPIO_DeInit
C:\Users\fastr\AppData\Local\Temp\ccA1eAIM.s:727    .text.HAL_GPIO_DeInit:000000d4 $d
C:\Users\fastr\AppData\Local\Temp\ccA1eAIM.s:736    .text.HAL_GPIO_ReadPin:00000000 $t
C:\Users\fastr\AppData\Local\Temp\ccA1eAIM.s:742    .text.HAL_GPIO_ReadPin:00000000 HAL_GPIO_ReadPin
C:\Users\fastr\AppData\Local\Temp\ccA1eAIM.s:777    .text.HAL_GPIO_WritePin:00000000 $t
C:\Users\fastr\AppData\Local\Temp\ccA1eAIM.s:783    .text.HAL_GPIO_WritePin:00000000 HAL_GPIO_WritePin
C:\Users\fastr\AppData\Local\Temp\ccA1eAIM.s:814    .text.HAL_GPIO_TogglePin:00000000 $t
C:\Users\fastr\AppData\Local\Temp\ccA1eAIM.s:820    .text.HAL_GPIO_TogglePin:00000000 HAL_GPIO_TogglePin
C:\Users\fastr\AppData\Local\Temp\ccA1eAIM.s:854    .text.HAL_GPIO_LockPin:00000000 $t
C:\Users\fastr\AppData\Local\Temp\ccA1eAIM.s:860    .text.HAL_GPIO_LockPin:00000000 HAL_GPIO_LockPin
C:\Users\fastr\AppData\Local\Temp\ccA1eAIM.s:923    .text.HAL_GPIO_EXTI_Callback:00000000 $t
C:\Users\fastr\AppData\Local\Temp\ccA1eAIM.s:929    .text.HAL_GPIO_EXTI_Callback:00000000 HAL_GPIO_EXTI_Callback
C:\Users\fastr\AppData\Local\Temp\ccA1eAIM.s:945    .text.HAL_GPIO_EXTI_IRQHandler:00000000 $t
C:\Users\fastr\AppData\Local\Temp\ccA1eAIM.s:951    .text.HAL_GPIO_EXTI_IRQHandler:00000000 HAL_GPIO_EXTI_IRQHandler
C:\Users\fastr\AppData\Local\Temp\ccA1eAIM.s:988    .text.HAL_GPIO_EXTI_IRQHandler:00000018 $d

NO UNDEFINED SYMBOLS
